번호,시설명,URL
1,(재)낙원추모공원,https://www.nakwonpark.co.kr/bbs/content.php?co_id=01_03
2,(재)실로암공원묘원,http://www.siloami.com/bbs/write.php?bo_table=qa1
3,(재)삼덕공원묘원,https://myungdangga.co.kr/mourning/539
4,재단법인울산공원묘원,http://ulsanpark.org/
5,진주내동공원묘원,http://www.ndpark.co.kr/doc/parcel01.html
6,신불산공원묘원,http://www.shinbulsanpark.co.kr/
7,예산군추모공원,https://www.yesan.go.kr/kor/sub06_13_04_02_06.do
8,(재)대지공원묘원,http://dmonster1355.cafe24.com/
9,재단법인선산공원묘원,http://sunsanpark.co.kr/main.html
10,재단법인 솥발산공원묘원,https://www.linktoplace.com/?action=view&no=12988&name=%EC%9E%AC%EB%8B%A8%EB%B2%95%EC%9D%B8+%EC%86%A5%EB%B0%9C%EC%82%B0%EA%B3%B5%EC%9B%90%EB%AC%98%EC%9B%90
11,재단법인 로엠(묘지),https://xn--ob0bz2e4zbexiv9vu3t.com/
12,(재)화산추모공원(묘지),http://www.hwasanpark.co.kr/page/sub1-2.php
13,(재)서울공원묘원,http://www.scpark.co.kr/m2/s2t3.asp
14,(재)자하연 일산(묘지),http://www.jahayeon.com/home/m_board.php?ps_db=counsel
15,(재)이화공원묘원,https://www.djmw.co.kr/index.php?device=mobile
16,김해공원묘원,https://www.goifuneral.co.kr/memorial/place/%EA%B9%80%ED%95%B4%EA%B3%B5%EC%9B%90%EB%AC%98%EC%9B%90/
17,파주하늘나라공원,https://xn--ob0bz2e4zbexiv9vu3t.com/
18,보령시모란공원,https://www.brsisul.or.kr/kor/sub01_03_02.do
19,(재)남양공원묘원,https://apply.cheotjang.com/info/%EC%84%B1%EC%A3%BC%EA%B5%B0-%EC%88%98%EB%AA%A9%EC%9E%A5-%EB%82%A9%EA%B3%A8%EB%8B%B9-%EC%95%88%EB%82%B4
20,목련공원묘원,https://www.goifuneral.co.kr/memorial/place/%EB%AA%A9%EB%A0%A8%EA%B3%B5%EC%9B%90%EB%AC%98%EC%9B%90/
21,물미묘원,https://www.gangwon-portal.co.kr/gangwon-veterans/facility/%EB%AC%BC%EB%AF%B8%EB%AC%98%EC%9B%90/
22,천주교안성추모공원(묘원),http://www.ampark.co.kr/m/index.php
23,함양하늘공원(묘지),http://hamanhaneul.or.kr/
24,(재)하늘나라공원 포천묘원,https://xn--ob0bz2e4zbexiv9vu3t.com/
25,금릉공원묘원,https://www.grpark.co.kr/facility/list
26,(재)경춘공원묘원,https://www.gyoungchun.com/contents/family.html
27,우성공원묘원,http://www.woosungpark.com/bbs/board.php?bo_table=sub0101
28,(재)화신공원묘원,https://www.honam-funeralcenter.co.kr/facility-recommend-item/752/
29,청파동성당 청파묘원,http://cpdsd.or.kr/front/community/p0201
30,(재)풍산공원묘원,http://www.pungsanpark.co.kr/
31,청파동성당 평화묘원,http://cpdsd.or.kr/front/community/p0201
32,(재)호정공원(묘지),http://www.hjcloud9.com/
33,(주)광림공원 동산공원묘원(묘지),http://dongsanpark.com/greetings.asp
34,삼척시추모공원 묘지 제1단지,https://www.samcheok.go.kr/memorial/
35,(재)동산공원묘원,http://dongsanpark.com/greetings.asp
36,유달공원묘지,https://www.15774129.go.kr/
37,(재)지평선전북공원묘원(묘지),http://www.jbpark.co.kr/html/intro_05.html
38,(재)진달래문화재단,https://www.jindallae.kr/46
39,(재)석계공원묘원,https://www.skpark.co.kr/bbs/intro.php
40,영락공원묘원,https://www.cyberyoungrak.or.kr/main/index.php
41,(재)자하연포천(묘지),https://apply.cheotjang.com/info/%ED%8F%AC%EC%B2%9C%EC%8B%9C-%EA%B3%B5%EC%9B%90%EB%AC%98%EC%A7%80-%EB%82%A9%EA%B3%A8%EB%8B%B9-%EC%95%88%EB%82%B4
42,별그리다(THE HILL),http://www.star4ever.com/hill
43,(재)경맥백합공원,https://kr.worldorgs.com/%EB%AA%A9%EB%A1%9D/%EA%B2%BD%EC%82%B0%EC%8B%9C/%EB%AC%98%EC%A7%80/%EA%B2%BD%EB%A7%A5%EB%B0%B1%ED%95%A9%EA%B3%B5%EC%9B%90
44,(재)한남공원묘원,http://www.hannampark.com/info/02/
45,충주공원묘원,https://www.goifuneral.co.kr/facilities/766/
46,동화경모공원(묘지),https://donghwapark.co.kr:48152/park/memorial02.php
47,양양군공설묘원,https://www.yangyang.go.kr/gw/portal/yyc_partinfo_women_multi
48,대정공원묘원,https://www.linktoplace.com/?action=view&no=195242&name=%25EB%258C%2580%25EC%25A0%2595%25EA%25B3%25B5%25EC%259B%2590%25EB%25AC%2598%25EC%259B%2590
49,천주교혜화동성당 포천묘원,https://kr.worldorgs.com/%EB%AA%A9%EB%A1%9D/%ED%8F%AC%EC%B2%9C%EC%8B%9C/%EB%AC%98%EC%A7%80/%EC%B2%9C%EC%A3%BC%EA%B5%90-%ED%98%9C%ED%99%94%EB%8F%99-%EC%84%B1%EB%8B%B9-%ED%8F%AC%EC%B2%9C%EB%AC%98%EC%9B%90
50,광주공원묘원,http://cetpark.com/bbs/board.php?bo_table=5003&wr_id=11
51,영모묘원,http://ymw.kr/
52,칠량자연공원묘원,https://www.gangjin.go.kr/www/part/welfare/facilities/cemetery
53,(재)봉황공원묘지,http://www.bonghwang.co.kr/content/101
54,(재)우성공원묘원,https://www.wspark.co.kr/default/company/sub1_1.php?top=1&sub=0
55,동해시하늘정원묘지,https://www.goifuneral.co.kr/memorial/place/%EB%8F%99%ED%95%B4%EC%8B%9C%ED%95%98%EB%8A%98%EC%A0%95%EC%9B%90%EB%AC%98%EC%A7%80/
56,(재)용인공원(묘지),https://www.yongin-park.com/customer/cost_guide
57,함안군공설추모공원,http://hamanhaneul.or.kr/?page_id=2639
58,(재)경주공원묘원,http://www.gjpark.co.kr/
59,남한강공원묘원,https://www.nhgpark.co.kr/
60,(재)조양공원,http://www.gjpark.co.kr/
61,고성군 공설묘원,https://www.gwgs.go.kr/kor/sub02_010801.do
62,초동교회공원묘원,(없음)
63,태백공원묘원,https://www.taebaek.go.kr/www/contents.do?key=435
64,진천군공설묘지,https://www.goifuneral.co.kr/memorial/place/%EC%A7%84%EC%B2%9C%EA%B5%B0%EA%B3%B5%EC%84%A4%EB%AC%98%EC%A7%80/
65,(재)광주구천주교공원묘원,http://www.gjccp.kr/reviv/rev_array.asp
66,(재)개나리추모공원,http://gaenaree.com/bbs/board.php?bo_table=g_01&wr_id=1
67,금호동성당 천보묘원(묘지),http://kumho1.enk.co.kr/html/board/list.php?topimg=cyber&board=61
68,전농동성당 평화묘원,https://sacred-andrea.com/entry/%EC%84%9C%EC%9A%B8%EB%8C%80%EA%B5%90%EA%B5%AC-%EC%A0%84%EB%86%8D%EB%8F%99%EC%84%B1%EB%8B%B9-%EB%AF%B8%EC%82%AC-%EC%8B%9C%EA%B0%84
69,(재)천주교평내공원묘원,http://pn.catholic.or.kr/board/list.php?board=topimg
70,재림공원묘원,https://www.goifuneral.co.kr/memorial/place/%EC%9E%AC%EB%A6%BC%EA%B3%B5%EC%9B%90%EB%AC%98%EC%9B%90/
71,(재)신세계공원묘원,https://www.daangn.com/kr/local-profile/%EC%8B%A0%EC%84%B8%EA%B3%84%EA%B3%B5%EC%9B%90%EB%AC%98%EC%9B%90-i2phy1ag3wzz/
72,영종공설묘지(신규매장불가),https://www.goifuneral.co.kr/facilities/681/
73,재단법인 춘천공원묘원,http://ccpark.co.kr/kongwon/sub3.html
74,창원공원묘원(묘지),https://changwonpark.kr/memorial/service.php
75,(재)학명묘원,http://ncms.go.kr/
76,백란공원묘원,https://www.goifuneral.co.kr/facility-relocate/780/
77,애향묘지,https://www.ncms.go.kr/NationalCemetery/statute
78,신당동성당 소화묘원,http://www.sohwateresia.or.kr/theme/basic/html/about.php
79,오창장미공원,https://puru.cheongju.go.kr/newpuru/html/sub.php?menukey=14
80,평창군 공설묘지,(없음)
81,충현동산,https://www.choonghyunchurch.or.kr/main/sub.html?pageCode=16
82,세종시공설묘지,https://eee.mysaltnews.com/%EC%84%B8%EC%A2%85%EC%8B%9C-%EA%B3%B5%EB%8F%99%EB%AC%98%EC%A7%80-%EC%B6%94%EB%AA%A8%EA%B3%B5%EC%9B%90-2%EA%B3%B3-%EC%A3%BC%EC%86%8C-%EC%A0%84%ED%99%94%EB%B2%88%ED%98%B8-%EB%B9%84%EC%9A%A9-%EC%95%88/
83,대전추모공원 가족묘원,https://www.daejeon.go.kr/drh/depart/board/boardNormalView.do?boardId=normal_0096&menuSeq=1631&ntatcSeq=1055054
84,매화공원묘지,https://puru.cheongju.go.kr/newpuru/html/sub.php?menukey=14
85,영동공원묘원,https://ii.korea724.info/kr/%EC%98%81%EB%8F%99%EA%B3%B5%EC%9B%90%EB%AC%98%EC%9B%90-82-33-645-7444.html
86,(재)천주교세종로묘원,https://www.localview.co.kr/store/detail.asp?seq=205853705
87,서라벌공원묘원,http://www.seorabolpark.com/bbs/board.php?bo_table=notice
88,김해하늘공원(묘지),http://www.gimhaeskypark.com/main/main.php
89,여수시공설묘지공원,https://yeosu.go.kr/www/sphere/welfare/funeral/public?print=true&page=1&page=1
90,정선하늘공원,https://www.star-queen.co.kr/product/%EC%A0%95%EC%84%A0%ED%95%98%EB%8A%98%EA%B3%B5%EC%9B%90/
91,광릉 더 크레스트 묘지,http://www.thecrest.co.kr/?m=nobility
92,(재)안동추모공원(묘지),http://www.andongpark.net/bbs/content.php?co_id=sub1_2
93,청량리성당 다볼산묘원,https://lovecatholic.kr/churches/1482/%EC%B2%AD%EB%9F%89%EB%A6%AC%EC%84%B1%EB%8B%B9
94,예래원(묘지),https://apply.cheotjang.com/info/%EB%8F%99%EB%91%90%EC%B2%9C%EC%8B%9C-%EC%88%98%EB%AA%A9%EC%9E%A5-%EB%82%A9%EA%B3%A8%EB%8B%B9-%EC%95%88%EB%82%B4
95,현대공원1묘원,http://www.hdpark.co.kr/06_guide/sitemap.php
96,전주효자공원,http://www.hyojas.com/html/sub_1_4.html
97,현대공원2묘원,http://www.hdpark.co.kr/06_guide/sitemap.php
98,(재)청구공원,https://search.knps.or.kr/
99,천주교효천공원묘지,https://hcmp.kr/
100,천자봉공원묘원,https://www.changwon.go.kr/cwportal/depart/11067/14022/14049.web
101,홍천군공설묘원,https://www.gangwon-portal.co.kr/gangwon-veterans/facility/%ED%99%8D%EC%B2%9C%EA%B5%B0%EA%B3%B5%EC%84%A4%EB%AC%98%EC%9B%90/
102,이천시대월공설공원묘지(만장),https://www.icheon.go.kr/welfare/contents.do?mid=0206020000
103,진리공설묘지,https://www.metropolitan-funeral.co.kr/veterans/jangji/%EC%A7%84%EB%A6%AC%EA%B3%B5%EC%84%A4%EB%AC%98%EC%A7%80/
104,이천시백사공설공원묘지,https://www.2000fmc.or.kr/ic-kr/cntnts/i-69/web.do
105,점봉동 공원묘지,http://jhlife.co.kr/?page_id=795
106,(재)자하연분당(묘지),http://www.jahayeon.com/
107,하다리공설공원묘지,https://www.goifuneral.co.kr/memorial/place/%ED%95%98%EB%8B%A4%EB%A6%AC%EA%B3%B5%EC%84%A4%EA%B3%B5%EC%9B%90%EB%AC%98%EC%A7%80/
108,(재)광주대교구 여수천주교공원묘원,http://www.gjccp.kr/reviv/rev_array.asp
109,대구시립공원묘지,http://www.hdpark.co.kr/06_guide/sitemap.php
110,모도리공설묘지,https://www.goifuneral.co.kr/memorial/place/%EB%AA%A8%EB%8F%84%EB%A6%AC%EA%B3%B5%EC%84%A4%EB%AC%98%EC%A7%80/
111,안중공설묘지,https://www.metropolitan-funeral.co.kr/benefit/jangji/%EC%95%88%EC%A4%91%EA%B3%B5%EC%84%A4%EB%AC%98%EC%A7%80/
112,이천시설성공설공원묘지,https://www.metropolitan-funeral.co.kr/veterans/jangji/%EC%9D%B4%EC%B2%9C%EC%8B%9C%EC%84%A4%EC%84%B1%EA%B3%B5%EC%84%A4%EA%B3%B5%EC%9B%90%EB%AC%98%EC%A7%80/
113,이천시장호원공설공원묘지(만장),https://www.mpva.go.kr/icnc/contents.do?key=714
114,선재리공설묘지,https://www.metropolitan-funeral.co.kr/veterans/jangji/%EC%84%A0%EC%9E%AC%EB%A6%AC%EA%B3%B5%EC%84%A4%EB%AC%98%EC%A7%80%20%EC%9E%90%EC%97%B0%EC%9E%A5%EC%A7%80/
115,이작리공설묘지,https://www.metropolitan-funeral.co.kr/veterans/jangji/%EC%9D%B4%EC%9E%91%EB%A6%AC%EA%B3%B5%EC%84%A4%EB%AC%98%EC%A7%80/
116,(재)예다원 묘원,http://xn--2j1bz67agra.kr/
117,신도리공설묘지,https://www.goifuneral.co.kr/memorial/place/%EC%8B%A0%EB%8F%84%EB%A6%AC%EA%B3%B5%EC%84%A4%EB%AC%98%EC%A7%80/
118,장봉리공설묘지,https://www.metropolitan-funeral.co.kr/veterans/jangji/%EC%9E%A5%EB%B4%89%EB%A6%AC%EA%B3%B5%EC%84%A4%EB%AC%98%EC%A7%80%20%EC%9E%90%EC%97%B0%EC%9E%A5%EC%A7%80/
119,청양군추모공원(묘지),https://www.ch-funeralportal.co.kr/facility-item/696/price/
120,와동꽃빛공원(공설묘지),https://www.metropolitan-funeral.co.kr/facility-place/699/
121,춘천안식공원(묘지),https://www.cuc.or.kr/serviceStandard.do
122,청솔공원,http://www.chungsol.net/naturalburials
123,화도공설묘지(만장),https://www.15774129.go.kr/
124,수동공설묘지(만장),https://www.15774129.go.kr/
125,완주군 공설공원묘지,https://www.wjss.or.kr/index.do?menuCd=DOM_000000102005002000
126,충주시공설묘지,https://yapyapnews.co.kr/%EC%B6%A9%EC%B2%AD%EB%B6%81%EB%8F%84-%EA%B3%B5%EB%8F%99%EB%AC%98%EC%A7%80-%EB%B0%8F-%EC%B6%94%EB%AA%A8%EA%B3%B5%EC%9B%90-%EC%A3%BC%EC%86%8C-%EC%A0%84%ED%99%94%EB%B2%88%ED%98%B8-%EB%B9%84%EC%9A%A9/
127,청북공설묘지,https://www.metropolitan-funeral.co.kr/veterans/jangji/%EC%B2%AD%EB%B6%81%EA%B3%B5%EC%84%A4%EB%AC%98%EC%A7%80/
128,자월리공설묘지,https://www.metropolitan-funeral.co.kr/veterans/jangji/%EC%9E%90%EC%9B%94%EB%A6%AC%EA%B3%B5%EC%84%A4%EB%AC%98%EC%A7%80/
129,내리공설묘지,https://www.metropolitan-funeral.co.kr/benefit/jangji/%EB%82%B4%EB%A6%AC%EA%B3%B5%EC%84%A4%EB%AC%98%EC%A7%80/
130,처리공원묘지,https://www.ncms.go.kr/NationalCemetery/statute
131,오산시공설공원묘지,https://www.metropolitan-funeral.co.kr/veterans/jangji/%EC%98%A4%EC%82%B0%EC%8B%9C%EA%B3%B5%EC%84%A4%EB%AC%98%EC%A7%80/
132,충효공원묘원,http://www.gongwon.co.kr/sub_new04.php
133,횡성군공설추모공원(묘지),https://smartanalyzer.hsg.go.kr/www/contents.do?key=1190
134,송탄공설묘지,https://www.metropolitan-funeral.co.kr/veterans/jangji/%EC%86%A1%ED%83%84%EA%B3%B5%EC%84%A4%EB%AC%98%EC%A7%80/
135,재단법인 아너스홈(구 대성공원묘원),https://honorshome.co.kr/17
136,인제종합장묘센터 하늘공원,https://www.gangwon-portal.co.kr/gangwon-all-funeral/%EC%9D%B8%EC%A0%9C%EC%9E%A5%EB%A1%80%EC%8B%9D%EC%9E%A5/%EC%9D%B8%EC%A0%9C%EC%A2%85%ED%95%A9%EC%9E%A5%EB%AC%98%EC%84%BC%ED%84%B0/%EC%9D%B8%EC%A0%9C%EC%A2%85%ED%95%A9%EC%9E%A5%EB%AC%98%EC%84%BC%ED%84%B0%20%ED%95%98%EB%8A%98%EA%B3%B5%EC%9B%90/
137,대청리공설묘지,https://www.metropolitan-funeral.co.kr/benefit/jangji/%EB%8C%80%EC%B2%AD%EB%A6%AC%EA%B3%B5%EC%84%A4%EB%AC%98%EC%A7%80/
138,가톨릭군위묘원,https://www.gunwipark.com/bbs/content.php?co_id=welcome
139,(재)영락교회공원묘원,https://myungdangga.co.kr/mourning/578
140,진촌리공설묘지,https://www.metropolitan-funeral.co.kr/veterans/jangji/%EC%A7%84%EC%B4%8C%EB%A6%AC%EA%B3%B5%EC%84%A4%EB%AC%98%EC%A7%80/
141,현수리공원묘지,https://www.15774129.go.kr/
142,연평리공설묘지,https://endingsketch.com/burial-ground/%EC%97%B0%ED%8F%89%EB%A6%AC%EA%B3%B5%EC%84%A4%EB%AC%98%EC%A7%80-%EC%9E%90%EC%97%B0%EC%9E%A5%EC%A7%80/
143,강릉공원묘원(묘지),https://www.gangwon-portal.co.kr/gangwon-facility/703/
144,남부권공설묘지,https://www.djuc.or.kr/sub_fac/funeral_01.php
145,(재)자하연팔당(묘지),http://m.jahayeon.com/home/homepage.php?homefile=sub01_01.html
146,중림동성당묘원,http://www.yakhyeon.or.kr/
147,은광교회 묘지,https://ekchurch.or.kr/%EC%86%8C%EA%B0%9C/
148,양우회,https://blog.hyuntoday.com/entry/%EC%82%AC%EB%8B%A8%EB%B2%95%EC%9D%B8-%EC%96%91%EC%A7%80%ED%9A%8C-%ED%99%88%ED%8E%98%EC%9D%B4%EC%A7%80-%EB%B0%94%EB%A1%9C%EA%B0%80%EA%B8%B0httpswwwyangjinews
149,인천호남향우회,http://nhonam.co.kr/
150,삼성개발공원묘원(묘지),http://www.elysium.co.kr/kor/about/greeting.php
151,성서공동묘지,https://dggb-portal.funeralblog.co.kr/national-merit/public-facility/%EC%84%B1%EC%84%9C%EA%B3%B5%EB%8F%99%EB%AC%98%EC%A7%80/
152,솔뫼공설묘지,https://www.djuc.or.kr/sub_fac/funeral_02.php
153,석문공설묘지,https://www.dangjin.go.kr/bokji/sub04_05_03.do
154,천주교용인공원묘원,http://bb.catholic.or.kr/
155,꽃동네 낙원묘지,https://www.kkot.or.kr/home/menu/content/cemetery
156,낙원공원묘원,https://www.nakwonpark.co.kr/bbs/content.php?co_id=01_03
157,남해추모누리 공설종합묘원,https://myungdangga.co.kr/mourning/59
158,정주동산,https://services2.korea724.info/kr/-%EC%9E%AC-%EC%A0%95%EC%A3%BC%EB%8F%99%EC%82%B0-82-2-983-9034.html
159,대호지공설묘지,https://www.ch-funeralportal.co.kr/facility-item/844/price/
160,영락공원묘지,https://www.cyberyoungrak.or.kr/main/index.php
161,해방교회공원묘원,https://apply.cheotjang.com/info/%ED%8C%8C%EC%A3%BC%EC%8B%9C-%EA%B3%B5%EC%9B%90%EB%AC%98%EC%A7%80-%EB%82%A9%EA%B3%A8%EB%8B%B9-%EC%95%88%EB%82%B4-%EB%AA%85%EB%8B%B9
162,동명가족묘지,https://www.goifuneral.co.kr/memorial/place/%EB%8F%99%EB%AA%85%EA%B0%80%EC%A1%B1%EB%AC%98%EC%A7%80/
163,동명공동묘지,https://dggb-portal.funeralblog.co.kr/beneficiary/public-facility/%EB%8F%99%EB%AA%85%EA%B3%B5%EB%8F%99%EB%AC%98%EC%A7%80/
164,양평군공설공원묘지,https://www.dawonfuneral.com/tomb_paldang
165,순천시립공원묘지,https://www.suncheon.go.kr/kr/welfare/0002/0010/0002/
166,용미리제1묘지,https://www.sisul.or.kr/open_content/memorial/use/check_cinerary.jsp
167,용미리제2묘지,https://www.sisul.or.kr/open_content/memorial/cremate/location.jsp
168,장화리공설묘지,https://www.metropolitan-funeral.co.kr/benefit/jangji/%EC%9E%A5%ED%99%94%EB%A6%AC%EA%B3%B5%EC%84%A4%EB%AC%98%EC%A7%80/
169,운경공원묘원,https://www.goifuneral.co.kr/memorial/place/%EC%9A%B4%EA%B2%BD%EA%B3%B5%EC%9B%90%EB%AC%98%EC%9B%90/
170,장정리공설묘지,http://www.mrmpark.co.kr/
171,웅양공설공원묘지,https://myungdangga.co.kr/mourning/75
172,(재)원주공원묘원,https://wonjupark.com/bbs/board.php?bo_table=faq&wr_id=13
173,월곳리공설묘지,https://www.gongamcompany.co.kr/
174,월롱면 공설묘지,https://www.metropolitan-funeral.co.kr/benefit/jangji/%EC%9B%94%EB%A1%B1%EB%A9%B4%EA%B3%B5%EC%84%A4%EB%AC%98%EC%A7%80/
175,월평공설공원묘지,https://myungdangga.co.kr/mourning/737
176,유치공설공원묘지,https://skinnara.co.kr/?html=board.view&M_SEQ=577002
177,의령군공설묘지,https://www.uiryeong.go.kr/index.uiryeong?menuCd=DOM_000000204001002018
178,낙원공원 의정부묘원,https://www.nakwonpark.co.kr/
179,(재)시안 가족추모공원(매장묘),https://www.sianpark.co.kr/doc/product3.php
180,정왕공설묘지,https://www.goifuneral.co.kr/memorial/place/%EC%A0%95%EC%99%95%EA%B3%B5%EC%84%A4%EB%AC%98%EC%A7%80/
181,장수동공설묘지(매장불가),https://law.go.kr/%EB%B2%95%EB%A0%B9/%EB%A7%A4%EC%9E%A5%EB%B0%8F%EB%AC%98%EC%A7%80%EB%93%B1%EC%97%90%EA%B4%80%ED%95%9C%EB%B2%95%EB%A5%A0/(02069,19681231)
182,황산병온공설묘지,https://www.ncms.go.kr/NationalCemetery/statute
183,수산동공설묘지(매장불가),https://www.metropolitan-funeral.co.kr/benefit/jangji/%EC%88%98%EC%82%B0%EA%B3%B5%EC%84%A4%EB%AC%98%EC%A7%80/
184,인천가족공원 묘지,https://www.insiseol.or.kr/life/family/facility/map.jsp
185,전곡읍공설묘지,https://www.metropolitan-funeral.co.kr/benefit/jangji/%EC%A0%84%EA%B3%A1%EC%9D%8D%EA%B3%B5%EC%84%A4%EB%AC%98%EC%A7%80/
186,장계공설묘지,https://www.honam-funeralcenter.co.kr/facility-recommend-item/958/
187,장흥리공설묘지,https://www.metropolitan-funeral.co.kr/benefit/jangji/%EC%9E%A5%ED%9D%A5%EB%A6%AC%EA%B3%B5%EC%84%A4%EB%AC%98%EC%A7%80/
188,인산리공설묘지,https://www.metropolitan-funeral.co.kr/veterans/jangji/%EC%9D%B8%EC%82%B0%EB%A6%AC%EA%B3%B5%EC%84%A4%EB%AC%98%EC%A7%80/
189,신림덕화공설묘지,https://ccc.mysaltnews.com/%EC%A0%84%EB%9D%BC%EB%B6%81%EB%8F%84-%EA%B3%B5%EB%8F%99%EB%AC%98%EC%A7%80-%EC%B6%94%EB%AA%A8%EA%B3%B5%EC%9B%90-23%EA%B3%B3-%EC%A3%BC%EC%86%8C-%EC%A0%84%ED%99%94%EB%B2%88%ED%98%B8-%EB%B0%8F-%EB%B9%84/
190,외포리공설묘지,http://tel.nett.kr/%EC%97%85%EC%B2%B4%EC%A0%95%EB%B3%B4/4608928/%EC%99%B8%ED%8F%AC%EB%A6%AC%EA%B3%B5%EC%84%A4%EB%AC%98%EC%A7%80/
191,양구군공설묘지,https://www.yanggu.go.kr/
192,양택공원묘지(봉안묘),http://xn--ob0b31ye7i81c.xn--mk1bu44c/
193,진달래공원묘원,http://jdr.kr/
194,안흥동공설묘지(만장),https://www.ddcsiseol.or.kr/main/content/view/MN02050000.do
195,여산공설묘지,https://sbsat.co.kr/%EC%A0%84%EB%9D%BC%EB%B6%81%EB%8F%84-%EA%B3%B5%EB%8F%99%EB%AC%98%EC%A7%80-%EC%B6%94%EB%AA%A8%EA%B3%B5%EC%9B%90-%EC%A3%BC%EC%86%8C-%EC%A0%84%ED%99%94%EB%B2%88%ED%98%B8-%EB%B9%84%EC%9A%A9-23%EA%B3%B3/
196,화산연정공설묘지,http://www.hwasanpark.co.kr/
197,연천읍공설묘지,https://www.goifuneral.co.kr/memorial/place/%EC%97%B0%EC%B2%9C%EC%9D%8D%EA%B3%B5%EC%84%A4%EB%AC%98%EC%A7%80/
198,삼계공설묘지,https://dggb-portal.funeralblog.co.kr/beneficiary/public-facility/%EC%98%81%EB%8D%95%EA%B5%B0%EC%82%BC%EA%B3%84%EA%B3%B5%EC%84%A4%EB%AC%98%EC%A7%80/
199,아산주진공설묘지,https://www.goifuneral.co.kr/memorial/place/%EC%95%84%EC%82%B0%EC%A3%BC%EC%A7%84%EA%B3%B5%EC%84%A4%EB%AC%98%EC%A7%80/
200,부산영락공원묘지,https://yeongnakpark.bisco.or.kr/news/news01/
201,죽변화성리공설묘지,https://www.goifuneral.co.kr/memorial/place/%EC%A3%BD%EB%B3%80%ED%99%94%EC%84%B1%EB%A6%AC%EA%B3%B5%EC%84%A4%EB%AC%98%EC%A7%80/
202,신월공설묘지(만장),https://www.sodamsangjo.com/place/67ed28d53d3b35e350743ed2-d4fe7125a132aa97
203,주문공설묘지,https://www.metropolitan-funeral.co.kr/veterans/jangji/%EC%A3%BC%EB%AC%B8%EA%B3%B5%EC%84%A4%EB%AC%98%EC%A7%80/
204,해남신안공설묘지,http://www.hnwoori.com/news/articleView.html?idxno=215898
205,오룡군립묘원(묘지),https://www.honam-funeralcenter.co.kr/facility-recommend-item/69/
206,오상리공설묘지,https://www.goifuneral.co.kr/memorial/place/%EC%98%A4%EC%83%81%EB%A6%AC%EA%B3%B5%EC%84%A4%EB%AC%98%EC%A7%80/
207,구미시옥계공설묘지(만장),https://www.goifuneral.co.kr/facilities/887/
208,신서면공설묘지,https://www.metropolitan-funeral.co.kr/veterans/jangji/%EC%8B%A0%EC%84%9C%EB%A9%B4%EA%B3%B5%EC%84%A4%EB%AC%98%EC%A7%80/
209,옥천군공설묘지,https://oc.go.kr/www/contents.do?key=277
210,온수리공설묘지,https://www.metropolitan-funeral.co.kr/benefit/jangji/%EC%98%A8%EC%88%98%EB%A6%AC%EA%B3%B5%EC%84%A4%EB%AC%98%EC%A7%80/
211,왕길공설묘지(만장),https://www.gyoungchun.com/
212,양오리공설묘지,https://www.metropolitan-funeral.co.kr/veterans/jangji/%EC%96%91%EC%98%A4%EB%A6%AC%EA%B3%B5%EC%84%A4%EB%AC%98%EC%A7%80/
213,상주시공설묘지(만장),https://www.imaeil.com/page/view/2025091214304476227
214,왕길조성묘지,https://www.metropolitan-funeral.co.kr/benefit/jangji/%EC%99%95%EA%B8%B8%EC%A1%B0%EC%84%B1%EB%AC%98%EC%A7%80/
215,송전공설묘지,https://www.metropolitan-funeral.co.kr/veterans/jangji/%EC%86%A1%EC%A0%84%EA%B3%B5%EC%84%A4%EB%AC%98%EC%A7%80/
216,천주교부산교구 하늘공원,http://www.catholicbusan.or.kr/index.php?mid=hanul_notice&document_srl=2817635
217,군산시공설묘지,https://www.goifuneral.co.kr/memorial/place/%EA%B5%B0%EC%82%B0%EC%8B%9C%EA%B3%B5%EC%84%A4%EB%AC%98%EC%A7%80/
218,광석리공설묘지,https://www.goifuneral.co.kr/memorial/place/%EA%B4%91%EC%84%9D%EB%A6%AC%EA%B3%B5%EC%84%A4%EB%AC%98%EC%A7%80/
219,금광공설묘지,https://www.metropolitan-funeral.co.kr/benefit/jangji/%EA%B8%88%EA%B4%91%EA%B3%B5%EC%84%A4%EB%AC%98%EC%A7%80/
220,가납리공설묘지,https://www.goifuneral.co.kr/memorial/place/%EA%B0%80%EB%82%A9%EB%A6%AC%EA%B3%B5%EC%84%A4%EB%AC%98%EC%A7%80/
221,재단법인금산공원묘원,https://www.goifuneral.co.kr/memorial/place/%EA%B8%88%EC%82%B0%EA%B3%B5%EC%9B%90%EB%AC%98%EC%9B%90/
222,구암리공설묘지,https://www.metropolitan-funeral.co.kr/veterans/jangji/%EA%B5%AC%EC%95%94%EB%A6%AC%EA%B3%B5%EC%84%A4%EB%AC%98%EC%A7%80/
223,신암리공설묘지,https://www.metropolitan-funeral.co.kr/veterans/jangji/%EC%8B%A0%EC%95%94%EB%A6%AC%EA%B3%B5%EC%84%A4%EB%AC%98%EC%A7%80/
224,신산리공설묘지,https://www.metropolitan-funeral.co.kr/veterans/jangji/%EC%8B%A0%EC%82%B0%EB%A6%AC%EA%B3%B5%EC%84%A4%EB%AC%98%EC%A7%80/
225,황방리공설묘지,https://www.metropolitan-funeral.co.kr/veterans/jangji/%ED%99%A9%EB%B0%A9%EB%A6%AC%EA%B3%B5%EC%84%A4%EB%AC%98%EC%A7%80/
226,한산리공설묘지,https://www.goifuneral.co.kr/memorial/place/%ED%95%9C%EC%82%B0%EB%A6%AC%EA%B3%B5%EC%84%A4%EB%AC%98%EC%A7%80/
227,김포공원법인묘지(대곶),https://www.goifuneral.co.kr/facilities/983/
228,김포공원법인묘지(풍무),https://www.metropolitan-funeral.co.kr/facility-place/848/
229,입암리공설묘지,https://www.goifuneral.co.kr/memorial/place/%EC%9E%85%EC%95%94%EB%A6%AC%EA%B3%B5%EC%84%A4%EB%AC%98%EC%A7%80/
230,상수리공설묘지,https://www.metropolitan-funeral.co.kr/benefit/jangji/%EC%83%81%EC%88%98%EB%A6%AC%EA%B3%B5%EC%84%A4%EB%AC%98%EC%A7%80/
231,남상공설공원묘지,https://endingsketch.com/charnel-house/%EB%82%A8%EC%83%81%EA%B3%B5%EC%84%A4%EA%B3%B5%EC%9B%90%EB%AC%98%EC%A7%80-%EB%B4%89%EC%95%88%EB%8B%B9/
232,두곡리공설묘지,https://www.metropolitan-funeral.co.kr/benefit/jangji/%EB%91%90%EA%B3%A1%EB%A6%AC%EA%B3%B5%EC%84%A4%EB%AC%98%EC%A7%80/
233,도하리공설묘지,https://www.metropolitan-funeral.co.kr/benefit/jangji/%EB%8F%84%ED%95%98%EB%A6%AC%EA%B3%B5%EC%84%A4%EB%AC%98%EC%A7%80/
234,하패리공설묘지,https://www.metropolitan-funeral.co.kr/veterans/jangji/%ED%95%98%ED%8C%A8%EB%A6%AC%EA%B3%B5%EC%84%A4%EB%AC%98%EC%A7%80/
235,선암리공설묘지,http://ncms.go.kr/
236,용암리공설묘지,https://www.metropolitan-funeral.co.kr/veterans/jangji/%EC%9A%A9%EC%95%94%EB%A6%AC%EA%B3%B5%EC%84%A4%EB%AC%98%EC%A7%80/
237,복지리 공설묘지,https://www.metropolitan-funeral.co.kr/benefit/jangji/%EB%B3%B5%EC%A7%80%EB%A6%AC%EA%B3%B5%EC%84%A4%EB%AC%98%EC%A7%80/
238,방성리공설묘지,https://www.metropolitan-funeral.co.kr/veterans/jangji/%EB%B0%A9%EC%84%B1%EB%A6%AC%EA%B3%B5%EC%84%A4%EB%AC%98%EC%A7%80/
239,답곡리 공설묘지,https://www.metropolitan-funeral.co.kr/veterans/jangji/%EB%8B%B5%EA%B3%A1%EB%A6%AC%EA%B3%B5%EC%84%A4%EB%AC%98%EC%A7%80/
240,군남면공설묘지,https://www.metropolitan-funeral.co.kr/veterans/jangji/%EA%B5%B0%EB%82%A8%EB%A9%B4%EA%B3%B5%EC%84%A4%EB%AC%98%EC%A7%80/
241,우고리공설묘지,https://www.metropolitan-funeral.co.kr/benefit/jangji/%EC%9A%B0%EA%B3%A0%EB%A6%AC%EA%B3%B5%EC%84%A4%EB%AC%98%EC%A7%80/
242,종로성당 나자렛묘원,http://www.jongnocc.or.kr/index
243,회정동공설묘지,https://www.metropolitan-funeral.co.kr/benefit/jangji/%ED%9A%8C%EC%A0%95%EB%8F%99%EA%B3%B5%EC%84%A4%EB%AC%98%EC%A7%80/
244,(재)안양공원묘원,https://anyang.go.kr/main/contents.do?key=3726
245,봉양동공설묘지,https://www.goifuneral.co.kr/memorial/place/%EB%B4%89%EC%96%91%EB%8F%99%EA%B3%B5%EC%84%A4%EB%AC%98%EC%A7%80/
246,가북공설공원묘지,http://tel.nett.kr/%EC%97%85%EC%B2%B4%EC%A0%95%EB%B3%B4/2498407/%EA%B0%80%EB%B6%81%EA%B3%B5%EC%84%A4%EA%B3%B5%EC%9B%90%EB%AC%98%EC%A7%80/
247,가조공설공원묘지,https://www.placeview.co.kr/id/MjUwODQxNzkg
248,광사동공설묘지,https://www.metropolitan-funeral.co.kr/benefit/jangji/%EA%B4%91%EC%82%AC%EB%8F%99%EA%B3%B5%EC%84%A4%EB%AC%98%EC%A7%80/
249,마전동공설묘지,https://www.metropolitan-funeral.co.kr/benefit/jangji/%EB%A7%88%EC%A0%84%EB%8F%99%EA%B3%B5%EC%84%A4%EB%AC%98%EC%A7%80/
250,갑향군립묘원(묘지),https://www.goifuneral.co.kr/facilities/341/
251,거창공설공원묘지,https://www.goifuneral.co.kr/facilities/924/
252,어둔동공설묘지,https://www.metropolitan-funeral.co.kr/veterans/jangji/%EC%96%B4%EB%91%94%EB%8F%99%EA%B3%B5%EC%84%A4%EB%AC%98%EC%A7%80/
253,유양동공설묘지,https://www.metropolitan-funeral.co.kr/veterans/jangji/%EC%9C%A0%EC%96%91%EB%8F%99%EA%B3%B5%EC%84%A4%EB%AC%98%EC%A7%80/
254,고려공원법인묘지,https://www.goifuneral.co.kr/memorial/place/%EA%B3%A0%EB%A0%A4%EA%B3%B5%EC%9B%90%EB%B2%95%EC%9D%B8%EB%AC%98%EC%A7%80/
255,장기공설공원묘원,http://www.kmic.kr/sub/product_list.php?cat_no=3
256,고제공설공원묘지,https://www.gyoungchun.com/
257,삼하리공설묘지,https://www.metropolitan-funeral.co.kr/benefit/jangji/%EC%82%BC%ED%95%98%EB%A6%AC%EA%B3%B5%EC%84%A4%EB%AC%98%EC%A7%80/
258,삼상리공설묘지,https://www.metropolitan-funeral.co.kr/benefit/jangji/%EC%82%BC%EC%83%81%EB%A6%AC%EA%B3%B5%EC%84%A4%EB%AC%98%EC%A7%80/
259,관인면 제1공설묘지,https://myungdangga.co.kr/mourning/642
260,교산1리공설묘지,http://xn--ob0b34vqb39f55ap0xsugcjm7u.kr/
261,비암리공설묘지,https://www.metropolitan-funeral.co.kr/benefit/jangji/%EB%B9%84%EC%95%94%EB%A6%AC%EA%B3%B5%EC%84%A4%EB%AC%98%EC%A7%80/
262,석우리공설묘지,https://www.metropolitan-funeral.co.kr/veterans/jangji/%EC%84%9D%EC%9A%B0%EB%A6%AC%EA%B3%B5%EC%84%A4%EB%AC%98%EC%A7%80/
263,구리시공설묘지,https://www.guri.go.kr/seol/sub.do?key=6224
264,덕도리공설묘지,https://www.metropolitan-funeral.co.kr/benefit/jangji/%EB%8D%95%EB%8F%84%EB%A6%AC%EA%B3%B5%EC%84%A4%EB%AC%98%EC%A7%80/
265,대곡공설묘지(만장),http://dmonster1355.cafe24.com/
266,(재)대명공원묘원,http://www.gjpark.co.kr/
267,포내공설묘지,https://www.metropolitan-funeral.co.kr/benefit/jangji/%ED%8F%AC%EB%82%B4%EA%B3%B5%EC%84%A4%EB%AC%98%EC%A7%80/
268,백운공원묘원 제1묘원,https://www.baekwoonmemorial.co.kr/
269,백운공원묘원 제2묘원,https://www.baekwoonmemorial.co.kr/
270,가톨릭 범물공원묘원,http://www.gunwipark.com/
271,익산하늘공원묘지,https://www.goifuneral.co.kr/crematorium-recommendation/127/place/9/
272,통일촌 공설묘지,https://www.metropolitan-funeral.co.kr/veterans/jangji/%ED%86%B5%EC%9D%BC%EC%B4%8C%EA%B3%B5%EC%84%A4%EB%AC%98%EC%A7%80/
273,탄현면 공설묘지,https://www.metropolitan-funeral.co.kr/veterans/jangji/%ED%83%84%ED%98%84%EA%B3%B5%EC%84%A4%EB%AC%98%EC%A7%80/
274,부안수동공설묘지,https://www.honam-funeralcenter.co.kr/funeral-process-recommend/%EC%82%BC%EC%84%B1%EC%9E%A5%EB%A1%80%EB%AC%B8%ED%99%94%EC%9B%90/%EC%84%9C%EB%82%A8%EA%B6%8C%EC%B6%94%EB%AA%A8%EA%B3%B5%EC%9B%90(%EC%A0%95%EC%9D%8D)/%EB%B6%80%EC%95%88%EC%88%98%EB%8F%99%EA%B3%B5%EC%84%A4%EB%AC%98%EC%A7%80/
275,부안용산공설묘지,https://www.honam-funeralcenter.co.kr/free-national/free-facility/%EA%B5%AD%EA%B0%80%EC%9C%A0%EA%B3%B5%EC%9E%90%20%EA%B3%B5%EC%84%A4%EC%9E%A5%EC%A7%80%20%EB%B6%80%EC%95%88%EC%9A%A9%EC%82%B0%EA%B3%B5%EC%84%A4%EB%AC%98%EC%A7%80/
276,북상공설공원묘지,https://myungdangga.co.kr/mourning/693
277,북양공설공원묘지,https://www.metropolitan-funeral.co.kr/veterans/jangji/%EB%B6%81%EC%96%91%EA%B3%B5%EC%84%A4%EA%B3%B5%EC%9B%90%EB%AC%98%EC%A7%80/
278,안성시공설공원묘지(사곡동),https://www.anseong.go.kr/portal/saeol/newsView.do?newsEpctNo=12391&mId=0402010100
279,사천시공설묘지,https://www.goifuneral.co.kr/facilities/931/
280,상리공설묘지,https://www.metropolitan-funeral.co.kr/benefit/jangji/%EC%83%81%EB%A6%AC%EA%B3%B5%EC%84%A4%EB%AC%98%EC%A7%80/
281,초원지공설묘지,https://www.metropolitan-funeral.co.kr/veterans/jangji/%EC%B4%88%EC%9B%90%EC%A7%80%EA%B3%B5%EC%84%A4%EB%AC%98%EC%A7%80/
282,상신공원묘지,https://www.metropolitan-funeral.co.kr/facility-place/944/
283,청주시목련공원묘지,https://www.cjsisul.or.kr/home/sub.do?menukey=253
284,선단동공설묘지,https://www.metropolitan-funeral.co.kr/veterans/jangji/%EC%84%A0%EB%8B%A8%EB%8F%99%EA%B3%B5%EC%84%A4%EB%AC%98%EC%A7%80/
285,천주교성환공원묘지,https://www.ch-funeralportal.co.kr/facility-item/892/price/
286,성석동공설묘지(만장),https://myungdangga.co.kr/mourning/727
287,성주군공설묘지,https://law.go.kr/%EC%9E%90%EC%B9%98%EB%B2%95%EA%B7%9C/%EC%84%B1%EC%A3%BC%EA%B5%B0%EA%B3%B5%EC%84%A4%EB%AC%98%EC%A7%80%EC%84%A4%EC%B9%98%EB%B0%8F%EC%82%AC%EC%9A%A9%EC%A1%B0%EB%A1%80/(1703,20020109)
288,미법리공설묘지,https://myungdangga.co.kr/mourning/408
289,문형공설묘지(만장),https://www.15774129.go.kr/
290,대전공원묘원,https://www.djmw.co.kr/bbs/board.php?bo_table=21
291,화현면공설묘지,https://www.metropolitan-funeral.co.kr/veterans/jangji/%ED%99%94%ED%98%84%EB%A9%B4%EA%B3%B5%EC%84%A4%EB%AC%98%EC%A7%80/
292,화천공원묘원,https://kr.worldorgs.com/%EB%AA%A9%EB%A1%9D/%ED%99%94%EC%B2%9C%EA%B5%B0/%EB%AC%98%EC%A7%80/%ED%99%94%EC%B2%9C%EA%B3%B5%EC%9B%90%EB%AC%98%EC%9B%90
293,화교화원,https://www.goifuneral.co.kr/memorial/place/%ED%99%94%EA%B5%90%ED%99%94%EC%9B%90/
294,영암군덕진공설묘지,https://www.goifuneral.co.kr/memorial/place/%EC%98%81%EC%95%94%EA%B5%B0%EB%8D%95%EC%A7%84%EA%B3%B5%EC%84%A4%EB%AC%98%EC%A7%80/
295,덕포리공설묘지,http://www.gjccp.kr/
296,도림동공설묘지(매장불가),https://www.metropolitan-funeral.co.kr/facility-place/882/
297,동산리공설묘지,http://dongsanpark.com/parkgallery.asp
298,(재)평화공원,https://www.unmck.or.kr/kor/04_memory/?mcode=0404010000
299,하일리공설묘지,https://www.goifuneral.co.kr/memorial/place/%ED%95%98%EC%9D%BC%EB%A6%AC%EA%B3%B5%EC%84%A4%EB%AC%98%EC%A7%80/
300,장흥공설공원묘지,https://www.honam-funeralcenter.co.kr/free-national/free-facility/%EA%B5%AD%EA%B0%80%EC%9C%A0%EA%B3%B5%EC%9E%90%20%EA%B3%B5%EC%84%A4%EC%9E%A5%EC%A7%80%20%EC%9E%A5%ED%9D%A5%EA%B3%B5%EC%84%A4%EA%B3%B5%EC%9B%90%EB%AC%98%EC%A7%80/
301,무궁화공원묘원,https://www.gravepark.co.kr/bbs/board.php?bo_table=yp_cs02
302,망월묘지공원,https://gjyoungrak.or.kr/
303,하늘공원(부곡동공설공원묘지),https://www.goifuneral.co.kr/facility-relocate/296/
304,모란공원(묘지),https://moranpark.co.kr/
305,소흘읍제3공설묘지,https://www.metropolitan-funeral.co.kr/veterans/jangji/%EC%86%8C%ED%9D%98%EC%9D%8D%EC%A0%9C3%EA%B3%B5%EC%84%A4%EB%AC%98%EC%A7%80/
306,소흘읍제2공설묘지,https://www.metropolitan-funeral.co.kr/veterans/jangji/%EC%86%8C%ED%9D%98%EC%9D%8D%EC%A0%9C2%EA%B3%B5%EC%84%A4%EB%AC%98%EC%A7%80/
307,천부교추모공원,http://www.ampark.co.kr/m/index.php
308,내촌면 제2공설묘지,https://www.metropolitan-funeral.co.kr/benefit/jangji/%EB%82%B4%EC%B4%8C%EB%A9%B4%20%EC%A0%9C2%EA%B3%B5%EC%84%A4%EB%AC%98%EC%A7%80/
309,일동면 공설묘지,https://www.placeview.co.kr/id/MTEwMzA3NjU0NiAg
310,내유동공설묘지(만장),https://www.ncms.go.kr/NationalCemetery/statute
311,천주교 대구대교구청 성직자묘지,https://www.daegu-archdiocese.or.kr/
312,신북면 제4공설묘지,https://www.metropolitan-funeral.co.kr/veterans/jangji/%EC%8B%A0%EB%B6%81%EB%A9%B4%EC%A0%9C4%EA%B3%B5%EB%8F%99%EB%AC%98%EC%A7%80/
313,영북면 제1공설묘지,https://www.metropolitan-funeral.co.kr/veterans/jangji/%EC%98%81%EB%B6%81%EB%A9%B4%20%EC%A0%9C1%EA%B3%B5%EC%84%A4%EB%AC%98%EC%A7%80/
314,영중면 제2공설묘지,https://www.metropolitan-funeral.co.kr/benefit/jangji/%EC%98%81%EC%A4%91%EB%A9%B4%20%EC%A0%9C2%EA%B3%B5%EC%84%A4%EB%AC%98%EC%A7%80/
315,영중면 제1공설묘지,https://www.metropolitan-funeral.co.kr/benefit/jangji/%EC%98%81%EC%A4%91%EB%A9%B4%20%EC%A0%9C1%EA%B3%B5%EC%84%A4%EB%AC%98%EC%A7%80/
316,내촌면 제4공설묘지,https://www.metropolitan-funeral.co.kr/veterans/jangji/%EB%82%B4%EC%B4%8C%EB%A9%B4%20%EC%A0%9C4%EA%B3%B5%EC%84%A4%EB%AC%98%EC%A7%80/
317,내촌면 제3공설묘지,https://www.metropolitan-funeral.co.kr/benefit/jangji/%EB%82%B4%EC%B4%8C%EB%A9%B4%20%EC%A0%9C3%EA%B3%B5%EC%84%A4%EB%AC%98%EC%A7%80/
318,군내면 제2공설묘지,https://www.metropolitan-funeral.co.kr/benefit/jangji/%EA%B5%B0%EB%82%B4%EB%A9%B4%20%EC%A0%9C2%EA%B3%B5%EC%84%A4%EB%AC%98%EC%A7%80/
319,군내면 제1공설묘지,https://www.metropolitan-funeral.co.kr/benefit/jangji/%EA%B5%B0%EB%82%B4%EB%A9%B4%20%EC%A0%9C1%EA%B3%B5%EC%84%A4%EB%AC%98%EC%A7%80/
320,내리공설묘지(화도면),https://www.goifuneral.co.kr/memorial/place/%EB%82%B4%EB%A6%AC%EA%B3%B5%EC%84%A4%EB%AC%98%EC%A7%80(%ED%99%94%EB%8F%84%EB%A9%B4)/
321,신북면 제6공설묘지,https://www.metropolitan-funeral.co.kr/benefit/jangji/%EC%8B%A0%EB%B6%81%EB%A9%B4%EC%A0%9C6%EA%B3%B5%EB%8F%99%EB%AC%98%EC%A7%80/
322,신북면 제5공설묘지,https://www.metropolitan-funeral.co.kr/veterans/jangji/%EC%8B%A0%EB%B6%81%EB%A9%B4%EC%A0%9C5%EA%B3%B5%EB%8F%99%EB%AC%98%EC%A7%80/
323,신북면 제3공설묘지,https://www.goifuneral.co.kr/memorial/place/%EC%8B%A0%EB%B6%81%EB%A9%B4%EC%A0%9C3%EA%B3%B5%EB%8F%99%EB%AC%98%EC%A7%80/
324,신북면 제2공설묘지,https://www.metropolitan-funeral.co.kr/veterans/jangji/%EC%8B%A0%EB%B6%81%EB%A9%B4%EC%A0%9C2%EA%B3%B5%EB%8F%99%EB%AC%98%EC%A7%80/
325,창수면 제3공설묘지,https://www.metropolitan-funeral.co.kr/veterans/jangji/%EC%B0%BD%EC%88%98%EB%A9%B4%EC%A0%9C3%EA%B3%B5%EC%84%A4%EB%AC%98%EC%A7%80/
326,창수면 제2공설묘지,https://www.metropolitan-funeral.co.kr/veterans/jangji/%EC%B0%BD%EC%88%98%EB%A9%B4%EC%A0%9C2%EA%B3%B5%EC%84%A4%EB%AC%98%EC%A7%80/
327,창수면 제1공설묘지,https://www.15774129.go.kr/
328,영북면 제2공설묘지,https://www.metropolitan-funeral.co.kr/veterans/jangji/%EC%98%81%EB%B6%81%EB%A9%B4%20%EC%A0%9C2%EA%B3%B5%EC%84%A4%EB%AC%98%EC%A7%80/
329,관인면 제2공설묘지,https://www.metropolitan-funeral.co.kr/veterans/jangji/%EA%B4%80%EC%9D%B8%EB%A9%B4%20%EC%A0%9C2%EA%B3%B5%EC%84%A4%EB%AC%98%EC%A7%80/
330,가산면 제4공설묘지,https://www.metropolitan-funeral.co.kr/veterans/jangji/%EA%B0%80%EC%82%B0%EB%A9%B4%20%EC%A0%9C4%EA%B3%B5%EC%84%A4%EB%AC%98%EC%A7%80/
331,운연동공설묘지(매장불가),https://myungdangga.co.kr/mourning/640
332,가산면 제3공설묘지,https://www.metropolitan-funeral.co.kr/veterans/jangji/%EA%B0%80%EC%82%B0%EB%A9%B4%20%EC%A0%9C3%EA%B3%B5%EC%84%A4%EB%AC%98%EC%A7%80/
333,가산면 제2공설묘지,https://www.metropolitan-funeral.co.kr/veterans/jangji/%EA%B0%80%EC%82%B0%EB%A9%B4%20%EC%A0%9C2%EA%B3%B5%EC%84%A4%EB%AC%98%EC%A7%80/
334,가산면 제1공설묘지,https://www.metropolitan-funeral.co.kr/benefit/jangji/%EA%B0%80%EC%82%B0%EB%A9%B4%20%EC%A0%9C1%EA%B3%B5%EC%84%A4%EB%AC%98%EC%A7%80/
335,이동공설묘지(만장),https://gps.ncms.go.kr/NationalCemetery/
336,학의동공설묘지(만장),http://ncms.go.kr/
337,후방산 공설묘지,https://www.honam-funeralcenter.co.kr/free-national/free-facility/%EA%B5%AD%EA%B0%80%EC%9C%A0%EA%B3%B5%EC%9E%90%20%EA%B3%B5%EC%84%A4%EC%9E%A5%EC%A7%80%20%EC%A7%84%EC%95%88%EA%B5%B0%20%ED%9B%84%EB%B0%A9%EC%82%B0%20%EA%B3%B5%EC%84%A4%EB%AC%98%EC%A7%80/
338,천도교 무봉공원,http://chondogyo.or.kr/
339,천주교 양산동묘원,http://www.gjccp.kr/mae_myo/yangsan.asp
340,표선면공설묘지,https://www.placeview.co.kr/id/MTQ2NTA5NTcg
341,하늘의문(마전동),https://home.chosearch.com/%EC%9D%B8%EC%B2%9C%EA%B5%90%EA%B5%AC-%ED%95%98%EB%8A%98%EC%9D%98-%EB%AC%B8-%EC%84%B1%EB%8B%B9-%ED%99%88%ED%8E%98%EC%9D%B4%EC%A7%80-%EB%B0%94%EB%A1%9C%EA%B0%80%EA%B8%B0-https-haneul-caincheon-or-kr/
342,안양시청계공설묘지(만장),https://anyang.go.kr/main/contents.do?key=3726
343,정읍시입암묘지공원,https://jeongeup.grandculture.net/jeongeup/toc/GC09300846
344,청평면공설묘지,https://www.metropolitan-funeral.co.kr/veterans/jangji/%EC%B2%AD%ED%8F%89%EB%A9%B4%EA%B3%B5%EC%84%A4%EB%AC%98%EC%A7%80/
345,창리공설묘지,https://www.metropolitan-funeral.co.kr/veterans/jangji/%EC%B0%BD%EB%A6%AC%EA%B3%B5%EC%84%A4%EB%AC%98%EC%A7%80/
346,조천읍공설묘지,https://koreastorage.com/entry/%EB%AC%98%EC%A7%80-%EA%B0%9C%EC%9E%A5-%EC%A0%88%EC%B0%A8%EB%B6%80%ED%84%B0-%EB%B4%89%EC%95%88%EA%B9%8C%EC%A7%80
347,초지리공설묘지,https://www.metropolitan-funeral.co.kr/veterans/jangji/%EC%B4%88%EC%A7%80%EB%A6%AC%EA%B3%B5%EC%84%A4%EB%AC%98%EC%A7%80/
348,충해공원묘지,https://www.goifuneral.co.kr/facilities/1037/
349,합성동공설묘지,http://tel.nett.kr/%EC%97%85%EC%B2%B4%EC%A0%95%EB%B3%B4/707243/%ED%95%A9%EC%84%B1%EB%8F%99%EA%B3%B5%EC%84%A4%EB%AC%98%EC%A7%80/
350,지석리공설묘지,https://www.metropolitan-funeral.co.kr/veterans/jangji/%EC%A7%80%EC%84%9D%EB%A6%AC%EA%B3%B5%EC%84%A4%EB%AC%98%EC%A7%80/
351,하도리공설묘지,https://www.metropolitan-funeral.co.kr/benefit/jangji/%ED%95%98%EB%8F%84%EB%A6%AC%EA%B3%B5%EC%84%A4%EB%AC%98%EC%A7%80/
352,하늘의문(당하동),https://home.chosearch.com/%EC%9D%B8%EC%B2%9C%EA%B5%90%EA%B5%AC-%ED%95%98%EB%8A%98%EC%9D%98-%EB%AC%B8-%EC%84%B1%EB%8B%B9-%ED%99%88%ED%8E%98%EC%9D%B4%EC%A7%80-%EB%B0%94%EB%A1%9C%EA%B0%80%EA%B8%B0-https-haneul-caincheon-or-kr/
353,임실군공설묘지,https://www.goifuneral.co.kr/memorial/place/%EC%9E%84%EC%8B%A4%EA%B5%B0%EA%B3%B5%EC%84%A4%EB%AC%98%EC%A7%80/
354,혜화동성당 도봉동묘원,http://www.hyehwa.org/church/church.asp
355,도장리공설묘지,https://www.ncms.go.kr/NationalCemetery/statute
356,동강면공설묘지,http://dmonster1355.cafe24.com/
357,동검리공설묘지,https://www.metropolitan-funeral.co.kr/veterans/jangji/%EB%8F%99%EA%B2%80%EB%A6%AC%EA%B3%B5%EC%84%A4%EB%AC%98%EC%A7%80/
358,두운리공동묘지,https://www.metropolitan-funeral.co.kr/benefit/jangji/%EB%91%90%EC%9A%B4%EB%A6%AC%EA%B3%B5%EB%8F%99%EB%AC%98%EC%A7%80/
359,말도공설묘지,https://www.goifuneral.co.kr/memorial/place/%EB%A7%90%EB%8F%84%EA%B3%B5%EC%84%A4%EB%AC%98%EC%A7%80/
360,망우역사문화공원,https://manguripark.or.kr/
361,망월리공설묘지,https://www.metropolitan-funeral.co.kr/veterans/jangji/%EB%A7%9D%EC%9B%94%EB%A6%AC%EA%B3%B5%EC%84%A4%EB%AC%98%EC%A7%80/
362,매음리공설묘지,https://www.metropolitan-funeral.co.kr/veterans/jangji/%EB%A7%A4%EC%9D%8C%EB%A6%AC%EA%B3%B5%EC%84%A4%EB%AC%98%EC%A7%80/
363,문평면공설묘지,https://www.honam-funeralcenter.co.kr/facility-recommend-item/1084/
364,반남면공설묘지,http://www.siloami.com/bbs/login.php
365,벽제리묘지,https://www.sisul.or.kr/open_content/memorial/use/open.jsp
366,보성공설묘지,https://www.goifuneral.co.kr/memorial/place/%EB%B3%B4%EC%84%B1%EA%B3%B5%EC%84%A4%EB%AC%98%EC%A7%80/
367,볼음공설묘지,https://www.gongamcompany.co.kr/
368,봉소리공설묘지,https://www.metropolitan-funeral.co.kr/benefit/jangji/%EB%B4%89%EC%86%8C%EB%A6%AC%EA%B3%B5%EC%84%A4%EB%AC%98%EC%A7%80/
369,봉황면공설묘지,http://ncms.go.kr/
370,부근리공설묘지,https://www.metropolitan-funeral.co.kr/benefit/jangji/%EB%B6%80%EA%B7%BC%EB%A6%AC%EA%B3%B5%EC%84%A4%EB%AC%98%EC%A7%80/
371,부활동산종교재단법인,https://www.goifuneral.co.kr/facilities/1023/
372,북면공설묘지,https://www.metropolitan-funeral.co.kr/benefit/jangji/%EB%B6%81%EB%A9%B4%EA%B3%B5%EC%84%A4%EB%AC%98%EC%A7%80/
373,북성리공설묘지,https://www.metropolitan-funeral.co.kr/veterans/jangji/%EB%B6%81%EC%84%B1%EB%A6%AC%EA%B3%B5%EC%84%A4%EB%AC%98%EC%A7%80/
374,사기리공설묘지,https://www.metropolitan-funeral.co.kr/benefit/jangji/%EC%82%AC%EA%B8%B0%EB%A6%AC%EA%B3%B5%EC%84%A4%EB%AC%98%EC%A7%80/
375,산포면공설묘지,https://www.sisul.or.kr/open_content/memorial/use/charge.jsp
376,삼거리공설묘지,https://www.metropolitan-funeral.co.kr/benefit/jangji/%EC%82%BC%EA%B1%B0%EB%A6%AC%EA%B3%B5%EC%84%A4%EB%AC%98%EC%A7%80/
377,덕하2리공설묘지,http://ncms.go.kr/
378,덕하1리공설묘지,https://www.metropolitan-funeral.co.kr/veterans/jangji/%EB%8D%95%ED%95%981%EB%A6%AC%EA%B3%B5%EC%84%A4%EB%AC%98%EC%A7%80/
379,가평읍 공설묘지(구 제1공설묘지),https://www.goifuneral.co.kr/memorial/place/%EA%B0%80%ED%8F%89%EC%9D%8D%EA%B3%B5%EC%84%A4%EB%AC%98%EC%A7%80/
380,고능리공동묘지,https://www.metropolitan-funeral.co.kr/benefit/jangji/%EA%B3%A0%EB%8A%A5%EB%A6%AC%EA%B3%B5%EB%8F%99%EB%AC%98%EC%A7%80/
381,고천리공설묘지,https://www.metropolitan-funeral.co.kr/benefit/jangji/%EA%B3%A0%EC%B2%9C%EB%A6%AC%EA%B3%B5%EC%84%A4%EB%AC%98%EC%A7%80/
382,공산면공설묘지,https://www.goifuneral.co.kr/memorial/place/%EA%B3%B5%EC%82%B0%EA%B3%B5%EC%84%A4%EB%AC%98%EC%A7%80/
383,교산리공설묘지(별립산),https://www.metropolitan-funeral.co.kr/veterans/jangji/%EA%B5%90%EC%82%B0%EB%A6%AC%EA%B3%B5%EC%84%A4%EB%AC%98%EC%A7%80(%EB%B3%84%EB%A6%BD%EC%82%B0)/
384,구례군공설묘지,https://www.star-queen.co.kr/product/%EA%B5%AC%EB%A1%80%EA%B5%B0%EA%B3%B5%EC%84%A4%EB%AC%98%EC%A7%80/
385,구좌읍공설묘지,http://tel.nett.kr/%EC%97%85%EC%B2%B4%EC%A0%95%EB%B3%B4/702316/%EA%B5%AC%EC%A2%8C%EC%9D%8D%EA%B3%B5%EC%84%A4%EB%AC%98%EC%A7%80/
386,국화리공설묘지,https://www.ncms.go.kr/NationalCemetery/statute
387,금남동공설묘지,https://www.ncms.go.kr/NationalCemetery/statute
388,길정리공설묘지,https://www.metropolitan-funeral.co.kr/benefit/jangji/%EA%B8%B8%EC%A0%95%EB%A6%AC%EA%B3%B5%EC%84%A4%EB%AC%98%EC%A7%80/
389,길직1리공설묘지,https://www.metropolitan-funeral.co.kr/benefit/jangji/%EA%B8%B8%EC%A7%811%EB%A6%AC%EA%B3%B5%EC%84%A4%EB%AC%98%EC%A7%80/
390,길직2리공설묘지,https://www.metropolitan-funeral.co.kr/benefit/jangji/%EA%B8%B8%EC%A7%812%EB%A6%AC%EA%B3%B5%EC%84%A4%EB%AC%98%EC%A7%80/
391,천주교나주성당공원묘지,https://www.honam-funeralcenter.co.kr/facility-recommend-item/1010/
392,남산리공설묘지,https://www.metropolitan-funeral.co.kr/benefit/jangji/%EB%82%A8%EC%82%B0%EB%A6%AC%EA%B3%B5%EC%84%A4%EB%AC%98%EC%A7%80/
393,남원읍공설묘지,https://www.goifuneral.co.kr/memorial/place/%EB%82%A8%EC%9B%90%EC%9D%8D%EA%B3%B5%EC%84%A4%EB%AC%98%EC%A7%80/
394,남평읍공설묘지,https://www.gyoungchun.com/
395,내곡리묘지,https://www.sisul.or.kr/open_content/memorial/use/cinerary.jsp
396,넙성리공동묘지,https://www.goifuneral.co.kr/memorial/place/%EB%84%99%EC%84%B1%EB%A6%AC%EA%B3%B5%EB%8F%99%EB%AC%98%EC%A7%80/
397,다도면공설묘지,https://www.djuc.or.kr/sub_fac/funeral_02.php
398,다시면공설묘지,https://www.ddc.go.kr/ddc/contents.do?key=456
399,당산리공설묘지,https://www.djuc.or.kr/sub_fac/funeral_02.php
400,대정읍공설묘지,https://www.goifuneral.co.kr/facilities/1092/
401,덕성리공동묘지,https://www.metropolitan-funeral.co.kr/veterans/jangji/%EB%8D%95%EC%84%B1%EB%A6%AC%EA%B3%B5%EB%8F%99%EB%AC%98%EC%A7%80/
402,삼동암공동묘지,https://www.metropolitan-funeral.co.kr/benefit/jangji/%EC%82%BC%EB%8F%99%EC%95%94%EA%B3%B5%EB%8F%99%EB%AC%98%EC%A7%80/
403,성산읍공설묘지,http://sunsanpark.co.kr/
404,성북동공설묘지,https://myungdangga.co.kr/mourning/830
405,의정부시공설묘지,https://www.metropolitan-funeral.co.kr/veterans/jangji/%EC%9D%98%EC%A0%95%EB%B6%80%EC%8B%9C%EA%B3%B5%EC%84%A4%EB%AC%98%EC%A7%80/
406,영산동공설묘지,https://koreastorage.com/entry/%EB%AC%98%EC%A7%80-%EA%B0%9C%EC%9E%A5-%EC%A0%88%EC%B0%A8%EB%B6%80%ED%84%B0-%EB%B4%89%EC%95%88%EA%B9%8C%EC%A7%80
407,세지면공설묘지,https://www.easycemetery.com/
408,우도면공설묘지,https://www.gyoungchun.com/
409,송월교회(묘지),http://songwol.or.kr/
410,숭뢰리공설묘지,https://myungdangga.co.kr/mourning/822
411,용담망향의공설묘지,https://www.nmhc.go.kr/
412,신삼리공설묘지,https://www.metropolitan-funeral.co.kr/benefit/jangji/%EC%8B%A0%EC%82%BC%EB%A6%AC%EA%B3%B5%EC%84%A4%EB%AC%98%EC%A7%80/
413,신정리공설묘지,https://www.metropolitan-funeral.co.kr/veterans/jangji/%EC%8B%A0%EC%A0%95%EB%A6%AC%EA%B3%B5%EC%84%A4%EB%AC%98%EC%A7%80/
414,왕곡면공설묘지,https://www.ncms.go.kr/NationalCemetery/statute
415,신현리공동묘지,https://www.metropolitan-funeral.co.kr/benefit/jangji/%EC%8B%A0%ED%98%84%EB%A6%AC%EA%B3%B5%EB%8F%99%EB%AC%98%EC%A7%80/
416,아차공설묘지,https://www.ncms.go.kr/NationalCemetery/statute
417,완도군추모공원,https://www.star-queen.co.kr/product/%EC%99%84%EB%8F%84%EA%B5%B0%EC%B6%94%EB%AA%A8%EA%B3%B5%EC%9B%90/
418,안덕면공설묘지,https://www.15774129.go.kr/
419,애월읍공설묘지,https://www.kwlife.co.kr/service/service02_5.jsp?pType=2&locName=12
420,어승생공설묘지,https://myungdangga.co.kr/mourning/839
421,영강동공설묘지,https://www.ncms.go.kr/NationalCemetery/statute
422,설악면공설묘지,https://url.infoflex.net/%EC%84%A4%EC%95%85%EB%A9%B4-%EC%A3%BC%EB%AF%BC%EC%84%BC%ED%84%B0-%ED%99%88%ED%8E%98%EC%9D%B4%EC%A7%80-www-gp-go-kr-seolak-%EB%B0%94%EB%A1%9C%EA%B0%80%EA%B8%B0/
423,이창동공설묘지,https://www.15774129.go.kr/
424,삼성리공동묘지,https://www.metropolitan-funeral.co.kr/veterans/jangji/%EC%82%BC%EC%84%B1%EB%A6%AC%EA%B3%B5%EB%8F%99%EB%AC%98%EC%A7%80/
425,삼흥리공설묘지,https://www.metropolitan-funeral.co.kr/benefit/jangji/%EC%82%BC%ED%9D%A5%EB%A6%AC%EA%B3%B5%EC%84%A4%EB%AC%98%EC%A7%80/
426,상면공설묘지,https://www.metropolitan-funeral.co.kr/benefit/jangji/%EC%83%81%EB%A9%B4%EA%B3%B5%EC%84%A4%EB%AC%98%EC%A7%80/
427,상용리공설묘지,https://www.metropolitan-funeral.co.kr/benefit/jangji/%EC%83%81%EC%9A%A9%EB%A6%AC%EA%B3%B5%EC%84%A4%EB%AC%98%EC%A7%80/
428,색달동공설묘지,https://www.gongamcompany.co.kr/
429,서검리공설묘지,https://www.metropolitan-funeral.co.kr/veterans/jangji/%EC%84%9C%EA%B2%80%EB%A6%AC%EA%B3%B5%EC%84%A4%EB%AC%98%EC%A7%80/
430,서부공설묘지,https://www.goifuneral.co.kr/memorial/place/%EC%84%9C%EB%B6%80%EA%B3%B5%EC%84%A4%EB%AC%98%EC%A7%80/
431,서산시희망공원(묘지),https://www.ch-funeralportal.co.kr/facility-item/1063/
432,석모리공설묘지,https://www.metropolitan-funeral.co.kr/veterans/jangji/%EC%84%9D%EB%AA%A8%EB%A6%AC%EA%B3%B5%EC%84%A4%EB%AC%98%EC%A7%80/
433,석포리공설묘지,https://www.metropolitan-funeral.co.kr/benefit/jangji/%EC%84%9D%ED%8F%AC%EB%A6%AC%EA%B3%B5%EC%84%A4%EB%AC%98%EC%A7%80/
434,인화리공설묘지,https://www.metropolitan-funeral.co.kr/veterans/jangji/%EC%9D%B8%ED%99%94%EB%A6%AC%EA%B3%B5%EC%84%A4%EB%AC%98%EC%A7%80/
435,선두리공설묘지,https://www.goifuneral.co.kr/memorial/place/%EC%84%A0%EB%91%90%EB%A6%AC%EA%B3%B5%EC%84%A4%EB%AC%98%EC%A7%80/
436,예수장로회 제주교회묘지,http://www.jejupck.com/
437,경산공원묘원,https://kr.worldorgs.com/%EB%AA%A9%EB%A1%9D/%EA%B2%BD%EC%82%B0%EC%8B%9C/%EB%AC%98%EC%A7%80/%EA%B2%BD%EC%82%B0%EA%B3%B5%EC%9B%90%EB%AC%98%EC%9B%90
438,조천장로교회묘지,https://www.goifuneral.co.kr/information-price/facility/1164/
439,갑산공원묘원,http://www.kapsan1004.net/sub/sub06_03.php?boardid=notice&mode=view&idx=52
440,(재)분당메모리얼파크,https://m.bmpark.co.kr/
441,(재)대한예수교장로회 기독교공동묘원,http://www.pck.or.kr/
442,(재)전주공원묘원,http://jeonjupark.co.kr/jj/sub0301.php
443,정자공원묘원,http://today.yongin-park.com/
444,인천기독교장로회묘지,https://grave.insiseol.or.kr/
445,금천면공설묘지(폐쇄),http://ncms.go.kr/
446,조수천주교묘지,http://gilum1.enk.co.kr/
447,(재)하늘공원 묘원,http://xn--ob0bx0i3gt55ah0mz2alkn74g.com/
448,(재)금곡장미공원,https://kr.worldorgs.com/%EB%AA%A9%EB%A1%9D/%EA%B2%BD%EC%82%B0%EC%8B%9C/%EB%AC%98%EC%A7%80/%EC%9E%AC%EB%8B%A8%EA%B8%88%EA%B3%A1%EC%9E%A5%EB%AF%B8%EA%B3%B5%EC%9B%90%EB%AC%98%EC%9B%90
449,제주향교묘지,http://www.mpvajeju.com/
450,삼성공원묘원,http://www.elysium.co.kr/kor/about/greeting.php
451,대구중부교회묘지,http://djbc.co.kr/
452,상전망향의공설묘지,https://www.nmhc.go.kr/
453,천아오름공원묘지,http://ncms.go.kr/
454,천주교제주교구묘지,https://www.diocesejeju.or.kr/diocese01
455,혜화동성당 방학동묘원,http://www.hyehwa.org/cemetery/cemetery.asp
456,포항공원묘원,https://pohangmpark.wixsite.com/park
457,천주교용호동공원묘지,http://www.catholicbusan.or.kr/index.php?mid=dic_mapBoard&document_srl=466994
458,모슬포 천주교공동묘지,https://www.skinnara.co.kr/?html=board.view&M_SEQ=5244
459,모슬포교회 공동묘지,http://msp-church.org/
460,천주교산내공원묘원,https://www.placeview.co.kr/id/MTQ2NTEwMTUg
461,천주교 창원공원묘원,https://changwonpark.kr/memorial/service.php
462,천주교가덕공원묘지,https://www.goifuneral.co.kr/facility-relocate/1210/
463,신동아교회묘지,https://www.goifuneral.co.kr/memorial/place/%EC%8B%A0%EB%8F%99%EC%95%84%EA%B5%90%ED%9A%8C%EB%AC%98%EC%A7%80/
464,신세계공원,https://xn--989ard898dprbdyi.com/
465,삼덕교회동산,http://www.samduk.org/
466,인천지구황해도민묘지,https://www.goifuneral.co.kr/memorial/place/%EC%9D%B8%EC%B2%9C%EC%A7%80%EA%B5%AC%ED%99%A9%ED%95%B4%EB%8F%84%EB%AF%BC%EB%AC%98%EC%A7%80/
467,대구화교협회묘지,https://dggb-portal.funeralblog.co.kr/facility-place/1122/
468,대구공원,https://tour.daegu.go.kr/
469,길음동성당 묘원,http://gilum1.enk.co.kr/html/board/imgList.php?board=15
470,충주천주교회 성요셉공원묘원,https://www.placeview.co.kr/id/MjU1NDAzOTcg
471,노안면공설묘지(폐쇄),https://www.ncms.go.kr/NationalCemetery/statute
472,삼각지성당 하늘묘원,https://lovecatholic.kr/churches/683/%EC%82%BC%EA%B0%81%EC%A7%80%EC%84%B1%EB%8B%B9
473,산곡동공설묘지,https://www.metropolitan-funeral.co.kr/benefit/jangji/%EC%82%B0%EA%B3%A1%EB%8F%99%EA%B3%B5%EC%84%A4%EB%AC%98%EC%A7%80/
474,서울노회유지재단 법인묘지,http://www.spck.org/
475,삼척시추모공원 묘지 제2단지,https://www.samcheok.go.kr/memorial/
476,보령시마을단위공원묘지,https://www.brcn.go.kr/
477,가평추모공원(구 제2공설묘지),https://www.gp.go.kr/ksf/search.jsp?query=%EC%B6%94%EB%AA%A8
478,자일동공설묘지,https://www.metropolitan-funeral.co.kr/veterans/jangji/%EC%9E%90%EC%9D%BC%EB%8F%99%EA%B3%B5%EC%84%A4%EB%AC%98%EC%A7%80/
479,(재)성산공원(묘지),http://www.ssmemorialpark.co.kr/contents.htm?code=2_1
480,(재)천주교유지재단 청주교구묘원,https://www.cdcj.or.kr/
481,김포성당 매괴의모후 묘원,https://duck.ai/
482,돈암동성당 광탄추모공원,https://lovecatholic.kr/churches/370/%EB%8F%88%EC%95%94%EB%8F%99%EC%84%B1%EB%8B%B9
483,칠곡성당공동묘원,http://www.hdpark.co.kr/01_intro/feature.php
484,대구중앙교회 부활의동산,http://www.dgja.org/
485,대구칠곡교회묘지,http://www.daegucgc.or.kr/
486,상효동공설묘지,https://www.goifuneral.co.kr/information-price/facility/1018/
487,광대리 공원묘지,https://www.goifuneral.co.kr/facility-relocate/795/
488,광양시립영세공원 묘지,https://cemetery.gwangyang.go.kr/pr/info/cemetery
489,구룡공설공원묘지,https://myungdangga.co.kr/mourning/342
490,서소문교회동산,http://www.ssm.or.kr/
491,천주교 김천공원묘지,https://www.goifuneral.co.kr/facilities/1213/
492,영암군군서공설묘지,https://www.honam-funeralcenter.co.kr/free-national/free-facility/%EA%B5%AD%EA%B0%80%EC%9C%A0%EA%B3%B5%EC%9E%90%20%EA%B3%B5%EC%84%A4%EC%9E%A5%EC%A7%80%20%EC%98%81%EC%95%94%EA%B5%B0%EA%B5%B0%EC%84%9C%EA%B3%B5%EC%84%A4%EB%AC%98%EC%A7%80/
493,영암군금정공설묘지,https://www.honam-funeralcenter.co.kr/free-national/free-facility/%EA%B5%AD%EA%B0%80%EC%9C%A0%EA%B3%B5%EC%9E%90%20%EA%B3%B5%EC%84%A4%EC%9E%A5%EC%A7%80%20%EC%98%81%EC%95%94%EA%B5%B0%EA%B8%88%EC%A0%95%EA%B3%B5%EC%84%A4%EB%AC%98%EC%A7%80/
494,영암군시종공설묘지,https://www.honam-funeralcenter.co.kr/free-national/free-facility/%EA%B5%AD%EA%B0%80%EC%9C%A0%EA%B3%B5%EC%9E%90%20%EA%B3%B5%EC%84%A4%EC%9E%A5%EC%A7%80%20%EC%98%81%EC%95%94%EA%B5%B0%EC%8B%9C%EC%A2%85%EA%B3%B5%EC%84%A4%EB%AC%98%EC%A7%80/
495,영암군신북공설묘지,https://doonamu.kr/%EC%98%81%EC%95%94%EA%B5%B0%EC%B2%AD-%ED%99%88%ED%8E%98%EC%9D%B4%EC%A7%80-%EB%B0%94%EB%A1%9C%EA%B0%80%EA%B8%B0-https-www-yeongam-go-kr/
496,영암군학산공설묘지,https://www.honam-funeralcenter.co.kr/funeral-process-recommend/%EC%98%81%EC%95%94%EC%9E%A5%EB%A1%80%EC%8B%9D%EC%9E%A5/%EC%88%9C%EC%B2%9C%EC%8B%9C%EB%A6%BD%EC%B6%94%EB%AA%A8%EA%B3%B5%EC%9B%90/%EC%98%81%EC%95%94%EA%B5%B0%ED%95%99%EC%82%B0%EA%B3%B5%EC%84%A4%EB%AC%98%EC%A7%80/
497,안양시안산공설묘지(만장),https://anyang.go.kr/main/contents.do?key=3726
498,용산성당 청계묘원,https://sacred-andrea.com/entry/%EC%84%9C%EC%9A%B8%EB%8C%80%EA%B5%90%EA%B5%AC-%EC%84%B1%EC%A7%81%EC%9E%90%EB%AC%98%EC%A7%80-%EC%9A%A9%EC%82%B0%EC%84%B1%EB%8B%B9-%EB%AF%B8%EC%82%AC-%EC%8B%9C%EA%B0%84
499,구미시선산공설묘지(만장),https://www.sodamsangjo.com/place/67ed28d53d3b35e350743fca-c0b9ee1928bcc7ac
500,홍성군공원묘지,https://www.hongseong.go.kr/choomo/sub04_01.do
501,대야리공설묘지,http://ncms.go.kr/
502,청암교회(청암동산),http://chungamchu.com/
503,신현교회 묘지,http://www.shinhyunchurch.kr/
504,오식도공설묘지(민간위탁),http://ncms.go.kr/
505,최자실기도원 공원묘지,https://fgpray.com/
506,불광동성당 바다의별묘원,https://www.bulgwang.or.kr/workinfo
507,신광교회 묘지,https://www.shinkwang.or.kr/media/sermon
508,(재)동산공원묘원 묘지,http://dongsanpark.com/greetings.asp
509,정토사 극락원,http://jeongtosa.com/
510,분당추모공원휴,https://www.huepark.co.kr/page/brand/brand.php
511,해인사 고불암무량수전,http://haeinsa.or.kr/
512,재단법인 일산장안추모공원,http://www.janganpark.co.kr/season2/sub03_01-4.html
513,대한불교관음회조계종 백천사 봉안당,http://www.kbuddhism.kr/
514,(재)성산공원 추모관,https://endingsketch.com/charnel-house/%EC%9E%AC%EC%84%B1%EC%82%B0%EA%B3%B5%EC%9B%90-%EC%B6%94%EB%AA%A8%EA%B4%80/
515,에덴추모공원,https://www.edpk.co.kr/
516,팔공산도림사추모공원,https://www.msn.com/ko-kr/travel/%EA%B3%B5%EC%9B%90/%EC%9E%A5%EB%A1%80%EB%AC%B8%ED%99%94-%ED%8A%B9%EC%A7%91-%ED%8C%94%EA%B3%B5%EC%82%B0-%EB%8F%84%EB%A6%BC%EC%82%AC-%EC%B6%94%EB%AA%A8%EA%B3%B5%EC%9B%90-%EB%8C%80%EA%B5%AC-%EC%9C%A0%EC%9D%BC%EC%9D%98-%EC%82%B0%EC%A7%80%EA%B0%80%EB%9E%8C-%EB%82%A9%EA%B3%A8-%EB%B4%89%EC%95%88%EB%8B%B9/ar-AA1R9oJe
517,파주추모공원 봉안당,https://pajupark.com/%EA%B0%A4%EB%9F%AC%EB%A6%AC
518,(재)유명추모공원,https://www.sisul.or.kr/open_content/memorial/park/gas2025.jsp
519,양평추모공원 더포레,https://ypthefore.co.kr/
520,수불사추모공원,https://www.sisul.or.kr/open_content/memorial/park/gas2025.jsp
521,(재)용인추모원,https://yongin-memorialpark.com/%EC%9A%A9%EC%9D%B8-%EB%82%A9%EA%B3%A8%EB%8B%B9/
522,연천동막골추모관,https://xn--bb0bvbv22azrg55a803bv5k10b.com/step.html
523,대덕스카이캐슬 추모관,https://ddskycastle.kr/10
524,마라나타하늘정원,http://www.maranathagh.co.kr/home/a01/
525,천국의계단추모관(재단법인천국),http://www.i1009.kr/main/page.php?ch=company&p=page.greet
526,그린피아추모공원,http://greenpiapark.com/center/view.asp?part=notice&idx=59
527,중앙추모공원(재단법인 현) 봉안시설,https://bjcmp.co.kr/%ED%99%80%EB%91%98%EB%9F%AC%EB%B3%B4%EA%B8%B0
528,유일추모공원,http://www.youilpark.com/ez/bbs.php?table=table2
529,(재)시안 가족추모공원(봉안),https://www.sianpark.co.kr/doc/product2.php
530,무궁화추모공원,http://neverend.kr/bbs/board.php?bo_table=faq
531,모악추모공원,http://www.moakpark.co.kr/html/greetings.html
532,도성사 봉안당,http://www.doseongsa.or.kr/xe/chumoinfo
533,크리스찬메모리얼파크,https://www.fgcmp.com/www/introduce/advertisement.html
534,신불산추모공원 납골당,https://sbjs.kr/module/board.php?bo_table=notice
535,청련사 극락원,http://www.xn--3i0bm4pvoaq6yw2hg7i.com/main/html.php?htmid=service/intro02.html
536,서남권추모공원 봉안당,https://ilovesejongcity.com/?p=4718
537,재단법인조안공원양주지사,http://www.haneulan.co.kr/intro
538,약사사지장전추모관,http://xn--vv5bwgo1c.kr/
539,(재)법화세계추모관,https://funeraloner.co.kr/facilities/?q=YToxOntzOjEyOiJrZXl3b3JkX3R5cGUiO3M6MzoiYWxsIjt9&bmode=view&idx=13919263&t=board
540,유토피아추모공원(헤리티지관),http://www.goutopia.co.kr/
541,영모묘원 대원전,http://ymw.kr/bbs/content.php?co_id=daewonjeon
542,부산추모공원 봉안당,https://hanoelswould.com/entry/%EB%B6%80%EC%82%B0%EC%B6%94%EB%AA%A8%EA%B3%B5%EC%9B%90-%EB%82%A9%EA%B3%A8%EB%8B%B9-%EB%B9%84%EC%9A%A9%EB%B6%80%ED%84%B0-%EC%8B%9C%EA%B0%84-%EB%A7%9B%EC%A7%91-%EA%B0%80%EB%8A%94-%EA%B8%B8%EA%B9%8C%EC%A7%80-%EA%BC%AD-%EC%95%8C%EC%95%84%EB%91%90%EC%84%B8%EC%9A%94
543,메모리얼펠리스추모관(실로암),https://shue.kr/%EC%98%81%ED%98%B8%EA%B3%B5%EC%9B%90%EC%B6%94%EB%AA%A8%EA%B4%80/
544,목포추모관 휴,http://www.mokpopark.com/bbs/content.php?co_id=c111
545,(재)평화공원 파라다이스 추모관,http://peacememorialpark.co.kr/sub0601
546,유토피아추모관,http://www.goutopia.co.kr/board/board_letter/board_list.asp?scrID=0000000160&pageNum=4&subNum=1&ssubNum=1
547,(재)자하연 일산(봉안),https://www.metropolitan-funeral.co.kr/funeral-recommend/%EC%9D%BC%EC%82%B0%EB%B3%91%EC%9B%90%EC%9E%A5%EB%A1%80%EC%8B%9D%EC%9E%A5/%EC%84%9C%EC%9A%B8%EC%8B%9C%EB%A6%BD%EC%8A%B9%ED%99%94%EC%9B%90(%EA%B3%A0%EC%96%91)/%EC%9E%90%ED%95%98%EC%97%B0%20%EC%9D%BC%EC%82%B0(%EB%B4%89%EC%95%88)/
548,천주교 비봉추모관,http://bb.catholic.or.kr/page/remains.php
549,천주교 서울대교구 평화묘원 봉안묘,https://aos.catholic.or.kr/pro919
550,생극추모공원,http://www.charnelpark.com/
551,하늘소망추모관,http://www.thesky.kr/
552,대한불교조계종 삼봉사 봉안당,http://monkedu.buddhism.or.kr/
553,천주교안성추모공원(봉안),http://xn--ob0bu3xn5ewted7b3yr.com/
554,아산메모리얼파크 휴온 봉안당,https://apply.cheotjang.com/info/%EC%95%84%EC%82%B0%EC%8B%9C-%EB%B4%89%EC%95%88%EB%8B%B9-%EB%82%A9%EA%B3%A8%EB%8B%B9-%EC%95%88%EB%82%B4
555,청통추모관,https://yous.kr/%EC%B2%AD%ED%86%B5%EC%B6%94%EB%AA%A8%EA%B4%80-%EB%82%A9%EA%B3%A8%EB%8B%B9/
556,예래원(봉안시설),http://erehwon.or.kr/
557,재단법인 로엠(봉안시설),http://jaimpark.com/%EA%B3%A0%EA%B0%9D%EC%84%BC%ED%84%B0/%EC%9E%A5%EB%A1%80%EC%8B%9C%EC%84%A4-2/%EC%9E%AC%EB%8B%A8%EB%B2%95%EC%9D%B8-%EB%B4%89%EC%95%88%EC%8B%9C%EC%84%A4-%ED%8A%B9%EC%A7%95/
558,(재)효원가족공원,http://www.skypark.co.kr/
559,극락사추모공원,https://xn--ob0b7sm2uyid84jt0jlkm.com/default/company/company_5.php?tit=01&sub=05
560,(재)분당메모리얼파크,https://m.bmpark.co.kr/
561,금릉공원묘원 제1봉안당,https://www.grpark.co.kr/
562,(주)광림공원 동산공원묘원(봉안),http://dongsanpark.com/greetings.asp
563,한국불교태고종 극락사 안양원,http://www.taego.kr/bbs/board.php?bo_table=menu_0201
564,재단법인 에덴낙원,http://www.edenparadise.co.kr/
565,분당스카이캐슬추모공원,https://www.skycastle.kr/31
566,녹야원추모관,http://www.xn--zb0bv8fsvj1ilusb60s.kr/
567,(재)한국SGI이천평화공원,https://home.chosearch.com/%ED%95%9C%EA%B5%ADsgi%EC%9D%B4%EC%B2%9C%ED%8F%89%ED%99%94%EA%B3%B5%EC%9B%90-%ED%99%88%ED%8E%98%EC%9D%B4%EC%A7%80-https-www-peacepark-or-kr-icheon-main-ksgi/
568,상상추모공원,https://www.ssmemorypark.com/index
569,양주추모공원,http://www.yangjupark.com/
570,(재)한국SGI청도평화공원,https://peacepark.or.kr/cheongdo/standard/table.ksgi
571,약사사 하늘재추모원 ,http://xn--vf4ba118a.kr/
572,천주교 금상동성당 하늘자리,http://www.kscatholic.or.kr/pages/greeting.php
573,보령시모란공원 봉안당,https://www.brsisul.or.kr/kor/sub01_03_02.do
574,(재)영호공원,http://younghopark.com/about/about-02/
575,대원사 봉안당,http://www.daewonsa.or.kr/coding/sub1/sub5.asp
576,자임추모공원,http://jaimpark.com/%EA%B3%A0%EA%B0%9D%EC%84%BC%ED%84%B0/%EA%B3%B5%EC%A7%80%EC%82%AC%ED%95%AD/
577,삼우추모공원,http://www.gjn.kr/news/articleView.html?idxno=67484
578,예진추모관,http://xn--zb0bz2xuzijwdpyf.com/
579,(재)호정공원(봉안),http://www.hjcloud9.com/
580,용미리건물식추모의집,https://sisul.or.kr/open_content/memorial/use/bury_location01.jsp
581,화엄사,http://www.hwaeomsa.or.kr/bbs/board.php?bo_table=sub20
582,(재)밀양추모공원묘원,https://xn--ob0bu3xq3a51vwqb34t.com/49
583,다보정사 안미원,http://www.dabojs.kr/
584,서울시립승화원 추모의집,https://www.sisul.or.kr/memorial/view/jsp/user/member/join/index.jsp
585,보현정사,http://www.bohyunsa.or.kr/
586,용미리왕릉벽식추모의집,https://www.sisul.or.kr/open_content/memorial/cremate/facility_photo03.jsp
587,용미리분묘형추모의집,https://www.metropolitan-funeral.co.kr/veterans/jangji/%EC%9A%A9%EB%AF%B8%EB%A6%AC%EB%B6%84%EB%AC%98%ED%98%95%EC%B6%94%EB%AA%A8%EC%9D%98%EC%A7%91/
588,용미리벽식추모의집,https://www.metropolitan-funeral.co.kr/veterans/jangji/%EC%9A%A9%EB%AF%B8%EB%A6%AC%EB%B2%BD%EC%8B%9D%EC%B6%94%EB%AA%A8%EC%9D%98%EC%A7%91/
589,(재)서호추모공원,https://seohopark.kr/business
590,천주교안동교구 봉안경당,http://xn--289a71jftad9zslkca.com/
591,보장사 영각당,https://religion.korea724.info/en/%EB%B3%B4%EC%9E%A5%EC%82%AC-%EC%98%81%EA%B0%81%EB%8B%B9-82-31-471-3322.html
592,(재)화산추모공원(봉안),http://www.hwasanpark.co.kr/
593,예원추모관,http://e-yewon.co.kr/pc/member/
594,재단법인 세심사하늘공원,http://www.xn--ob0bx0i3gt55ah0mz2alkn74g.com/view/view04.php
595,천주교용인공원묘원(봉안),http://yi.catholic.or.kr/page/remains2.php
596,홍성추모공원봉안당,https://www.hongseong.go.kr/choomo/sub02_02.do
597,청풍추모공원,http://www.bluewindpark.com/page/company/loca.html
598,전통사찰95호 동도사,https://www.goifuneral.co.kr/facilities/397/
599,동천교회 납골묘,https://endingsketch.com/charnel-house/%EB%8F%99%EC%B2%9C%EA%B5%90%ED%9A%8C-%EB%82%A9%EA%B3%A8%EB%AC%98/
600,대국사,https://www.badukstudy.com/service/?top=support&sub=notice&key=detail&code=7337
601,상월사 봉안당,https://blog.bokdeokbang.kr/%EC%B6%94%EB%AA%A8-%EC%9D%B4%EC%95%BC%EA%B8%B0/%EB%82%A9%EA%B3%A8%EB%8B%B9%E2%88%99%EB%B4%89%EC%95%88%EB%8B%B9-%EC%99%84%EB%B2%BD-%EA%B0%80%EC%9D%B4%EB%93%9C-%EC%B0%A8%EC%9D%B4-%EB%9C%BB-%EB%B9%84%EC%9A%A9-%EC%84%A0%ED%83%9D-%EA%B8%B0%EC%A4%80/
602,대한불교조계종관음사,http://www.kwanum.or.kr/
603,석예정사,https://endingsketch.com/charnel-house/%EC%84%9D%EC%98%88%EC%A0%95%EC%82%AC/
604,(재)경춘공원묘원 봉안당,https://www.gyoungchun.com/contents/family.html
605,남한강공원묘원(봉안),https://www.nhgpark.co.kr/
606,양산 석굴암 극락전 추모관,https://endingsketch.com/charnel-house/%EC%96%91%EC%82%B0-%EC%84%9D%EA%B5%B4%EC%95%94-%EA%B7%B9%EB%9D%BD%EC%A0%84-%EC%B6%94%EB%AA%A8%EA%B4%80/
607,수암사 영혼의쉼터,https://place.udanax.org/p/2220139/%EC%88%98%EC%95%94%EC%82%AC%EC%98%81%ED%98%BC%EC%9D%98%EC%89%BC%ED%84%B0
608,(사)민족불교해동조계종 해동사,https://endingsketch.com/charnel-house/%EC%82%AC%EB%AF%BC%EC%A1%B1%EB%B6%88%EA%B5%90%ED%95%B4%EB%8F%99%EC%A1%B0%EA%B3%84%EC%A2%85-%ED%95%B4%EB%8F%99%EC%82%AC/
609,천주교하늘공원 봉안당,http://www.catholicbusan.or.kr/index.php?mid=hanul_a&document_srl=1432286
610,추모공원 하늘문,http://www.hi1009.com/
611,은하수공원 달님의집(봉안당),https://www.ch-funeralportal.co.kr/facility-item/225/price/
612,속초시추모의집,https://www.sokchosiseol.or.kr/biz/welfare.do
613,예산군추모의집 제1관,https://www.yesan.go.kr/kor/sub06_13_04_04_02.do
614,일산푸른솔추모공원,http://www.xn--6w2b15kutaz6o56r.com/
615,양구봉안공원 봉안당,https://news.mtn.co.kr/news-detail/2025022510075141735
616,(재)지평선전북공원묘원(봉안),http://www.jbpark.co.kr/html/intro_05.html
617,봉안당에데나(낙원추모공원),https://www.edenparadise.co.kr/
618,별그리다(THE WALL),http://www.star4ever.com/wall
619,흥륜사정토원,http://jungtowon.co.kr/
620,(주)청아공원,http://www.chungahpark.co.kr/
621,(재)영봉추모공원,https://www.goifuneral.co.kr/facilities/413/
622,강촌추모원,https://www.goifuneral.co.kr/memorial/place/%EA%B0%95%EC%B4%8C%EC%B6%94%EB%AA%A8%EC%9B%90/
623,서대산추모공원 봉안당,http://www.xn--ob0bp8i99gpugnpa27ylkm.com/page/page24
624,재단법인 효천추모공원,https://hcmp.kr/
625,학천사추모관,http://www.hakchunsa.kr/
626,양지공원 제1추모의집,https://www.placeview.co.kr/id/MjUwODQxMjEg
627,양지공원 제2추모의집,https://www.goifuneral.co.kr/facility-relocate/234/
628,봉안당 홈,http://xn--ok1ba148e9naw42advz.com/
629,(재)안동추모공원(봉안당),http://www.andongpark.net/bbs/content.php?co_id=sub3_2
630,(재)서현추모공원,https://seohyunpark.com/guide/process/
631,(재)여주세종추모공원 봉안당,https://apply.cheotjang.com/info/%EC%97%AC%EC%A3%BC%EC%8B%9C-%EC%88%98%EB%AA%A9%EC%9E%A5-%EB%82%A9%EA%B3%A8%EB%8B%B9-%EC%95%88%EB%82%B4
632,영평사 추모공원,https://www.youngpyungsapark.co.kr/
633,월봉사연화원,http://www.wolbongsa.com/bbs/board.php?bo_table=y_notice
634,대한불교염불선종운수사사홍선원,http://monkedu.buddhism.or.kr/
635,김천추모공원,https://www.gcfmc.or.kr/gc_memorialpark/page/link.tc?mn=10013&pageNo=10007
636,(재)용인공원(아너스톤),https://www.yongin-park.com/customer/cost_guide
637,아름다운추모원,http://earumdaun.com/
638,용화사 봉안당,https://www.honam-funeralcenter.co.kr/funeral-process-recommend/%EC%A0%84%EC%A3%BC%EC%8B%9C%EB%AF%BC%EC%9E%A5%EB%A1%80%EB%AC%B8%ED%99%94%EC%9B%90/%EB%82%A8%EC%9B%90%EC%8B%9C%EC%8A%B9%ED%99%94%EC%9B%90/%EC%9A%A9%ED%99%94%EC%82%AC%20(%EB%B4%89%EC%95%88%EB%8B%B9)/
639,효자추모관,http://www.hyojas.com/html/sub_3_1.html
640,쌍용사 봉안당,https://www.gbmg.go.kr/portal/contents.do?mId=0404050100
641,오향중흥교회 봉안당,https://place.udanax.org/p/2217730/%EC%98%A4%ED%96%A5%EC%A4%91%ED%9D%A5%EA%B5%90%ED%9A%8C+%EB%B4%89%EC%95%88%EB%8B%B9+%EB%B6%80%ED%99%9C%EB%8F%99%EC%82%B0
642,대한불교정음사원,http://monkedu.buddhism.or.kr/
643,대원사추모공원 봉안당,http://xn--ob0bu3xn5ewted7b3yr.com/
644,충주시 천상원,https://www.cjfmc.or.kr/www/selectBbsNttList.do?bbsNo=13&key=95
645,약천사,https://ko.koreaetour.com/%EC%95%BD%EC%B2%9C%EC%82%AC/
646,구미시공설숭조당 제2관,https://www.gumi.go.kr/wel/contents.do?mid=0306030100
647,하남시 마루공원(봉안시설),https://www.huic.co.kr/www/contents.do?key=142
648,예수사랑제일교회,https://eziro.com/info/%EC%82%AC%EB%9E%91%EC%A0%9C%EC%9D%BC%EA%B5%90%ED%9A%8C-%ED%99%88%ED%8E%98%EC%9D%B4%EC%A7%80
649,용주사 봉안당,https://yongjusa.com/%EC%B6%94%EB%AA%A8%EA%B3%B5%EC%9B%90/%EB%B4%89%EC%95%88%EB%8B%B9/
650,화성함백산추모공원(별빛쉼터),https://www.hu.or.kr/www/M040000/M040500/M0405003/M04050034.jsp
651,감로복지원 진주추모공원,https://www.goifuneral.co.kr/facilities/423/
652,재단법인 통일로추모공원,http://www.tongilro-park.co.kr/about/index.php?mode=about
653,창원공원묘원 봉안시설,https://changwonpark.kr/memorial/service.php
654,생극납골공원,https://www.goifuneral.co.kr/memorial/place/%EC%83%9D%EA%B7%B9%EB%82%A9%EA%B3%A8%EA%B3%B5%EC%9B%90/
655,효심추모관,http://www.xn--ob0bu3xmng56dmrkm8n.com/main/
656,재단법인청림공원(봉안탑),https://www.goifuneral.co.kr/facilities/426/
657,성모암영락원,https://www.honam-funeralcenter.co.kr/funeral-process-recommend/%EC%A0%84%EC%A3%BC%ED%9A%A8%EC%9E%90%EC%9E%A5%EB%A1%80%ED%83%80%EC%9A%B4%20%EC%9E%A5%EB%A1%80%EC%8B%9D%EC%9E%A5/%EB%82%A8%EC%9B%90%EC%8B%9C%EC%8A%B9%ED%99%94%EC%9B%90/%EC%84%B1%EB%AA%A8%EC%95%94%EC%98%81%EB%9D%BD%EC%9B%90/
658,금오영당,http://hadong-geumo.co.kr/
659,해인사미타원,https://www.mitawon.or.kr/page/sub3_1
660,강화파라다이스 강화지점,https://funeraloner.co.kr/facilities/?bmode=view&idx=13919430
661,천등산 봉안영묘전,http://skymemo.co.kr/
662,(재)용인공원(봉안담·묘),https://www.yongin-park.com/product/pyeongjangmyo
663,약천추모공원,https://www.sisul.or.kr/open_content/memorial/park/gas2025.jsp
664,만인산 만인사 봉안당,https://www.ch-funeralportal.co.kr/facility-item/251/
665,부산영락공원 봉안당,https://blog.snlife.co.kr/blog/%EC%9E%A5%EC%A7%80/%EB%B6%80%EC%82%B0%EC%98%81%EB%9D%BD%EA%B3%B5%EC%9B%90-%EB%B4%89%EC%95%88%EB%8B%B9-%EB%B9%84%EC%9A%A9%C2%B7%EC%9C%84%EC%B9%98%C2%B7%EC%9A%B4%EC%98%81%EC%8B%9C%EA%B0%84-%ED%95%9C%EB%88%88%EC%97%90-%EC%A0%95%EB%A6%AC
666,대한불교조계종 해운봉안당,http://monkedu.buddhism.or.kr/
667,여주추모공원 봉안담,https://apply.cheotjang.com/info/%EC%97%AC%EC%A3%BC%EC%8B%9C-%EC%88%98%EB%AA%A9%EC%9E%A5-%EB%82%A9%EA%B3%A8%EB%8B%B9-%EC%95%88%EB%82%B4
668,전주추모관,https://www.jeonjumemorial.com/blank-10
669,안동하늘공원,https://kr.worldorgs.com/%EB%AA%A9%EB%A1%9D/%EC%95%88%EB%8F%99%EC%8B%9C/%EA%B3%B5%EC%9B%90/%EC%95%88%EB%8F%99%ED%95%98%EB%8A%98%EA%B3%B5%EC%9B%90
670,금산군공설봉안당,https://www.geumsan.go.kr/kr/html/sub05/05030405.html
671,재단법인청림공원(봉안당),https://xn----2c6eb588c3ytl1cpsg9yc9xb9yl7q5a6qae6n1xd.kr/
672,벽제중앙추모공원,https://bjcmp.co.kr/%ED%99%80%EB%91%98%EB%9F%AC%EB%B3%B4%EA%B8%B0
673,오산시립쉼터공원,https://www.osan.go.kr/memorial/contents.do?mId=0200000000
674,제천시영원한쉼터봉안당,https://www.jecheon.go.kr/welfare/contents.do?key=771
675,대전추모공원 영락원,https://www.djsiseol.or.kr/portal/sub040205_03.asp
676,무지개추모공원 봉안당(다래원),http://www.mujigaepark.com/map.php
677,진천군 추모의집,https://www.jincheon.go.kr/job/main.do
678,홍천군공설묘원 봉안당,https://place.udanax.org/p/2218940/%ED%99%8D%EC%B2%9C%EA%B5%B0%EA%B3%B5%EC%84%A4%EB%AC%98%EC%9B%90%EB%B4%89%EC%95%88%EB%8B%B9
679,관음사추모관,https://www.gwaneumsa.co.kr/
680,가톨릭군위묘원 성모의정원,https://www.gunwipark.com/bbs/content.php?co_id=welcome
681,천안노블랜드하늘공원 봉안당,https://apply.cheotjang.com/info/%EA%B3%B5%EC%A3%BC%EC%8B%9C-%EB%B4%89%EC%95%88%EB%8B%B9-%EB%82%A9%EA%B3%A8%EB%8B%B9-%EC%95%88%EB%82%B4
682,연화추모공원,http://www.yeonhwapark.co.kr/sub03_01.php
683,(재)자하연팔당(봉안),http://www.jahayeon.com/home/homepage.php?homefile=sub04_01.html
684,정선하늘원,https://www.jsimc.or.kr/
685,강남구추모의집,https://duck.ai/
686,용산성당 베다니아의집,https://lovecatholic.kr/churches/1152/%EC%9A%A9%EC%82%B0%EC%84%B1%EB%8B%B9
687,영광군 공설추모공원 봉안당,https://www.yeonggwang.go.kr/subpage/?site=headquarter_new&mn=15645
688,갑곶순교성지 천국의 문,http://gabgot.com/
689,천주교 광주교구 담양공원묘원,http://www.gjccp.kr/sogae/default.asp
690,광명메모리얼파크,https://www.gmuc.co.kr/user/conn/memoInfo.do?pmn=23000&cmn=20000&mn=2
691,공주나래원 봉안당,https://www.gongju.go.kr/naraewon/sub01_01.do
692,불광사 추모관,http://www.bulkwangsa.org/bbs/register.php
693,창원시립상복공원 제1봉안당,https://hoon.gonewhappylife.com/entry/%EC%84%A4-%EB%AA%85%EC%A0%88-%EC%B0%BD%EC%9B%90%EC%8B%9C%EB%A6%BD%EC%83%81%EB%B3%B5%EA%B3%B5%EC%9B%90-%EB%B4%89%EC%95%88%EB%8B%B9-%EC%9A%B4%EC%98%81-%EA%B8%B0%EA%B0%84-%EB%B0%8F-%EC%8B%9C%EA%B0%84-%EC%9E%84%EC%8B%9C-%EC%A3%BC%EC%B0%A8-%EC%95%88%EB%82%B4
694,새로나추모관,http://www.saerona-mp.com/sub.htm?PID=0101
695,(재)자하연포천(봉안),https://endingsketch.com/charnel-house/%EC%9E%AC%EC%9E%90%ED%95%98%EC%97%B0%ED%8F%AC%EC%B2%9C%EB%B4%89%EC%95%88/
696,서대문구추모의집,http://www.yeaeunpark.com/
697,삼광사추모공원 봉안당,http://samgwangsa.co.kr/g5/bbs/board.php?bo_table=service
698,재단법인북한강공원,http://wp343.disneycookie.gethompy.com/adv02/notice/?mod=document&uid=2
699,사천시누리원(봉안시설),https://xbugo.com/funeralhall/%EC%82%AC%EC%B2%9C%EC%8B%9C%EB%88%84%EB%A6%AC%EC%9B%90
700,대한불교조계종 대관음사 봉안당,http://monkedu.buddhism.or.kr/
701,영평사 봉안당,https://www.youngpyungsapark.co.kr/
702,계룡시 정명각,https://www.goifuneral.co.kr/facilities/435/
703,천주사 영탑공원,https://myungdangga.co.kr/mourning/247
704,함안군공설봉안당,http://hamanhaneul.or.kr/?page_id=2639
705,삼척시추모공원 봉안당,https://www.samcheok.go.kr/memorial/cyber_Memorial/letter.html?idx=921&mode=view
706,삼성개발공원묘원(봉안),http://www.elysium.co.kr/kor/about/greeting.php
707,용인평온의숲(평온마루 봉안당),https://www.tranquil-forest.or.kr/main_new/m01/1
708,논산시양지추모원,https://www.ch-funeralportal.co.kr/facility-item/307/
709,울진군립추모원(봉안시설),https://hospitalk.net/%EC%9A%B8%EC%A7%84-%EB%B4%89%EC%95%88%EC%8B%9C%EC%84%A4-%ED%98%84%ED%99%A9/
710,봉원사,http://www.bongwonsa.or.kr/bbs/board.php?bo_table=menu0301
711,함양군구룡공설공원묘지 봉안탑,https://www.goifuneral.co.kr/facilities/451/
712,광천사 봉안당,https://funeraloner.co.kr/partnership02/?bmode=view&idx=13903871
713,보현사 납골공원,https://place.udanax.org/p/2219160/%EB%B3%B4%ED%98%84%EC%82%AC%EB%82%A9%EA%B3%A8%EA%B3%B5%EC%9B%90
714,용광사,http://www.samkwangsa.or.kr/
715,만월사,http://xn--lz2bu9jcuf.kr/
716,김포시추모공원(봉안담),https://www.guc.or.kr/rainbow/html/member/login.php
717,구미시공설숭조당 제1관,https://www.gumi.go.kr/wel/contents.do?mid=0306030100
718,청운사 봉안당,http://xn--ob0bu3xn5ewted7b3yr.com/
719,하늘공원(부곡동공설공원묘지),http://xn--ob0bx0i3gt55ah0mz2alkn74g.com/
720,가톨릭군위묘원 봉안담,https://www.gunwipark.com/bbs/content.php?co_id=welcome
721,목포추모공원 추모의집,http://www.mokpopark.com/
722,완도군추모공원 봉안담,https://www.wando.go.kr/wando/sub.cs?m=445
723,정수사,http://contest.jeongsusa.or.kr/
724,영광사불지원,http://yeonggwang.go.kr/
725,아산시공설봉안당,https://www.asan.go.kr/main/cms/?no=261
726,(재)미타불교원,http://www.mita.kr/intro
727,(재)만어추모공원 봉안당,http://www.maneopark.co.kr/
728,상락향 극락전,https://funeraloner.co.kr/facilities/?bmode=view&idx=13919476
729,울산하늘공원 추모의집,https://www.uic.or.kr/skypark/info/info01.do
730,흑석동성당 평화의쉼터,https://bstsd.or.kr/about
731,하늘원추모관,http://hanulwon.com/default/mp1/mp1_sub3.php?sub=03
732,나주납골당,http://www.namdopark.kr/
733,이천시립 추모의집(봉안),https://www.2000fmc.or.kr/ic-kr/cntnts/i-70/web.do
734,창원시립마산영생원,https://www.cwsisul.or.kr/
735,청솔공원 영생의집,https://www.gangwon-portal.co.kr/gangwon-benefit/facility/%EC%B2%AD%EC%86%94%EA%B3%B5%EC%9B%90%20%EC%98%81%EC%83%9D%EC%9D%98%EC%A7%91/
736,광양시립영세공원 봉안당,https://cemetery.gwangyang.go.kr/pr/info/archives/list
737,동대문구추모의집,http://www.yeaeunpark.com/
738,금화추모관,https://www.honam-funeralcenter.co.kr/free-national/free-facility/%EA%B5%AD%EA%B0%80%EC%9C%A0%EA%B3%B5%EC%9E%90%20%EA%B3%B5%EC%84%A4%EC%9E%A5%EC%A7%80%20%EA%B8%88%ED%99%94%EC%B6%94%EB%AA%A8%EA%B4%80/
739,의왕하늘쉼터(봉안담),https://www.gccity.go.kr/dept/contents.do?mId=0205070000
740,속초시공설봉안묘,https://www.gangwon-portal.co.kr/gangwon-veterans/facility/%EC%86%8D%EC%B4%88%EC%8B%9C%EA%B3%B5%EC%84%A4%EB%B4%89%EC%95%88%EB%AC%98/
741,전주효자공원봉안당,https://www.honam-funeralcenter.co.kr/facility-recommend-item/298/
742,창원시립진해천자원,https://www.cwsisul.or.kr/
743,경신하늘뜰공원 봉안당,https://www.yangju.go.kr/www/contents.do?key=503
744,세종시추모의집,https://www.youngpyungsapark.co.kr/
745,태백시납골당,https://www.gangwon-portal.co.kr/gangwon-veterans/facility/%ED%83%9C%EB%B0%B1%EC%8B%9C%EB%82%A9%EA%B3%A8%EB%8B%B9/
746,대한불교관음종불문사,http://www.kwanum.or.kr/
747,평택시립추모공원,http://www.seohopark.kr/
748,화성시추모공원 봉안당,https://www.hu.or.kr/www/M040000/M040500/M0405003/M04050031.jsp
749,성남장례문화사업소 하늘누리 제1추모원,https://tossgram.com/%EC%84%B1%EB%82%A8%EC%8B%9C%EC%9E%A5%EB%A1%80%EB%AC%B8%ED%99%94%EC%82%AC%EC%97%85%EC%86%8C-%ED%99%94%EC%9E%A5%EC%9E%A5-%ED%95%98%EB%8A%98%EB%88%84%EB%A6%AC-%EC%B6%94%EB%AA%A8%EC%9B%90-%EC%9E%A5/
750,성남장례문화사업소 하늘누리 제2추모원,https://tossgram.com/%EC%84%B1%EB%82%A8%EC%8B%9C%EC%9E%A5%EB%A1%80%EB%AC%B8%ED%99%94%EC%82%AC%EC%97%85%EC%86%8C-%ED%99%94%EC%9E%A5%EC%9E%A5-%ED%95%98%EB%8A%98%EB%88%84%EB%A6%AC-%EC%B6%94%EB%AA%A8%EC%9B%90-%EC%9E%A5/
751,천안추모공원 봉안당,https://cauc.or.kr/_chpark/main.asp?no=26
752,경주하늘마루봉안당,https://www.goifuneral.co.kr/crematorium-recommendation/149/
753,옥천군봉안당 선화원,https://www.ch-funeralportal.co.kr/facility-item/452/price/
754,남원시승화당,https://www.honam-funeralcenter.co.kr/free-national/free-facility/%EA%B5%AD%EA%B0%80%EC%9C%A0%EA%B3%B5%EC%9E%90%20%EA%B3%B5%EC%84%A4%EC%9E%A5%EC%A7%80%20%EB%82%A8%EC%9B%90%EC%8B%9C%EC%8A%B9%ED%99%94%EB%8B%B9/
755,서산시 희망공원(봉안시설),https://www.msn.com/ko-kr/news/other/%EC%84%9C%EC%82%B0%EC%8B%9C-%ED%9D%AC%EB%A7%9D%EA%B3%B5%EC%9B%90-%EB%B4%89%EC%95%88%EB%8B%B9-%EB%AA%85%EC%B9%AD-%EA%B3%B5%EB%AA%A8/ar-AA1MdSyE
756,고성군추모의집,https://www.gwgs.go.kr/
757,법지사,https://moleg.go.kr/
758,무주추모의집(봉안),https://www.textbakery.com/%EC%A0%84%EB%B6%81-%EB%AC%B4%EC%A3%BC%EC%B6%94%EB%AA%A8%EC%9D%98%EC%A7%91-%EC%9A%B4%EC%98%81-%EC%95%8C%EC%95%84%EB%B3%B4%EA%B8%B0/
759,수원시연화장 추모의집,https://yhjjr.suwonudc.co.kr/base/main/view
760,남해추모누리 안락원,https://place.udanax.org/p/2219833/%EB%82%A8%ED%95%B4%EC%B6%94%EB%AA%A8%EB%88%84%EB%A6%AC%EB%AC%98%EC%A7%80+%EC%95%88%EB%9D%BD%EC%9B%90
761,양양군공설묘원 봉안당,https://www.yangyang.go.kr/gw/portal/yyc_partinfo_women_multi
762,여수시영락공원 제1봉안당,https://www.goifuneral.co.kr/memorial/place/%EC%97%AC%EC%88%98%EC%8B%9C%EC%A0%9C1%EB%B4%89%EC%95%88%EB%8B%B9/
763,무지개 뜨는 언덕,https://www.guc.or.kr/
764,(재)평화원,http://www.xn--sp5b70v21b.com/default/00/01.php
765,정각사 봉안당,https://hankook-sj.com/product/%EC%84%9C%EC%9A%B8-%EC%A0%95%EA%B0%81%EC%82%AC-%EB%B4%89%EC%95%88%EB%8B%B9/
766,재단법인 미륵불교 봉안당,https://myungdangga.co.kr/mourning/364
767,덕원사 추모관,https://place.udanax.org/p/2217521/%EB%8D%95%EC%9B%90%EC%82%AC+%EC%B6%94%EB%AA%A8%EA%B4%80
768,풍주선원 봉안탑,https://endingsketch.com/charnel-house/%ED%92%8D%EC%A3%BC%EC%84%A0%EC%9B%90-%EB%B4%89%EC%95%88%ED%83%91/
769,쌍용사 봉안탑,https://www.goifuneral.co.kr/memorial/place/%EC%8C%8D%EC%9A%A9%EC%82%AC%EB%B4%89%EC%95%88%ED%83%91/
770,고성군공설봉안당,https://coconews.co.kr/%EA%B3%A0%EC%84%B1-%EB%B4%89%EC%95%88%EC%8B%9C%EC%84%A4-%ED%98%84%ED%99%A9%EA%B3%BC-%EC%9D%B4%EC%9A%A9-%EC%95%88%EB%82%B4-%EC%A3%BC%EC%9A%94-%EC%A0%95%EB%B3%B4-%EC%B4%9D%EC%A0%95%EB%A6%AC/
771,고창군추모의집,https://www.textbakery.com/%EC%A0%84%EB%B6%81-%EA%B3%A0%EC%B0%BD%EA%B5%B0-%EC%B6%94%EB%AA%A8%EC%9D%98-%EC%A7%91-%EC%9A%B4%EC%98%81-%EC%95%8C%EC%95%84%EB%B3%B4%EA%B8%B0/
772,통영시공설봉안당,http://www.tyinews.com/front/news/view.do?articleId=ARTICLE_00027166
773,동탄납골추모관,http://www.dahada.net/
774,대한불교조계종 신흥사,http://www.sinheungsa.kr/
775,선약사,http://www.sunamsa.or.kr/
776,순천시립추모공원 제1·2봉안당,https://www.suncheon.go.kr/kr/welfare/0002/0010/0003/
777,청양군추모공원(봉안당),https://www.ch-funeralportal.co.kr/facility-item/324/price/
778,지장정사 연화대,http://www.jijang.co.kr/bbs/register.php
779,서귀포추모공원,https://home.chosearch.com/%EC%84%9C%EA%B7%80%ED%8F%AC%EC%8B%9C-%EC%B6%94%EB%AA%A8%EA%B3%B5%EC%9B%90-%ED%99%88%ED%8E%98%EC%9D%B4%EC%A7%80-%EB%B0%94%EB%A1%9C%EA%B0%80%EA%B8%B0-http-www-jeju-go-kr-wel-burial-facinfo-chumo-facin/
780,(재)자하연분당,http://www.jahayeon.com/
781,광주영락공원 제2추모관,https://www.cyberyoungrak.or.kr/main/index.php
782,존제산 일월사 설법전,http://www.ilwolsa.co.kr/info/info01.do
783,(재)영호추모공원,http://younghopark.com/about/about-02/
784,광주영락공원 제1추모관,https://www.cyberyoungrak.or.kr/main/index.php
785,창녕추모공원,https://skinnara.co.kr/?html=board.view&M_SEQ=747441
786,여수시영락공원 제2봉안당,https://www.goifuneral.co.kr/facilities/320/
787,안흥동공설묘지(봉안시설),https://endingsketch.com/charnel-house/%EC%95%88%ED%9D%A5%EB%8F%99%EA%B3%B5%EC%84%A4%EB%AC%98%EC%A7%80%EB%B4%89%EC%95%88%EC%8B%9C%EC%84%A4/
788,거제시추모의집,https://www.goifuneral.co.kr/facilities/316/
789,일월사추모공원(봉안당),https://yongjusa.com/%EC%B6%94%EB%AA%A8%EA%B3%B5%EC%9B%90/%EB%B4%89%EC%95%88%EB%8B%B9/
790,천주교산내공원묘원 봉안담,https://www.ch-funeralportal.co.kr/facility-item/498/
791,(재)청구공원 봉안당,https://m.bisco.or.kr/Web-App/Upload/2023/02/08/%ED%99%88%ED%8E%98%EC%9D%B4%EC%A7%80%20%EB%B4%89%EC%95%88%EC%8B%9C%EC%84%A4%20%ED%97%88%EA%B0%80%20%EC%8B%A0%EC%B2%AD%20%EB%B0%A9%EB%B2%95%20%EC%95%88%EB%82%B4%EB%AC%B8.pdf
792,상락향 봉안탑,https://endingsketch.com/charnel-house/%EC%83%81%EB%9D%BD%ED%96%A5-%EB%B4%89%EC%95%88%ED%83%91/
793,춘천안식공원(안식의집),https://www.cuc.or.kr/serviceStandard.do
794,인천가족공원 평온당,https://www.insiseol.or.kr/life/family/facility/memorial.jsp
795,(재)신세계공원묘원 봉안묘·담,https://xn--989ard898dprbdyi.com/
796,가조공설공원묘지 봉안당,https://www.placeview.co.kr/id/MjUwODQxNzkg
797,성북구추모의집,https://www.sisul.or.kr/open_content/memorial/tip/district.jsp
798,경남영묘원,http://sineopark.co.kr/
799,진주안락공원 추모당,https://www.jinju.go.kr/00134/00614/06564.web
800,예은추모공원,http://www.yeaeunpark.com/ye_01_1.php
801,(재)조양공원 봉안당,https://sbsat.co.kr/%EA%B2%BD%EC%83%81%EB%B6%81%EB%8F%84-%EB%82%A9%EA%B3%A8%EB%8B%B9-%EB%AA%A9%EB%A1%9D-%EC%B6%94%EB%AA%A8%EA%B3%B5%EC%9B%90-%EA%B0%80%EA%B2%A9-%EB%B4%89%EC%95%88%EB%8B%B9-%EC%98%88%EC%95%BD-54%EA%B3%B3/
802,이담추모관,http://www.idampark.co.kr/34
803,청주백화추모관,http://bhpark.co.kr/%EB%B6%84%EC%96%91%EC%A0%9C%ED%92%88%EC%95%88%EB%82%B4/
804,성림사 연화납골당(봉안당),https://endingsketch.com/charnel-house/%EC%84%B1%EB%A6%BC%EC%82%AC-%EC%97%B0%ED%99%94%EB%82%A9%EA%B3%A8%EB%8B%B9%EB%B4%89%EC%95%88%EB%8B%B9/
805,종로구추모의집,http://jongno.go.kr/
806,오룡군립묘원(봉안),https://myungdangga.co.kr/mourning/64
807,하늘내린 휴공원(개인단),https://endingsketch.com/charnel-house/%ED%95%98%EB%8A%98%EB%82%B4%EB%A6%B0-%ED%9C%B4%EA%B3%B5%EC%9B%90%EA%B0%9C%EC%9D%B8%EB%8B%A8/
808,인천가족공원 만월당,https://www.insiseol.or.kr/life/family/facility/memorial.jsp
809,가평군공설봉안묘,https://www.cheongrium.com/
810,용학사 봉안당,https://yongjusa.com/%EC%B6%94%EB%AA%A8%EA%B3%B5%EC%9B%90/%EB%B4%89%EC%95%88%EB%8B%B9/
811,의령군공설납골묘,https://www.uiryeong.go.kr/index.uiryeong?menuCd=DOM_000000204001002018
812,서천군영명각,https://seocheon.go.kr/welfare/sub03_04_03.do
813,휴마루,https://humaru.co.kr/
814,봉은사 봉안당,http://www.bongeunsa.org:90/
815,(재)대전교구천주교회 성환공원묘원 봉안당,https://www.ch-funeralportal.co.kr/facility-item/485/
816,장미원,https://hyundaerose.kr/bbs/content.php?co_id=company
817,에덴추모원,https://www.edpk.co.kr/
818,달마사봉안당,http://www.dalmasa.org/
819,청주시목련원목련당,https://www.cjsisul.or.kr/home/sub.do?menukey=253
820,평창군 공설봉안당,https://ccc.hongsinews.com/%ED%8F%89%EC%B0%BD-%EB%B4%89%EC%95%88%EC%8B%9C%EC%84%A4-%ED%98%84%ED%99%A9%EA%B3%BC-%EC%9D%B4%EC%9A%A9-%EC%95%88%EB%82%B4/
821,하늘의문(천주교 신곡2동성당),https://haneul.caincheon.or.kr/
822,횡성군공설추모공원 추모관,https://smartanalyzer.hsg.go.kr/www/contents.do?key=1190
823,대한불교 조계종 보륜사 봉안당,http://monkedu.buddhism.or.kr/
824,하늘내린 보금자리(가족8위),https://xbugo.com/funeralhall/%EC%9D%B8%EC%A0%9C-%ED%95%98%EB%8A%98%EB%82%B4%EB%A6%B0-%EB%8F%84%EB%A6%AC%EC%95%88%EC%9E%A5%EB%A1%80%EC%8B%9D%EC%9E%A5
825,완주군 추모의집,https://www.wanju.go.kr/index.9is?contentUid=ff8080818b024d8e018b274f41dd2af8
826,울릉하늘섬공원,https://dggb-portal.funeralblog.co.kr/beneficiary/crematorium/%EC%9A%B8%EB%A6%89%ED%95%98%EB%8A%98%EC%84%AC%EA%B3%B5%EC%9B%90/
827,춘천안식공원(봉안묘),https://www.cuc.or.kr/serviceStandard.do
828,대한불교조계종 천룡사납골당,https://endingsketch.com/charnel-house/%EB%8C%80%ED%95%9C%EB%B6%88%EA%B5%90%EC%A1%B0%EA%B3%84%EC%A2%85-%EC%B2%9C%EB%A3%A1%EC%82%AC%EB%82%A9%EA%B3%A8%EB%8B%B9/
829,동해시하늘정원봉안당,https://hospitalk.net/%EB%8F%99%ED%95%B4-%EB%B4%89%EC%95%88%EC%8B%9C%EC%84%A4-%ED%98%84%ED%99%A9/
830,갑향군립묘원(봉안),https://www.goifuneral.co.kr/facilities/341/
831,천주교평화의문,http://pu2046.kr/
832,합천군공설봉안담,http://www.hcpark.kr/
833,매화원,https://www.crossroadfukuoka.jp/kr/spot/10817
834,대한불교선각종 정향사,http://monkedu.buddhism.or.kr/
835,탑동추모공원,https://www.sisul.or.kr/open_content/memorial/park/introduce.jsp
836,합천추모공원 봉안당 ,http://www.hcpark.kr/memorial1.html
837,봉선사 봉안당,http://www.bongsunsa.net/bbs/content.php?co_id=1010
838,광릉 더 크레스트 봉안묘,http://www.thecrest.co.kr/?m=nobility
839,칠곡군공설봉안당,https://dggb-portal.funeralblog.co.kr/beneficiary/public-facility/%EC%B9%A0%EA%B3%A1%EA%B5%B0%EA%B3%B5%EC%84%A4%EB%B4%89%EC%95%88%EB%8B%B9/
840,하늘내린 휴공원(부부단),https://www.gangwon-portal.co.kr/gangwon-benefit/facility/%ED%95%98%EB%8A%98%EB%82%B4%EB%A6%B0%20%ED%9C%B4%EA%B3%B5%EC%9B%90(%EB%B6%80%EB%B6%80)/
841,인천가족공원 금마총,https://www.insiseol.or.kr/life/family/facility/map.jsp
842,김해추모의집 제1·2봉안당,https://www.gimhaememorialpark.or.kr/www/
843,인천가족공원 추모의집,https://www.insiseol.or.kr/life/family/facility/manwol.jsp
844,거창공설공원묘지 봉안당,https://funeraloner.co.kr/facilities/?bmode=view&idx=13919270
845,(재)평화공원 가족봉안묘,http://peacememorialpark.co.kr/sub0602
846,증평군 추모의집 ,https://jp.go.kr/kor/sub05_01_07_03.do
847,새문안추모관,https://saemoonan.org/
848,하늘문 봉안당,https://home.chosearch.com/%EC%9D%B8%EC%B2%9C%EA%B5%90%EA%B5%AC-%ED%95%98%EB%8A%98%EC%9D%98-%EB%AC%B8-%EC%84%B1%EB%8B%B9-%ED%99%88%ED%8E%98%EC%9D%B4%EC%A7%80-%EB%B0%94%EB%A1%9C%EA%B0%80%EA%B8%B0-https-haneul-caincheon-or-kr/
849,안성시추모공원(봉안담),https://xn--ob0bv8vlra82stoflrclwswd.com/
850,산청군공설묘지 본향원,https://sancheong.go.kr/www/contents.do?key=6243
851,인천가족공원 별빛당,https://www.insiseol.or.kr/life/family/facility/cinerary.jsp
852,꽃동네 정진석센타(봉안당),https://endingsketch.com/charnel-house/%EA%BD%83%EB%8F%99%EB%84%A4-%EC%A0%95%EC%A7%84%EC%84%9D%EC%84%BC%ED%83%80%EB%B4%89%EC%95%88%EB%8B%B9/
853,성아우구스띠노수도회 봉안시설,http://www.osakorea.or.kr/
854,대호지공설묘지 봉안묘(개인·가족·평장),https://www.ch-funeralportal.co.kr/facility-item/535/price/
855,강동구추모의집,http://gangdongnews.co.kr/2023%EB%85%84-%E3%80%8C%EA%B0%95%EB%8F%99%EA%B5%AC-%EC%B6%94%EB%AA%A8%EC%9D%98-%EC%A7%91%E3%80%8D%EC%9D%B4%EC%9A%A9-%EC%95%88%EB%82%B4/
856,석문공설묘지 가족봉안묘,https://www.ch-funeralportal.co.kr/national-hero/free-facility/%EC%84%9D%EB%AC%B8%EA%B3%B5%EC%84%A4%EB%AC%98%EC%A7%80(%EA%B0%80%EC%A1%B1%EB%B4%89%EC%95%88%EB%AC%98)%20%EA%B5%AD%EA%B0%80%EC%9C%A0%EA%B3%B5%EC%9E%90%20%EC%95%88%EB%82%B4/
857,오봉사 봉안당,https://www.mitawon.or.kr/page/sub4_4
858,대정읍봉안당(만장),https://endingsketch.com/charnel-house/%EB%8C%80%EC%A0%95%EC%9D%8D%EB%B4%89%EC%95%88%EB%8B%B9%EB%A7%8C%EC%9E%A5/
859,대호지공설묘지 어성정,https://www.dangjin.go.kr/bokji/sub04_05_03.do
860,성산읍공설봉안당,https://www.goifuneral.co.kr/memorial/place/%EC%84%B1%EC%82%B0%EC%9D%8D%EA%B3%B5%EC%84%A4%EB%B4%89%EC%95%88%EB%8B%B9/
861,솔뫼공설묘지 가족봉안묘,https://www.ch-funeralportal.co.kr/national-hero/free-facility/%EC%86%94%EB%AB%BC%EA%B3%B5%EC%84%A4%EB%AC%98%EC%A7%80(%EA%B0%80%EC%A1%B1%EB%B4%89%EC%95%88%EB%AC%98)%20%EA%B5%AD%EA%B0%80%EC%9C%A0%EA%B3%B5%EC%9E%90%20%EC%95%88%EB%82%B4/
862,솔뫼공설묘지 안향정,https://endingsketch.com/charnel-house/%EC%95%88%ED%96%A5%EC%A0%95%EC%86%94%EB%AB%BC%EA%B3%B5%EC%84%A4%EB%AC%98%EC%A7%80/
863,모란공원(봉안),https://www.brsisul.or.kr/kor/sub01_03_02.do
864,청솔공원 봉안묘,https://www.gn.go.kr/www/contents.do?key=1167
865,노들하늘공원(동작구추모의집),https://www.metropolitan-funeral.co.kr/benefit/jangji/%EB%85%B8%EB%93%A4%ED%95%98%EB%8A%98%EA%B3%B5%EC%9B%90(%EB%8F%99%EC%9E%91%EA%B5%AC%EC%B6%94%EB%AA%A8%EC%9D%98%EC%A7%91)/
866,군산시추모관,https://lll.gunsan.go.kr/
867,표선면봉안당,https://hospitalk.net/%EC%84%9C%EA%B7%80%ED%8F%AC%EC%8B%9C-%EB%B4%89%EC%95%88%EC%8B%9C%EC%84%A4-%ED%98%84%ED%99%A9/
868,태안군 영묘전,https://www.taean.go.kr/life/sub01_11.do
869,금호동성당 천보묘원(봉안),https://endingsketch.com/charnel-house/%EA%B8%88%ED%98%B8%EB%8F%99%EC%84%B1%EB%8B%B9-%EC%B2%9C%EB%B3%B4%EB%AC%98%EC%9B%90%EB%B4%89%EC%95%88/
870,익산시 추모의집 제2관,http://www.iksanmemorial.kr/main/main.do
871,원흥사 납골탑,https://myungdangga.co.kr/mourning/406
872,도봉구추모의집,https://duck.ai/
873,광진구추모의집,https://www.metropolitan-funeral.co.kr/veterans/jangji/%EA%B4%91%EC%A7%84%EA%B5%AC%EC%B6%94%EB%AA%A8%EC%9D%98%EC%A7%91/
874,성동구추모의집,https://www.metropolitan-funeral.co.kr/benefit/jangji/%EC%84%B1%EB%8F%99%EA%B5%AC%EC%B6%94%EB%AA%A8%EC%9D%98%EC%A7%91/
875,중구추모의집,https://www.metropolitan-funeral.co.kr/veterans/jangji/%EC%A4%91%EA%B5%AC%EC%B6%94%EB%AA%A8%EC%9D%98%EC%A7%91/
876,상락원 지장영묘전,http://w2r2.com/
877,대구광역시 낙산제2추모의집,https://endingsketch.com/charnel-house/%EB%8C%80%EA%B5%AC%EA%B4%91%EC%97%AD%EC%8B%9C-%EB%82%99%EC%82%B0%EC%A0%9C2%EC%B6%94%EB%AA%A8%EC%9D%98%EC%A7%91/
878,장성군추모공원,https://www.jangseong.go.kr/home/www/news/jangseong/notice/show/5238?content_print=doc&&title=%EA%B3%B5%EC%A7%80%EC%82%AC%ED%95%AD
879,익산시 추모의집 제1관,http://www.iksanmemorial.kr/main/main.do
880,흥창사,https://www.daangn.com/kr/local-profile/%ED%9D%A5%EC%B0%BD%EC%82%AC-%EC%84%9C%EB%9D%BD%EC%9B%90-fgr5k6skd4ns/
881,구파발성당 성요셉관,http://mygupabal.or.kr/index.php
882,대구광역시 낙산추모의집,http://hdpark.co.kr/
883,화천공원묘원 봉안당,https://hospitalk.net/%ED%99%94%EC%B2%9C-%EB%B4%89%EC%95%88%EC%8B%9C%EC%84%A4-%ED%98%84%ED%99%A9/
884,만불사,http://www.manbulsa.org/
885,조안공원,http://www.haneulan.co.kr/intro
886,문빈정사 봉안당,https://sbsat.co.kr/%EA%B4%91%EC%A3%BC%EA%B4%91%EC%97%AD%EC%8B%9C-%EB%82%A9%EA%B3%A8%EB%8B%B9-%EB%AA%A9%EB%A1%9D-%EC%B6%94%EB%AA%A8%EA%B3%B5%EC%9B%90-%EA%B0%80%EA%B2%A9-%EB%B4%89%EC%95%88%EB%8B%B9-%EC%98%88%EC%95%BD/
887,(재)아미티우스 봉안당,https://endingsketch.com/charnel-house/%EC%9E%AC%EC%95%84%EB%AF%B8%ED%8B%B0%EC%9A%B0%EC%8A%A4-%EB%B4%89%EC%95%88%EB%8B%B9/
888,(재)남도추모공원,http://www.namdopark.kr/sub0101.php
889,해원정사,https://www.haewonjungsa.com/bbs/board.php?bo_table=notice&wr_id=2
890,성불사 봉안탑,https://inforhomies.com/entry/%EC%B2%9C%EC%95%88-%EC%84%B1%EB%B6%88%EC%82%AC-%EC%97%AC%ED%96%89-%EC%BD%94%EC%8A%A4-%EA%B3%A0%EC%A6%88%EB%84%89%ED%95%9C-%EC%A0%84%EA%B5%AD-%EC%82%AC%EC%B0%B0-%EB%AA%85%EC%86%8C
891,양지공원 제3추모의집,https://www.placeview.co.kr/id/MTA4OTI3NzQ5NiAg
892,백운공원묘원 제1묘원,https://www.baekwoonmemorial.co.kr/
893,(재)동산공원묘원 봉안당,http://dongsanpark.com/greetings.asp
894,솔치백합동산 봉안묘,https://www.skpark.co.kr/bbs/info2-2.php
895,동화경모공원(봉안),https://donghwapark.co.kr:48152/park/memorial02.php
896,백운공원묘원 제2묘원,https://www.baekwoonmemorial.co.kr/
897,서동사,https://sailing-blog.click/4446
898,태고종관음사 봉안당,http://www.taego.kr/
899,부활의집,http://www.gjccp.kr/sogae/intro.asp
900,남국선원봉안탑,https://www.kwlife.co.kr/service/service02_5.jsp?pType=3&locName=12
901,신당동성당 소화묘원(봉안묘),http://www.sohwateresia.or.kr/theme/basic/html/about.php
902,실로암추모관,https://shue.kr/%EC%98%81%ED%98%B8%EA%B3%B5%EC%9B%90%EC%B6%94%EB%AA%A8%EA%B4%80/
903,밀양성당 천상낙원,http://www.catholicbusan.or.kr/index.php?mid=miryang_7a&document_srl=2808817
904,(재)남양공원묘원 추모관,https://apply.cheotjang.com/info/%EC%84%B1%EC%A3%BC%EA%B5%B0-%EC%88%98%EB%AA%A9%EC%9E%A5-%EB%82%A9%EA%B3%A8%EB%8B%B9-%EC%95%88%EB%82%B4
905,(재)대지공원묘원 봉안당,https://endingsketch.com/charnel-house/%EC%9E%AC%EB%8C%80%EC%A7%80%EA%B3%B5%EC%9B%90%EB%AC%98%EC%9B%90-%EB%B4%89%EC%95%88%EB%8B%B9/
906,생활불교밝은마음 봉안탑,https://endingsketch.com/charnel-house/%EC%83%9D%ED%99%9C%EB%B6%88%EA%B5%90%EB%B0%9D%EC%9D%80%EB%A7%88%EC%9D%8C-%EB%B4%89%EC%95%88%ED%83%91/
907,(재)예다원,http://xn--2j1bz67agra.kr/
908,대정공원묘원 봉안묘,https://www.daejeongpark.co.kr/user/sub/intro.do?_idxn=35
909,가평추모공원(봉안시설),https://www.gp.go.kr/portal/contents.do?key=2285
910,인천가족공원 봉안담,https://www.insiseol.or.kr/life/family/facility/map.jsp
911,프란치스꼬의집,http://francisco.or.kr/skin/page/francisco.html
912,미래사,http://miraesa.co.kr/
913,천주교 인천교구 고잔성당 몽은당,http://www.caincheon.or.kr/intro/diocesan_02.jsp
914,우리추모공원 봉안당,http://xn--ob0bu3xn5ewted7b3yr.com/
915,(재)우성공원 봉안당,https://www.goifuneral.co.kr/memorial/place/%EC%9A%B0%EC%84%B1%EB%B4%89%EC%95%88%EB%8B%B9/
916,(재)금곡장미공원 봉안당,https://hospitalk.net/%EA%B2%BD%EC%82%B0-%EB%B4%89%EC%95%88%EC%8B%9C%EC%84%A4-%ED%98%84%ED%99%A9/
917,국원하늘정원,https://www.knps.or.kr/
918,대승불교법왕종 한광사,https://www.wegive.co.kr/contents/wetownDetail/485692
919,천주교 황사평 봉안묘,http://senatus.or.kr/?p=14683
920,(재)아름다운 청계공원 봉안시설,http://www.1925.co.kr/
921,삼광사추모공원 아미타봉안탑,https://shue.kr/%EC%82%BC%EA%B4%91%EC%82%AC%EC%B6%94%EB%AA%A8%EA%B3%B5%EC%9B%90/
922,천일추모공원,http://www.1001sa.com/intro01/179
923,검단사 봉안당,http://www.bongsunsa.net/
924,화원관광단지공설봉안당,https://place.udanax.org/p/2219823/%ED%99%94%EC%9B%90%EA%B4%80%EA%B4%91%EB%8B%A8%EC%A7%80%EA%B3%B5%EC%84%A4%EB%B4%89%EC%95%88%EB%8B%B9
925,고당사 효자당,http://xn--299ar9ivon.fuv.kr/
926,한라산 옥불사 봉안탑,https://first.bearfruits.co.kr/entry/%ED%95%9C%EB%9D%BC%EC%82%B0-%EA%B5%AD%EB%A6%BD%EA%B3%B5%EC%9B%90-%ED%99%88%ED%8E%98%EC%9D%B4%EC%A7%80-%EB%B0%94%EB%A1%9C%EA%B0%80%EA%B8%B0
927,추모관 천상의집,https://www.honam-funeralcenter.co.kr/free-national/free-facility/%EA%B5%AD%EA%B0%80%EC%9C%A0%EA%B3%B5%EC%9E%90%20%EA%B3%B5%EC%84%A4%EC%9E%A5%EC%A7%80%20%EC%B6%94%EB%AA%A8%EA%B4%80%EC%B2%9C%EC%83%81%EC%9D%98%EC%A7%91/
928,운계사 봉안묘,https://www.bisco.or.kr/memorialpark/bongan/p/search_list.asp
929,(재)생활불교 봉안당,http://www.xn--zb0b2hv32coa879cbldyurqun.com/default/
930,보광사 봉안당,http://www.bokwangsa.net/board/notice/view/no/218
931,대한불교조계종 광덕사,http://monkedu.buddhism.or.kr/
932,창원무량사 납골당 ,https://myungdangga.co.kr/mourning/453
933,한국불교원각종 장수사,http://www.wongaksa.or.kr/
934,대법륜사 극락전,https://www.ktourmap.com/spotDetails.jsp?contentId=2784247
935,극락사추모원 하늘정원,https://place.udanax.org/p/2220076/%EA%B7%B9%EB%9D%BD%EC%82%AC%EC%B6%94%EB%AA%A8%EC%9B%90+%ED%95%98%EB%8A%98%EC%A0%95%EC%9B%90
936,전주효자공원봉안원,https://www.honam-funeralcenter.co.kr/facility-recommend-item/298/
937,함양하늘공원(봉안시설),http://hamanhaneul.or.kr/?page_id=2639
938,지장선원,https://www.placeview.co.kr/id/OTk1MzQzOCAg
939,새하늘공원,https://xn----2c6eb588c3ytl1cpsg9yc9xb9yl7q5a6qae6n1xd.kr/
940,늘푸른안식관,https://endingsketch.com/charnel-house/%EB%8A%98%ED%91%B8%EB%A5%B8%EC%95%88%EC%8B%9D%EA%B4%80/
941,(재)천주교원주교구 배론성지,https://www.baeron.or.kr/guide/main
942,동해사,http://donghwasa.net/
943,대한불교조계종 화암사,http://monkedu.buddhism.or.kr/
944,석종사,http://www.sukjongsa.org/sub07/sub07_2.php?ckattempt=1
945,(재)한남공원묘원(봉안),http://www.hannampark.com/info/02/
946,정토세계,https://www.goifuneral.co.kr/memorial/place/%EC%A0%95%ED%86%A0%EC%84%B8%EA%B3%84/
947,안양사푸른공원,https://myungdangga.co.kr/mourning/464
948,개원추모공원 봉안탑,https://apply.cheotjang.com/info/%EC%98%81%EC%B2%9C%EC%8B%9C-%EC%88%98%EB%AA%A9%EC%9E%A5-%EB%82%A9%EA%B3%A8%EB%8B%B9-%EC%95%88%EB%82%B4
949,(재)우성공원 추모관,http://woosungmp.com/
950,보은사납골당,http://www.bongeunsa.org:90/
951,장기공설봉안묘,http://ncms.go.kr/
952,(재)천주교유지재단 천호성지,http://cheonhos.org/
953,홍천군공설묘원 봉안묘·담,https://www.star-queen.co.kr/product/%ED%99%8D%EC%B2%9C%EA%B5%B0%EA%B3%B5%EC%84%A4%EB%AC%98%EC%9B%90/
954,(사)대한불교연화조계종 정림사,http://monkedu.buddhism.or.kr/
955,천봉사 봉안당,http://cheonbongsa.net/system/index.php
956,광주공원묘원 봉안묘,http://cetpark.com/bbs/board.php?bo_table=5003&wr_id=11
957,(재)서울공원묘원 봉안담,https://www.sisul.or.kr/open_content/memorial/use/mountain.jsp
958,대한불교덕성종 성보사 봉안탑,https://endingsketch.com/charnel-house/%EB%8C%80%ED%95%9C%EB%B6%88%EA%B5%90%EB%8D%95%EC%84%B1%EC%A2%85-%EC%84%B1%EB%B3%B4%EC%82%AC-%EB%B4%89%EC%95%88%EB%8B%B9/
959,다보정사 안미원(봉안탑),https://endingsketch.com/charnel-house/%EB%8B%A4%EB%B3%B4%EC%A0%95%EC%82%AC-%EC%95%88%EB%AF%B8%EC%9B%90%EB%B4%89%EC%95%88%ED%83%91/
960,황룡사 봉안당,http://www.xn--zb0b2hv32coa879cbldyurqun.com/default/
961,숲속의 부활의집,http://www.buhwal.or.kr/bbs/board.php?bo_table=64
962,도성사 봉안탑,http://www.doseongsa.or.kr/xe/chumoinfo
963,진달래메모리얼파크,https://www.jindallae.kr/46
964,정안사,http://jangansa.kr/
965,송월교회 봉안묘·탑,http://songwol.or.kr/
966,(재)개나리추모공원 봉안담,http://gaenaree.com/bbs/board.php?bo_table=g_01&wr_id=1
967,천주교 인천교구 하늘의문(봉안담),https://doonamu.kr/%EC%9D%B8%EC%B2%9C%EA%B5%90%EA%B5%AC-%ED%95%98%EB%8A%98%EC%9D%98-%EB%AC%B8-%EC%84%B1%EB%8B%B9-%ED%99%88%ED%8E%98%EC%9D%B4%EC%A7%80/
968,아산메모리얼파크 휴온 봉안묘,https://asanmemorialpark.com/
969,천안노블랜드하늘공원 봉안담,https://apply.cheotjang.com/info/%EA%B3%B5%EC%A3%BC%EC%8B%9C-%EB%B4%89%EC%95%88%EB%8B%B9-%EB%82%A9%EA%B3%A8%EB%8B%B9-%EC%95%88%EB%82%B4
970,정안수목장 봉안당,http://www.xn--w52bz9k6vch5c5p.kr/
971,석암산수도사 봉안당,http://www.sudosa.kr/
972,혜명사 봉안당,https://www.asan.go.kr/search/front/Search.jsp?qt=%EB%B4%89%EC%95%88%EB%8B%B9
973,삼길사 봉안당,http://www.hcpark.kr/
974,성불사 봉안당,https://apply.cheotjang.com/info/%EA%B0%80%ED%8F%89%EA%B5%B0-%EB%B4%89%EC%95%88%EB%8B%B9-%EB%82%A9%EA%B3%A8%EB%8B%B9-%EC%95%88%EB%82%B4
975,덕안사 봉안당,https://apply.cheotjang.com/info/%EB%8B%AC%EC%84%B1%EA%B5%B0-%EB%B4%89%EC%95%88%EB%8B%B9-%EB%82%A9%EA%B3%A8%EB%8B%B9-%EC%95%88%EB%82%B4-%EB%AA%85%EB%8B%B9
976,(재)하늘공원 봉안당,https://xn----2c6eb588c3ytl1cpsg9yc9xb9yl7q5a6qae6n1xd.kr/
977,지장사 봉안당,https://zijangsa.com/category/%EB%82%A8%EC%97%AC%EA%B3%B5%EC%9A%A9/134/
978,서강대학교 봉안묘,https://www.sogang.ac.kr/ko/home
979,대원정사 봉안담,http://daewonjeongsa.or.kr/bbs/board.php?bo_table=meditation
980,오봉사 봉안묘,https://www.sisul.or.kr/open_content/memorial/use/mountain.jsp
981,영원한도움의성모성전 납골당,https://endingsketch.com/charnel-house/%EC%98%81%EC%9B%90%ED%95%9C%EB%8F%84%EC%9B%80%EC%9D%98%EC%84%B1%EB%AA%A8%EC%84%B1%EC%A0%84-%EB%82%A9%EA%B3%A8%EB%8B%B9/
982,운휴암 봉안당,https://www.asan.go.kr/search/front/Search.jsp?qt=%EB%B4%89%EC%95%88%EB%8B%B9
983,갈월사 봉안탑,https://www.placeview.co.kr/id/ODcyNjQyMCAg
984,무지개추모공원 봉안탑(다래원),https://www.ch-funeralportal.co.kr/facility-item/427/
985,영은설악동산,https://youngeun.or.kr/Board/Detail/83/37643
986,구룡사 봉안묘,http://guryongsa.or.kr/bbs/board.php?bo_table=4010
987,성림사 연화납골당(봉안탑),https://endingsketch.com/charnel-house/%EC%84%B1%EB%A6%BC%EC%82%AC-%EC%97%B0%ED%99%94%EB%82%A9%EA%B3%A8%EB%8B%B9%EB%B4%89%EC%95%88%ED%83%91/
988,죽림정사,https://www.juklim.com/pages/aboutus.php?co_id=aboutus
989,몽암사 봉안탑,http://www.bongjeongam.or.kr/
990,연꽃피우는 행복도량 용문사,https://oreurak.kr/2025%EB%85%84-%EC%B5%9C%EC%8B%A0-%EC%9A%A9%EB%AC%B8%EC%82%AC-%ED%85%9C%ED%94%8C%EC%8A%A4%ED%85%8C%EC%9D%B4-%EA%B0%80%EA%B2%A9-%EB%B0%8F-%EC%98%88%EC%95%BD-%EB%B0%A9%EB%B2%95/
991,김포연화산추모공원,http://www.yeonhwapark.co.kr/sub03_01.php
992,개운사 봉안당,https://dh.aks.ac.kr/~biguni/wiki/index.php/%EC%84%9C%EC%9A%B8_%EA%B0%9C%EC%9A%B4%EC%82%AC
993,김포연화사추모관,http://www.yeonhwapark.co.kr/sub03_01.php
994,백향목침례교회,http://www.cedarchurch.kr/
995,오봉산추모공원 봉안담,https://www.xn--289a5d62b284avyo3rj.com/
996,오봉산추모공원 봉안당,https://nemossam.com/%EA%B2%BD%EA%B8%B0%EB%8F%84-%EB%82%A9%EA%B3%A8%EB%8B%B9-%EB%B4%89%EC%95%88%EB%8B%B9-%EC%B6%94%EB%AA%A8%EA%B3%B5%EC%9B%90-%EA%B0%80%EA%B2%A9-%EC%98%88%EC%95%BD/
997,월명사 봉안탑,http://wolmyeongsa.com/newpage/newpage.php?f_id=introduce
998,통도사 봉안탑,http://www.tongdosa.or.kr/
999,(재)생활불교 봉안탑,https://www.buddhism.or.kr/m/jongdan/sub4/sub4-3-1.php
1000,성 라자로마을,https://www.lazarus.or.kr/blank-4
1001,용흥사 봉안묘,https://endingsketch.com/charnel-house/%EC%9A%A9%ED%9D%A5%EC%82%AC-%EB%B4%89%EC%95%88%EB%AC%98/
1002,파주추모공원 봉안탑,https://pajupark.com/%EA%B0%A4%EB%9F%AC%EB%A6%AC
1003,갑산공원묘원,http://www.kapsan1004.net/sub/sub06_03.php?boardid=notice&mode=view&idx=52
1004,대덕사 봉안당,https://www.sisul.or.kr/open_content/memorial/use/mountain.jsp
1005,비봉사 봉안탑,https://endingsketch.com/charnel-house/%EB%B9%84%EB%B4%89%EC%82%AC-%EB%B4%89%EC%95%88%ED%83%91/
1006,영락원 봉안당,http://yeongnakpark.bisco.or.kr/charnel/charnel03/index.asp
1007,혜관정사 봉안당,http://xn--ob0b27ivohv5cduq30jukp.com/
1008,(재)실로암공원묘원 봉안묘,http://www.siloami.com/bbs/write.php?bo_table=qa1
1009,강화파라다이스 강화지점 봉안탑,https://apply.cheotjang.com/info/%EA%B0%95%ED%99%94%EA%B5%B0-%EB%B4%89%EC%95%88%EB%8B%B9-%EB%82%A9%EA%B3%A8%EB%8B%B9-%EC%95%88%EB%82%B4
1010,미타사 봉안당,http://www.mitasa.or.kr/bbs/board.php?bo_table=b2x2&pageNum=2&subNum=2&ct3=1
1011,부산추모공원 봉안묘·담,https://hanoelswould.com/entry/%EB%B6%80%EC%82%B0%EC%B6%94%EB%AA%A8%EA%B3%B5%EC%9B%90-%EB%82%A9%EA%B3%A8%EB%8B%B9-%EB%B9%84%EC%9A%A9%EB%B6%80%ED%84%B0-%EC%8B%9C%EA%B0%84-%EB%A7%9B%EC%A7%91-%EA%B0%80%EB%8A%94-%EA%B8%B8%EA%B9%8C%EC%A7%80-%EA%BC%AD-%EC%95%8C%EC%95%84%EB%91%90%EC%84%B8%EC%9A%94
1012,인천가족공원 가족봉안담,https://www.insiseol.or.kr/life/family/facility/manwol.jsp
1013,인천가족공원 호국봉안담,https://duck.ai/
1014,은하수공원 달님의집(봉안담),https://dbc.sfanxi.com/entry/%EC%84%B8%EC%A2%85-%EC%9D%80%ED%95%98%EC%88%98%EA%B3%B5%EC%9B%90-%ED%99%94%EC%9E%A5%EC%9E%A5-%EC%9D%B4%EC%9A%A9%EC%A0%88%EC%B0%A8-%EB%B0%A9%EB%B2%95-%EC%95%8C%EC%95%84%EB%B3%B4%EA%B8%B0
1015,수원시연화장 제2추모의집,https://info.pismaker.com/%EC%88%98%EC%9B%90-%EC%97%B0%ED%99%94%EC%9E%A5-%ED%99%94%EC%9E%A5%ED%84%B0-%EB%82%A9%EA%B3%A8%EB%8B%B9-%EC%B6%94%EB%AA%A8%EC%9D%98%EC%A7%91-%EB%B9%84%EC%9A%A9-%EB%B0%8F-%EC%9D%B4%EC%9A%A9-%EC%95%88/
1016,수원시연화장 봉안담,https://www.suwonudc.co.kr/suwonyhj
1017,화천공원묘원 봉안묘,https://place.udanax.org/p/2218944/%ED%99%94%EC%B2%9C%EA%B3%B5%EC%9B%90%EB%AC%98%EC%9B%90
1018,태백시납골묘,https://www.taebaek.go.kr/www/contents.do?key=434
1019,하늘내린 휴공원(무연단),https://endingsketch.com/charnel-house/%ED%95%98%EB%8A%98%EB%82%B4%EB%A6%B0-%ED%9C%B4%EA%B3%B5%EC%9B%90%EA%B0%9C%EC%9D%B8%EB%8B%A8/
1020,하늘내린 보금자리(가족12위),https://www.inje.go.kr/portal/field-info/welfare/welfareInfo
1021,청주시목련공원 제2목련당,https://www.cjuc.or.kr/home/sub.do?menukey=253
1022,청주시목련공원 제3목련당,https://www.cjuc.or.kr/home/sub.do?menukey=253
1023,보령시모란공원 봉안묘·담,https://www.brsisul.or.kr/kor/bbs/BBSMSTR_000000000003/lst.do
1024,예산군추모의집 제2관,http://www.yeaeunpark.com/
1025,예산군추모공원 봉안묘(가족·평장) ,https://www.star-queen.co.kr/product/%EC%98%88%EC%82%B0%EA%B5%B0%EC%B6%94%EB%AA%A8%EA%B3%B5%EC%9B%90/
1026,창원시립상복공원 제2봉안당,https://hoon.gonewhappylife.com/entry/%EC%84%A4-%EB%AA%85%EC%A0%88-%EC%B0%BD%EC%9B%90%EC%8B%9C%EB%A6%BD%EC%83%81%EB%B3%B5%EA%B3%B5%EC%9B%90-%EB%B4%89%EC%95%88%EB%8B%B9-%EC%9A%B4%EC%98%81-%EA%B8%B0%EA%B0%84-%EB%B0%8F-%EC%8B%9C%EA%B0%84-%EC%9E%84%EC%8B%9C-%EC%A3%BC%EC%B0%A8-%EC%95%88%EB%82%B4
1027,창원시립상복공원 봉안담,https://hoon.gonewhappylife.com/entry/%EC%84%A4-%EB%AA%85%EC%A0%88-%EC%B0%BD%EC%9B%90%EC%8B%9C%EB%A6%BD%EC%83%81%EB%B3%B5%EA%B3%B5%EC%9B%90-%EB%B4%89%EC%95%88%EB%8B%B9-%EC%9A%B4%EC%98%81-%EA%B8%B0%EA%B0%84-%EB%B0%8F-%EC%8B%9C%EA%B0%84-%EC%9E%84%EC%8B%9C-%EC%A3%BC%EC%B0%A8-%EC%95%88%EB%82%B4
1028,산청군공설묘지 봉안묘,https://hospitalk.net/%EC%82%B0%EC%B2%AD-%EB%B4%89%EC%95%88%EC%8B%9C%EC%84%A4-%ED%98%84%ED%99%A9/
1029,용인평온의숲(평온마루 봉안묘),https://www.tranquil-forest.or.kr/main_new/m01/1
1030,신안1004추모관,https://www.shinan.go.kr/home/www/dept_info/welfare/social/social_05/page.wscms
1031,연화원 봉안당,https://www.suwonudc.co.kr/suwonyhj
1032,천비룡사,https://www.placeview.co.kr/id/MjYxMTQ2NDYg
1033,마애사방어암,https://hospitalk.net/%ED%95%A8%EC%95%88-%EB%B4%89%EC%95%88%EC%8B%9C%EC%84%A4-%ED%98%84%ED%99%A9/
1034,(재)아미티우스 봉안탑,https://endingsketch.com/charnel-house/%EC%9E%AC%EC%95%84%EB%AF%B8%ED%8B%B0%EC%9A%B0%EC%8A%A4-%EB%B4%89%EC%95%88%ED%83%91/
1035,(재)우성공원 봉안묘·담,http://www.woosungpark.com/bbs/board.php?bo_table=sub0101
1036,우리추모공원 봉안탑,https://www.hongseong.go.kr/choomo/sub02_02.do
1037,(재)우성공원 영남납골당(무연고),https://endingsketch.com/charnel-house/%EC%9E%AC%EC%9A%B0%EC%84%B1%EA%B3%B5%EC%9B%90-%EC%98%81%EB%82%A8%EB%82%A9%EA%B3%A8%EB%8B%B9%EB%AC%B4%EC%97%B0%EA%B3%A0/
1038,원진사 봉안당,http://www.bongsunsa.net/
1039,천주교 대구교구 죽도성당,https://religion.korea724.info/kr/%EC%B2%9C%EC%A3%BC%EA%B5%90-%EC%A3%BD%EB%8F%84%EC%84%B1%EB%8B%B9-82-54-273-3441.html
1040,우각사 봉안당,http://www.hcpark.kr/
1041,천태사추모공원,https://www.sisul.or.kr/open_content/memorial/park/introduce.jsp
1042,고경사추모공원,http://samgwangsa.co.kr/g5/bbs/board.php?bo_table=about&wr_id=1
1043,실로암추모관,https://shue.kr/%EC%98%81%ED%98%B8%EA%B3%B5%EC%9B%90%EC%B6%94%EB%AA%A8%EA%B4%80/
1044,관음사 봉안당,http://www.xn--zb0b2hv32coa879cbldyurqun.com/default/
1045,나자렛집,https://handmaids.or.kr/?page_id=2857
1046,석장사 봉안당,https://mylaon.com/2020/10/22/%EA%B5%AC%EB%A3%A1%EC%82%B0-%EC%82%B0%EB%A1%9D%EC%97%90-%EC%9E%90%EB%A6%AC%ED%95%9C-%EB%8C%80%EA%B5%AC%EB%B4%89%EC%95%88%EB%8B%B9-%EC%84%9D%EC%9E%A5%EC%82%AC%EC%B6%94%EB%AA%A8%EA%B4%80/
1047,삼성사 봉안당,http://www.bongeunsa.org:90/
1048,보현사 무량수공원,http://bohyunsa.or.kr/bbs/register.php
1049,동국사 영가추모관,https://endingsketch.com/charnel-house/%EB%8F%99%EA%B5%AD%EC%82%AC-%EC%98%81%EA%B0%80%EC%B6%94%EB%AA%A8%EA%B4%80/
1050,삼광사추모공원 봉안탑,http://samgwangsa.co.kr/g5/bbs/board.php?bo_table=service
1051,용운사 납골당,https://blog.snlife.co.kr/blog/%EC%9E%A5%EB%A1%80%EC%A0%95%EB%B3%B4/%EC%B6%94%EB%AA%A8%EA%B3%B5%EC%9B%90-%EB%82%A9%EA%B3%A8%EB%8B%B9-%EB%B9%84%EC%9A%A9%EB%B6%80%ED%84%B0-%EC%A0%88%EC%B0%A8%EA%B9%8C%EC%A7%80
1052,창원공원묘원 납골당,https://yous.kr/%EC%B0%BD%EC%9B%90%EA%B3%B5%EC%9B%90%EB%AC%98%EC%9B%90-%EB%82%A9%EA%B3%A8%EB%8B%B9/
1053,진주내동공원묘원 봉안당,http://www.ndpark.co.kr/doc/parcel01.html
1054,(재)밀양추모공원묘원 봉안담,https://xn--119-h89m651c.com/%EB%8C%80%EA%B5%AC-%EA%B2%BD%EB%82%A8%ED%8F%89%EC%9E%A5%EB%AC%98%EB%B4%89%EC%95%88%EB%8B%B9-%EB%B0%80%EC%96%91%EC%B6%94%EB%AA%A8%EA%B3%B5%EC%9B%90%EB%AC%98%EC%9B%90/
1055,천불사 극락원,https://www.linktoplace.com/index.php/https/blog.naver.com/index.php?action=view&no=11622&name=%EC%B2%9C%EB%B6%88%EC%82%AC
1056,안정사 납골당,https://mccandoit.com/%EB%82%A9%EA%B3%A8%EB%8B%B9%EB%B4%89%EC%95%88%EB%8B%B9-%EC%95%88%EC%B9%98-%EB%B9%84%EC%9A%A9%EB%B6%84%EC%96%91%EA%B4%80%EB%A6%AC%EB%B9%84-%EA%B0%80%EC%A1%B1%EB%82%A9%EA%B3%A8%EB%8B%B9-%EB%B9%84/
1057,용봉사 납골당,https://endingsketch.com/charnel-house/%EC%9A%A9%EB%B4%89%EC%82%AC-%EB%82%A9%EA%B3%A8%EB%8B%B9/
1058,용주사 봉안당,https://yongjusa.com/%EC%B6%94%EB%AA%A8%EA%B3%B5%EC%9B%90/%EC%88%98%EB%AA%A9%EC%9E%A5/
1059,천주교회 구로3동 성당 봉안당,https://endingsketch.com/charnel-house/%EC%B2%9C%EC%A3%BC%EA%B5%90%ED%9A%8C-%EA%B5%AC%EB%A1%9C3%EB%8F%99-%EC%84%B1%EB%8B%B9-%EB%B4%89%EC%95%88%EB%8B%B9/
1060,우도면 공설봉안묘,https://sbsat.co.kr/%EC%A0%9C%EC%A3%BC%EB%8F%84-%EB%82%A9%EA%B3%A8%EB%8B%B9-%EB%AA%A9%EB%A1%9D-%EC%B6%94%EB%AA%A8%EA%B3%B5%EC%9B%90-%EA%B0%80%EA%B2%A9-%EB%B4%89%EC%95%88%EB%8B%B9-%EC%98%88%EC%95%BD-14%EA%B3%B3/
1061,한경면 공설봉안묘(만장),https://endingsketch.com/charnel-house/%ED%95%9C%EB%A6%BC%EC%9D%8D-%EA%B3%B5%EC%84%A4%EB%B4%89%EC%95%88%EB%AC%98%EB%A7%8C%EC%9E%A5/
1062,학천사 봉안당,http://www.hcpark.kr/
1063,현대공원 추모의집,http://www.hdpark.co.kr/06_guide/sitemap.php
1064,대한불교덕성종 성보사 봉안당,https://endingsketch.com/charnel-house/%EB%8C%80%ED%95%9C%EB%B6%88%EA%B5%90%EB%8D%95%EC%84%B1%EC%A2%85-%EC%84%B1%EB%B3%B4%EC%82%AC-%EB%B4%89%EC%95%88%EB%8B%B9/
1065,보국사 봉안당,http://bongguksa.com/
1066,대한불교조계종 육지장사,http://www.yukjijangsa.org/temple.php
1067,소원사,http://xn--vf4b1pm0k.net/
1068,대한불교조계종 천탑사(봉안당),http://monkedu.buddhism.or.kr/
1069,한국불교태고종 백련사봉안당,https://paengryontemple.or.kr/bbs/content.php?co_id=01_snim
1070,이진암 안양원,https://sbsat.co.kr/%EA%B2%BD%EC%83%81%EB%82%A8%EB%8F%84-%EB%82%A9%EA%B3%A8%EB%8B%B9-%EB%AA%A9%EB%A1%9D-%EC%B6%94%EB%AA%A8%EA%B3%B5%EC%9B%90-%EA%B0%80%EA%B2%A9-%EB%B4%89%EC%95%88%EB%8B%B9-%EC%98%88%EC%95%BD-57%EA%B3%B3/
1071,보석교회 헤븐스,https://bosuk.org/
1072,충북불교문화회관 봉안당,https://www.cbfc.or.kr/cc/sub.php?menukey=6597
1073,화광사 봉안당,http://www.xn--zb0b2hv32coa879cbldyurqun.com/default/
1074,하동영신원,http://www.gndomin.com/news/articleView.html?idxno=192760
1075,천주교 춘천교구 부활성당 추모관,https://www.cccatholic.or.kr/publication/advert
1076,불조사 휴안추모관,https://www.placeview.co.kr/id/MTEyNjg2NTIyNiAg
1077,유토피아추모공원(헤리티지별관),http://www.goutopia.co.kr/
1078,한결재단법인 하늘정원,http://www.xn--p89az1jwsto2m.com/
1079,정통불교조계종 총본산 세원사,http://www.jogyejong.or.kr/
1080,재단법인 아너스홈,https://honorshome.co.kr/17
1081,김천시립추모공원(봉안당),https://www.gcfmc.or.kr/gc_memorialpark/page/link.tc?mn=10013&pageNo=10007
1082,사랑의동산 ,https://srdsch.com/page_wPJa45
1083,약수사 봉안당,http://www.bongsunsa.net/bbs/content.php?co_id=6020
1084,동화추모공원,https://donghwapark.co.kr:48152/park/memorial02.php
1085,보명사 봉안탑,http://www.bomyungsa.or.kr/jongmuso/jongmuso_notice_view.php?uid=142&b_budle=notice&b_type=list&jongmuso_num=4
1086,대한예수교장로회 노량진교회,https://www.nrjch.or.kr/company/aboutus
1087,무량사추모관,https://muryangsa.net/
1088,능인불교선양원봉안당,https://nungin.net/
1089,남도광역추모공원(봉안당),http://namdo.haenam.go.kr/bbs/content.php?co_id=namdo1_2
1090,봉갑사 납골묘,https://www.goifuneral.co.kr/memorial/place/%EB%B4%89%EA%B0%91%EC%82%AC%EB%82%A9%EA%B3%A8%EB%AC%98/
1091,불광사 지장전,http://www.bulkwangsa.org/bbs/register.php
1092,대원정사 봉안당,https://bujeok1.com/
1093,진목정성지 하늘원,http://www.jinmokjeong.or.kr/p301
1094,양평군공설봉안시설,https://yp04.or.kr/?menuno=162
1095,묘통사 납골공원,http://www.myotongsa.co.kr/body/sub1/sub1.php
1096,(재)풍산공원묘원 봉안묘,http://www.pungsanpark.co.kr/
1097,꽃동네 봉안묘(봉안담),https://endingsketch.com/charnel-house/%EA%BD%83%EB%8F%99%EB%84%A4-%EB%B4%89%EC%95%88%EB%AC%98%EB%B4%89%EC%95%88%EB%8B%B4/
1098,성불사 자인당,http://sungbulsa.co.kr/pogyo.html
1099,백련사 봉안탑,http://www.baekryunsa.net/ab-817
1100,청량교회 청량동산,http://www.crch.kr/board_clBt45
1101,대한불교조계종 무일선원,http://monkedu.buddhism.or.kr/
1102,설악그리쉼추모관,https://www.goifuneral.co.kr/facilities/604/
1103,밀알교회 CATACOMB,https://milalchurch.com/introduction/
1104,(재)선산납골당,https://endingsketch.com/charnel-house/%EC%9E%AC%EC%84%A0%EC%82%B0%EB%82%A9%EA%B3%A8%EB%8B%B9/
1105,(재)안양공원묘원,https://anyang.go.kr/main/contents.do?key=3726
1106,금강사추모관,https://place.udanax.org/p/2219939/%EA%B8%88%EA%B0%95%EC%82%AC%EC%B6%94%EB%AA%A8%EA%B4%80
1107,구룡사추모공원,https://www.bisco.or.kr/share/main_popupOpen.asp?Pop_Idx=2487
1108,정선하늘터,https://www.gangwon-portal.co.kr/gangwon-veterans/crema/%EC%A0%95%EC%84%A0%ED%95%98%EB%8A%98%ED%84%B0/
1109,정광사 연화추모관,http://www.yeonhwapark.co.kr/sub01_01.php
1110,백양사 영각당,http://www.baekyangsa.com/?skipintro=1
1111,국립소록도병원 만령당,https://www.sorokdo.go.kr/sorokdo/html/content.do?menu_cd=01_01_01&depth=hs
1112,지장대사 극락전봉안당,https://www.honam-funeralcenter.co.kr/funeral-process-recommend/%EC%97%AC%EC%88%98%EC%9E%A5%EB%A1%80%EC%8B%9D%EC%9E%A5/%EC%97%AC%EC%88%98%EC%8B%9C%20%EC%98%81%EB%9D%BD%EA%B3%B5%EC%9B%90%20%EC%8A%B9%ED%99%94%EC%9B%90/%EC%A7%80%EC%9E%A5%EB%8C%80%EC%82%AC%20%EA%B7%B9%EB%9D%BD%EC%A0%84%EB%B4%89%EC%95%88%EB%8B%B9/
1113,관음사 추모관,http://www.xn--zb0b2hv32coa879cbldyurqun.com/default/05/03.php
1114,정심사 봉안당,https://endingsketch.com/charnel-house/%EC%A0%95%EC%8B%AC%EC%82%AC-%EB%B4%89%EC%95%88%EB%8B%B9/
1115,홍성군공원묘지 가족봉안묘,https://www.hongseong.go.kr/choomo/sub06_01.do
1116,광양시립영세공원 봉안담 ,https://cemetery.gwangyang.go.kr/pr/info/enshrined2
1117,(재)효원가족공원 봉안탑,http://www.skypark.co.kr/
1118,광릉 더 크레스트 봉안당,http://www.thecrest.co.kr/?m=nobility
1119,(재)경춘공원묘원 봉안묘,https://www.gyoungchun.com/contents/family.html
1120,법왕청추모관,https://ii.korea724.info/kr/%EB%B2%95%EC%99%95%EC%B2%AD%EC%B6%94%EB%AA%A8%EA%B4%80-82-31-377-1081.html
1121,(재)대지공원묘원 봉안묘,https://endingsketch.com/charnel-house/%EC%9E%AC%EB%8C%80%EC%A7%80%EA%B3%B5%EC%9B%90%EB%AC%98%EC%9B%90-%EB%B4%89%EC%95%88%EB%8B%B9/
1122,성공사 봉안당,http://www.bongsunsa.net/
1123,(재)대전교구천주교회 성환공원묘원 봉안묘,https://www.ch-funeralportal.co.kr/facility-item/485/
1124,대한불교관음회조계종 백천사 봉안탑,http://www.bekchunsa.org/page/sub2_1
1125,익산시 추모의집 제3관,https://www.ladnews.net/?p=365770
1126,우도면 봉안당,https://kstartupcost.com/2024-%EC%A0%9C%EC%A3%BC%EB%8F%84-%EB%82%A9%EA%B3%A8%EB%8B%B9-14%EA%B3%B3-%EB%AA%A9%EB%A1%9D%EA%B3%BC-%EC%B6%94%EB%AA%A8%EA%B3%B5%EC%9B%90-%EA%B0%80%EA%B2%A9-%EB%B4%89%EC%95%88%EB%8B%B9-%EC%98%88/
1127,결초보은 추모공원,https://www.boeun.go.kr/www/contents.do?key=511
1128,영동군 공설봉안묘,https://doonamu.kr/%EC%98%81%EB%8F%99%EA%B5%B0%EC%B2%AD-%ED%99%88%ED%8E%98%EC%9D%B4%EC%A7%80-%EB%B0%94%EB%A1%9C%EA%B0%80%EA%B8%B0-https-www-yd21-go-kr/
1129,보배숲추모공원 봉안담,https://member.nfcf.or.kr/forest/user.tdf?a=common.HtmlApp&c=4001&d=jindo&page=/member/jindo/memory01.html&mc=MEM_JDO_MRY01
1130,고제공설공원묘지 봉안당,https://uknowlaw.com/%EB%B4%89%EC%95%88%EC%8B%9C%EC%84%A4-%EC%A2%85%EB%A5%98%EC%99%80-%EC%9D%B4%EC%9A%A9-%EC%A0%88%EC%B0%A8-%EC%99%84%EB%B2%BD-%EA%B0%80%EC%9D%B4%EB%93%9C-%EA%B3%B5%EC%84%A4%EC%82%AC%EC%84%A4-%EB%B4%89/
1131,남상공설공원묘지 봉안당,https://www.sisul.or.kr/open_content/memorial/use/mountain.jsp
1132,월평공설공원묘지 봉안당,https://endingsketch.com/charnel-house/%EC%9B%94%ED%8F%89%EA%B3%B5%EC%84%A4%EA%B3%B5%EC%9B%90%EB%AC%98%EC%A7%80-%EB%B4%89%EC%95%88%EB%8B%B9/
1133,가북공설공원묘지 봉안당,https://www.goifuneral.co.kr/facilities/493/
1134,충혼각,https://bohunuri.kr/gc/%EC%B6%A9%ED%98%BC%EA%B0%81/
1135,한림읍 공설봉안묘(만장),https://endingsketch.com/charnel-house/%ED%95%9C%EB%A6%BC%EC%9D%8D-%EA%B3%B5%EC%84%A4%EB%B4%89%EC%95%88%EB%AC%98%EB%A7%8C%EC%9E%A5/
1136,애월읍 공설봉안묘(만장),https://endingsketch.com/charnel-house/%EA%B5%AC%EC%A2%8C%EC%9D%8D-%EA%B3%B5%EC%84%A4%EB%B4%89%EC%95%88%EB%AC%98%EB%A7%8C%EC%9E%A5/
1137,구좌읍 공설봉안묘(만장),https://endingsketch.com/charnel-house/%EA%B5%AC%EC%A2%8C%EC%9D%8D-%EA%B3%B5%EC%84%A4%EB%B4%89%EC%95%88%EB%AC%98%EB%A7%8C%EC%9E%A5/
1138,조천읍 공설봉안묘(만장),https://hospitalk.net/%EC%A0%9C%EC%A3%BC-%EB%B4%89%EC%95%88%EC%8B%9C%EC%84%A4-%ED%98%84%ED%99%A9/
1139,보령시마을단위공원묘지 봉안묘,https://brsisul.or.kr/kor/sub01_03_02.do
1140,평창군 공설봉안담,https://hospitalk.net/%ED%8F%89%EC%B0%BD-%EB%B4%89%EC%95%88%EC%8B%9C%EC%84%A4-%ED%98%84%ED%99%A9/
1141,양구봉안공원 봉안담,https://news.mtn.co.kr/news-detail/2025022510075141735
1142,(재)성산공원 봉안묘,http://ssmemorialpark.co.kr/
1143,천주교하늘공원 봉안묘·담,http://www.catholicbusan.or.kr/index.php?mid=hanul_a&document_srl=1432286
1144,천자봉공원묘원 봉안묘,https://david.enzoyou.com/%EC%B2%9C%EC%9E%90%EB%B4%89%EA%B3%B5%EC%9B%90%EB%AC%98%EC%9B%90-%EC%98%81%EC%9B%90%ED%95%9C-%EC%95%88%EC%8B%9D%EC%9D%84-%EC%9C%84%ED%95%9C-%EC%B5%9C%EC%A0%81%EC%9D%98-%EC%84%A0%ED%83%9D/
1145,내광사 봉안당,https://jeonggaksa.co.kr/profile
1146,대순진리회목포방면유지재단 봉안당,https://ds-sangsaeng.kr/
1147,대한성공회유지재단 봉안시설,https://anglicankr.church/category/%EB%8C%80%ED%95%9C%EC%84%B1%EA%B3%B5%ED%9A%8C%EC%9C%A0%EC%A7%80%EC%9E%AC%EB%8B%A8-%EA%B3%B5%EC%A7%80/
1148,성공사 지장전,https://www.ktourmap.com/spotDetails.jsp?contentId=126546
1149,서대산추모공원 봉안탑,http://www.xn--ob0bp8i99gpugnpa27ylkm.com/page/page24
1150,대한불교운문종 봉안탑,http://dongsanpark.com/
1151,(재)봉황공원묘지 봉안묘,http://www.bonghwang.co.kr/content/101
1152,천주교 청계묘원 봉안당,https://life.mninfo777.com/164
1153,천생산 대원사 봉안당,http://www.bongwonsa.or.kr/index.php
1154,은진사 봉안당,http://www.eunjinsa.co.kr/
1155,화성시추모공원 봉안묘,https://www.hu.or.kr/www/M040000/M040500/M0405003/M04050031.jsp
1156,자일동공설묘지 무연고 봉안당,https://nemossam.com/%EA%B2%BD%EA%B8%B0%EB%8F%84-%EB%82%A9%EA%B3%A8%EB%8B%B9-%EB%B4%89%EC%95%88%EB%8B%B9-%EC%B6%94%EB%AA%A8%EA%B3%B5%EC%9B%90-%EA%B0%80%EA%B2%A9-%EC%98%88%EC%95%BD/
1157,구리시공설묘지 무연고 봉안당,https://www.guri.go.kr/www/selectBbsNttView.do?bbsNo=36&key=380&nttNo=116798
1158,구리시공설묘지 봉안묘,https://www.metropolitan-funeral.co.kr/benefit/jangji/%EA%B5%AC%EB%A6%AC%EC%8B%9C%EA%B3%B5%EC%84%A4%EB%AC%98%EC%A7%80/
1159,광주영락공원 봉안담,https://www.gmcc.co.kr/menu.es?mid=a10106010200
1160,광주영락공원 봉안묘,https://www.cyberyoungrak.or.kr/main/index.php
1161,인천가족공원 승화원 부속 봉안당,https://www.insiseol.or.kr/life/family/facility/memorial.jsp
1162,인천가족공원 가족봉안묘,https://www.insiseol.or.kr/life/family/facility/map.jsp
1163,영월군 봉안당,http://www.yw.go.kr/www/contents.do?key=34
1164,용월사사찰회 봉안당,http://www.yongwolsa.org/
1165,천주교 인천교구 하늘의문(봉안당),https://doonamu.kr/%EC%9D%B8%EC%B2%9C%EA%B5%90%EA%B5%AC-%ED%95%98%EB%8A%98%EC%9D%98-%EB%AC%B8-%EC%84%B1%EB%8B%B9-%ED%99%88%ED%8E%98%EC%9D%B4%EC%A7%80/
1166,익산추모관,https://place.udanax.org/p/2219606/%EC%9D%B5%EC%82%B0%EC%B6%94%EB%AA%A8%EA%B4%80
1167,법계사 봉안묘,https://sancheong.go.kr/tour/contents.do?key=1951
1168,혜운사 봉안탑,https://www.localview.co.kr/store/detail.asp?seq=904050147
1169,천불사 봉안탑,http://chunbulsa.co.kr/index1.html
1170,일승종개원사 봉안당,https://apply.cheotjang.com/search/info/%EC%9D%BC%EC%82%B0%EB%B6%88%EA%B5%90%EB%B4%89%EC%95%88%EB%8B%B9
1171,(재)원주공원묘원 봉안당,https://wonjupark.com/bbs/board.php?bo_table=faq&wr_id=13
1172,정안사 봉안탑,https://www.thechinajourney.com/ko/%EC%A7%84%EC%95%88%EC%82%AC/
1173,사단법인 한국불교태고종금강사,http://www.taego.kr/
1174,칠량자연공원봉안시설,https://skinnara.co.kr/?M_SEQ=230258&html=board.view
1175,유토피아추모공원(자연장지),https://utopiasolpark.co.kr/
1176,함안하늘공원(자연장지),http://hamanhaneul.or.kr/?page_id=2639
1177,은하수공원 자연장지,https://www.sjfmc.or.kr/eunhasu/sub02_03_01.do
1178,중앙추모공원,https://www.xn--ob0bu3xuki6obl0ebsj.kr/
1179,에버그린수목장,http://evergreenpark.co.kr/bbs/board.php?bo_table=notice&theme=eb4_busi_005
1180,대한예수교장로회 효자수목원,http://hyojas.com/
1181,정안수목장,http://www.xn--w52bz9k6vch5c5p.kr/
1182,에덴의정원 수목장,http://www.eden-jungwon.co.kr/eden-gallary?page=1
1183,대한불교조계종 용천사,http://monkedu.buddhism.or.kr/
1184,남해추모누리공원 자연장지,https://www.goifuneral.co.kr/facility-relocate/2/
1185,불광사 양지수목장,http://xn--w52bz9kg2c4uc6wd.com/index.php
1186,유토피아수목장,https://www.goifuneral.co.kr/memorial/place/%EC%9C%A0%ED%86%A0%ED%94%BC%EC%95%84%EC%88%98%EB%AA%A9%EC%9E%A5/
1187,신불산추모공원 수목장지,https://services2.korea724.info/kr/%EC%8B%A0%EB%B6%88%EC%82%B0%EC%B6%94%EB%AA%A8%EA%B3%B5%EC%9B%90-82-55-363-4666.html
1188,자연숲추모공원 수목장림,http://www.jssumokjang.kr/
1189,용인로뎀파크,http://www.rodempark.com/kr/0203.asp?idx=12
1190,화성하늘공원 수목장림,https://xn--ob0bx0izygc1a12vxlbu7q0ubw76d7bc.net/
1191,우성공원묘원(자연장지),http://www.woosungpark.com/
1192,천봉사 자연장지,http://cheonbongsa.net/system/index.php
1193,(재)용인추모원 자연장지,https://apply.cheotjang.com/info/%EC%9A%A9%EC%9D%B8%EC%8B%9C-%EC%88%98%EB%AA%A9%EC%9E%A5-%EB%82%A9%EA%B3%A8%EB%8B%B9-%EC%95%88%EB%82%B4
1194,경각산 수목장,https://www.daangn.com/kr/local-profile/%EA%B2%BD%EA%B0%81%EC%82%B0%EC%88%98%EB%AA%A9%EC%9E%A5-bnc4qod67ze8/
1195,용인평온의숲(예정원),https://www.tranquil-forest.or.kr/main_new/m01/1
1196,백양사 수목장,http://www.baekyangsa.com/?skipintro=1
1197,자연애숲(다니엘교회),https://www.placeview.co.kr/id/MTU5MjExMjgwNiAg
1198,삼척시추모공원 자연장,http://memorial.mx.co.kr/memorial/information/guidance.html
1199,화성함백산추모공원(바람마루),https://allknowingdoctor1.com/entry/2025-%ED%99%94%EC%84%B1-%ED%95%A8%EB%B0%B1%EC%82%B0-%EC%B6%94%EB%AA%A8%EA%B3%B5%EC%9B%90-%EC%98%88%EC%95%BD%EA%B3%BC-%ED%99%94%EC%9E%A5%EB%B9%84%EC%9A%A9-%EC%9E%A5%EB%A1%80%EC%8B%9D%EC%9E%A5-%ED%95%A8%EB%B0%B1%EC%82%B0-%EB%93%B1%EC%82%B0%EC%BD%94%EC%8A%A4-%EB%A7%9B%EC%A7%91-%EA%B9%94%EB%81%94-%EC%A0%95%EB%A6%AC
1200,별그리다(별의숲),http://www.star4ever.com/product_hill/enshrine_grave
1201,늘푸른수목장(청광사),http://www.nllpoorn.com/
1202,일산공감수목장(봉화사),https://xn--439azq124al0fpzbs0okia.com/
1203,목자은혜교회,http://www.gjgrace.org/
1204,인천가족공원 자연장지,https://www.insiseol.or.kr/life/family/facility/graveyard.jsp
1205,하늘동산 자연장지,https://www.uic.or.kr/skypark/enshrine/enshrine03.do
1206,의성군 천제공원(수목·잔디),https://usc.go.kr/together/page.do?mnu_uid=2249
1207,(재)호정공원(자연장),http://www.hjcloud9.com/
1208,늘푸른수목장,http://nllpoorn.com/index.html
1209,신광사 수목장,https://www.goifuneral.co.kr/memorial/place/%EC%8B%A0%EA%B4%91%EC%82%AC%EC%88%98%EB%AA%A9%EC%9E%A5/
1210,서울신흥교회 하늘계단수목장,http://www.sshc.or.kr/
1211,무량수목장,https://apply.cheotjang.com/info/%EB%82%A8%EC%96%91%EC%A3%BC%EC%8B%9C-%EC%88%98%EB%AA%A9%EC%9E%A5-%EB%82%A9%EA%B3%A8%EB%8B%B9-%EC%95%88%EB%82%B4
1212,옥마기도회,http://okcheonam.com/
1213,함양하늘공원(자연장지),http://hamanhaneul.or.kr/
1214,북한강광명수목장,https://place.udanax.org/p/2217563/%EB%B6%81%ED%95%9C%EA%B0%95%EA%B4%91%EB%AA%85%EC%88%98%EB%AA%A9%EC%9E%A5
1215,서남권추모공원 자연장지,https://www.msn.com/ko-kr/%EB%8F%84%EC%8B%9C-%EC%9D%B8%ED%94%84%EB%9D%BC/%ED%99%98%EA%B2%BD-%EC%A7%80%EC%86%8D-%EA%B0%80%EB%8A%A5%EC%84%B1/%EC%84%9C%EB%82%A8%EA%B6%8C-%EC%B6%94%EB%AA%A8%EA%B3%B5%EC%9B%90-%ED%99%94%EC%9E%A5%EB%A3%8C-%EC%9D%B8%EC%83%81-%EB%B4%89%EC%95%88-%EC%9E%90%EC%97%B0%EC%9E%A5%EC%A7%80-%EC%9D%B4%EC%9A%A9%EB%8F%84-%EB%8B%A8%EA%B3%84%EC%A0%81-%EC%A0%9C%ED%95%9C/ar-AA1EjmRe
1216,보배숲추모공원(산림조합),https://member.nfcf.or.kr/forest/user.tdf?a=common.HtmlApp&c=4001&d=jindo&page=/member/jindo/memory07.html&mc=MEM_JDO_MRY0303
1217,하늘소풍수목장(호산나교회),http://haneulsopung.co.kr/
1218,(재)여주세종추모공원 자연장,https://apply.cheotjang.com/info/%EC%97%AC%EC%A3%BC%EC%8B%9C-%EC%88%98%EB%AA%A9%EC%9E%A5-%EB%82%A9%EA%B3%A8%EB%8B%B9-%EC%95%88%EB%82%B4
1219,천탑사 수목장(그린피아),http://www.greenpiapark.co.kr/sub/info01.php
1220,국립하늘숲추모원,https://sky.fowi.or.kr/nb/viewinfo/nbViewInfo10.do
1221,영광군 공설추모공원 자연장지,https://www.msn.com/ko-kr/news/other/%EC%98%81%EA%B4%91%EA%B5%B0-%EC%B9%9C%ED%99%98%EA%B2%BD-%EC%9E%A5%EB%AC%98%EC%8B%9C%EC%84%A4-%EA%B3%B5%EC%84%A4%EC%B6%94%EB%AA%A8%EA%B3%B5%EC%9B%90-%EA%B0%9C%EC%9B%90/ar-AA1P53cS
1222,수불사추모공원,https://www.sisul.or.kr/open_content/memorial/park/gas2025.jsp
1223,제천시영원한쉼터 자연장지,https://www.star-queen.co.kr/product/%EC%A0%9C%EC%B2%9C%EC%8B%9C%EC%98%81%EC%9B%90%ED%95%9C%EC%89%BC%ED%84%B0/
1224,울진군립추모원(자연장지),https://dggb-portal.funeralblog.co.kr/facility-place/31/
1225,여주추모공원 자연장지,https://yeojuuc.or.kr/sub1/memorial/park.do
1226,(재)용인공원(자연장),http://today.yongin-park.com/
1227,경주하늘수목장림,https://www.sjsangjo.com/information/info0105.jsp
1228,의왕하늘쉼터(자연장),https://new.gccity.go.kr/dept/contents.do?mId=0205070000
1229,와동꽃빛공원 자연장지,https://www.goifuneral.co.kr/facilities/35/
1230,울산하늘공원 자연장지,https://www.uic.or.kr/skypark/info/info01.do
1231,(재)서호추모공원 자연장지,https://seohopark.kr/business
1232,(재)만어추모공원 수목장,https://apply.cheotjang.com/info/%EB%B0%80%EC%96%91%EC%8B%9C-%EC%88%98%EB%AA%A9%EC%9E%A5-%EB%82%A9%EA%B3%A8%EB%8B%B9-%EC%95%88%EB%82%B4
1233,(재)지평선전북공원묘원(자연),http://www.jbpark.co.kr/html/intro_05.html
1234,쌍계사,https://ssanggyesa.net/%EC%8C%8D%EA%B3%84%EC%82%AC/%EC%8C%8D%EA%B3%84%EC%82%AC-%EC%A2%85%ED%95%A9/%EC%8C%8D%EA%B3%84%EC%82%AC-%EC%A2%85%ED%95%A9%EC%95%88%EB%82%B4/
1235,분당추모공원휴(자연장),https://www.huepark.co.kr/page/brand/brand.php
1236,광양시립영세공원 자연장지,https://cemetery.gwangyang.go.kr/pr/info/archives/list
1237,대전추모공원 자연장지,https://www.daejeon.go.kr/drh/depart/board/boardNormalView.do?boardId=normal_0201&menuSeq=1482&pageIndex=1&ntatcSeq=1464891832
1238,대한예수장로회 아름기도회 자연장지,https://www.honam-funeralcenter.co.kr/free-national/free-facility/%EA%B5%AD%EA%B0%80%EC%9C%A0%EA%B3%B5%EC%9E%90%20%EA%B3%B5%EC%84%A4%EC%9E%A5%EC%A7%80%20%EB%8C%80%ED%95%9C%EC%98%88%EC%88%98%EA%B5%90%EC%9E%A5%EB%A1%9C%ED%9A%8C%20%EC%95%84%EB%A6%84%EA%B8%B0%EB%8F%84%ED%9A%8C/
1239,개원추모공원 자연장지,https://apply.cheotjang.com/info/%EC%98%81%EC%B2%9C%EC%8B%9C-%EC%88%98%EB%AA%A9%EC%9E%A5-%EB%82%A9%EA%B3%A8%EB%8B%B9-%EC%95%88%EB%82%B4
1240,김포시추모공원(자연장지),https://www.gimpo.go.kr/portal/contents.do?key=1379
1241,수원시연화장 자연장지,https://www.suwonudc.co.kr/suwonyhj
1242,공주나래원 자연장지,https://www.gongju.go.kr/naraewon/sub01_01.do
1243,사천시 누리원(자연장지),https://www.youthsacheon.com/funeral_01_3.html
1244,태백공원묘원 자연장지,https://www.taebaek.go.kr/www/contents.do?key=434
1245,전주효자자연장,http://hyojas.com/index.php
1246,안성제일교회 수목장,http://xn--w52bl3j2tah7gsxd.com/
1247,기독교대한성결교회 안성교회 자연장지,https://www.goifuneral.co.kr/facility-relocate/152/
1248,안성시추모공원(자연장지),https://www.asimc.or.kr/chumo/
1249,제주시어승생한울누리공원,https://www.jeju.go.kr/wel/burial/facInfo/hanul.htm
1250,청주시목련공원자연장,https://www.cjuc.or.kr/home/sub.do?menukey=253
1251,남한강공원묘원(자연장),https://www.nhgpark.co.kr/
1252,완도군추모공원 자연장지(수목·잔디),https://www.honam-funeralcenter.co.kr/free-national/free-facility/%EA%B5%AD%EA%B0%80%EC%9C%A0%EA%B3%B5%EC%9E%90%20%EA%B3%B5%EC%84%A4%EC%9E%A5%EC%A7%80%20%EC%99%84%EB%8F%84%EA%B5%B0%EC%B6%94%EB%AA%A8%EA%B3%B5%EC%9B%90%EC%9E%90%EC%97%B0%EC%9E%A5%EC%A7%80/
1253,대한불교조계종 계승사 극락원,http://monkedu.buddhism.or.kr/
1254,예래원(자연장지),https://apply.cheotjang.com/info/%EB%8F%99%EB%91%90%EC%B2%9C%EC%8B%9C-%EC%88%98%EB%AA%A9%EC%9E%A5-%EB%82%A9%EA%B3%A8%EB%8B%B9-%EC%95%88%EB%82%B4
1255,광릉 더 크레스트 자연장지,http://www.thecrest.co.kr/?m=nobility
1256,천주교태안교회 공원묘지,http://www.cataean.com/
1257,양구봉안공원 자연장지,https://www.yanggu.go.kr/
1258,홍천군추모공원 자연장지,http://choomo.hongseong.go.kr/
1259,해인사 고불암수목장,http://haeinsa.or.kr/
1260,일월사추모공원(자연장지),https://www.gangwon-portal.co.kr/gangwon-facility/108/
1261,중대공원자연장지,https://www.metropolitan-funeral.co.kr/benefit/jangji/%EC%A4%91%EB%8C%80%EA%B3%B5%EC%9B%90%EC%9E%90%EC%97%B0%EC%9E%A5%EC%A7%80/
1262,길상사 수목장림,https://www.gilsangsa.or.kr/content/page10
1263,대원사추모공원 자연장지,http://www.daeonesa.com/
1264,자연으로추모정원,https://www.goifuneral.co.kr/facilities/106/
1265,고창푸른숲자연장,http://www.gochangpj.kr/sub01/sub01.php
1266,순천시립자연장지,https://www.suncheon.go.kr/kr/welfare/0002/0010/0001/
1267,한국기독교장로회함평읍교회,http://www.baleum.org/
1268,약천사,https://ko.koreaetour.com/%EC%95%BD%EC%B2%9C%EC%82%AC/
1269,은해사 자연장지,http://www.eunhae-sa.org/sub01/sub02.php
1270,월곳리 공설자연장지,https://www.metropolitan-funeral.co.kr/benefit/jangji/%EC%9B%94%EA%B3%B3%EB%A6%AC%20%EA%B3%B5%EC%84%A4%EC%9E%90%EC%97%B0%EC%9E%A5%EC%A7%80/
1271,서귀포추모공원 자연장지,https://home.chosearch.com/%EC%84%9C%EA%B7%80%ED%8F%AC%EC%8B%9C-%EC%B6%94%EB%AA%A8%EA%B3%B5%EC%9B%90-%ED%99%88%ED%8E%98%EC%9D%B4%EC%A7%80-%EB%B0%94%EB%A1%9C%EA%B0%80%EA%B8%B0-http-www-jeju-go-kr-wel-burial-facinfo-chumo-facin/
1272,완주군 자연추모동산,https://www.wanju.go.kr/index.9is?contentUid=ff8080818b024d8e018b274f41dd2af8
1273,이작리공설묘지 자연장지,https://www.metropolitan-funeral.co.kr/benefit/jangji/%EC%9D%B4%EC%9E%91%EB%A6%AC%EA%B3%B5%EC%84%A4%EB%AC%98%EC%A7%80%20%EC%9E%90%EC%97%B0%EC%9E%A5%EC%A7%80/
1274,선재리공설묘지 자연장지,https://www.metropolitan-funeral.co.kr/veterans/jangji/%EC%84%A0%EC%9E%AC%EB%A6%AC%EA%B3%B5%EC%84%A4%EB%AC%98%EC%A7%80%20%EC%9E%90%EC%97%B0%EC%9E%A5%EC%A7%80/
1275,장봉리공설묘지 자연장지,https://www.metropolitan-funeral.co.kr/veterans/jangji/%EC%9E%A5%EB%B4%89%EB%A6%AC%EA%B3%B5%EC%84%A4%EB%AC%98%EC%A7%80%20%EC%9E%90%EC%97%B0%EC%9E%A5%EC%A7%80/
1276,오룡군립묘원 자연장지,https://www.honam-funeralcenter.co.kr/free-national/free-facility/%EA%B5%AD%EA%B0%80%EC%9C%A0%EA%B3%B5%EC%9E%90%20%EA%B3%B5%EC%84%A4%EC%9E%A5%EC%A7%80%20%EC%98%A4%EB%A3%A1%EA%B5%B0%EB%A6%BD%EB%AC%98%EC%9B%90%20%EC%9E%90%EC%97%B0%EC%9E%A5%EC%A7%80/
1277,남원시추모공원(자연장지),https://www.goifuneral.co.kr/facilities/66/
1278,춘천안식공원 잔디장,https://www.gangwon-portal.co.kr/gangwon-benefit/facility/%EC%B6%98%EC%B2%9C%EC%95%88%EC%8B%9D%EA%B3%B5%EC%9B%90%20%EC%9E%94%EB%94%94%EC%9E%A5/
1279,무장녹두숲자연장,http://xn--p80bx7cfxiwwh42ekxcdef.kr/
1280,무주추모의집(자연장),https://www.textbakery.com/%EC%A0%84%EB%B6%81-%EB%AC%B4%EC%A3%BC%EC%B6%94%EB%AA%A8%EC%9D%98%EC%A7%91-%EC%9A%B4%EC%98%81-%EC%95%8C%EC%95%84%EB%B3%B4%EA%B8%B0/
1281,삼광사추모공원 자연장지,https://shue.kr/%EC%82%BC%EA%B4%91%EC%82%AC%EC%B6%94%EB%AA%A8%EA%B3%B5%EC%9B%90/
1282,경신하늘뜰공원 자연장지,https://www.yangju.go.kr/www/contents.do?key=504
1283,이천시립 자연장지,https://www.2000fmc.or.kr/ic-kr/cntnts/i-126/web.do
1284,여수시영락공원 자연장지(수목·잔디),https://www.goifuneral.co.kr/facilities/68/
1285,정왕공설자연장지,https://www.metropolitan-funeral.co.kr/benefit/jangji/%EC%A0%95%EC%99%95%EA%B3%B5%EC%84%A4%EC%9E%90%EC%97%B0%EC%9E%A5%EC%A7%80/
1286,서산시 희망공원(자연장지),https://www.ch-funeralportal.co.kr/national-hero/free-facility/%EC%84%9C%EC%82%B0%EC%8B%9C%20%ED%9D%AC%EB%A7%9D%EA%B3%B5%EC%9B%90(%EC%9E%90%EC%97%B0%EC%9E%A5%EC%A7%80)%20%EA%B5%AD%EA%B0%80%EC%9C%A0%EA%B3%B5%EC%9E%90%20%EC%95%88%EB%82%B4/
1287,(재)효원가족공원 자연장지,https://endingsketch.com/burial-ground/%EC%9E%AC%ED%9A%A8%EC%9B%90%EA%B0%80%EC%A1%B1%EA%B3%B5%EC%9B%90-%EC%9E%90%EC%97%B0%EC%9E%A5%EC%A7%80/
1288,동해시하늘정원자연장지,https://myungdangga.co.kr/mourning/56
1289,연평리공설묘지 자연장지,https://www.metropolitan-funeral.co.kr/veterans/jangji/%EC%97%B0%ED%8F%89%EB%A6%AC%EA%B3%B5%EC%84%A4%EB%AC%98%EC%A7%80%20%EC%9E%90%EC%97%B0%EC%9E%A5%EC%A7%80/
1290,영모묘원 자연장지,http://ymw.kr/bbs/content.php?co_id=naturalfield
1291,화천공원묘원 자연장지,https://www.goifuneral.co.kr/memorial/place/%ED%99%94%EC%B2%9C%EA%B3%B5%EC%84%A4%EC%9E%90%EC%97%B0%EC%9E%A5%EC%A7%80/
1292,구례군 공설자연장지,https://www.honam-funeralcenter.co.kr/free-national/free-facility/%EA%B5%AD%EA%B0%80%EC%9C%A0%EA%B3%B5%EC%9E%90%20%EA%B3%B5%EC%84%A4%EC%9E%A5%EC%A7%80%20%EA%B5%AC%EB%A1%80%EA%B5%B0%20%EA%B3%B5%EC%84%A4%EC%9E%90%EC%97%B0%EC%9E%A5%EC%A7%80/
1293,익산하늘공원자연장지,https://www.goifuneral.co.kr/crematorium-recommendation/127/place/11/
1294,명성교회 자연장지,http://www.msch.or.kr/xe/?mid=churchlife01_2011
1295,웅양공설공원묘지,https://myungdangga.co.kr/mourning/75
1296,장수암 자연장지,https://dasiobliss.com/entry/%F0%9F%9A%97-%EB%B6%80%EC%82%B0%EC%97%90%EC%84%9C-%EB%96%A0%EB%82%98%EB%8A%94-%EC%B0%BD%EC%9B%90-%EC%9E%A5%EC%88%98%EC%95%94-%EB%8B%B9%EC%9D%BC%EC%B9%98%EA%B8%B0-%EC%97%AC%ED%96%89-%EC%82%AC%EC%B0%B0%ED%88%AC%EC%96%B4
1297,광주영락공원 청마루동산,https://www.cyberyoungrak.or.kr/main/index.php
1298,대한예수교장로회 함평교회,http://www.pck.or.kr/
1299,청솔공원 자연장지,http://www.chungsol.net/
1300,남부권공설묘지자연장지,https://www.dangjin.go.kr/bokji/sub04_05_03.do
1301,대한불교조계종 남지장사,https://www.ktourmap.com/spotDetails.jsp?contentId=298207
1302,충현공원 자연장지,https://www.choonghyunchurch.or.kr/main/sub.html?pageCode=251
1303,내촌공설자연장지,https://www.pcuc.kr/open_content/facilities/burial/search.jsp
1304,목포중앙교회 자연장지,https://hospitalk.net/%EC%A0%84%EB%9D%BC%EB%82%A8%EB%8F%84-%EC%9E%90%EC%97%B0%EC%9E%A5%EC%A7%80-%ED%98%84%ED%99%A9/
1305,반포교회 수목장림,http://www.banpoch.or.kr/
1306,(재)우성공원묘원 자연장지,https://www.wspark.co.kr/default/company/sub1_1.php?top=1&sub=0
1307,완도안디옥교회 자연장지,https://endingsketch.com/burial-ground/%EC%99%84%EB%8F%84%EC%95%88%EB%94%94%EC%98%A5%EA%B5%90%ED%9A%8C-%EC%9E%90%EC%97%B0%EC%9E%A5%EC%A7%80/
1308,신월공설자연장지,https://www.metropolitan-funeral.co.kr/benefit/jangji/%EC%8B%A0%EC%9B%94%EA%B3%B5%EC%84%A4%EC%9E%90%EC%97%B0%EC%9E%A5%EC%A7%80/
1309,기쁜소식한밭교회 자연장지,https://www.gnc.or.kr/
1310,중흥교회복지선교회,https://church.creatorlink.net/
1311,새소명교회동산,http://ssmch.org/
1312,소망수양관 자연장지,http://rc.somang.net/installation/chapel.jsp
1313,올리베따노성베네딕도수도회,https://www.olivetano.com/
1314,대한불교조계종세심사 상락향수목장림,http://monkedu.buddhism.or.kr/
1315,휴안추모공원,https://www.huepark.co.kr/page/brand/brand.php
1316,대한불교금오종,http://monkedu.buddhism.or.kr/
1317,원주중부교회자연장지,https://endingsketch.com/burial-ground/%EC%9B%90%EC%A3%BC%EC%A4%91%EB%B6%80%EA%B5%90%ED%9A%8C%EC%9E%90%EC%97%B0%EC%9E%A5%EC%A7%80/
1318,저높은교회 자연장지,https://hospitalk.net/%EA%B2%BD%EC%83%81%EB%82%A8%EB%8F%84-%EC%9E%90%EC%97%B0%EC%9E%A5%EC%A7%80-%ED%98%84%ED%99%A9/
1319,중흥교회 자연장(남서울가족공원),https://apply.cheotjang.com/info/%EA%B4%91%EC%A3%BC%EC%8B%9C-%EC%88%98%EB%AA%A9%EC%9E%A5-%EB%82%A9%EA%B3%A8%EB%8B%B9-%EC%95%88%EB%82%B4
1320,함평중앙교회 부활동산,https://www.sodamsangjo.com/place/67ed27fa8f2f77bb2df053aa-f91a3912291a6117
1321,실상산문종실상선원자연장,https://silsangsa.or.kr/
1322,수원제일교회 자연장지,https://www.metropolitan-funeral.co.kr/veterans/jangji/%EC%88%98%EC%9B%90%EC%8B%9C%EC%97%B0%ED%99%94%EC%9E%A5(%EC%9E%90%EC%97%B0%EC%9E%A5%EC%A7%80)/
1323,성요셉공원 자연장지,https://www.ch-funeralportal.co.kr/facility-item/1113/
1324,고사자연장지,https://xn--ob0bx0izygc1a12vxlbu7q0ubw76d7bc.net/
1325,이동무림삼자자연장지,https://kft1004.cafe24.com/category_02/1551
1326,지구촌교회 자연장지,https://shortcut.goodinterior.kr/%EC%A7%80%EA%B5%AC%EC%B4%8C%EA%B5%90%ED%9A%8C-%ED%99%88%ED%8E%98%EC%9D%B4%EC%A7%80-%EB%B0%94%EB%A1%9C%EA%B0%80%EA%B8%B0https-www-jiguchon-org/
1327,일승종개원사 수목장림,https://sky.fowi.or.kr/
1328,용미리 제1묘지 자연장지,http://xn--ob0b34vqb39f55ap0xsugcjm7u.kr/case/5500
1329,일승종개원사 자연장지,http://www.ilseung.or.kr/
1330,천불사 수목장,https://www.linktoplace.com/index.php/https/blog.naver.com/index.php?action=view&no=11622&name=%EC%B2%9C%EB%B6%88%EC%82%AC
1331,일심정사 수목장림,https://xn--ob0bx0izygc1a12vxlbu7q0ubw76d7bc.net/
1332,횡성군공설자연장지,https://www.hsg.go.kr/www/index.do
1333,홍연암 자연장지,https://www.gongamcompany.co.kr/
1334,장흥공설자연장지,https://www.jangheung.go.kr/?main=true
1335,성공사 수목장림,https://www.wbf.or.kr/
1336,순창성당자연장지,https://www.jcatholic.or.kr/theme/main/pages/churchview.php?intSeq=38&strCategory=3%EC%A7%80%EA%B5%AC
1337,재단법인북한강공원 자연장지,https://www.goifuneral.co.kr/facilities/433/
1338,기독교대한감리회전곡교회,https://itgooyo.com/%EA%B8%B0%EB%8F%85%EA%B5%90%EB%8C%80%ED%95%9C%EA%B0%90%EB%A6%AC%ED%9A%8C-%ED%99%88%ED%8E%98%EC%9D%B4%EC%A7%80-%EB%B0%94%EB%A1%9C%EA%B0%80%EA%B8%B0-kmc-or-kr/
1339,수향사 추모공원,https://www.sisul.or.kr/open_content/memorial/park/gas2025.jsp
1340,용강별숲공원(구 동부공설묘지),http://www.culturejeju.kr/news/articleView.html?idxno=71016
1341,원산교회 자연장지,http://www.jangji.org/
1342,금광추모동산,http://www.kuemkwang.or.kr/
1343,결초보은 추모공원(자연장지),https://www.boeun.go.kr/www/contents.do?key=511
1344,남원동북교회 자연장지,http://idongbuk.kr/
1345,경인침례교회 자연장지,http://www.kyungin.org/
1346,팔봉사 더유일추모공원,https://www.daangn.com/kr/local-profile/%ED%8C%94%EB%B4%89%EC%82%AC-%EB%8D%94%EC%9C%A0%EC%9D%BC%EC%B6%94%EB%AA%A8%EA%B3%B5%EC%9B%90-jni18rv7c9b1/
1347,신세계공원(자연장),https://xn--989ard898dprbdyi.com/
1348,천주교인보성체수도회,https://www.inbo.or.kr/
1349,사랑의빛교회 천제모동산,https://xn--9d0bl8q8sfzpcb2mjxx.kr/
1350,(사)씨앤에이미션 자연장지,https://hospitalk.net/%EA%B2%BD%EA%B8%B0%EB%8F%84-%EC%9E%90%EC%97%B0%EC%9E%A5%EC%A7%80-%ED%98%84%ED%99%A9/
1351,도심리교회 하늘로공원,https://hnlrchurch.imweb.me/
1352,성도장로교회 자연장지,https://hospitalk.net/%EA%B0%95%EC%9B%90%EB%8F%84-%EC%9E%90%EC%97%B0%EC%9E%A5%EC%A7%80-%ED%98%84%ED%99%A9/
1353,재단법인 아너스홈,https://honorshome.co.kr/17
1354,대구남덕교회부활동산,http://www.namduk.org/
1355,옥천성당요셉공원,http://www.joseph.or.kr/
1356,(재)영락교회공원묘원 자연장지,https://myungdangga.co.kr/mourning/578
1357,진주대광교회 자연장지,https://endingsketch.com/burial-ground/%EC%A7%84%EC%A3%BC%EB%8C%80%EA%B4%91%EA%B5%90%ED%9A%8C-%EC%9E%90%EC%97%B0%EC%9E%A5%EC%A7%80/
1358,강화해누리공원,https://www.ghss.or.kr/user/facilities/etc/haenuriPark.do
1359,진천군 자연장지,https://www.foresttrip.go.kr/com/login.do?hmpgId=ID02030033&targetUrl=/indvz/main.do?hmpgId=ID02030033
1360,합동다산교회 자연장지,https://hospitalk.net/%EA%B2%BD%EC%83%81%EB%B6%81%EB%8F%84-%EC%9E%90%EC%97%B0%EC%9E%A5%EC%A7%80-%ED%98%84%ED%99%A9/
1361,남도광역추모공원(자연장),http://namdo.haenam.go.kr/bbs/content.php?co_id=namdo1_2
1362,가평추모공원(자연장지),https://www.gp.go.kr/ksf/search.jsp?query=%EC%B6%94%EB%AA%A8
1363,성산읍공설자연장지,https://www.goifuneral.co.kr/memorial/place/%EC%84%B1%EC%82%B0%EC%9D%8D%EA%B3%B5%EC%84%A4%EC%9E%90%EC%97%B0%EC%9E%A5%EC%A7%80/
1364,목련공원묘원 자연장지,http://www.mrmpark.co.kr/
1365,(재)남양공원묘원 자연장지,https://apply.cheotjang.com/info/%EC%84%B1%EC%A3%BC%EA%B5%B0-%EC%88%98%EB%AA%A9%EC%9E%A5-%EB%82%A9%EA%B3%A8%EB%8B%B9-%EC%95%88%EB%82%B4
1366,(재)영호추모공원 매화동산,https://www.yeonghopark.or.kr/front/tomb
1367,제주영락동산,http://www.jejuyn.or.kr/
1368,여여정사 수목장,https://www.goifuneral.co.kr/memorial/place/%EC%97%AC%EC%97%AC%EC%A0%95%EC%82%AC%EC%88%98%EB%AA%A9%EC%9E%A5/
1369,진주제일교회 수목장,https://religion.korea724.info/kr/%EC%A7%84%EC%A3%BC%EC%A0%9C%EC%9D%BC%EA%B5%90%ED%9A%8C-82-55-757-3535.html
1370,개원추모공원 수목장림,https://apply.cheotjang.com/info/%EC%98%81%EC%B2%9C%EC%8B%9C-%EC%88%98%EB%AA%A9%EC%9E%A5-%EB%82%A9%EA%B3%A8%EB%8B%B9-%EC%95%88%EB%82%B4
1371,원진사지장회수목장,https://www.goifuneral.co.kr/memorial/place/%EC%9B%90%EC%A7%84%EC%82%AC%EC%A7%80%EC%9E%A5%ED%9A%8C%EC%88%98%EB%AA%A9%EC%9E%A5/
1372,선불교자연장지,http://www.zen-buddhism.or.kr/
1373,정음사원추모관,https://www.ch-funeralportal.co.kr/facility-item/129/price/
1374,원주제일교회 자연장지,http://www.wjji.or.kr/main/sub.html?pageCode=6
1375,사모보궁자연장,https://www.gangwon-portal.co.kr/gangwon-facility/90/
1376,오봉사 수목장림,https://foresttimes.kr/%EC%88%98%EB%AA%A9%EC%9E%A5%EB%A6%BC%EC%9D%B4%EB%9E%80-%EA%B5%AD%EB%A6%BD-%EC%88%98%EB%AA%A9%EC%9E%A5%EB%A6%BC-%EA%B0%80%EA%B2%A9/
1377,대원정사 자연장지,http://daewonjeongsa.or.kr/
1378,선연사 자연장지,https://sbsat.co.kr/%EA%B2%BD%EA%B8%B0%EB%8F%84-%EC%9E%90%EC%97%B0%EC%9E%A5%EC%A7%80-%EC%9E%90%EC%97%B0%EC%9E%A5-%EC%A2%85%EB%A5%98-%EB%B9%84%EC%9A%A9-52%EA%B3%B3/
1379,하이패밀리 자연장지,http://www.hifamily.org/
1380,갈월사 자연장지,https://www.goifuneral.co.kr/facility-relocate/87/
1381,김포문수산수목장,http://xn--4k0b59hu4d9vh8zdixcdwntsb216cckdz5b.com/sub/sub01_03.php
1382,살렘전원그리스도의교회자연장지,https://www.metropolitan-funeral.co.kr/facility-place/148/
1383,동화추모공원,https://donghwapark.co.kr:48152/park/memorial02.php
1384,성모자애공원,http://www.smwelfare.or.kr/
1385,용주사 자연장지,https://yongjusa.com/%EC%9A%A9%EC%A3%BC%EC%82%AC/
1386,무궁화공원묘원(자연장지),https://apply.cheotjang.com/info/%EC%96%91%ED%8F%89%EA%B5%B0-%EC%88%98%EB%AA%A9%EC%9E%A5-%EB%82%A9%EA%B3%A8%EB%8B%B9-%EC%95%88%EB%82%B4-%EB%AA%85%EB%8B%B9
1387,시냇가푸른나무교회수목장림,https://xn--o39ayy89el8lf3kb3ax51gyqd.org/
1388,목포남부교회 남부소망동산,http://hinambu.net/main/sub/s1_1.htm
1389,대성교회 자연장지,http://www.daesungchurch.kr/board/list.do?iboardgroupseq=2&iboardmanagerseq=8
1390,영은교회 자연장지(수목장림),https://youngeun-ch.or.kr/?page_id=6687
1391,영은교회 자연장지(수목장),https://youngeun-ch.or.kr/?page_id=6687
1392,대한불교조계종 대원사,http://www.daewonsa.or.kr/coding/sub1/sub5.asp
1393,(재)성모성심수도회 자연장지,http://scmsw.kr/page/about01
1394,대호지공설묘지(자연장),https://www.djuc.or.kr/sub_fac/funeral_02.php
1395,대구시립공원묘지(자연장),https://info.totalwellnessarena.com/daegu-public-cemetery-guide/
1396,망월묘지공원(자연장),https://gjyoungrak.or.kr/
1397,아산시공설자연장지,https://abn.asan.go.kr/develop/m_news/?m_mode=view&cate=news&a_no=2&pds_no=2025121601464208858
1398,사랑하는 우리교회 자연장지,http://lovegwoori.com/
1399,죽림사 자연장지,http://juglimsa.org/bbs/content.php?co_id=102010
1400,국립기억의숲,https://nfm.wbf.or.kr/map.do
1401,성아우구스띠노수도회 자연장지,http://www.osakorea.or.kr/
1402,세종수목장,https://www.sjna.or.kr/
1403,무일선원 수목장림,https://www.goifuneral.co.kr/facilities/137/
1404,화성나래원 수목장,https://apply.cheotjang.com/info/%ED%99%94%EC%84%B1%EC%8B%9C-%EC%88%98%EB%AA%A9%EC%9E%A5-%EB%82%A9%EA%B3%A8%EB%8B%B9-%EC%95%88%EB%82%B4-%EB%AA%85%EB%8B%B9
1405,옥천군공설자연장지,https://www.ch-funeralportal.co.kr/national-hero/free-facility/%EC%98%A5%EC%B2%9C%EA%B5%B0%EA%B3%B5%EC%84%A4%EC%9E%90%EC%97%B0%EC%9E%A5%EC%A7%80%20%EA%B5%AD%EA%B0%80%EC%9C%A0%EA%B3%B5%EC%9E%90%20%EC%95%88%EB%82%B4/
1406,청솔수목장,http://www.chungsol.net/naturalburials
1407,(주)광림공원 동산공원묘원(자연장),https://www.dongsanpark.co.kr/
1408,다래원자연장지,http://www.dwitree.co.kr/
1409,재단법인 효심추모관 자연장지,http://xn--ob0bu3xmng56dmrkm8n.com/main/sub01_01.php
1410,샘물호스피스 자연장지,https://www.hospice.or.kr/bbs/content.php?co_id=company1
1411,동서울교회 자연장지,http://holyds.net/
1412,보령시모란공원 자연장,https://www.brsisul.or.kr/kor/sub01_03_02.do
1413,압해중앙동산,http://www.aphaejeong.or.kr/
1414,향천사 수목장,https://dorodrnfk.com/entry/%EC%98%88%EC%82%B0-%ED%96%A5%EC%B2%9C%EC%82%AC-%EC%B2%9C%EC%98%A4%EB%B0%B1%EB%85%84-%EC%97%AD%EC%82%AC%EB%A5%BC-%ED%92%88%EC%9D%80-%EA%B8%88%EC%98%A4%EC%82%B0%EC%9D%98-%ED%9E%90%EB%A7%81-%EC%82%AC%EC%B0%B0
1415,(재)아름다운 청계공원 자연장지,https://hospitalk.net/%EC%A0%84%EB%9D%BC%EB%82%A8%EB%8F%84-%EC%9E%90%EC%97%B0%EC%9E%A5%EC%A7%80-%ED%98%84%ED%99%A9/
1416,기독교대한감리회 애향숙,https://kmc.or.kr/head-quater-kmc/bishop-greeting
1417,천주교 김천공원묘원,https://www.gcfmc.or.kr/gc_memorialpark/page/link.tc?mn=10013&pageNo=10007
1418,천주교 서천 자연장지,https://sbsat.co.kr/%EC%B6%A9%EC%B2%AD%EB%82%A8%EB%8F%84-%EC%9E%90%EC%97%B0%EC%9E%A5%EC%A7%80-%EC%9E%90%EC%97%B0%EC%9E%A5-%EC%A2%85%EB%A5%98-%EB%B9%84%EC%9A%A9-6%EA%B3%B3/
1419,푸른바다장,https://seago.co.kr/
1420,보배숲추모공원(군립),https://member.nfcf.or.kr/forest/user.tdf?a=common.HtmlApp&c=4001&d=jindo&page=/member/jindo/memory07.html&mc=MEM_JDO_MRY0303
1421,용천바다,http://www.yongcheon.com/
1422,베다니수목장,http://www.betany.net/
1423,(사)바울선교회 자연장지,http://bauri.org/
1424,평안교회 자연장지,http://pyungan.or.kr/
1425,하늘바다해양장,https://hankook-sj.com/product/%ED%8F%AC%ED%95%AD%EC%8B%9C-%ED%95%98%EB%8A%98%EB%B0%94%EB%8B%A4%ED%95%B4%EC%96%91%EC%9E%A5/
1426,영월중앙감리교회 자연장지,https://www.ywjeilch.com/
1427,늘푸른교회,http://www.evergreen17.com/
1428,사단법인 한국불교태고종금강사,http://www.taego.kr/
1429,남흥교회 자연장지,http://dgnhch.com/
1430,분당소망교회 자연장지,http://www.bundangsomang.or.kr/
1431,원각사 자연장지,https://www.gongamcompany.co.kr/
1432,삼사교회 자연장지,https://www.jangji.org/
1433,(재)신세계공원묘원(자연장지),https://xn--989ard898dprbdyi.com/
1434,대한예수교장로회 금호교회 자연장지,https://myjesus.net/
1435,함양공설자연장지,https://hamyangnews.com/42997
1436,석화사 자연장지,https://uknowlaw.com/%EC%9E%90%EC%97%B0%EC%9E%A5%EC%A7%80%EC%99%80-%EC%9E%90%EC%97%B0%EC%9E%A5%EC%A0%9C%EB%8F%84%EC%9D%98-%EB%AA%A8%EB%93%A0-%EA%B2%83-%EA%B0%9C%EB%85%90-%EC%A0%88%EC%B0%A8-%EC%A3%BC%EC%9D%98%EC%82%AC/
1437,포항시우현화장장,https://www.localview.co.kr/store/detail.asp?seq=605803751
1438,익산하늘공원정수원,https://www.goifuneral.co.kr/crematorium-recommendation/127/place/9/
1439,정선하늘터,https://www.gangwon-portal.co.kr/gangwon-all-funeral/%EC%A0%95%EC%84%A0%EB%B3%91%EC%9B%90%EC%9E%A5%EB%A1%80%EC%8B%9D%EC%9E%A5/%EC%A0%95%EC%84%A0%ED%95%98%EB%8A%98%ED%84%B0/%EC%A0%95%EC%84%A0%ED%95%98%EB%8A%98%EC%9B%90/
1440,포항시립구룡포화장장,https://www.pohang.go.kr/bukgu/9055/subview.do
1441,인천가족공원 승화원,https://www.insiseol.or.kr/life/family/facility/memorial.jsp
1442,광주영락공원,https://www.cyberyoungrak.or.kr/main/index.php
1443,사천시 누리원(화장시설),https://www.youthsacheon.com/funeral_01_3.html
1444,영주시화장장,https://www.goifuneral.co.kr/crematorium-recommendation/133/place/14/
1445,상주시승천원,https://www.goifuneral.co.kr/crematorium/%EC%83%81%EC%A3%BC%EC%8B%9C%EC%8A%B9%EC%B2%9C%EC%9B%90/
1446,서남권추모공원,https://www.goifuneral.co.kr/crematorium/%EC%84%9C%EB%82%A8%EA%B6%8C%EC%B6%94%EB%AA%A8%EA%B3%B5%EC%9B%90(%EC%A0%95%EC%9D%8D)/
1447,성남시장례문화사업소,https://www.seongnam.go.kr/city/1001275/10860/contents.do
1448,전주시승화원,https://www.goifuneral.co.kr/crematorium/%EC%A0%84%EC%A3%BC%EC%8B%9C%EC%8A%B9%ED%99%94%EC%9B%90/
1449,대전시정수원,https://www.djsiseol.or.kr/portal/sub040205.asp
1450,울산하늘공원 승화원,https://www.uic.or.kr/skypark/info/info01.do
1451,원주추모공원 화장장,https://www.goifuneral.co.kr/crematorium/%EC%9B%90%EC%A3%BC%EC%B6%94%EB%AA%A8%EA%B3%B5%EC%9B%90/
1452,통영시추모공원,https://www.tongyeong.go.kr/
1453,대구명복공원,https://m.dgsisul.or.kr/sub03/03_02.php
1454,공주나래원,https://www.gongju.go.kr/naraewon/sub05_01.do
1455,함안하늘공원(화장시설),http://hamanhaneul.or.kr/?page_id=2639
1456,은하수공원 해님의집(화장장),https://place.udanax.org/p/2103960/%EC%9D%80%ED%95%98%EC%88%98%EA%B3%B5%EC%9B%90%ED%95%B4%EB%8B%98%EC%9D%98%EC%A7%91
1457,홍성추모공원,https://www.hongseong.go.kr/choomo/sub04_01.do
1458,제천시영원한쉼터,https://www.star-queen.co.kr/product/%EC%A0%9C%EC%B2%9C%EC%8B%9C%EC%98%81%EC%9B%90%ED%95%9C%EC%89%BC%ED%84%B0/
1459,수원시연화장 승화원,https://yhjjr.suwonudc.co.kr/base/main/view
1460,경주하늘마루,https://jsflower.kr/funeral/%EA%B2%BD%EC%A3%BC%ED%95%98%EB%8A%98%EB%A7%88%EB%A3%A8%EC%9E%A5%EB%A1%80%EC%8B%9D%EC%9E%A5/
1461,속초시승화원,https://www.sokchosiseol.or.kr/biz/welfare.do
1462,의성군공설화장장,https://usc.go.kr/together/page.do?mnu_uid=2249
1463,청주시목련공원,http://xn--9n2b17qea800cca76r89j.com/
1464,동해삼척 공동화장장(승화원),https://www.gangwon-portal.co.kr/gangwon-benefit/crema/%EB%8F%99%ED%95%B4%EC%8B%9C%20%EB%8F%99%ED%95%B4%EC%82%BC%EC%B2%99%20%EC%8A%B9%ED%99%94%EC%9B%90/
1465,인제 하늘내린도리안,https://www.inje.go.kr/portal/field-info/welfare
1466,태백시화장장,https://www.taebaek.go.kr/www/contents.do?key=435
1467,남도광역추모공원,https://namdo.haenam.go.kr/bbs/content.php?co_id=namdo1_4
1468,남해추모누리 영화원,https://www.goifuneral.co.kr/crematorium/%EB%82%A8%ED%95%B4%EC%B6%94%EB%AA%A8%EB%88%84%EB%A6%AC%EC%98%81%ED%99%94%EC%9B%90/
1469,김천시립추모공원,https://www.gcfmc.or.kr/gc_memorialpark/page/link.tc?mn=10013&pageNo=10007
1470,목포추모공원,http://www.mokpopark.com/bbs/content.php?co_id=c111
1471,서울추모공원,https://www.sisul.or.kr/open_content/memorial/park/introduce.jsp
1472,김해추모의공원,https://www.linktoplace.com/index.php/map_list.php/index.php/index.php?action=view&no=30590&name=%EA%B9%80%ED%95%B4%EC%B6%94%EB%AA%A8%EC%9D%98%EA%B3%B5%EC%9B%90
1473,밀양시공설화장시설,https://info.pro1.kr/entry/%EB%B0%80%EC%96%91%EC%8B%9C%EC%84%A4%EA%B4%80%EB%A6%AC%EA%B3%B5%EB%8B%A8-%ED%99%88%ED%8E%98%EC%9D%B4%EC%A7%80
1474,천안추모공원,https://hanoelswould.com/entry/%EC%B2%9C%EC%95%88%EC%B6%94%EB%AA%A8%EA%B3%B5%EC%9B%90-%EC%9C%A0%ED%83%9D%EB%8F%99%EC%82%B0-%EC%9D%B4%EC%9A%A9-%EC%A0%95%EB%B3%B4%EC%99%80-%EC%9E%A5%EB%A1%80%EC%8B%9D%EC%9E%A5-%EC%8B%9C%EC%84%A4-%EC%95%88%EB%82%B4
1475,충주시시설관리공단,https://www.cjfmc.or.kr/www/contents.do?key=52
1476,솔향하늘길,https://www.goifuneral.co.kr/crematorium/%EC%86%94%ED%96%A5%ED%95%98%EB%8A%98%EA%B8%B8%20%ED%99%94%EC%9E%A5%EC%9E%A5(%EA%B0%95%EB%A6%89)/
1477,울릉하늘섬공원,https://dggb-portal.funeralblog.co.kr/beneficiary/crematorium/%EC%9A%B8%EB%A6%89%ED%95%98%EB%8A%98%EC%84%AC%EA%B3%B5%EC%9B%90/
1478,창원시립마산화장장,https://www.cwsisul.or.kr/_masanch/_sub01/sub01_01.html
1479,서울시립승화원,https://hospitalzero.co.kr/%EC%84%9C%EC%9A%B8%EC%8B%9C%EB%A6%BD%EC%8A%B9%ED%99%94%EC%9B%90-%EC%98%88%EC%95%BD-%ED%99%88%ED%8E%98%EC%9D%B4%EC%A7%80-https-www-sisul-or-kr-open_content-memorial/
1480,군산시승화원,https://www.goifuneral.co.kr/crematorium/%EA%B5%B0%EC%82%B0%EC%8B%9C%EC%8A%B9%ED%99%94%EC%9B%90/
1481,남원시승화원,https://www.goifuneral.co.kr/crematorium/%EB%82%A8%EC%9B%90%EC%8B%9C%EC%8A%B9%ED%99%94%EC%9B%90/
1482,부산영락공원,https://www.ciff.kr/h/%EB%B6%80%EC%82%B0%20%EC%98%81%EB%9D%BD%EA%B3%B5%EC%9B%90%20%ED%99%88%ED%8E%98%EC%9D%B4%EC%A7%80
1483,고성군공설화장장,https://www.goseong.go.kr/
1484,순천시립추모공원,https://www.goifuneral.co.kr/crematorium/%EC%88%9C%EC%B2%9C%EC%8B%9C%EB%A6%BD%EC%B6%94%EB%AA%A8%EA%B3%B5%EC%9B%90/
1485,춘천안식원,https://www.cuc.or.kr/listBoard.do?divId=40
1486,안동장사문화공원,https://www.andongsisul.or.kr:452/coding/sub2/sub4_2.asp
1487,승화원(화장장),https://www.sisul.or.kr/open_content/memorial/use/apply.jsp
1488,용인 평온의 숲(나래원),https://www.tranquil-forest.or.kr/main_new/m01/1
1489,울진군립추모원,https://dggb-portal.funeralblog.co.kr/facility-place/31/
1490,문경예송원,https://www.gbmg.go.kr/portal/contents.do?mId=0404060200
1491,광양시화장장,https://cemetery.gwangyang.go.kr/pr/info/crematory
1492,창원시립상복공원,https://www.cwsisul.or.kr/_sangbok/_sub02/sub02_01_03.html
1493,구미시추모공원,https://www.gmuc.or.kr/sky/page.do?mid=359
1494,양지공원,http://15774129.go.kr/
1495,진주시안락공원,https://www.jinju.go.kr/00134/00614/06564.web
1496,화성함백산추모공원(화장),https://www.hu.or.kr/www/M040000/M040500/M0405003/M04050034.jsp
1497,(재)아름다운 청계공원 화장시설,http://www.1925.co.kr/
1498,국립소록도병원화장장,https://www.sorokdo.go.kr/sorokdo/html/content.do?menu_cd=01_01_01&depth=hs
