넘버,이름,사용료 항목,사용료 내역,요금
1,함안하늘공원(자연장지),일반(관내),잔디형 사용료/30년(연장불가)/1기당,"300,000 원"
1,함안하늘공원(자연장지),일반(관외),잔디형 사용료/30년(연장불가)/1기당,"600,000 원"
1,함안하늘공원(자연장지),일반(관내),수목형 사용료/30년(연장불가)/1기당,"350,000 원"
1,함안하늘공원(자연장지),일반(관외),수목형 사용료/30년(연장불가)/1기당,"900,000 원"
1,함안하늘공원(자연장지),일반-국가보훈대상자(관내),잔디형  사용료/30년(연장불가)1기당,0
1,함안하늘공원(자연장지),일반-국가보훈대상자(관외),잔디형 사용료/30년(연장불가)/1기당,0
1,함안하늘공원(자연장지),일반-국가보훈대상자(관내),수목형 사용료/30년(연장불가)/1기당,0
1,함안하늘공원(자연장지),일반-국가보훈대상자(관외),수목형 사용료/30년(연장불가)/1기당,0
1,함안하늘공원(자연장지),일반-기초생활수급자(관내),잔디형 사용료/30년(연장불가)/1기당,0
1,함안하늘공원(자연장지),일반-기초생활수급자(관외),잔디형 사용료/30년(연장불가)/1기당,0
1,함안하늘공원(자연장지),일반-기초생활수급자(관내),수목형 사용료/30년(연장불가)/1기당,0
1,함안하늘공원(자연장지),일반-기초생활수급자(관외),수목형 사용료/30년(연장불가)/1기당,0
1,함안하늘공원(자연장지),일반-함안군의로운군민의사상자(관내),잔디형 사용료/30년(연장불가)/1기당,0
1,함안하늘공원(자연장지),일반-함안군의로운군민의사상자(관내),수목형 사용료/30년(연장불가)/1기당,0
1,함안하늘공원(자연장지),일반(관내),잔디형 관리비/30년(연장불가)/1기당,"100,000 원"
1,함안하늘공원(자연장지),일반(관외),잔디형 관리비/30년(연장불가)/1기당,"300,000 원"
1,함안하늘공원(자연장지),일반(관내),수목형 관리비/30년(연장불가)/1기당,"100,000 원"
1,함안하늘공원(자연장지),일반(관외),수목형 관리비/30년(연장불가)/1기당,"300,000 원"
1,함안하늘공원(자연장지),일반-국가보훈대상자(관내),잔디형 관리비/30년(연장불가)/1기당,"100,000 원"
1,함안하늘공원(자연장지),일반-국가보훈대상자(관외),잔디형 관리비/30년(연장불가)/1기당,"300,000 원"
1,함안하늘공원(자연장지),일반-국가보훈대상자(관내),수목형 관리비/30년(연장불가)/1기당,"100,000 원"
1,함안하늘공원(자연장지),일반-국가보훈대상자(관외),수목형 관리비/30년(연장불가)/1기당,"300,000 원"
1,함안하늘공원(자연장지),일반-기초생활수급자(관내),잔디형 관리비/30년(연장불가)/1기당,"100,000 원"
1,함안하늘공원(자연장지),일반-기초생활수급자(관외),잔디형 관리비/30년(연장불가)/1기당,"300,000 원"
1,함안하늘공원(자연장지),일반-기초생활수급자(관내),수목형 관리비/30년(연장불가)/1기당,"100,000 원"
1,함안하늘공원(자연장지),일반-기초생활수급자(관외),수목형 관리비/30년(연장불가)/1기당,"300,000 원"
1,함안하늘공원(자연장지),일반-함안군의로운군민의사상자(관내),잔디형 관리비/30년(연장불가)/1기당,"100,000 원"
1,함안하늘공원(자연장지),일반-함안군의로운군민의사상자(관내),수목형 관리비/30년(연장불가)/1기당,"100,000 원"
2,남해추모누리공원 자연장지,자연장지(1구),"관내,30년 사용","300,000 원"
2,남해추모누리공원 자연장지,자연장지(1구),"관내,30년 관리","60,000 원"
2,남해추모누리공원 자연장지,자연장지(1구),"관외,30년 사용","900,000 원"
2,남해추모누리공원 자연장지,자연장지(1구),"관외,30년 관리","180,000 원"
2,남해추모누리공원 자연장지,자연장지(2구),"관내,30년 사용","550,000 원"
2,남해추모누리공원 자연장지,자연장지(2구),"관내,30년 관리","90,000 원"
2,남해추모누리공원 자연장지,자연장지(2구),"관외,30년 사용","1,650,000 원"
2,남해추모누리공원 자연장지,자연장지(2구),"관외,30년 관리","270,000 원"
2,남해추모누리공원 자연장지,자연장지(4구),"관내,30년 사용","1,100,000 원"
2,남해추모누리공원 자연장지,자연장지(4구),"관내,30년 관리","150,000 원"
2,남해추모누리공원 자연장지,자연장지(4구),"관외,30년 사용","3,300,000 원"
2,남해추모누리공원 자연장지,자연장지(4구),"관외,30년 관리","450,000 원"
2,남해추모누리공원 자연장지,자연장지(6구),"관내,30년 사용","1,650,000 원"
2,남해추모누리공원 자연장지,자연장지(6구),"관내,30년 관리","210,000 원"
2,남해추모누리공원 자연장지,자연장지(6구),"관외,30년 사용","4,950,000 원"
2,남해추모누리공원 자연장지,자연장지(6구),"관외,30년 관리","630,000 원"
2,남해추모누리공원 자연장지,"자연장지,문중종중(48기이하)","관내, 기당, 사용","275,000 원"
2,남해추모누리공원 자연장지,"자연장지,문중종중(48기이하)","관내, 관리","15,000 원"
2,남해추모누리공원 자연장지,"자연장지,문중종중(48기이하)","관외, 기당, 사용","825,000 원"
2,남해추모누리공원 자연장지,"자연장지,문중종중(48기이하)","관외, 관리","45,000 원"
3,은하수공원 자연장지,개인장,관내,"650,000 원"
3,은하수공원 자연장지,행복개장,관내,"500,000 원"
3,은하수공원 자연장지,가족4기,관내,"2,600,000 원"
3,은하수공원 자연장지,가족6기,관내,"3,900,000 원"
3,은하수공원 자연장지,가족8기,관내,"5,200,000 원"
3,은하수공원 자연장지,종중장,관내,"500,000 원"
3,은하수공원 자연장지,종중장,부부합장,"680,000 원"
3,은하수공원 자연장지,개인장,관외,"975,000 원"
3,은하수공원 자연장지,가족4기,관외,"3,900,000 원"
3,은하수공원 자연장지,가족6기,관외,"5,850,000 원"
3,은하수공원 자연장지,가족8기,관외,"7,800,000 원"
3,은하수공원 자연장지,공동목(관내),1위기준,"930,000 원"
3,은하수공원 자연장지,가족4위,관내,"3,720,000 원"
3,은하수공원 자연장지,가족8위,관내,"7,440,000 원"
3,은하수공원 자연장지,공동목(관외),1위기준,"1,400,000 원"
3,은하수공원 자연장지,가족4위,관외,"5,600,000 원"
3,은하수공원 자연장지,가족8위,관외,"11,200,000 원"
3,은하수공원 자연장지,잔디장 합장료,관내,"260,000 원"
3,은하수공원 자연장지,잔디장 합장료,관외,"390,000 원"
4,유토피아수목장,일반수목/개인형(1기),관리비5만원(1년)/5년선납,"3,500,000 원"
4,유토피아수목장,일반수목/부부형(2기),관리비5만원(1년)/5년선납,"5,000,000 원"
4,유토피아수목장,일반수목/가족형(4기),관리비5만원(1년)/5년선납,"7,000,000 원"
4,유토피아수목장,일반수목/대가족형(8기),관리비10만원(1년)/5년선납,"11,000,000 원"
4,유토피아수목장,일반수목/공동형(1기),관리비2만원(1년)/5년선납,"1,500,000 원"
4,유토피아수목장,해송 소나무/개인형(1기),관리비7만원(1년)/5년선납,"5,000,000 원"
4,유토피아수목장,해송 소나무/부부형(2기),관리비7만원(1년)/5년선납,"6,500,000 원"
4,유토피아수목장,해송 소나무/가족형(4기),관리비7만원(1년)/5년선납,"8,500,000 원"
4,유토피아수목장,해송 소나무/대가족형(8기),관리비14만원(1년)/5년선납,"14,000,000 원"
4,유토피아수목장,소나무/개인형(1기),관리비7만원(1년)/5년선납,"6,500,000 원"
4,유토피아수목장,소나무/부부형(2기),관리비7만원(1년)/5년선납,"8,500,000 원"
4,유토피아수목장,소나무/가족형(4기),관리비7만원(1년)/5년선납,"12,000,000 원"
4,유토피아수목장,소나무/대가족형(8기),관리비14만원(1년)/5년선납,"19,000,000 원"
4,유토피아수목장,일반수목/가족형(4기),관리비5만원(1년)/5년선납,"10,000,000 원"
4,유토피아수목장,소나무/대가족형(8기),관리비28만원(1년)/5년선납,"40,000,000 원"
4,유토피아수목장,반송/부부형(2기),관리비7만원(1년)/5년선납,"10,000,000 원"
4,유토피아수목장,반송/가족형(4기),관리비14만원(1년)/5년선납,"15,000,000 원"
4,유토피아수목장,반송/가족형(8기),관리비14만원(1년)/5년선납,"20,000,000 원"
5,화성하늘공원수목장림,없음,없음,없음
6,신불산 추모공원 수목장,수목장지(1위),,"2,000,000 원"
6,신불산 추모공원 수목장,수목 잔디 가족장지,,"4,000,000 원"
6,신불산 추모공원 수목장,수목 가족장지,,"5,000,000 원"
6,신불산 추모공원 수목장,수목 가족장지,,"9,000,000 원"
6,신불산 추모공원 수목장,대가족형,"17,000,000~24,000,000",
6,신불산 추모공원 수목장,가족형,,"15,000,000 원"
6,신불산 추모공원 수목장,가족형,,"5,000,000 원"
6,신불산 추모공원 수목장,"개인,부부형",,"3,000,000 원"
6,신불산 추모공원 수목장,연관리비,,"300,000 원"
6,신불산 추모공원 수목장,연관리비,,"213,400 원"
6,신불산 추모공원 수목장,연관리비,,"106,800 원"
6,신불산 추모공원 수목장,연관리비,,"85,400 원"
6,신불산 추모공원 수목장,연관리비,,"64,000 원"
6,신불산 추모공원 수목장,연관리비,,"42,600 원"
6,신불산 추모공원 수목장,연관리비,,"21,400 원"
6,신불산 추모공원 수목장,"개인,부부형",양산시민 기초생활수급자(10%할인),"2,700,000 원"
7,자연숲추모공원 수목장림,가족목/조형목(A등급),기간:30년(4인기준) / 사용료 500만원 + 관리비450만원,"9,500,000 원"
7,자연숲추모공원 수목장림,가족목/조형목(B등급),기간:30년(4인기준) / 사용료 450만원 + 관리비450만원,"9,000,000 원"
7,자연숲추모공원 수목장림,가족목/조림목(A등급),기간:30년(4인기준) / 사용료 400만원 + 관리비360만원,"7,600,000 원"
7,자연숲추모공원 수목장림,가족목/조림목(B등급),기간:30년(4인기준) / 사용료 360만원 + 관리비360만원,"7,200,000 원"
7,자연숲추모공원 수목장림,가족목/자연목(A등급),기간:30년(4인기준) / 사용료 300만원 + 관리비360만원,"6,600,000 원"
7,자연숲추모공원 수목장림,가족목/자연목(B등급),기간:30년(4인기준) / 사용료 260만원 + 관리비360만원,"6,200,000 원"
7,자연숲추모공원 수목장림,가족목/자연목(C등급),기간:30년(4인기준) / 사용료 200만원 + 관리비265만원,"4,650,000 원"
7,자연숲추모공원 수목장림,부부목/조형목,기간:30년(2인기준) / 사용료 200만원 + 관리비350만원,"5,500,000 원"
7,자연숲추모공원 수목장림,부부목/조림목,기간:30년(2인기준) / 사용료 200만원 + 관리비250만원,"4,500,000 원"
7,자연숲추모공원 수목장림,공동목(A등급),기간:30년(1인기준) / 사용료 87만원 + 관리비60만원,"1,470,000 원"
7,자연숲추모공원 수목장림,공동목(B등급),기간:30년(1인기준) / 사용료 30만원 + 관리비60만원,"900,000 원"
7,자연숲추모공원 수목장림,잔디장/1인(개인),기간:30년(1인기준) / 사용료 30만원 + 관리비60만원,"900,000 원"
7,자연숲추모공원 수목장림,잔디장/2인(부부),기간:30년(2인기준) / 사용료 60만원 + 관리비90만원,"1,500,000 원"
7,자연숲추모공원 수목장림,가족목/자연목/취약계층,기간:15년(3인기준) / 사용료 100만원+관리비132.5만원,"2,325,000 원"
7,자연숲추모공원 수목장림,공동목/취약계층,기간:30년(1인기준) / 사용료 87만원 + 관리비60만원,"1,470,000 원"
8,에버그린수목장,잔디A,1위,"1,500,000 원"
8,에버그린수목장,잔디B,1위,"2,000,000 원"
8,에버그린수목장,수목형잔디장,1위,"3,000,000 원"
8,에버그린수목장,측백,2위,"5,000,000 원"
8,에버그린수목장,에메랄드골드,2위,"6,000,000 원"
8,에버그린수목장,황금측백,2위-4위,"8,000,000 원"
8,에버그린수목장,소나무,4위-8위,"17,000,000 원"
8,에버그린수목장,반송,4위-6위,"17,000,000 원"
8,에버그린수목장,반송대,8위-12위,"30,000,000 원"
8,에버그린수목장,백송,8위-12위,"30,000,000 원"
9,정안수목장,최고급수목장,20기,"35,000,000 원"
9,정안수목장,공동수목장,1기,"1,000,000 원"
9,정안수목장,부부수목장,2기,"9,000,000 원"
9,정안수목장,개인수목장,1기,"3,000,000 원"
9,정안수목장,개인수목장,1기,"4,000,000 원"
9,정안수목장,개인수목장,1기,"5,000,000 원"
9,정안수목장,부부수목장,2기,"8,000,000 원"
9,정안수목장,부부수목장,2기,"10,000,000 원"
9,정안수목장,가족수목장,4기,"10,000,000 원"
9,정안수목장,가족수목장,8기,"25,000,000 원"
9,정안수목장,가족수목,6기,"15,000,000 원"
9,정안수목장,고급수목장,8기,"20,000,000 원"
9,정안수목장,최고급수목장,10기,"30,000,000 원"
9,정안수목장,최고급수목장,30기,"40,000,000 원"
10,에덴의정원 수목장,자연장1(공동장),1기,"2,000,000 원"
10,에덴의정원 수목장,자연장2(공동장),1기,"3,000,000 원"
10,에덴의정원 수목장,개인목,1기,"5,000,000 원"
10,에덴의정원 수목장,부부목,2기,"8,000,000 원"
10,에덴의정원 수목장,소가족목,4기,"10,000,000 원"
10,에덴의정원 수목장,가족목1,6기,"18,000,000 원"
10,에덴의정원 수목장,가족목2,8기,"23,000,000 원"
10,에덴의정원 수목장,가족목3,10기,"29,000,000 원"
10,에덴의정원 수목장,대가족목,14기,"39,000,000 원"
11,천봉사자연장지,대가족목,반송,"3,000 원"
11,천봉사자연장지,대가족목,반송,"3,900 원"
11,천봉사자연장지,대가족목,반송,"4,300 원"
11,천봉사자연장지,가족목,조경송,"1,200 원"
11,천봉사자연장지,가족목,조경송,800 원
11,천봉사자연장지,가족목,조경송,900 원
11,천봉사자연장지,개인목,주목,200 원
11,천봉사자연장지,개인목,사철나무,200 원
11,천봉사자연장지,공동목,장송,100 원
11,천봉사자연장지,공동목,소나무,100 원
11,천봉사자연장지,공동목,반송,100 원
12,일산공감수목장(봉화사),개인목(1위),관리비 년 4~5만원 / 5년 선납,"6,000,000 원"
12,일산공감수목장(봉화사),부부목(2위),관리비 년 5~9만원 / 5년 선납,"10,000,000 원"
12,일산공감수목장(봉화사),가족목(4위),관리비 년 12~20만원 / 5년 선납,"35,000,000 원"
12,일산공감수목장(봉화사),공동목,년 4만원 / 5년선납,"3,000,000 원"
12,일산공감수목장(봉화사),1. 계약금 환불 (계약금만 납부하고 해지),"30일 이내 100%, 6개월 이하 90%, 1년 이하 80%, 1년 초과 자동해지",0
12,일산공감수목장(봉화사),2. 사용료 환불 (완납 후 유골 미안치 해지),"6개월 이하 55%, 1년 이하 50%, 1년 초과 취소불가",0
12,일산공감수목장(봉화사),3. 유골 안치 후 해지,환불없음,
12,일산공감수목장(봉화사),4. 관리비 환불,관리비 환불금 = 관리비 1일분 * 남아있는 관리일,
13,용인추모원 자연장지,공동목 / 개인,12위,"3,500,000 원"
13,용인추모원 자연장지,공동목 / 개인,12위,"3,500,000 원"
13,용인추모원 자연장지,공동목 / 개인,24위,"2,000,000 원"
13,용인추모원 자연장지,공동목 / 부부,24위,"4,000,000 원"
13,용인추모원 자연장지,가족목,2위,"5,000,000 원"
13,용인추모원 자연장지,가족목,4위,"20,000,000 원"
13,용인추모원 자연장지,가족목,8위,"30,000,000 원"
13,용인추모원 자연장지,5년 관리비,1위,"200,000 원"
14,의성군 천제공원(자연장지),"잔디장지(개인,관내)",30년,"600,000 원"
14,의성군 천제공원(자연장지),"잔디장지(개인,관내등록기준지)",관내등록기준지는 「가족관계의 등록 등에 관한 법률」제9조에 따른 등록기준지가 사망당시 의성군으로 되어 있는 사람,"1,200,000 원"
14,의성군 천제공원(자연장지),"수목장(공동목,관내)",30년,"600,000 원"
14,의성군 천제공원(자연장지),"수목장(공동목,관내등록기준지)",관내등록기준지는 「가족관계의 등록 등에 관한 법률」제9조에 따른 등록기준지가 사망당시 의성군으로 되어 있는 사람,"1,200,000 원"
14,의성군 천제공원(자연장지),"잔디장지(합장,관내)",30년,"300,000 원"
14,의성군 천제공원(자연장지),"잔디장지(합장,관내등록기준지)",관내등록기준지는 「가족관계의 등록 등에 관한 법률」제9조에 따른 등록기준지가 사망당시 의성군으로 되어 있는 사람,"600,000 원"
14,의성군 천제공원(자연장지),"잔디장지(가족,관내)",30년,"2,400,000 원"
14,의성군 천제공원(자연장지),"잔디장지(합장,관내등록기준지)",관내등록기준지는 「가족관계의 등록 등에 관한 법률」제9조에 따른 등록기준지가 사망당시 의성군으로 되어 있는 사람,"4,800,000 원"
14,의성군 천제공원(자연장지),"수목장(가족목,관내)",30년,"2,400,000 원"
14,의성군 천제공원(자연장지),"수목장(가족목,관내등록기준지)",관내등록기준지는 「가족관계의 등록 등에 관한 법률」제9조에 따른 등록기준지가 사망당시 의성군으로 되어 있는 사람,"4,800,000 원"
15,백양사수목장,자연장(관목),1위,"1,000,000 원"
15,백양사수목장,공동추모목(교목),1위,"1,500,000 원"
15,백양사수목장,개인추모목(교목),1위,"2,000,000 원"
15,백양사수목장,2인추모목(교목),2위,"4,000,000 원"
15,백양사수목장,가족추모목(교목)_상담,3위이상,"6,000,000 원"
16,용인 평온의 숲(예정원),개인1위(1구당),관내(최초 30년),"500,000 원"
16,용인 평온의 숲(예정원),개인1위(1구당),관외(최초 30년),"750,000 원"
16,용인 평온의 숲(예정원),최초관리비(1구당),관내(최초 30년),"600,000 원"
16,용인 평온의 숲(예정원),최초관리비(1구당),관외(최초 30년),"900,000 원"
16,용인 평온의 숲(예정원),가족4위(1구당),관내(최초 30년),"750,000 원"
16,용인 평온의 숲(예정원),가족4위(1구당),관외(최초 30년),"1,100,000 원"
16,용인 평온의 숲(예정원),가족6위(1구당),관내(최초 30년),"700,000 원"
16,용인 평온의 숲(예정원),가족6위(1구당),관외(최초 30년),"1,000,000 원"
16,용인 평온의 숲(예정원),공동12위(1구당),관내(최초 30년),"900,000 원"
16,용인 평온의 숲(예정원),공동12위(1구당),관외(최초 30년),"900,000 원"
17,늘푸른수목장 (청광사),개인목(1인)/황금측백,관리비3만(1년)/10년선납,"2,000,000 원"
17,늘푸른수목장 (청광사),부부목(2인)/에메랄드골드,관리비5만(1년)/10년선납,"4,000,000 원"
17,늘푸른수목장 (청광사),부부목(2인)/오엽송,관리비6만(1년)/10년선납,"5,000,000 원"
17,늘푸른수목장 (청광사),가족목(4인)/향나무,관리비8만(1년)/10년선납,"8,000,000 원"
17,늘푸른수목장 (청광사),가족목(6인)/반송,관리비15만(1년)/10년선납,"15,000,000 원"
17,늘푸른수목장 (청광사),잔디(1인),관리비1만(1년)/10년선납,"600,000 원"
17,늘푸른수목장 (청광사),추가안치비,,"1,000,000 원"
18,별그리다(별의숲),잔디형,어린이전용,"460,000 원"
18,별그리다(별의숲),공동 수목형,14가지의 수종으로 공동형 구성(상세금액 별도),"690,000 원"
18,별그리다(별의숲),공동 잔디형,공동 잔디형(상세금액 별도),"960,000 원"
18,별그리다(별의숲),화초형,4가지의 수종으로 개인형 구성(상세금액 별도),"1,180,000 원"
18,별그리다(별의숲),가족 잔디형,가족 잔디형(상세금액 별도),"7,200,000 원"
18,별그리다(별의숲),가족 수목형,14가지의 수종으로 가족형 구성(상세금액 별도),"9,600,000 원"
18,별그리다(별의숲),관리비,"공동형 20,000원 / 가족형 (상세금액 별도)","20,000 원"
19,삼척시 추모공원 2단지 자연장,단장(1.5m2)    30년,사용료(26만원)+관리비(10만원)+매장비(5만원),"410,000 원"
19,삼척시 추모공원 2단지 자연장,합장(1.95m2)   30년,사용료(34만원)+관리비(12만원)+매장비(5만원),"510,000 원"
19,삼척시 추모공원 2단지 자연장,2기 합장(1.95m2)  30년,사용료(34만원)+관리비(12만원)+매장비(10만원),"560,000 원"
19,삼척시 추모공원 2단지 자연장,단장(1.5m2)    30년,"국가유공자(60년면제),수급자(1회면제)",
19,삼척시 추모공원 2단지 자연장,합장(1.95m2)   30년,"국가유공자(60년면제),수급자(1회면제)",
19,삼척시 추모공원 2단지 자연장,"단장 석물 (고인 및 유가족비석,화병,하단)","국가유공자,수급자포함","407,000 원"
19,삼척시 추모공원 2단지 자연장,"합장 석물 (고인 및 유가족비석,화병,하단)","국가유공자,수급자포함","457,000 원"
20,자연애숲,공동목(소나무),1위,"1,500,000 원"
20,자연애숲,개인목(회양목),1위,"3,000,000 원"
20,자연애숲,개인목(외대반송 소),1위,"6,000,000 원"
20,자연애숲,부부목(외대반송 중),1위,"3,500,000 원"
20,자연애숲,부부목(코니카),1위,"5,000,000 원"
20,자연애숲,가족목(소나무),1위,"5,000,000 원"
20,자연애숲,특별목,1위,"15,000,000 원"
20,자연애숲,미사용 수목 환불 규정,"계약일로부터 1년미만 사용료 60%환급, 1년이상 5년미만 40%환급, 5년이상은 환급없음",0
20,자연애숲,유골 반출 시 관리비 환불 규정,납부 금액의 미사용분 월할계산 환급,0
20,자연애숲,안치 후 환불 규정,환불 없음,
21,늘푸른수목장,부부형,4기안치,"4,000,000 원"
21,늘푸른수목장,가족형,10기 안치가능,"6,000,000 원"
21,늘푸른수목장,대가족형,"20기 안치가능, 공동표지석 설치","15,000,000 원"
21,늘푸른수목장,공동목,1기 안치가능,"2,000,000 원"
21,늘푸른수목장,관리비,1년 3만원 10년선납 30만원,0
22,사천시 누리원(자연장지),개인용(1구),면적:0.25m2 사용료:30년,"300,000 원"
22,사천시 누리원(자연장지),개인용(1구)-관리비,면적:0.25m2 사용료:30년 개인용(1구)-관리비,"100,000 원"
22,사천시 누리원(자연장지),가족(2구),면적:0.50m2 사용료:30년,"600,000 원"
22,사천시 누리원(자연장지),가족(2구)-관리비,면적:0.50m2 사용료:30년 가족(2구)-관리비,"100,000 원"
22,사천시 누리원(자연장지),가족(4구),면적:1.00m2 사용료:30년,"1,200,000 원"
22,사천시 누리원(자연장지),가족(4구)-관리비,면적:1.00m2 사용료:30년 가족(4구)-관리비,"100,000 원"
22,사천시 누리원(자연장지),가족(6구),면적:1.5m2 사용료:30년,"1,800,000 원"
22,사천시 누리원(자연장지),가족(6구)-관리비,면적:1.5m2 사용료:30년 가족(6구)-관리비,"100,000 원"
23,신광사수목장,황금측백나무,"개인목, 1인 안치","4,000,000 원"
23,신광사수목장,주목나무,"개인목, 부부목, 1인~ 2인 안치","7,000,000 원"
23,신광사수목장,육송나무,"개인목, 부부목, 1인~ 2인 안치","7,000,000 원"
23,신광사수목장,황금반송,"개인목, 부부목, 1인~ 2인 안치","16,000,000 원"
23,신광사수목장,전나무,"개인목, 부부목, 1인~ 2인 안치","11,000,000 원"
23,신광사수목장,편백(삼)나무,"개인목, 부부목, 1인~ 4인 안치","12,000,000 원"
23,신광사수목장,소나무(해송),"개인목, 부부목, 가족목, 1인~ 16인 안치","16,000,000 원"
23,신광사수목장,관리비,상품 구분없이 나무 1기당/10년 관리비 선납,"500,000 원"
24,인천가족공원 자연장,수목장림 및 잔디장,사용료,"600,000 원"
24,인천가족공원 자연장,수목장림 및 잔디장,관리료(1년),"10,000 원"
24,인천가족공원 자연장,정원식수목장,사용료,"1,000,000 원"
24,인천가족공원 자연장,정원식수목장,관리료(1년),"10,000 원"
24,인천가족공원 자연장,수목장림 및 잔디장,사용료,"600,000 원"
24,인천가족공원 자연장,수목장림 및 잔디장,관리료(1년),"10,000 원"
24,인천가족공원 자연장,정원식수목장,사용료,"1,000,000 원"
24,인천가족공원 자연장,정원식수목장,관리료(1년),"10,000 원"
25,호정공원(자연장),공동수목 1기,"사용료 / 안장비 별도,공동관리비 별도(2만/년)","2,500,000 원"
25,호정공원(자연장),가족수목 2기,"사용료 / 안장비 별도, 공동관리비 별도(3만/년)","6,000,000 원"
25,호정공원(자연장),가족수목 4기,"사용료 / 안장비 별도, 공동관리비 별도(6만/년)","10,000,000 원"
25,호정공원(자연장),가족수목 8기,"사용료 / 안장비 별도, 공동관리비 별도(12만/년)","18,000,000 원"
25,호정공원(자연장),잔디장 1기,"사용료 / 안장비 별도, 공동관리비 별도(2만/년)","2,000,000 원"
25,호정공원(자연장),화초장 1기,"사용료 / 안장비 별도, 공동관리비 별도(3만/년)","2,500,000 원"
26,함양하늘공원(자연장지),수목장 토지사용비,1기당,"3,200,000 원"
26,함양하늘공원(자연장지),수목장 관리비,1년당,"100,000 원"
26,함양하늘공원(자연장지),수목장 안장비,1기당,"500,000 원"
26,함양하늘공원(자연장지),수목조성비,1기당,"1,600,000 원"
26,함양하늘공원(자연장지),추가 안장비,1기당,"2,100,000 원"
27,중앙추모공원,부부목(외대반송/2위),사용료 600만원/5년관리비 30만원,"6,000,000 원"
27,중앙추모공원,부부목(외대반송/2위),사용료 700만원/5년관리비 30만원,"7,000,000 원"
27,중앙추모공원,가족목(반송/2위~4위),사용료 1000만원/5년 관리비 30만원,"10,000,000 원"
27,중앙추모공원,고급목(조선소나무/2위~8위),사용료 2500만원/5년 관리비 30만원,"25,000,000 원"
27,중앙추모공원,VIP목(조선소나무/2위~10위),사용료 3000만원/5년 관리비 30만원,"30,000,000 원"
27,중앙추모공원,일반개인형(1위),사용료 100만원/5년관리비 15만원,"2,500,000 원"
27,중앙추모공원,평장부부형(2위),사용료 700만원/5년 관리비 15만원,"7,000,000 원"
28,보배숲추모공원,가족목(A등급),"사용료440만원, 관리비300만원(기간:30년/4윌까지)","7,400,000 원"
28,보배숲추모공원,가족목(B등급),"사용료330만원,관리비300만원(기간:30년/4위까지)","6,300,000 원"
28,보배숲추모공원,가족목(C등급),"사용료220만원,관리비300만원(기간:30년/4위까지)","5,200,000 원"
28,보배숲추모공원,공동목,"사용료70만원,관리비150만원(기간:30년)","2,200,000 원"
28,보배숲추모공원,봉안담,"사용료90만원,1년관리비3만원(기간:15년)","1,350,000 원"
28,보배숲추모공원,잔디장(관내),"사뇽료40만원,관리비45만원(기간:15년)","850,000 원"
28,보배숲추모공원,잔디장(관외),"사뇽료80만원,관리비45만원(기간:15년)","1,250,000 원"
29,하늘소풍수목장(호산나교회),잔디형,1위 안치/관리비1년:4만원/5년 선납,"2,000,000 원"
29,하늘소풍수목장(호산나교회),공동형,1위 안치/관리비1년:5만원/5년 선납,"3,000,000 원"
29,하늘소풍수목장(호산나교회),잔디수목형,1위 안치/관리비1년:5만원/5년 선납,"3,500,000 원"
29,하늘소풍수목장(호산나교회),개인형,기본 1위 안치/관리비1년:6만원/5년 선납,"6,000,000 원"
29,하늘소풍수목장(호산나교회),부부형,기본 2위 안치/관리비1년:8만원/5년 선납,"9,000,000 원"
29,하늘소풍수목장(호산나교회),가족형(4위~),기본 4위 이상 안치~/관리비1년:12만원/5년 선납,"15,000,000 원"
29,하늘소풍수목장(호산나교회),가족형(6위~),기본 6위 이상 안치~/관리비1년:18만원/5년 선납,"20,000,000 원"
30,용인공원(자연장),수목장,묘지조성에 대한 원가요소별 산정금액임.,"3,490,000 원"
30,용인공원(자연장),수목장 관리비(계약 평수에 따라 산정),"평 당 관리비 : 20,000원/년 (추후 물가상승률 등에 따라 인상될 수 있음)","20,000 원"
30,용인공원(자연장),사용료 환불 규정(설묘 전/약정일기준),"15일 이내 해지 요청시, 전액 환불",0
30,용인공원(자연장),사용료 환불 규정(설묘 전/약정일기준),"1년이내 50%, 2년이내 40%, 3년이내 30%, 4년이내 20%, 5년이내 10%, 5년초과 0%",0
30,용인공원(자연장),사용료 환불 규정(설묘 후),환급하지 않음,0
30,용인공원(자연장),관리비 환불 규정,"계약일로부터 사용기간 일할계산후, 환급",0
31,울진군립추모원(자연장지),"잔디장(개인장,관내자)","1기,최초 30년,1회 연장가능,관리비 포함","600,000 원"
31,울진군립추모원(자연장지),"잔디장(개인장,관외자)","1기,최초 30년,1회 연장가능,관리비 포함","1,200,000 원"
31,울진군립추모원(자연장지),"잔디장(부부장,관내자)","2기,최초 30년,1회 연장가능,관리비 포함","1,200,000 원"
31,울진군립추모원(자연장지),"잔디장(부부장,관외자)","2기,최초 30년,1회 연장가능,관리비 포함","2,400,000 원"
31,울진군립추모원(자연장지),"잔디장(가족장,관내자)","4기,최초 30년,1회 연장가능,관리비 포함","2,400,000 원"
31,울진군립추모원(자연장지),"잔디장(가족장,관외자)","4기,최초 30년,1회 연장가능,관리비 포함","4,800,000 원"
32,여주추모공원 자연장지,사용료/관리비,"사용기간 30년, 1회 연장(15년) / 관내-개인","350,000 원"
32,여주추모공원 자연장지,사용료/관리비,"사용기간 30년, 1회 연장(15년) /관내-부부","525,000 원"
32,여주추모공원 자연장지,사용료/관리비,"사용기간 30년, 1회 연장(15년) /관외-개인","700,000 원"
32,여주추모공원 자연장지,사용료/관리비,"사용기간 30년, 1회 연장(15년) /관외-부부","1,050,000 원"
32,여주추모공원 자연장지,사용료/관리비,"사용기간 30년, 1회 연장(15년) /관내-개인-사망 당시 추모공원 소재지에 주민등록상 주소를 둔자","150,000 원"
32,여주추모공원 자연장지,사용료/관리비,"사용기간 30년, 1회 연장(15년) /관내-부부-사망 당시 추모공원 소재지에 주민등록상 주소를 둔자","225,000 원"
33,세종추모공원 수목(자연)장,공동안치,공동사용,"2,000,000 원"
33,세종추모공원 수목(자연)장,개인 안치,개인사용 면적 협의,"3,000,000 원"
33,세종추모공원 수목(자연)장,공동안치(수목),공동수목 사용협의,"3,000,000 원"
33,세종추모공원 수목(자연)장,개인사용(부부포함),개인사용 수목종류 협의,"5,000,000 원"
33,세종추모공원 수목(자연)장,가족 자연장(가족납골),가족사용 면적협의,0
33,세종추모공원 수목(자연)장,가족 수목장,가족수목 협의,0
34,제천시공설자연장지,개인단(관내),"1구,제천시 관내,40년","500,000 원"
34,제천시공설자연장지,부부단(관내),"2구,제천시 관내,50년","1,000,000 원"
34,제천시공설자연장지,"개인단(충북도관내,중부내륙 중심권)","충북도 관내, 중부내륙 중심권 행정협력 시군은 단양군,영월군,평창군,영주시,봉화군을 말함","800,000 원"
34,제천시공설자연장지,"부부단(충북도관내,중부내륙 중심권)","충북도 관내, 중부내륙 중심권 행정협력 시군은 단양군,영월군,평창군,영주시,봉화군을 말함","1,600,000 원"
34,제천시공설자연장지,개인단(충북도 관외),"1구,40년","1,000,000 원"
34,제천시공설자연장지,부부단(충북도 관외),"2구,50년","2,000,000 원"
35,와동 꽃빛공원 자연장지,개인장(수목형),유골1구/45년,"626,000 원"
35,와동 꽃빛공원 자연장지,부부장(수목형),유골2구/45년,"1,214,000 원"
35,와동 꽃빛공원 자연장지,가족장(수목형),유골3구~8구까지/45년,"4,856,000 원"
35,와동 꽃빛공원 자연장지,개인장(잔디형),유골1구/45년,"489,000 원"
35,와동 꽃빛공원 자연장지,부부장(잔디형),유골2구/45년,"987,000 원"
36,만어추모공원 수목장,공동목,"가격 200만원, 관리비(년)/ 5만원, 12위","2,000,000 원"
36,만어추모공원 수목장,개인목,"가격 300~2000만원, 관리비(년)/8만원, 1위","3,000,000 원"
36,만어추모공원 수목장,부부목,"가격 500~2000만원, 관리비(년)/10만원, 2위","5,000,000 원"
36,만어추모공원 수목장,가족목,"가격 1,000~3000만원, 관리비(년)15만원, 6위~8위","10,000,000 원"
36,만어추모공원 수목장,대가족목,"가격 1,500~3,000만원, 관리비(년)20만원, 8위~10위","15,000,000 원"
37,울산하늘공원(자연장지),잔디장 사용료,관내(울산) 30년,"300,000 원"
37,울산하늘공원(자연장지),잔디장 사용료,관외 30년,"1,000,000 원"
37,울산하늘공원(자연장지),수목장 사용료,관내 (울산) 30년,"1,400,000 원"
38,서호추모공원 자연장지,부부형,영구안치/관리비(년6만)/(5년선납),"8,000,000 원"
38,서호추모공원 자연장지,가족형,영구안치/관리비(년8만)/5년선납,"12,000,000 원"
38,서호추모공원 자연장지,대가족형,영구안치/관리비(년10만)/5년선납,"26,000,000 원"
38,서호추모공원 자연장지,개인형,영구안치/관리비(년3만)/5년선납,"2,000,000 원"
38,서호추모공원 자연장지,부부형,영구안치/관리비(년3만)/5년선납,"4,000,000 원"
39,의왕하늘쉼터(자연장),잔디장 사용료 및 관리비 (30년),관내 자격,"680,000 원"
39,의왕하늘쉼터(자연장),잔디부부장  사용료 및 관리비 (30년),관내 자격,"1,160,000 원"
39,의왕하늘쉼터(자연장),공동형 개인장 사용료 및 관리비 (30년),관내 자격,"680,000 원"
39,의왕하늘쉼터(자연장),부부장 사용료 및 관리비 (30년),관내 자격,"1,160,000 원"
39,의왕하늘쉼터(자연장),가족장 사용료 및 관리비 (30년),관내 자격,"1,840,000 원"
40,수원시연화장(자연장지),관내,주민등록을 두고 1년이상 거주,"500,000 원"
40,수원시연화장(자연장지),관외,직계가족이 관내 주민등록을 두고 1년이상 거주,"1,200,000 원"
41,김포시추모공원(자연장지),개인단(관내),"사용료:30만원,관리비:20만원, 30년(기간연장없음)","500,000 원"
41,김포시추모공원(자연장지),부부단(관내),"사용료:60만원,관리비:30만원, 30년(기간연장없음)","900,000 원"
41,김포시추모공원(자연장지),개인단(관외),"사용료:60만원,관리비:40만원, 30년(기간연장없음)","1,000,000 원"
41,김포시추모공원(자연장지),부부단(관외),"사용료:120만원,관리비:60만원, 30년(기간연장없음)","1,800,000 원"
42,아름 수목장,가족형 A구역,"4위안치가능1년관리비20,000(추가비용10,000원)","3,000,000 원"
42,아름 수목장,중가족형 B구역,"6위안치가능1년관리비20,000(추가비용10,000)","5,000,000 원"
42,아름 수목장,대가족형c구역,"48위안치가능 1년관리비20,000(추가비용10,000)","20,000,000 원"
42,아름 수목장,개인형,"1위안치가능 1년관리비20,000","1,000,000 원"
43,태백공원묘원 자연장지,개인장(관내),"45년이용가능, 연장불가","500,000 원"
43,태백공원묘원 자연장지,부부장(관내),"45년이용가능, 연장불가","1,004,000 원"
43,태백공원묘원 자연장지,개인장(관외),"45년이용가능, 연장불가","1,202,000 원"
43,태백공원묘원 자연장지,부부장(관외),"45년이용가능, 연장불가","2,382,000 원"
44,공주나래원자연장,수목장(관내),1위 (30년),"600,000 원"
44,공주나래원자연장,수목장(관외),1위 (30년),"1,000,000 원"
44,공주나래원자연장,잔디장(관내),1위 (30년),"600,000 원"
44,공주나래원자연장,잔디장(관외),1위 (30년),"1,000,000 원"
45,대전추모공원(자연장),잔디형,관내(30년),"650,000 원"
45,대전추모공원(자연장),잔디형,관외(30년),"800,000 원"
45,대전추모공원(자연장),수목형,관내(30년),"1,500,000 원"
45,대전추모공원(자연장),수목형,관외(30년),"2,000,000 원"
46,분당추모공원휴(자연장),소나무 수목장,6.516,300 원
46,분당추모공원휴(자연장),소나무 수목장,6.516,"2,300 원"
46,분당추모공원휴(자연장),소나무 수목장,6.516,"2,500 원"
46,분당추모공원휴(자연장),소나무 수목장,6.516,"3,000 원"
47,지평선전북공원묘원,1기 (안치포함),표지석별도,"1,650,000 원"
47,지평선전북공원묘원,1기 (안치포함),표지석별도,"2,200,000 원"
47,지평선전북공원묘원,관리비,10년관리비,"300,000 원"
48,광양시공설자연장,관내(개인),"사용료(45년) 100,000원/관리비(45년) 225,000원/표지석 100,000원/인건비 100,000원 유골함30,000~200,000","550,000 원"
48,광양시공설자연장,관내(부부),"사용료(45년) 100,000원/관리비(45년) 225,000원/표지석 150,000원/인건비 100,000원 유골함30,000~200,000","605,000 원"
48,광양시공설자연장,관외(개인),"사용료(45년) 300,000원/관리비(45년) 225,000원/표지석 100,000원/인건비 100,000원 유골함30,000~200,000","755,000 원"
48,광양시공설자연장,관외(부부),"사용료(45년) 300,000원/관리비(45년) 225,000원/표지석 150,000원/인건비 100,000원 유골함30,000~200,000","805,000 원"
49,제주시어승생한울누리공원,사용료,"관내 : 잔디형, 화초형, 수목형(1회 40년 연장 불가)","100,000 원"
49,제주시어승생한울누리공원,사용료,"관외 : 잔디형, 화초형, 수목형(1회 40년 연장불가)","200,000 원"
49,제주시어승생한울누리공원,사용료,관내 : 정원형(1회 40년 연장불가),"300,000 원"
49,제주시어승생한울누리공원,사용료,관외 : 정원형(1회 40년 연장불가),"600,000 원"
50,청주시목련공원자연장,개인단,사용기간:45년(연장불가),"390,000 원"
50,청주시목련공원자연장,부부단,사용기간:45년(연장불가),"780,000 원"
50,청주시목련공원자연장,가족자연장(10구),사용기간:45년(연장불가),"3,900,000 원"
50,청주시목련공원자연장,가족자연장(8구),사용기간:45년(연장불가),"3,120,000 원"
51,전주효자자연장,자연장 사용료,개인단,"300,000 원"
51,전주효자자연장,자연장 사용료,부부단(배우자의 안치장소 예매불가),"600,000 원"
51,전주효자자연장,자연장 사용료,"공설,공동묘지 개장유골 50% 감면","150,000 원"
51,전주효자자연장,자연장 사용료,공설묘지 미사용 반환자 면제,0
52,완도군추모공원자연장지,가족 수목형,"사용료: 150만원, 관리비 : 30만원 (15년기준)","1,800,000 원"
52,완도군추모공원자연장지,잔디장(관내),"사용료 : 40만원, 관리비 : 30만원 (15년)","700,000 원"
52,완도군추모공원자연장지,잔디장(관외),"사용료 : 80만원, 관리비 :  30만원 (15년기준)","1,100,000 원"
53,대원사 추모공원,개인형,,"4,000,000 원"
53,대원사 추모공원,부부형,,"7,000,000 원"
53,대원사 추모공원,관리비,1년당,"30,000 원"
54,광릉추모공원(자연장지),사용료,1인기준,"1,620,000 원"
54,광릉추모공원(자연장지),관리비,1인기준(년),"25,000 원"
54,광릉추모공원(자연장지),안치비(매장),매장,"300,000 원"
55,신월공설자연장지,사용료,30년 연장불가 관내비용,"300,000 원"
55,신월공설자연장지,사용료,30년 연장불가 관외비용,"450,000 원"
55,신월공설자연장지,부대비,표지석 비용,"50,000 원"
56,고창푸른숲자연장,잔디형 - 자연장 사용료,"사용료 50천원, 관리비200천원(40년)","250,000 원"
56,고창푸른숲자연장,수목형 - 자연장 사용료,"사용료100천원, 관리비200천원(40년)","300,000 원"
56,고창푸른숲자연장,정원형 - 자연장 사용료,"사용료100천원, 관리비200천원(40년)","300,000 원"
57,양구군공설자연장지,자연장지 사용료(관내),개인1기(0.5㎡),"174,500 원"
57,양구군공설자연장지,자연장지 관리비,"관리비(선납) 15년 (5,000원)x1회","75,000 원"
57,양구군공설자연장지,자연장지 사용료(관외),개인1기(0.5㎡),"349,000 원"
58,서울시립자연장시설,사용료(관내-일반),40년(1위당),"500,000 원"
58,서울시립자연장시설,"사용료(관내-국가유공자 및 배우자, 수급자)",40년(1위당),"250,000 원"
58,서울시립자연장시설,사용료(관외),이용불가,0
59,중대공원자연장지,사용료(관내),30년 연장불가 관내비용,"300,000 원"
59,중대공원자연장지,사용료(관외),30년 연장불가 관외비용,"450,000 원"
59,중대공원자연장지,표지석비용,1개,"70,000 원"
60,서산시 희망공원(자연장지),관내-개인,45년,"450,000 원"
60,서산시 희망공원(자연장지),관내-부부,45년,"600,000 원"
61,서귀포추모공원 자연장지,관내,40년안장,"100,000 원"
61,서귀포추모공원 자연장지,관외,40년안쟁,"200,000 원"
62,무주추모의집(자연장),관내,1구당/45년(사용연장없음),"450,000 원"
62,무주추모의집(자연장),관외,1구당/45년(사용연장없음),"1,200,000 원"
63,효원가족공원 자연장지,잔디장,매장후 30년,"2,000,000 원"
63,효원가족공원 자연장지,잔디장 관리비,매장후 30년,"600,000 원"
64,동해시하늘정원자연장지,자연장 사용료 및 관리비(단장),"관내(15년), 사용료 : 14만원, 관리비: 5만원, 매장비 : 5만원, 석물비 : 17만원","410,000 원"
64,동해시하늘정원자연장지,자연장 사용료 및 관리비(합장),"관내(15년),  사용료 : 18만원, 관리비: 7만원, 매장비 : 5만원, 석물비 : 22만원","520,000 원"
65,순천시립자연장지,자연장(관내),사용자격:사망일기준 순천시에 주민등록 1년이상 거주자,"400,000 원"
65,순천시립자연장지,자연장(관외),"사용자격:사망자 직계 존.비속및 배우자가 순천시에 주민등록을 둔 경우,사망자 등록기준지가 순천시인 경우","700,000 원"
66,남원시추모공원(자연장지),"잔디장, 수목장, 화단장",40년,"500,000 원"
66,남원시추모공원(자연장지),유택동산,유택동산 사용료,"20,000 원"
67,경신하늘뜰공원자연장지,관내(30년),"연장불가, 석물,잔디 등 실비 사용자부담","400,000 원"
67,경신하늘뜰공원자연장지,관외(30년),"연장불가, 석물,잔디 등 실비 사용자 부담","600,000 원"
68,여수시공설자연장지(잔디형),묘지1기당 0.23㎡/40년,일반시민,"320,000 원"
68,여수시공설자연장지(잔디형),묘지1기당 0.23㎡/40년,특례자,"480,000 원"
69,오룡군립묘원 자연장지,"개인장(관내,사용료 및 관리비)","40년 이용, 연장불가","400,000 원"
69,오룡군립묘원 자연장지,"개인장(관외,사용료 및 관리비)","40년 이용, 연장불가","1,000,000 원"
70,완주군공설자연장,개인장,"기본 40년, 연장불가/이용기준:사망자나 사망자 직계가족이 등록기준지 또는 주민등록을 전주시·완주군에 6개월 이상 둔 자에 한함","500,000 원"
70,완주군공설자연장,"개인장(국민기초수급자,국가유공자)","기본 40년, 연장불가/이용기준:사망자나 사망자 직계가족이 등록기준지 또는 주민등록을 전주시·완주군에 6개월 이상 둔 자에 한함","250,000 원"
71,춘천안식공원 잔디장,단장,"사용료 : 161,560원(30년) , 관리비 : 52,780원(30년), 매장비 : 100,000원 석물비 : 116,660원","430,940 원"
71,춘천안식공원 잔디장,합장,"사용료 : 323,120원(30년) , 관리비 : 105,560원(30년), 매장비 : 100,000원 석물비 : 116,660원","861,880 원"
72,화천공설자연장지,잔디형(관내),15년 이용 3회 연장가능,"85,800 원"
73,영락공원청마루동산,청마루동산(자연장),1위(45년),"348,000 원"
74,익산시공설자연장지,잔디장 1구,45년사용,"350,000 원"
77,웅양공설공원묘지,잔디장(개인) 관내,사용료(30만원)+관리비(20만원),"500,000 원"
78,내촌공설자연장지,사용료 및 관리비,"사용기간 30년(연장불가, 관내)","400,000 원"
79,청솔공원 자연장지,단장,"사용료 : 9만원, 관리비(30년) : 9만6천원, 개별표지석 : 9만원","276,000 원"
80,충현공원 자연장지,일반,사용료없음,0
81,남부권공설묘지 자연장지,자연장지 1위,"사용료:147,000원 ,관리비:103,950원 잔디값:6,300원","257,200 원"
82,구례군 공설자연장지,자연장지,40년(연장불가),"300,000 원"
83,대한불교조계종 남지장사,황금측백나무,1인안치,"3,000,000 원"
84,화성함백산추모공원(자연장),"관내-잔디장(시신, 1구)",관내 : 사망일 기준 6개월 이상 연속하여 화성시에 주민등록이 되어 있는 사망자,"800,000 원"
84,화성함백산추모공원(자연장),"관외-잔디장(시신, 1구)",관외 : 사망일 기준 6개월 이상 연속하여 화성시에 주민등록이 되어 있는 사람의 사망한 배우자,"1,600,000 원"
84,화성함백산추모공원(자연장),"관외-잔디장(시신, 1구)",관외 : 사망일 기준 6개월 이상 연속하여 6개시(화성시ㆍ부천시ㆍ안산시ㆍ안양시ㆍ시흥시ㆍ광명시)에 주민등록이 되어 있는 사망자,"1,600,000 원"
84,화성함백산추모공원(자연장),"관내-잔디장(개장유골, 1구)",관내 : 사망일 기준 6개월 이상 연속하여 화성시에 주민등록이 되어 있는 사망자의 개장유골,"800,000 원"
84,화성함백산추모공원(자연장),"관외-잔디장(개장유골, 1구)",관외 : 사망일 기준 6개월 이상 연속하여 화성시에 주민등록이 되어 있는 사망자의 배우자의 개장유골,"1,600,000 원"
84,화성함백산추모공원(자연장),"관내-수목장(시신, 1구)",관내 : 사망일 기준 6개월 이상 연속하여 화성시에 주민등록이 되어 있는 사망자,"1,800,000 원"
84,화성함백산추모공원(자연장),"관외-수목장(시신, 1구)",관외 : 사망일 기준 6개월 이상 연속하여 화성시에 주민등록이 되어 있는 사람의 사망한 배우자,"3,600,000 원"
84,화성함백산추모공원(자연장),"관외-수목장(시신, 1구)",관외 : 사망일 기준 6개월 이상 연속하여 6개시(화성시ㆍ부천시ㆍ안산시ㆍ안양시ㆍ시흥시ㆍ광명시)에 주민등록이 되어 있는 사망자,"3,600,000 원"
84,화성함백산추모공원(자연장),"관내-수목장(개장유골, 1구)",관내 : 사망일 기준 6개월 이상 연속하여 화성시에 주민등록이 되어 있는 사망자의 개장유골,"1,800,000 원"
84,화성함백산추모공원(자연장),"관외-수목장(개장유골, 1구)",관외 : 사망일 기준 6개월 이상 연속하여 화성시에 주민등록이 되어 있는 사망자의 배우자의 개장유골,"3,600,000 원"
85,안성제일교회자연장지,없음,없음,없음
86,오봉사수목장림,없음,없음,없음
87,갈월사자연장지,없음,없음,없음
88,용주사 자연장지,없음,없음,없음
89,기독교대한감리회 애향숙,없음,없음,없음
90,사모보궁자연장,없음,없음,없음
91,원진사지장회수목장,없음,없음,없음
92,제주영락동산,없음,없음,없음
93,해인사고불암수목장,없음,없음,없음
94,청솔수목장,없음,없음,없음
95,안성시 추모공원(자연장지),없음,없음,없음
96,대한예수교장로회효자추모관부설수목장림,공동묘,1위,"1,500,000 원"
96,대한예수교장로회효자추모관부설수목장림,공동묘,1위,"2,000,000 원"
96,대한예수교장로회효자추모관부설수목장림,공동묘,1위,"2,500,000 원"
96,대한예수교장로회효자추모관부설수목장림,공동묘,1위,"2,800,000 원"
96,대한예수교장로회효자추모관부설수목장림,공동묘,1위,"3,300,000 원"
96,대한예수교장로회효자추모관부설수목장림,공동묘,1위,"3,800,000 원"
96,대한예수교장로회효자추모관부설수목장림,공동묘,1위,"4,300,000 원"
96,대한예수교장로회효자추모관부설수목장림,부부묘,2위(만장),"5,000,000 원"
96,대한예수교장로회효자추모관부설수목장림,부부묘,2위(만장),"6,000,000 원"
96,대한예수교장로회효자추모관부설수목장림,부부묘,2위(만장),"7,000,000 원"
96,대한예수교장로회효자추모관부설수목장림,부부묘,2위(만장),"8,000,000 원"
96,대한예수교장로회효자추모관부설수목장림,부부묘,2위(만장),"9,000,000 원"
96,대한예수교장로회효자추모관부설수목장림,부부묘,2위,"10,000,000 원"
96,대한예수교장로회효자추모관부설수목장림,가족묘,4위,"11,000,000 원"
96,대한예수교장로회효자추모관부설수목장림,가족묘,4위(만장),"12,000,000 원"
96,대한예수교장로회효자추모관부설수목장림,가족묘,4위,"13,000,000 원"
96,대한예수교장로회효자추모관부설수목장림,가족묘,4위,"14,000,000 원"
96,대한예수교장로회효자추모관부설수목장림,가족묘,4위,"15,000,000 원"
96,대한예수교장로회효자추모관부설수목장림,가족묘,4위,"17,000,000 원"
96,대한예수교장로회효자추모관부설수목장림,관리비(1위당),1년,"50,000 원"
96,대한예수교장로회효자추모관부설수목장림,관리비환불,잔여기간 연단위 환불,0
97,불광사양지수목장,공동장지,1위,"2,000,000 원"
97,불광사양지수목장,개인목,1위,"3,000,000 원"
97,불광사양지수목장,부부목,2위,"5,000,000 원"
97,불광사양지수목장,소가족형,4위,"7,000,000 원"
97,불광사양지수목장,중가족형,6위,"9,000,000 원"
97,불광사양지수목장,대가족형,10위,"15,000,000 원"
97,불광사양지수목장,특별목,15위 이상,"30,000,000 원"
97,불광사양지수목장,관리비 (5년선납),공동장지/개인목 1년,"50,000 원"
97,불광사양지수목장,관리비 (5년선납),부부목~대가족형 1년,"100,000 원"
97,불광사양지수목장,관리비 (5년선납),특별형 1년,"150,000 원"
97,불광사양지수목장,사용료 환불 규정 (안치 전/약정일기준),"7일 이내 해지 요청시  전액 환급 가능, 그 이후 환급하지않음",0
97,불광사양지수목장,사용료 환불 규정 (안치 후),환급하지않음,0
97,불광사양지수목장,관리비 환불 규정,계약일로부터 사용기간 일할 계산 후 환급,0
98,용인로뎀파크,개인형,30*40,"2,000,000 원"
98,용인로뎀파크,부부형,65*65,"3,300,000 원"
98,용인로뎀파크,부부형(특),70*70,"5,000,000 원"
98,용인로뎀파크,소가족형,70*90,"5,000,000 원"
98,용인로뎀파크,분재 수목형,80*100,"7,000,000 원"
98,용인로뎀파크,소가족 수목형,110*150,"10,000,000 원"
98,용인로뎀파크,대가족 수목형,110*160,"15,000,000 원"
98,용인로뎀파크,개인형 관리비(1년),,"40,000 원"
98,용인로뎀파크,부부형 관리비(1년),,"50,000 원"
98,용인로뎀파크,부부형(특) 관리비(1년),,"60,000 원"
98,용인로뎀파크,소가족형 관리비(1년),,"80,000 원"
98,용인로뎀파크,분재 수목형 관리비(1년),,"100,000 원"
98,용인로뎀파크,소가족 수목형 관리비(1년),,"120,000 원"
98,용인로뎀파크,대가족 수목형 관리비(1년),,"150,000 원"
98,용인로뎀파크,환불규정,안치시 분양대금 환불불가,0
99,대한예수교장로회서울신흥교회 하늘동산,"잔디장, 공동목",1위,"40,000 원"
99,대한예수교장로회서울신흥교회 하늘동산,수목(500만원~ 1000만원미만),1~2위,"80,000 원"
99,대한예수교장로회서울신흥교회 하늘동산,수목(1000만원~ 1500만원미만),1~4위,"100,000 원"
99,대한예수교장로회서울신흥교회 하늘동산,수목(1500만원~ 2000만원미만),1~5위,"150,000 원"
99,대한예수교장로회서울신흥교회 하늘동산,수목(2000만원~ 4000만원미만),1~6위,"200,000 원"
99,대한예수교장로회서울신흥교회 하늘동산,수목(4000만원~ 1억미만),1~구역내 제한없슴,"300,000 원"
99,대한예수교장로회서울신흥교회 하늘동산,수목(1억이상),1~구역내 제한없슴,"500,000 원"
100,하늘동산수목장,대가족형,,"10,000,000 원"
100,하늘동산수목장,특별형,,"20,000,000 원"
100,하늘동산수목장,부부형,,"3,000,000 원"
100,하늘동산수목장,가족형,,"5,000,000 원"
100,하늘동산수목장,관리비,10년/이장시 반환,"200,000 원"
101,서남권추모공원자연장지,관내(정읍시)-잔디장·수목장 1위,45년,"500,000 원"
101,서남권추모공원자연장지,도내-잔디장·수목장 1위,45년,"800,000 원"
101,서남권추모공원자연장지,관외-잔디장·수목장 1위,45년,"1,000,000 원"
101,서남권추모공원자연장지,관내(정읍시)-국민기초생활수급자(1위),45년(50%감면),"250,000 원"
101,서남권추모공원자연장지,관내(정읍시)-국가유공자(1위),45년(50%감면),"250,000 원"
102,국립하늘숲추모원,A목 사용료 및 관리비,가족목(15년),"2,325,000 원"
102,국립하늘숲추모원,B목 사용료 및 관리비,가족목(15년),"2,265,000 원"
102,국립하늘숲추모원,C목 사용료 및 관리비,가족목(15년),"2,205,000 원"
102,국립하늘숲추모원,A목 사용료 및 관리비,공동목(15년),"735,000 원"
102,국립하늘숲추모원,B목 사용료 및 관리비,공동목(15년),"723,000 원"
102,국립하늘숲추모원,C목 사용료 및 관리비,공동목(15년),"711,000 원"
103,경주하늘수목장림,가족목(A등급) : 30년 사용료,지형과 수종에 따라 추모목 구분,"6,000,000 원"
103,경주하늘수목장림,기족목(B등급) : 30년 사용료,지형과 수종에 따라 추모목 구분,"5,000,000 원"
103,경주하늘수목장림,가족목(C등급) : 30년 사용료,지형과 수종에 따라 추모목 구분,"4,000,000 원"
103,경주하늘수목장림,공동목 : 30년 사용료,가족이 아닌 추모목,"600,000 원"
103,경주하늘수목장림,가족목(A B C) : 10년 선납 관리비,"관리비는 1그루당 골분4위안치 기준,5위부터는 1위당 년간 30000원 추가납부.","1,200,000 원"
103,경주하늘수목장림,공동목 : 10년 선납 관리비,1그루당 골분 1위 안치 기준.,"290,000 원"
104,천탑사수목장(그린피아),개인장(영구안치),관리비 년3만/5년선납,"2,000,000 원"
104,천탑사수목장(그린피아),부부장(영구안치),관리비 년5만/5년선납,"4,000,000 원"
104,천탑사수목장(그린피아),공동목(영구안치),관리비 년5만/5년선납,"3,000,000 원"
104,천탑사수목장(그린피아),개인목(영구안치),관리비 년8만/5년선납,"4,000,000 원"
104,천탑사수목장(그린피아),부부목(영구안치),관리비 년10만/5년선납,"5,000,000 원"
104,천탑사수목장(그린피아),가족목(영구안치),관리비 년15만/5년선납,"10,000,000 원"
105,쌍계사장례문화원,소가족목,측백나무(에메랄드그린),"9,000,000 원"
105,쌍계사장례문화원,중가족목,반송,"16,000,000 원"
105,쌍계사장례문화원,대가족목,자연송(해송),"30,000,000 원"
105,쌍계사장례문화원,공동목,자연송(해송),"2,000,000 원"
105,쌍계사장례문화원,1인목,반송,"5,000,000 원"
106,자연으로추모정원,표준잔디장,0.5x1m,"3,900,000 원"
106,자연으로추모정원,작은잔디장,0.5x0.5m,"2,000,000 원"
106,자연으로추모정원,화훼산골장,0.5x0.5m,"1,000,000 원"
107,예래원(자연장지),사용료(잔디장),1위,"5,500,000 원"
107,예래원(자연장지),관리비(잔디장),"1위,1년","20,000 원"
108,일월사추모공원(자연장지),A그룹,15년 관리비:3만원,"1,000,000 원"
108,일월사추모공원(자연장지),B그룹,15년 관리비:3만원,"750,000 원"
108,일월사추모공원(자연장지),C그룹,15년 관리비:3만원,"500,000 원"
109,연평리공설묘지 자연장지,사용료,관내(연평리)주민,"60,000 원"
109,연평리공설묘지 자연장지,관리비,관내(연평리)주민,"30,000 원"
110,월곳리 공설자연장지,관내자,1기 / 15년 사용 / 2회까지 연장,"750,000 원"
110,월곳리 공설자연장지,관외자,1기 / 15년 사용 / 2회까지 연장,"1,500,000 원"
111,대한불교조계종은해사,안치비,한그루,"2,000,000 원"
111,대한불교조계종은해사,관리비,10년(일년 오만원),"500,000 원"
112,약천사,수목장,토목공사 및 조경식재비용,"3,500,000 원"
112,약천사,관리비,1년,"100,000 원"
113,정왕공설자연장지,사용료및관리비,자연장지(개인/잔디형),"300,000 원"
113,정왕공설자연장지,사용료및관리비,자연장지(부부/관목형),"600,000 원"
114,장봉리공설묘지 자연장지,사용료,관내(장봉리)주민,"60,000 원"
114,장봉리공설묘지 자연장지,관리비,관내(장봉리)주민,"30,000 원"
115,선재리공설묘지 자연장지,사용료,관내(선재리)주민,"60,000 원"
115,선재리공설묘지 자연장지,관리비,관내(선재리)주민,"30,000 원"
116,이작리공설묘지 자연장지,사용료,관내(이작리)주민,"60,000 원"
116,이작리공설묘지 자연장지,관리비,관내(이작리)주민,"30,000 원"
117,아미타원자연장지,반송(소나무),1그루,"4,000,000 원"
117,아미타원자연장지,※ 기간: 영구,※ 관리비: 년 3만원,0
118,영모묘원 자연장지,자연장,30*30,"1,500,000 원"
119,장수암,자연장지 (평생),1년 관리비 (30.000원),"3,000,000 원"
120,성산읍공설자연장지,없음,없음,없음
121,남한강공원묘원(자연지),없음,없음,없음
122,진천군 공설자연장지,없음,없음,없음
123,목포남부교회남부소망동산,없음,없음,없음
124,압해중앙동산,없음,없음,없음
125,남도광역추모공원(자연장),없음,없음,없음
126,다래원자연장지,없음,없음,없음
127,효심추모관 자연장지,없음,없음,없음
128,모란공원(자연장지),없음,없음,없음
129,정음사원추모관,없음,없음,없음
130,이천시립자연장지,없음,없음,없음
131,아름다운청계공원,없음,없음,없음
132,대한예수교장로회동서울교회,없음,없음,없음
133,샘물호스피스 자연장지,없음,없음,없음
134,천주교아우구스띠노수도회 자연장지,없음,없음,없음
135,무장녹두숲자연장,잔디형 - 자연장 사용료,사용료 5만원 + 관리비 20만원  ( 40년 ),"250,000 원"
135,무장녹두숲자연장,수목형 - 자연장 사용료,"사용료 10만원,+ 관리비 20만원 ( 40년 )","300,000 원"
136,대한불교자성선원,없음,없음,없음
137,무일선원 수목장림,없음,없음,없음
138,세종수목장,없음,없음,없음
139,용강 별숲공원,없음,없음,없음
140,대한불교조계종 홍연암 자연장,없음,없음,없음
141,자연숲추모공원,없음,없음,없음
142,시냇가푸른나무교회수목장림,없음,없음,없음
143,장흥공설자연장지,없음,없음,없음
144,진주제일교회수목장,없음,없음,없음
145,개원사추모공원,없음,없음,없음
146,여여정사수목장,없음,없음,없음
147,동화추모공원,없음,없음,없음
148,살렘전원그리스도의교회자연장지,없음,없음,없음
149,성모자애공원,없음,없음,없음
150,김포문수산수목장,없음,없음,없음
151,하이패밀리자연장지,없음,없음,없음
152,기독교대한성결교회자연장지,없음,없음,없음
153,진주대광교회 자연장지,없음,없음,없음
154,대원정사자연장지,없음,없음,없음
155,원주제일교회자연장지,없음,없음,없음
156,대한예수교장로회 아름기도회,없음,없음,없음
157,천주교대구대교구 김천지역본당,없음,없음,없음
158,옥천군공설자연장지,없음,없음,없음
159,동산공원자연장지,없음,없음,없음
160,서연사자연장지,없음,없음,없음
161,선불교자연장지,없음,없음,없음
162,횡성군공설자연장지,없음,없음,없음
163,대전교구천주교회유지재단자연장지,없음,없음,없음
164,강화 해누리공원,없음,없음,없음
165,분당추모공원휴 납골당,야외봉안담 5단,,"5,500,000 원"
165,분당추모공원휴 납골당,야외봉안담 1단,,"2,000,000 원"
165,분당추모공원휴 납골당,야외봉안담 2단,,"3,000,000 원"
165,분당추모공원휴 납골당,야외봉안담 3단,,"4,000,000 원"
165,분당추모공원휴 납골당,야외봉안담 4단,,"5,000,000 원"
165,분당추모공원휴 납골당,야외봉안담 6단,,"4,500,000 원"
165,분당추모공원휴 납골당,야외봉안담 7단,,"3,500,000 원"
165,분당추모공원휴 납골당,야외봉안담 8단,,"2,500,000 원"
165,분당추모공원휴 납골당,야외봉안담 9단,,"1,500,000 원"
165,분당추모공원휴 납골당,야외봉안담 1단,,"3,000,000 원"
165,분당추모공원휴 납골당,야외봉안담 2단,,"5,000,000 원"
165,분당추모공원휴 납골당,야외봉안담 3단,,"6,500,000 원"
165,분당추모공원휴 납골당,야외봉안담 4단,,"7,500,000 원"
165,분당추모공원휴 납골당,야외봉안담 5단,,"8,000,000 원"
165,분당추모공원휴 납골당,야외봉안담 6단,,"7,000,000 원"
165,분당추모공원휴 납골당,야외봉안담 7단,,"6,000,000 원"
165,분당추모공원휴 납골당,야외봉안담 8단,,"4,000,000 원"
165,분당추모공원휴 납골당,야외봉안담 9단,,"2,500,000 원"
165,분당추모공원휴 납골당,야외봉안담 1단,크리스탈 묘역(측면),"3,000,000 원"
165,분당추모공원휴 납골당,야외봉안담 2단,크리스탈 묘역(측면),"4,000,000 원"
165,분당추모공원휴 납골당,야외봉안담 3단,크리스탈 묘역(측면),"5,000,000 원"
165,분당추모공원휴 납골당,야외봉안담 4단,크리스탈 묘역(측면),"6,000,000 원"
165,분당추모공원휴 납골당,야외봉안담 5단,크리스탈 묘역(측면),"6,500,000 원"
165,분당추모공원휴 납골당,야외봉안담 6단,크리스탈 묘역(측면),"5,500,000 원"
165,분당추모공원휴 납골당,야외봉안담 7단,크리스탈 묘역(측면),"4,000,000 원"
165,분당추모공원휴 납골당,야외봉안담 8단,크리스탈 묘역(측면),"3,000,000 원"
165,분당추모공원휴 납골당,야외봉안담 9단,크리스탈 묘역(측면),"2,000,000 원"
165,분당추모공원휴 납골당,야외봉안담 1단,크리스탈 묘역(측면),"5,000,000 원"
165,분당추모공원휴 납골당,야외봉안담 2단,크리스탈 묘역(측면),"7,000,000 원"
165,분당추모공원휴 납골당,야외봉안담 3단,크리스탈 묘역(측면),"9,000,000 원"
165,분당추모공원휴 납골당,야외봉안담 4단,크리스탈 묘역(측면),"11,000,000 원"
165,분당추모공원휴 납골당,야외봉안담 5단,크리스탈 묘역(측면),"12,000,000 원"
165,분당추모공원휴 납골당,야외봉안담 6단,크리스탈 묘역(측면),"10,000,000 원"
165,분당추모공원휴 납골당,야외봉안담 7단,크리스탈 묘역(측면),"7,000,000 원"
165,분당추모공원휴 납골당,야외봉안담 8단,크리스탈 묘역(측면),"5,000,000 원"
165,분당추모공원휴 납골당,야외봉안담 9단,크리스탈 묘역(측면),"3,000,000 원"
165,분당추모공원휴 납골당,실내봉안당 1단(측면),2층 고급실,"3,000,000 원"
165,분당추모공원휴 납골당,실내봉안당 1단(정면),2층 고급실,"4,000,000 원"
165,분당추모공원휴 납골당,실내봉안당 2단(측면),2층 고급실,"4,500,000 원"
165,분당추모공원휴 납골당,실내봉안당 2단(정면),2층 고급실,"5,000,000 원"
165,분당추모공원휴 납골당,실내봉안당 3단,2층 고급실,"6,000,000 원"
165,분당추모공원휴 납골당,실내봉안당 4단(측면),2층 고급실,"7,000,000 원"
165,분당추모공원휴 납골당,실내봉안당 4단(정면),2층 고급실,"7,500,000 원"
165,분당추모공원휴 납골당,실내봉안당 5단(측면),2층 고급실,"7,500,000 원"
165,분당추모공원휴 납골당,실내봉안당 5단(정면),2층 고급실,"8,000,000 원"
165,분당추모공원휴 납골당,실내봉안당 6단(측면),2층 고급실,"7,000,000 원"
165,분당추모공원휴 납골당,실내봉안당 6단(정면),2층 고급실,"7,500,000 원"
165,분당추모공원휴 납골당,실내봉안당 7단(측면),2층 고급실,"5,500,000 원"
165,분당추모공원휴 납골당,실내봉안당 7단(정면),2층 고급실,"6,000,000 원"
165,분당추모공원휴 납골당,실내봉안당 8단(측면),2층 고급실,"3,500,000 원"
165,분당추모공원휴 납골당,실내봉안당 8단(정면),2층 고급실,"4,000,000 원"
165,분당추모공원휴 납골당,실내봉안당 9단(측면),2층 고급실,"2,000,000 원"
165,분당추모공원휴 납골당,실내봉안당 9단(정면),2층 고급실,"3,000,000 원"
165,분당추모공원휴 납골당,실내봉안당 1단,2층 고급실,"6,000,000 원"
165,분당추모공원휴 납골당,실내봉안당 2단,2층 고급실,"9,000,000 원"
165,분당추모공원휴 납골당,실내봉안당 3단,2층 고급실,"12,000,000 원"
165,분당추모공원휴 납골당,실내봉안당 4단,2층 고급실,"14,000,000 원"
165,분당추모공원휴 납골당,실내봉안당 5단,2층 고급실,"15,000,000 원"
165,분당추모공원휴 납골당,실내봉안당 6단,2층 고급실,"14,000,000 원"
165,분당추모공원휴 납골당,실내봉안당 7단,2층 고급실,"11,000,000 원"
165,분당추모공원휴 납골당,실내봉안당 8단,2층 고급실,"7,000,000 원"
165,분당추모공원휴 납골당,실내봉안당 9단,2층 고급실,"4,000,000 원"
165,분당추모공원휴 납골당,실내봉안당 1단(측면),3층 고급실,"4,000,000 원"
165,분당추모공원휴 납골당,실내봉안당 1단(정면),3층 고급실,"4,500,000 원"
165,분당추모공원휴 납골당,실내봉안당 2단(측면),3층 고급실,"5,000,000 원"
165,분당추모공원휴 납골당,실내봉안당 2단(정면),3층 고급실,"5,500,000 원"
165,분당추모공원휴 납골당,실내봉안당 3단(측면),3층 고급실,"6,500,000 원"
165,분당추모공원휴 납골당,실내봉안당 3단(정면),3층 고급실,"7,000,000 원"
165,분당추모공원휴 납골당,실내봉안당 4단(측면),3층 고급실,"8,000,000 원"
165,분당추모공원휴 납골당,실내봉안당 4단(정면),3층 고급실,"8,500,000 원"
165,분당추모공원휴 납골당,실내봉안당 5단(측면),3층 고급실,"8,500,000 원"
165,분당추모공원휴 납골당,실내봉안당 5단(정면),3층 고급실,"9,000,000 원"
165,분당추모공원휴 납골당,실내봉안당 6단(측면),3층 고급실,"7,500,000 원"
165,분당추모공원휴 납골당,실내봉안당 6단(정면),3층 고급실,"8,000,000 원"
165,분당추모공원휴 납골당,실내봉안당 7단(측면),3층 고급실,"6,000,000 원"
165,분당추모공원휴 납골당,실내봉안당 7단(정면),3층 고급실,"6,500,000 원"
165,분당추모공원휴 납골당,실내봉안당 8단(측면),3층 고급실,"4,500,000 원"
165,분당추모공원휴 납골당,실내봉안당 8단(정면),3층 고급실,"5,000,000 원"
165,분당추모공원휴 납골당,실내봉안당 9단(측면),3층 고급실,"3,000,000 원"
165,분당추모공원휴 납골당,실내봉안당 9단(정면),3층 고급실,"3,500,000 원"
165,분당추모공원휴 납골당,실내봉안당 1단,3층 고급실,"8,000,000 원"
165,분당추모공원휴 납골당,실내봉안당 2단,3층 고급실,"10,000,000 원"
165,분당추모공원휴 납골당,실내봉안당 3단,3층 고급실,"13,000,000 원"
165,분당추모공원휴 납골당,실내봉안당 4단,3층 고급실,"16,000,000 원"
165,분당추모공원휴 납골당,실내봉안당 5단,3층 고급실,"17,000,000 원"
165,분당추모공원휴 납골당,실내봉안당 6단,3층 고급실,"15,000,000 원"
165,분당추모공원휴 납골당,실내봉안당 7단,3층 고급실,"12,000,000 원"
165,분당추모공원휴 납골당,실내봉안당 8단,3층 고급실,"9,000,000 원"
165,분당추모공원휴 납골당,실내봉안당 9단,3층 고급실,"6,000,000 원"
165,분당추모공원휴 납골당,실내봉안당 1단,2층 특별실,"13,000,000 원"
165,분당추모공원휴 납골당,실내봉안당 2단,2층 특별실,"14,000,000 원"
165,분당추모공원휴 납골당,실내봉안당 3단,2층 특별실,"15,000,000 원"
165,분당추모공원휴 납골당,실내봉안당 4단,2층 특별실,"15,000,000 원"
165,분당추모공원휴 납골당,실내봉안당 5단,2층 특별실,"15,000,000 원"
165,분당추모공원휴 납골당,실내봉안당 6단,2층 특별실,"14,000,000 원"
165,분당추모공원휴 납골당,실내봉안당 1단,2층 특별실,"23,000,000 원"
165,분당추모공원휴 납골당,실내봉안당 2단,2층 특별실,"25,000,000 원"
165,분당추모공원휴 납골당,실내봉안당 3단,2층 특별실,"29,000,000 원"
165,분당추모공원휴 납골당,실내봉안당 4단,2층 특별실,"29,000,000 원"
165,분당추모공원휴 납골당,실내봉안당 5단,2층 특별실,"29,000,000 원"
165,분당추모공원휴 납골당,실내봉안당 6단,2층 특별실,"25,000,000 원"
165,분당추모공원휴 납골당,실내봉안당 1단,3층 특별실,"14,000,000 원"
165,분당추모공원휴 납골당,실내봉안당 2단,3층 특별실,"15,000,000 원"
165,분당추모공원휴 납골당,실내봉안당 3단,3층 특별실,"17,000,000 원"
165,분당추모공원휴 납골당,실내봉안당 4단,3층 특별실,"18,000,000 원"
165,분당추모공원휴 납골당,실내봉안당 5단,3층 특별실,"17,000,000 원"
165,분당추모공원휴 납골당,실내봉안당 6단,3층 특별실,"15,000,000 원"
165,분당추모공원휴 납골당,실내봉안당 1단,3층 특별실,"25,000,000 원"
165,분당추모공원휴 납골당,실내봉안당 2단,3층 특별실,"29,000,000 원"
165,분당추모공원휴 납골당,실내봉안당 3단,3층 특별실,"32,000,000 원"
165,분당추모공원휴 납골당,실내봉안당 4단,3층 특별실,"35,000,000 원"
165,분당추모공원휴 납골당,실내봉안당 5단,3층 특별실,"32,000,000 원"
165,분당추모공원휴 납골당,실내봉안당 6단,3층 특별실,"29,000,000 원"
165,분당추모공원휴 납골당,야외봉안담 관리비,1년,"40,000 원"
165,분당추모공원휴 납골당,야외봉안담 관리비,1년(안치 위수에 따라 적용),"80,000 원"
165,분당추모공원휴 납골당,실내봉안당 관리비,1년,"50,000 원"
165,분당추모공원휴 납골당,실내봉안단 관리비,1년(안치 위수에 따라 적용),"100,000 원"
165,분당추모공원휴 납골당,실내봉안당 특별실 관리비,1년,"80,000 원"
165,분당추모공원휴 납골당,실내봉안당 특별실 관리비,1년(안치 위수에 따라 적용),"160,000 원"
165,분당추모공원휴 납골당,야외봉안담 1단,크리스탈묘역(정면),"3,500,000 원"
165,분당추모공원휴 납골당,야외봉안담 2단,크리스탈묘역(정면),"4,500,000 원"
165,분당추모공원휴 납골당,야외봉안담 3단,크리스탈묘역(정면),"5,500,000 원"
165,분당추모공원휴 납골당,야외봉안담 4단,크리스탈묘역(정면),"6,500,000 원"
165,분당추모공원휴 납골당,야외봉안담 5단,크리스탈묘역(정면),"7,000,000 원"
165,분당추모공원휴 납골당,야외봉안담 6단,크리스탈묘역(정면),"6,000,000 원"
165,분당추모공원휴 납골당,야외봉안담 7단,크리스탈묘역(정면),"4,500,000 원"
165,분당추모공원휴 납골당,야외봉안담 8단,크리스탈묘역(정면),"3,500,000 원"
165,분당추모공원휴 납골당,야외봉안담 9단,크리스탈묘역(정면),"2,500,000 원"
165,분당추모공원휴 납골당,야외봉안담 1단,크리스탈묘역(정면),"6,000,000 원"
165,분당추모공원휴 납골당,야외봉안담 2단,크리스탈묘역(정면),"8,000,000 원"
165,분당추모공원휴 납골당,야외봉안담 3단,크리스탈묘역(정면),"10,000,000 원"
165,분당추모공원휴 납골당,야외봉안담 4단,크리스탈묘역(정면),"12,000,000 원"
165,분당추모공원휴 납골당,야외봉안담 5단,크리스탈묘역(정면),"13,000,000 원"
165,분당추모공원휴 납골당,야외봉안담 6단,크리스탈묘역(정면),"11,000,000 원"
165,분당추모공원휴 납골당,야외봉안담 7단,크리스탈묘역(정면),"8,000,000 원"
165,분당추모공원휴 납골당,야외봉안담 8단,크리스탈묘역(정면),"6,000,000 원"
165,분당추모공원휴 납골당,야외봉안담 9단,크리스탈묘역(정면),"4,000,000 원"
166,대한불교관음회조계종 백천사 납골당,극락1호 1단 (개인),(영구봉안),"3,500,000 원"
166,대한불교관음회조계종 백천사 납골당,극락1호 2단 (개인),(영구봉안),"4,000,000 원"
166,대한불교관음회조계종 백천사 납골당,극락1호 3단 (개인),(영구봉안),"4,500,000 원"
166,대한불교관음회조계종 백천사 납골당,극락1호 4단 (개인),(영구봉안),"4,500,000 원"
166,대한불교관음회조계종 백천사 납골당,극락1호 5단 (개인),(영구봉안),"4,500,000 원"
166,대한불교관음회조계종 백천사 납골당,극락1호 6단 (개인),(영구봉안),"4,000,000 원"
166,대한불교관음회조계종 백천사 납골당,극락1호 7단 (개인),(영구봉안),"3,500,000 원"
166,대한불교관음회조계종 백천사 납골당,극락1호 1단 (부부),(영구봉안),"9,000,000 원"
166,대한불교관음회조계종 백천사 납골당,극락1호 2단 (부부),(영구봉안),"10,000,000 원"
166,대한불교관음회조계종 백천사 납골당,극락1호 3단 (부부),(영구봉안),"10,000,000 원"
166,대한불교관음회조계종 백천사 납골당,극락1호 4단 (부부),(영구봉안),"10,000,000 원"
166,대한불교관음회조계종 백천사 납골당,극락1호 5단 (부부),(영구봉안),"9,000,000 원"
166,대한불교관음회조계종 백천사 납골당,극락2호 1단 (개인),(영구봉안),"2,500,000 원"
166,대한불교관음회조계종 백천사 납골당,극락2호 2단 (개인),(영구봉안),"3,000,000 원"
166,대한불교관음회조계종 백천사 납골당,극락2호 3단 (개인),(영구봉안),"3,500,000 원"
166,대한불교관음회조계종 백천사 납골당,극락2호 4단 (개인),(영구봉안),"4,000,000 원"
166,대한불교관음회조계종 백천사 납골당,극락2호 5단 (개인),(영구봉안),"4,000,000 원"
166,대한불교관음회조계종 백천사 납골당,극락2호 6단 (개인),(영구봉안),"3,500,000 원"
166,대한불교관음회조계종 백천사 납골당,극락2호 7단 (개인),(영구봉안),"3,000,000 원"
166,대한불교관음회조계종 백천사 납골당,극락2호 8단 (개인),(영구봉안),"2,500,000 원"
166,대한불교관음회조계종 백천사 납골당,극락2호 각 개인단 비용의 두배,(영구봉안),"8,000,000 원"
166,대한불교관음회조계종 백천사 납골당,극락3호 1단 (개인),(영구봉안),"3,000,000 원"
166,대한불교관음회조계종 백천사 납골당,극락3호 2단 (개인),(영구봉안),"3,500,000 원"
166,대한불교관음회조계종 백천사 납골당,극락3호 3단 (개인),(영구봉안),"4,500,000 원"
166,대한불교관음회조계종 백천사 납골당,극락3호 4단 (개인),(영구봉안),"5,000,000 원"
166,대한불교관음회조계종 백천사 납골당,극락3호 5단 (개인),(영구봉안),"5,000,000 원"
166,대한불교관음회조계종 백천사 납골당,극락3호 6단 (개인),(영구봉안),"4,500,000 원"
166,대한불교관음회조계종 백천사 납골당,극락3호 7단 (개인),(영구봉안),"3,500,000 원"
166,대한불교관음회조계종 백천사 납골당,극락3호 8단 (개인),(영구봉안),"3,000,000 원"
166,대한불교관음회조계종 백천사 납골당,극락3호 각 개인단 비용의 두배,(영구봉안),"10,000,000 원"
166,대한불교관음회조계종 백천사 납골당,극락3호 1단  특별실,(영구봉안),"20,000,000 원"
166,대한불교관음회조계종 백천사 납골당,극락3호 2단  특별실,(영구봉안),"20,000,000 원"
166,대한불교관음회조계종 백천사 납골당,극락3호 3단  특별실,(영구봉안),"25,000,000 원"
166,대한불교관음회조계종 백천사 납골당,극락3호 4단  특별실,(영구봉안),"25,000,000 원"
166,대한불교관음회조계종 백천사 납골당,극락3호 5단  특별실,(영구봉안),"25,000,000 원"
166,대한불교관음회조계종 백천사 납골당,극락3호  6단  특별실,(영구봉안),"30,000,000 원"
166,대한불교관음회조계종 백천사 납골당,극락4호 부도탑 (개인),(영구봉안),"10,000,000 원"
166,대한불교관음회조계종 백천사 납골당,극락4호 부도탑 (부부),(영구봉안),"20,000,000 원"
166,대한불교관음회조계종 백천사 납골당,극락4호 부도탑 (부부 특별),(영구봉안),"25,000,000 원"
166,대한불교관음회조계종 백천사 납골당,극락4호 부도탑 (가족 12기),(영구봉안),"35,000,000 원"
166,대한불교관음회조계종 백천사 납골당,극락4호 부도탑 (문중 32기),(영구봉안),"45,000,000 원"
166,대한불교관음회조계종 백천사 납골당,극락5호 1단 (개인),(영구봉안),"3,000,000 원"
166,대한불교관음회조계종 백천사 납골당,극락5호 2단 (개인),(영구봉안),"3,500,000 원"
166,대한불교관음회조계종 백천사 납골당,극락5호 3단 (개인),(영구봉안),"4,500,000 원"
166,대한불교관음회조계종 백천사 납골당,극락5호 4단 (개인),(영구봉안),"5,000,000 원"
166,대한불교관음회조계종 백천사 납골당,극락5호 5단 (개인),(영구봉안),"5,000,000 원"
166,대한불교관음회조계종 백천사 납골당,극락5호 6단 (개인),(영구봉안),"5,000,000 원"
166,대한불교관음회조계종 백천사 납골당,극락5호 7단 (개인),(영구봉안),"4,000,000 원"
166,대한불교관음회조계종 백천사 납골당,극락5호 8단 (개인),(영구봉안),"3,500,000 원"
166,대한불교관음회조계종 백천사 납골당,극락5호 9단 (개인),(영구봉안),"3,000,000 원"
166,대한불교관음회조계종 백천사 납골당,극락5호 2단~7단 개인단 비용의 두배,(영구봉안),"10,000,000 원"
166,대한불교관음회조계종 백천사 납골당,극락6호 1단 (개인),(영구봉안),"3,500,000 원"
166,대한불교관음회조계종 백천사 납골당,극락6호 2단 (개인),(영구봉안),"4,500,000 원"
166,대한불교관음회조계종 백천사 납골당,극락6호 3단 (개인),(영구봉안),"5,000,000 원"
166,대한불교관음회조계종 백천사 납골당,극락6호 4단 (개인),(영구봉안),"5,500,000 원"
166,대한불교관음회조계종 백천사 납골당,극락6호 5단 (개인),(영구봉안),"5,500,000 원"
166,대한불교관음회조계종 백천사 납골당,극락6호 6단 (개인),(영구봉안),"5,000,000 원"
166,대한불교관음회조계종 백천사 납골당,극락6호 7단 (개인),(영구봉안),"4,500,000 원"
166,대한불교관음회조계종 백천사 납골당,극락6호 8단 (개인),(영구봉안),"3,500,000 원"
166,대한불교관음회조계종 백천사 납골당,극락6호 각 개인단 비용의 두배,(영구봉안),"11,000,000 원"
166,대한불교관음회조계종 백천사 납골당,극락7호 1단 (개인),(영구봉안),"3,500,000 원"
166,대한불교관음회조계종 백천사 납골당,극락7호 2단 (개인),(영구봉안),"4,500,000 원"
166,대한불교관음회조계종 백천사 납골당,극락7호 3단 (개인),(영구봉안),"5,000,000 원"
166,대한불교관음회조계종 백천사 납골당,극락7호 4단 (개인),(영구봉안),"5,500,000 원"
166,대한불교관음회조계종 백천사 납골당,극락7호 5단 (개인),(영구봉안),"5,500,000 원"
166,대한불교관음회조계종 백천사 납골당,극락7호 6단 (개인),(영구봉안),"5,500,000 원"
166,대한불교관음회조계종 백천사 납골당,극락7호 7단 (개인),(영구봉안),"5,000,000 원"
166,대한불교관음회조계종 백천사 납골당,극락7호 8단 (개인),(영구봉안),"4,500,000 원"
166,대한불교관음회조계종 백천사 납골당,극락7호 9단 (개인),(영구봉안),"3,500,000 원"
166,대한불교관음회조계종 백천사 납골당,극락7호 10단 (개인),(영구봉안),"3,000,000 원"
166,대한불교관음회조계종 백천사 납골당,극락7호 각 개인단 비용의 두배,(영구봉안),"11,000,000 원"
166,대한불교관음회조계종 백천사 납골당,극락8호 1단 (개인),(영구봉안),"4,000,000 원"
166,대한불교관음회조계종 백천사 납골당,극락8호 2단 (개인),(영구봉안),"5,000,000 원"
166,대한불교관음회조계종 백천사 납골당,극락8호 3단 (개인),(영구봉안),"5,500,000 원"
166,대한불교관음회조계종 백천사 납골당,극락8호 4단 (개인),(영구봉안),"6,000,000 원"
166,대한불교관음회조계종 백천사 납골당,극락8호 5단 (개인),(영구봉안),"6,000,000 원"
166,대한불교관음회조계종 백천사 납골당,극락8호 6단 (개인),(영구봉안),"6,000,000 원"
166,대한불교관음회조계종 백천사 납골당,극락8호 7단 (개인),(영구봉안),"5,500,000 원"
166,대한불교관음회조계종 백천사 납골당,극락8호 8단 (개인),(영구봉안),"5,000,000 원"
166,대한불교관음회조계종 백천사 납골당,극락8호 9단 (개인),(영구봉안),"4,000,000 원"
166,대한불교관음회조계종 백천사 납골당,극락8호 10단 (개인),(영구봉안),"3,500,000 원"
166,대한불교관음회조계종 백천사 납골당,극락8호 각 개인단 비용의 두배,(영구봉안),"12,000,000 원"
166,대한불교관음회조계종 백천사 납골당,극락8호 특별단의 경우 각 단의 두배,(영구봉안),"24,000,000 원"
166,대한불교관음회조계종 백천사 납골당,유골 봉안후 1년 관리비,1년,"30,000 원"
166,대한불교관음회조계종 백천사 납골당,유골 봉안후 영구 관리비,영구,"500,000 원"
166,대한불교관음회조계종 백천사 납골당,진공 유골함 1기,금수강산,"300,000 원"
166,대한불교관음회조계종 백천사 납골당,진공 유골함 1기,극락정토,"500,000 원"
166,대한불교관음회조계종 백천사 납골당,진공 유골함 1기,지상낙원,"700,000 원"
166,대한불교관음회조계종 백천사 납골당,진공 유골함 1기,금각은각,"1,000,000 원"
166,대한불교관음회조계종 백천사 납골당,진공 유골함 1기,십장생,"1,500,000 원"
167,정토사 극락원 납골당,화엄실(특B),"2,3,4단","8,500,000 원"
167,정토사 극락원 납골당,화엄실(특B),1단,"7,500,000 원"
167,정토사 극락원 납골당,화엄실(특B),5단,"7,000,000 원"
167,정토사 극락원 납골당,"해탈실,원력실","2,3,4,5단","5,000,000 원"
167,정토사 극락원 납골당,"해탈실,원력실",1단,"4,500,000 원"
167,정토사 극락원 납골당,"해탈실,원력실",6단,"4,000,000 원"
167,정토사 극락원 납골당,"보은실,미탈실","7,8단","1,800,000 원"
167,정토사 극락원 납골당,"보은실,미탈실",6단,"3,100,000 원"
167,정토사 극락원 납골당,"보은실,미탈실",1단,"2,900,000 원"
167,정토사 극락원 납골당,"보은실,미탈실",2단,"3,200,000 원"
167,정토사 극락원 납골당,"보은실,미탈실","3,4,5단","3,600,000 원"
167,정토사 극락원 납골당,"효행실,안락실","7,8단","1,700,000 원"
167,정토사 극락원 납골당,"효행실,안락실",1단,"2,800,000 원"
167,정토사 극락원 납골당,"효행실,안락실","2,6단","3,100,000 원"
167,정토사 극락원 납골당,"효행실,안락실","3,4,5단","3,500,000 원"
167,정토사 극락원 납골당,선정실(목문형),"2,3,4,5단","1,500,000 원"
167,정토사 극락원 납골당,선정실(목문형),"1,6,7단","1,000,000 원"
167,정토사 극락원 납골당,"해탈실,원력실(부부단)","2,3,4,5단","10,000,000 원"
167,정토사 극락원 납골당,"해탈실,원력실(부부단)",1단,"9,000,000 원"
167,정토사 극락원 납골당,"해탈실,원력실(부부단)",6단,"8,000,000 원"
167,정토사 극락원 납골당,"보은실,미타실(부부단)","3,4,5단","7,200,000 원"
167,정토사 극락원 납골당,"보은실,미타실(부부단)",1단,"5,800,000 원"
167,정토사 극락원 납골당,"효행실,안락실(부부단)","3,4,5단","7,000,000 원"
167,정토사 극락원 납골당,"효행실,안락실(부부단)","2,6단","6,200,000 원"
167,정토사 극락원 납골당,"효행실,안락실(부부단)",1단,"5,600,000 원"
167,정토사 극락원 납골당,선정실(목문형),"1,6,7단","2,000,000 원"
167,정토사 극락원 납골당,선정실(목문형),"2,3,4,5단","3,000,000 원"
167,정토사 극락원 납골당,화엄실(특B),"2,3,4,단","17,000,000 원"
167,정토사 극락원 납골당,화엄실(특B),1단,"15,000,000 원"
167,정토사 극락원 납골당,화엄실(특B),5단,"14,000,000 원"
167,정토사 극락원 납골당,상생특실(A)지장보살형 RA,"1,5단","14,500,000 원"
167,정토사 극락원 납골당,상생특실(A)지장보살형 RA,"2,4단","16,000,000 원"
167,정토사 극락원 납골당,상생특실(A)지장보살형 RA,3단,"18,000,000 원"
167,정토사 극락원 납골당,상생특실(A)지장보살형 창측,1단,"12,000,000 원"
167,정토사 극락원 납골당,상생특실(A)지장보살형 창측,2단,"13,500,000 원"
167,정토사 극락원 납골당,상생특실(A)지장보살형 창측,3단,"14,500,000 원"
167,정토사 극락원 납골당,상생특실(A)지장보살형 A,"1,6단","11,500,000 원"
167,정토사 극락원 납골당,상생특실(A)지장보살형 A,"2,5단","13,500,000 원"
167,정토사 극락원 납골당,상생특실(A)지장보살형 A,"3,4단","14,500,000 원"
167,정토사 극락원 납골당,"일심실,사섭실(지장보살형.고급.B)","1,6단","7,000,000 원"
167,정토사 극락원 납골당,"일심실,사섭실(지장보살형.고급.B)","2,5단","8,000,000 원"
167,정토사 극락원 납골당,"일심실,사섭실(지장보살형.고급.B)","3,4단","9,000,000 원"
167,정토사 극락원 납골당,"이행실,삼학실(지장보살형.고급.C)","1,6단","7,000,000 원"
167,정토사 극락원 납골당,"이행실,삼학실(지장보살형.고급.C)","2,5단","7,500,000 원"
167,정토사 극락원 납골당,"이행실,삼학실(지장보살형.고급.C)","3,4단","8,500,000 원"
167,정토사 극락원 납골당,육념실(유리문형),8단,"3,100,000 원"
167,정토사 극락원 납골당,육념실(유리문형),"1,7단","4,100,000 원"
167,정토사 극락원 납골당,육념실(유리문형),"2,6단","4,800,000 원"
167,정토사 극락원 납골당,육념실(유리문형),"3,4,5단","5,200,000 원"
167,정토사 극락원 납골당,"칠보실,팔정도실(유리문형)",8단,"3,200,000 원"
167,정토사 극락원 납골당,"칠보실,팔정도실(유리문형)","1,7단","4,200,000 원"
167,정토사 극락원 납골당,"칠보실,팔정도실(유리문형)","2,6단","4,900,000 원"
167,정토사 극락원 납골당,"칠보실,팔정도실(유리문형)","3,4,5단","5,500,000 원"
167,정토사 극락원 납골당,오온실(유리문형),8단,"2,800,000 원"
167,정토사 극락원 납골당,오온실(유리문형),"1,7단","3,200,000 원"
167,정토사 극락원 납골당,오온실(유리문형),"2,6단","3,800,000 원"
167,정토사 극락원 납골당,오온실(유리문형),"3,4,5단","4,500,000 원"
167,정토사 극락원 납골당,상생특실(A)지장보살형 RA,"1,5단","29,000,000 원"
167,정토사 극락원 납골당,상생특실(A)지장보살형 RA,"2,4단","32,000,000 원"
167,정토사 극락원 납골당,상생특실(A)지장보살형 RA,3단,"36,000,000 원"
167,정토사 극락원 납골당,상생특실(A)지장보살형 창측,1단,"24,000,000 원"
167,정토사 극락원 납골당,상생특실(A)지장보살형 창측,2단,"27,000,000 원"
167,정토사 극락원 납골당,상생특실(A)지장보살형 창측,3단,"29,000,000 원"
167,정토사 극락원 납골당,상생특실(A)지장보살형 A,"1,6단","23,000,000 원"
167,정토사 극락원 납골당,상생특실(A)지장보살형 A,"2,5단","27,000,000 원"
167,정토사 극락원 납골당,상생특실(A)지장보살형 A,"3,4단","29,000,000 원"
167,정토사 극락원 납골당,"일심실,사섭실(지장보살형.고급.B)","1,6단","14,000,000 원"
167,정토사 극락원 납골당,"일심실,사섭실(지장보살형.고급.B)","2,5단","16,000,000 원"
167,정토사 극락원 납골당,"일심실,사섭실(지장보살형.고급.B)","3,4단","18,000,000 원"
167,정토사 극락원 납골당,"이행실,삼학실(지장보살형.고급.C)","1,6단","14,000,000 원"
167,정토사 극락원 납골당,"이행실,삼학실(지장보살형.고급.C)","2,5단","15,000,000 원"
167,정토사 극락원 납골당,"이행실,삼학실(지장보살형.고급.C)","3,4단","17,000,000 원"
167,정토사 극락원 납골당,육념실(유리문형),8단,"6,200,000 원"
167,정토사 극락원 납골당,육념실(유리문형),"1,7단","8,200,000 원"
167,정토사 극락원 납골당,육념실(유리문형),"2,6단","9,600,000 원"
167,정토사 극락원 납골당,육념실(유리문형),"3,4,5단","10,400,000 원"
167,정토사 극락원 납골당,"칠보실,팔정도실(유리문형)",8단,"6,400,000 원"
167,정토사 극락원 납골당,"칠보실,팔정도실(유리문형)","1,7단","8,400,000 원"
167,정토사 극락원 납골당,"칠보실,팔정도실(유리문형)","2,6단","9,800,000 원"
167,정토사 극락원 납골당,"칠보실,팔정도실(유리문형)","3,4,5단","11,000,000 원"
167,정토사 극락원 납골당,오온실(유리문형),8단,"5,600,000 원"
167,정토사 극락원 납골당,오온실(유리문형),"1,7단","6,400,000 원"
167,정토사 극락원 납골당,오온실(유리문형),"2,6단","7,600,000 원"
167,정토사 극락원 납골당,오온실(유리문형),"3,4,5단","9,000,000 원"
168,에덴추모공원 납골당,A관,개인10단,"1,200,000 원"
168,에덴추모공원 납골당,A관,개인9단,"1,800,000 원"
168,에덴추모공원 납골당,A관,개인8단,"2,200,000 원"
168,에덴추모공원 납골당,A관,"개인1,7단","2,500,000 원"
168,에덴추모공원 납골당,A관,개인6단,"3,000,000 원"
168,에덴추모공원 납골당,A관,"개인4,5단","3,500,000 원"
168,에덴추모공원 납골당,A관,개인3단,"3,200,000 원"
168,에덴추모공원 납골당,A관,개인2단,"2,700,000 원"
168,에덴추모공원 납골당,A관,부부10단,"2,900,000 원"
168,에덴추모공원 납골당,A관,부부9단,"3,200,000 원"
168,에덴추모공원 납골당,A관,부부8단,"4,000,000 원"
168,에덴추모공원 납골당,A관,"부부1,7단","4,500,000 원"
168,에덴추모공원 납골당,A관,부부6단,"5,400,000 원"
168,에덴추모공원 납골당,A관,"부부4,5단","6,500,000 원"
168,에덴추모공원 납골당,A관,부부3단,"6,000,000 원"
168,에덴추모공원 납골당,A관,부부2단,"5,000,000 원"
168,에덴추모공원 납골당,B관,개인10단,"1,800,000 원"
168,에덴추모공원 납골당,B관,개인9단,"2,000,000 원"
168,에덴추모공원 납골당,B관,개인8단,"2,500,000 원"
168,에덴추모공원 납골당,B관,개인7단,"3,000,000 원"
168,에덴추모공원 납골당,B관,개인6단,"3,500,000 원"
168,에덴추모공원 납골당,B관,개인5단,"4,500,000 원"
168,에덴추모공원 납골당,B관,개인4단,"4,000,000 원"
168,에덴추모공원 납골당,B관,개인3단,"3,800,000 원"
168,에덴추모공원 납골당,B관,개인2단,"3,200,000 원"
168,에덴추모공원 납골당,B관,개인1단,"2,800,000 원"
168,에덴추모공원 납골당,B관,부부10단,"3,300,000 원"
168,에덴추모공원 납골당,B관,부부9단,"3,600,000 원"
168,에덴추모공원 납골당,B관,부부8단,"4,500,000 원"
168,에덴추모공원 납골당,B관,부부7단,"5,500,000 원"
168,에덴추모공원 납골당,B관,부부6단,"6,500,000 원"
168,에덴추모공원 납골당,B관,부부5단,"8,000,000 원"
168,에덴추모공원 납골당,B관,부부4단,"7,500,000 원"
168,에덴추모공원 납골당,B관,부부3단,"7,000,000 원"
168,에덴추모공원 납골당,B관,부부2단,"6,000,000 원"
168,에덴추모공원 납골당,B관,부부1단,"5,000,000 원"
168,에덴추모공원 납골당,B관,정면개인10단,"2,000,000 원"
168,에덴추모공원 납골당,B관,정면개인9단,"2,300,000 원"
168,에덴추모공원 납골당,B관,정면개인8단,"3,000,000 원"
168,에덴추모공원 납골당,B관,정면개인7단,"3,400,000 원"
168,에덴추모공원 납골당,B관,정면개인6단,"4,000,000 원"
168,에덴추모공원 납골당,B관,정면개인5단,"5,500,000 원"
168,에덴추모공원 납골당,B관,정면개인4단,"5,200,000 원"
168,에덴추모공원 납골당,B관,정면개인3단,"4,600,000 원"
168,에덴추모공원 납골당,B관,정면개인2단,"3,600,000 원"
168,에덴추모공원 납골당,B관,정면개인1단,"3,000,000 원"
168,에덴추모공원 납골당,B관,정면부부10단,"3,800,000 원"
168,에덴추모공원 납골당,B관,정면부부9단,"4,200,000 원"
168,에덴추모공원 납골당,B관,정면부부8단,"5,000,000 원"
168,에덴추모공원 납골당,B관,정면부부7단,"6,500,000 원"
168,에덴추모공원 납골당,B관,정면부부6단,"7,500,000 원"
168,에덴추모공원 납골당,B관,정면부부5단,"9,500,000 원"
168,에덴추모공원 납골당,B관,정면부부4단,"9,000,000 원"
168,에덴추모공원 납골당,B관,정면부부3단,"8,500,000 원"
168,에덴추모공원 납골당,B관,정면부부2단,"6,800,000 원"
168,에덴추모공원 납골당,B관,정면부부1단,"5,500,000 원"
168,에덴추모공원 납골당,관리비,개인5년,"250,000 원"
168,에덴추모공원 납골당,관리비,개인10년,"450,000 원"
168,에덴추모공원 납골당,관리비,부부5년(2인기준),"500,000 원"
168,에덴추모공원 납골당,관리비,부부10년(2인기준),"900,000 원"
168,에덴추모공원 납골당,2B관,개인9단,"2,500,000 원"
168,에덴추모공원 납골당,2B관,개인8단,"3,500,000 원"
168,에덴추모공원 납골당,2B관,개인7단,"4,000,000 원"
168,에덴추모공원 납골당,2B관,개인6단,"5,000,000 원"
168,에덴추모공원 납골당,2B관,개인5단,"7,000,000 원"
168,에덴추모공원 납골당,2B관,개인4단,"6,000,000 원"
168,에덴추모공원 납골당,2B관,개인3단,"5,500,000 원"
168,에덴추모공원 납골당,2B관,개인2단,"4,500,000 원"
168,에덴추모공원 납골당,2B관,개인1단,"3,500,000 원"
168,에덴추모공원 납골당,2B관,부부9단,"3,500,000 원"
168,에덴추모공원 납골당,2B관,부부8단,"5,500,000 원"
168,에덴추모공원 납골당,2B관,부부7단,"6,500,000 원"
168,에덴추모공원 납골당,2B관,부부6단,"8,500,000 원"
168,에덴추모공원 납골당,2B관,부부5단,"12,500,000 원"
168,에덴추모공원 납골당,2B관,부부4단,"10,500,000 원"
168,에덴추모공원 납골당,2B관,부부3단,"9,500,000 원"
168,에덴추모공원 납골당,2B관,부부2단,"7,500,000 원"
168,에덴추모공원 납골당,2B관,부부1단,"5,500,000 원"
169,용인추모원 납골당,1층 유니크 가족단,사용료 :  1단/6단  (4구 안치 가능),"30,000,000 원"
169,용인추모원 납골당,1층 유니크 가족단,사용료 :  2단/5단  (4구 안치 가능),"50,000,000 원"
169,용인추모원 납골당,1층 유니크 가족단,사용료 :  3단/4단  (4구 안치 가능),"70,000,000 원"
169,용인추모원 납골당,1층 유니크_관리비,관리비 : 70만원 ( 5년 선납),"350,000 원"
169,용인추모원 납골당,지하 15년 임대 개인단,사용료 :  1/9단(최저/고단),"400,000 원"
169,용인추모원 납골당,부부단 사용료,개인단의 두배,1 원
169,용인추모원 납골당,지하 15년 임대 개인단,사용료 : 2/8단,"800,000 원"
169,용인추모원 납골당,지하 15년 임대 개인단,사용료 : 3단,"1,200,000 원"
169,용인추모원 납골당,지하 15년 임대 개인단,사용료 : 4단,"1,400,000 원"
169,용인추모원 납골당,지하 15년 임대 개인단,사용료 : 5/6단,"1,500,000 원"
169,용인추모원 납골당,지하 15년 임대 개인단,사용료 : 7단,"1,300,000 원"
169,용인추모원 납골당,지하 15년 임대 개인단,"관리비 : 5만원/1구당, 5년 선납","250,000 원"
169,용인추모원 납골당,지하 디럭스 개인단,사용료 : 1/8단,"2,500,000 원"
169,용인추모원 납골당,지하 디럭스 개인단,사용료 : 2단,"3,000,000 원"
169,용인추모원 납골당,지하 디럭스 개인단,사용료 : 3/7단,"4,000,000 원"
169,용인추모원 납골당,지하 디럭스 개인단,사용료 : 4단,"4,500,000 원"
169,용인추모원 납골당,지하 디럭스 개인단,사용료 : 5/6단,"5,000,000 원"
169,용인추모원 납골당,지하 디럭스 개인단,사용료 : 9단,"1,800,000 원"
169,용인추모원 납골당,지하 디럭스_ 관리비,"관리비 : 5만원/1구당, 5년 선납","250,000 원"
169,용인추모원 납골당,부부단 사용료,개인단의 두배,0
169,용인추모원 납골당,1층 럭셔리 개인단,사용료 : 1/8단(최저/고단),"3,500,000 원"
169,용인추모원 납골당,1층 럭셔리 개인단,사용료 : 2/7단,"4,500,000 원"
169,용인추모원 납골당,1층 럭셔리 개인단,사용료 : 3단,"5,500,000 원"
169,용인추모원 납골당,1층 럭셔리 개인단,사용료 : 4/5단,"7,000,000 원"
169,용인추모원 납골당,1층 럭셔리 개인단,사용료 : 6단,"6,000,000 원"
169,용인추모원 납골당,1층 럭셔리 _ 관리비,"관리비 : 5만원/1구당, 5년 선납","250,000 원"
169,용인추모원 납골당,부부단 사용료,개인단의 두배,1 원
169,용인추모원 납골당,2/3층 럭셔리 개인단,사용료 : 1/8단(최저/고단),"4,000,000 원"
169,용인추모원 납골당,2/3층 럭셔리 개인단,사용료 : 2/7단,"5,000,000 원"
169,용인추모원 납골당,2/3층 럭셔리 개인단,사용료 : 3단,"6,000,000 원"
169,용인추모원 납골당,2/3층 럭셔리 개인단,사용료 : 4/5단,"7,500,000 원"
169,용인추모원 납골당,2/3층 럭셔리 개인단,사용료 : 6단,"6,500,000 원"
169,용인추모원 납골당,2/3층 럭셔리_관리비,"관리비 : 5만원/1구당, 5년 선납","2,500,000 원"
169,용인추모원 납골당,부부단 사용료,개인단의 두배,1 원
169,용인추모원 납골당,2층 프리미엄 개인단,사용료 : 1/8단(최저/고단),"7,000,000 원"
169,용인추모원 납골당,2층 프리미엄 개인단,사용료 : 2/7단,"9,000,000 원"
169,용인추모원 납골당,2층 프리미엄 개인단,사용료 : 3단,"10,000,000 원"
169,용인추모원 납골당,2층 프리미엄 개인단,사용료 : 4/5단,"12,000,000 원"
169,용인추모원 납골당,2층 프리미엄 개인단,사용료 : 6단,"11,000,000 원"
169,용인추모원 납골당,2층 프리미엄_관리비,"관리비 : 6만원/1구당, 5년 선납","300,000 원"
169,용인추모원 납골당,3층 프리미엄 가족단 4구용-1,사용료 :   1/6단(최저/고단),"32,000,000 원"
169,용인추모원 납골당,3층 프리미엄 가족단 4구용-1,사용료 :   2단,"36,000,000 원"
169,용인추모원 납골당,3층 프리미엄 가족단 4구용-1,사용료 :   3/4단,"43,000,000 원"
169,용인추모원 납골당,3층 프리미엄 가족단 4구용-1,사용료 :   5단,"39,000,000 원"
169,용인추모원 납골당,3층 프리미엄 가족단 4구용-2,사용료 :   1단,"34,000,000 원"
169,용인추모원 납골당,3층 프리미엄 가족단 4구용-2,사용료 :   2단,"43,000,000 원"
169,용인추모원 납골당,3층 프리미엄 가족단 4구용-2,사용료 :   3단,"36,000,000 원"
169,용인추모원 납골당,3층 프리미엄 가족단 6구용-1,사용료 :   1단,"51,000,000 원"
169,용인추모원 납골당,3층 프리미엄 가족단 6구용-1,사용료 :   2단,"64,000,000 원"
169,용인추모원 납골당,3층 프리미엄 가족단 6구용-1,사용료 :   3단,"54,000,000 원"
169,용인추모원 납골당,3층 프리미엄 가족단 6구용-2,사용료 :   1단,"55,000,000 원"
169,용인추모원 납골당,3층 프리미엄 가족단 6구용-2,사용료 :   2단,"57,000,000 원"
169,용인추모원 납골당,3층 프리미엄 가족단 7구용,사용료 : 전단,"63,000,000 원"
169,용인추모원 납골당,3층 프리미엄 가족단 8구용,사용료 :   1단,"68,000,000 원"
169,용인추모원 납골당,3층 프리미엄 가족단 8구용,사용료 :   2단,"86,000,000 원"
169,용인추모원 납골당,3층 프리미엄 가족단 8구용,사용료 :   3단,"72,000,000 원"
169,용인추모원 납골당,3층 프리미엄 가족단_관리비,"관리비 : 6만원/1구당, 5년 선납","250,000 원"
169,용인추모원 납골당,사용료 환불규정(봉안전),"계약일로부터 14일 이내에 100% 환불, 10년 이내에 90% 환불, 이후 매년 5%씩 추가 공제하고 환불",1 원
169,용인추모원 납골당,사용료 환불규정(봉안후),"공정거래위원회 소비자분쟁해결기준 (공정거래위원회 고시 제2014-4호) 에 준하여 환불, 15년 임대/수목장은 없음",1 원
169,용인추모원 납골당,관리비 환불규정,1년 단위로만 환불,1 원
170,천국의계단추모관(천국) 납골당,일반실 개인단 1단,"영구사용, 300mm X 300mm","1,800,000 원"
170,천국의계단추모관(천국) 납골당,일반실 개인단 2단,"영구사용, 300mm X 300mm","2,200,000 원"
170,천국의계단추모관(천국) 납골당,일반실 개인단 3단,"영구사용, 300mm X 300mm","3,000,000 원"
170,천국의계단추모관(천국) 납골당,일반실 개인단 4단,"영구사용, 300mm X 300mm","3,500,000 원"
170,천국의계단추모관(천국) 납골당,일반실 개인단 5단,"영구사용, 300mm X 300mm","3,500,000 원"
170,천국의계단추모관(천국) 납골당,일반실 개인단 6단,"영구사용, 300mm X 300mm","3,500,000 원"
170,천국의계단추모관(천국) 납골당,일반실 개인단 7단,"영구사용, 300mm X 300mm","2,500,000 원"
170,천국의계단추모관(천국) 납골당,일반실 개인단 8단,"영구사용, 300mm X 300mm","1,800,000 원"
170,천국의계단추모관(천국) 납골당,일반실 개인단 9단,"영구사용, 300mm X 300mm","1,500,000 원"
170,천국의계단추모관(천국) 납골당,일반실 개인단 10단,"영구사용, 300mm X 300mm","1,000,000 원"
170,천국의계단추모관(천국) 납골당,특별실 개인단 1단,"영구사용, 300mm X 300mm","2,500,000 원"
170,천국의계단추모관(천국) 납골당,특별실 개인단 2단,"영구사용, 300mm X 300mm","3,000,000 원"
170,천국의계단추모관(천국) 납골당,특별실 개인단 3단,"영구사용, 300mm X 300mm","4,000,000 원"
170,천국의계단추모관(천국) 납골당,특별실 개인단 4단,"영구사용, 300mm X 300mm","4,500,000 원"
170,천국의계단추모관(천국) 납골당,특별실 개인단 5단,"영구사용, 300mm X 300mm","4,500,000 원"
170,천국의계단추모관(천국) 납골당,특별실 개인단 6단,"영구사용, 300mm X 300mm","4,500,000 원"
170,천국의계단추모관(천국) 납골당,특별실 개인단 7단,"영구사용, 300mm X 300mm","3,500,000 원"
170,천국의계단추모관(천국) 납골당,특별실 개인단 8단,"영구사용, 300mm X 300mm","2,500,000 원"
170,천국의계단추모관(천국) 납골당,특별실 개인단 9단,"영구사용, 300mm X 300mm","2,000,000 원"
170,천국의계단추모관(천국) 납골당,특별실 부부단 1단,"영구사용, 600mm X 300mm","5,000,000 원"
170,천국의계단추모관(천국) 납골당,특별실 부부단 2단,"영구사용, 600mm X 300mm","6,000,000 원"
170,천국의계단추모관(천국) 납골당,특별실 부부단 3단,"영구사용, 600mm X 300mm","8,000,000 원"
170,천국의계단추모관(천국) 납골당,특별실 부부단 4단,"영구사용, 600mm X 300mm","9,000,000 원"
170,천국의계단추모관(천국) 납골당,특별실 부부단 5단,"영구사용, 600mm X 300mm","9,000,000 원"
170,천국의계단추모관(천국) 납골당,특별실 부부단 6단,"영구사용, 600mm X 300mm","9,000,000 원"
170,천국의계단추모관(천국) 납골당,특별실 부부단 7단,"영구사용, 600mm X 300mm","7,000,000 원"
170,천국의계단추모관(천국) 납골당,특별실 부부단 8단,"영구사용, 600mm X 300mm","5,000,000 원"
170,천국의계단추모관(천국) 납골당,특별실 부부단 9단,"영구사용, 600mm X 300mm","4,000,000 원"
170,천국의계단추모관(천국) 납골당,VIP실 개인단 1단,"영구사용, 300mm X 300mm","3,500,000 원"
170,천국의계단추모관(천국) 납골당,VIP실 개인단 2단,"영구사용, 300mm X 300mm","4,500,000 원"
170,천국의계단추모관(천국) 납골당,VIP실 개인단 3단,"영구사용, 300mm X 300mm","6,000,000 원"
170,천국의계단추모관(천국) 납골당,VIP실 개인단 4단,"영구사용, 300mm X 300mm","7,000,000 원"
170,천국의계단추모관(천국) 납골당,VIP실 개인단 5단,"영구사용, 300mm X 300mm","7,000,000 원"
170,천국의계단추모관(천국) 납골당,VIP실 개인단 6단,"영구사용, 300mm X 300mm","7,000,000 원"
170,천국의계단추모관(천국) 납골당,VIP실 개인단 7단,"영구사용, 300mm X 300mm","5,000,000 원"
170,천국의계단추모관(천국) 납골당,VIP실 개인단 8단,"영구사용, 300mm X 300mm","3,500,000 원"
170,천국의계단추모관(천국) 납골당,VIP실 개인단 9단,"영구사용, 300mm X 300mm","3,000,000 원"
170,천국의계단추모관(천국) 납골당,VIP실 부부단 1단,"영구사용, 600mm X 300mm","7,000,000 원"
170,천국의계단추모관(천국) 납골당,VIP실 부부단 2단,"영구사용, 600mm X 300mm","9,000,000 원"
170,천국의계단추모관(천국) 납골당,VIP실 부부단 3단,"영구사용, 600mm X 300mm","12,000,000 원"
170,천국의계단추모관(천국) 납골당,VIP실 부부단 4단,"영구사용, 600mm X 300mm","14,000,000 원"
170,천국의계단추모관(천국) 납골당,VIP실 부부단 5단,"영구사용, 600mm X 300mm","14,000,000 원"
170,천국의계단추모관(천국) 납골당,VIP실 부부단 6단,"영구사용, 600mm X 300mm","14,000,000 원"
170,천국의계단추모관(천국) 납골당,VIP실 부부단 7단,"영구사용, 600mm X 300mm","10,000,000 원"
170,천국의계단추모관(천국) 납골당,VIP실 부부단 8단,"영구사용, 600mm X 300mm","7,000,000 원"
170,천국의계단추모관(천국) 납골당,VIP실 부부단 9단,"영구사용, 600mm X 300mm","6,000,000 원"
170,천국의계단추모관(천국) 납골당,개인단 관리비,1년,"50,000 원"
170,천국의계단추모관(천국) 납골당,부부단 관리비(1구 안치시),1년,"50,000 원"
170,천국의계단추모관(천국) 납골당,부부단 관리비(2구 안치시),1년,"80,000 원"
170,천국의계단추모관(천국) 납골당,개인단 임시안치,5년,"1,000,000 원"
170,천국의계단추모관(천국) 납골당,개인단 임시안치,1년,"500,000 원"
171,효자추모관 납골당,(2층)개인단1단,영구사용,"1,700,000 원"
171,효자추모관 납골당,(2층)개인단2단,영구사용,"2,000,000 원"
171,효자추모관 납골당,(2층)개인단3단,영구사용,"2,700,000 원"
171,효자추모관 납골당,(2층)개인단4단,영구사용,"3,200,000 원"
171,효자추모관 납골당,(2층)개인단5단,영구사용,"3,600,000 원"
171,효자추모관 납골당,(2층)개인단6단,영구사용,"2,700,000 원"
171,효자추모관 납골당,(2층)개인단7단,영구사용,"2,000,000 원"
171,효자추모관 납골당,(2층)개인단8단,영구사용,"1,600,000 원"
171,효자추모관 납골당,(2층)개인단9단,영구사용,"1,200,000 원"
171,효자추모관 납골당,(2층)개인단10단,영구사용,"1,000,000 원"
171,효자추모관 납골당,(2층)부부단1단,영구사용,"3,500,000 원"
171,효자추모관 납골당,(2층)부부단2단,영구사용,"4,000,000 원"
171,효자추모관 납골당,(2층)부부단3단,영구사용(만장),"5,400,000 원"
171,효자추모관 납골당,(2층)부부단4단,영구사용(만장),"6,400,000 원"
171,효자추모관 납골당,(2층)부부단5단,영구사용(만장),"7,200,000 원"
171,효자추모관 납골당,(2층)부부단6단,영구사용(만장),"5,400,000 원"
171,효자추모관 납골당,(2층)부부단7단,영구사용,"4,300,000 원"
171,효자추모관 납골당,(2층)부부단8단,영구사용,"3,500,000 원"
171,효자추모관 납골당,(2층)부부단9단,영구사용,"3,000,000 원"
171,효자추모관 납골당,(2층)부부단10단,영구사용,"2,500,000 원"
171,효자추모관 납골당,(3층)개인단1단,영구사용,"2,100,000 원"
171,효자추모관 납골당,(3층)개인단2단,영구사용,"2,500,000 원"
171,효자추모관 납골당,(3층)개인단3단,영구사용,"3,300,000 원"
171,효자추모관 납골당,(3층)개인단4단,영구사용,"3,800,000 원"
171,효자추모관 납골당,(3층)개인단5단,영구사용,"4,200,000 원"
171,효자추모관 납골당,(3층)개인단6단,영구사용,"3,800,000 원"
171,효자추모관 납골당,(3층)개인단7단,영구사용,"2,500,000 원"
171,효자추모관 납골당,(3층)개인단8단,영구사용,"2,100,000 원"
171,효자추모관 납골당,(3층)부부단1단,영구사용,"4,200,000 원"
171,효자추모관 납골당,(3층)부부단2단,영구사용,"5,000,000 원"
171,효자추모관 납골당,(3층)부부단3단,영구사용,"6,600,000 원"
171,효자추모관 납골당,(3층)부부단4단,영구사용,"7,600,000 원"
171,효자추모관 납골당,(3층)부부단5단,영구사용,"8,400,000 원"
171,효자추모관 납골당,(3층)부부단6단,영구사용,"7,600,000 원"
171,효자추모관 납골당,(3층)부부단7단,영구사용,"5,000,000 원"
171,효자추모관 납골당,(3층)부부단8단,영구사용,"4,200,000 원"
171,효자추모관 납골당,(1층)개인단1단,영구사용,"2,500,000 원"
171,효자추모관 납골당,(1층)개인단2단,영구사용,"3,300,000 원"
171,효자추모관 납골당,(1층)개인단3단,영구사용,"3,900,000 원"
171,효자추모관 납골당,(1층)개인단4단,영구사용,"4,400,000 원"
171,효자추모관 납골당,(1층)개인단5단,영구사용,"4,800,000 원"
171,효자추모관 납골당,(1층)개인단6단,영구사용,"4,400,000 원"
171,효자추모관 납골당,(1층)개인단7단,영구사용,"3,300,000 원"
171,효자추모관 납골당,(1층)개인단8단,영구사용,"2,500,000 원"
171,효자추모관 납골당,(1층)부부단1단,영구사용,"5,000,000 원"
171,효자추모관 납골당,(1층)부부단2단,영구사용,"6,600,000 원"
171,효자추모관 납골당,(1층)부부단3단,영구사용,"7,800,000 원"
171,효자추모관 납골당,(1층)부부단4단,영구사용,"8,800,000 원"
171,효자추모관 납골당,(1층)부부단5단,영구사용,"9,600,000 원"
171,효자추모관 납골당,(1층)부부단6단,영구사용,"8,800,000 원"
171,효자추모관 납골당,(1층)부부단7단,영구사용,"6,600,000 원"
171,효자추모관 납골당,(1층)부부단8단,영구사용,"5,000,000 원"
171,효자추모관 납골당,관리비(1위),10년,"500,000 원"
172,유일추모공원 납골당,난초(지하1층)10단(측면),분양완료,0
172,유일추모공원 납골당,난초(지하1층)9단-측면,영구,"2,500,000 원"
172,유일추모공원 납골당,난초(지하1층)8단-측면,영구,"3,000,000 원"
172,유일추모공원 납골당,난초(지하1층)7단-측면,영구,"3,500,000 원"
172,유일추모공원 납골당,"난초(지하1층)6,5단-측면",영구,"4,500,000 원"
172,유일추모공원 납골당,난초(지하1층)4단-측면,영구,"4,000,000 원"
172,유일추모공원 납골당,난초(지하1층)3단-측면,영구,"3,500,000 원"
172,유일추모공원 납골당,난초(지하1층)2단-측면,영구,"3,000,000 원"
172,유일추모공원 납골당,난초(지하1층)1단-측면,영구,"2,500,000 원"
172,유일추모공원 납골당,"매화/송죽(1층,2층)-측면10단",별도문의,0
172,유일추모공원 납골당,"매화/송죽(1층,2층)-측면9단",별도문의,0
172,유일추모공원 납골당,"매화/송죽(1층,2층)-측면8단",영구,"4,000,000 원"
172,유일추모공원 납골당,"매화/송죽(1층,2층)-측면7단",영구,"5,000,000 원"
172,유일추모공원 납골당,"매화/송죽(1층,2층)-측면6단",영구,"6,000,000 원"
172,유일추모공원 납골당,"매화/송죽(1층,2층)-측면5단",영구,"6,000,000 원"
172,유일추모공원 납골당,"매화/송죽(1층,2층)-측면4단",영구,"5,000,000 원"
172,유일추모공원 납골당,"매화/송죽(1층,2층)-측면3단",영구,"4,500,000 원"
172,유일추모공원 납골당,"매화/송죽(1층,2층)-측면2단",영구,"4,000,000 원"
172,유일추모공원 납골당,"매화/송죽(1층,2층)-측면1단",별도문의,0
172,유일추모공원 납골당,개인단의 비용의 두배,영구,0
172,유일추모공원 납골당,"전면가격 (난초,매화,송죽관)",측면비용의 추가,"500,000 원"
172,유일추모공원 납골당,3층 국화실/소국실,별도문의,0
172,유일추모공원 납골당,별관일반(1층) 측면 전면 1단,별도문의,0
172,유일추모공원 납골당,별관일반(1층) 측면 전면 2단,영구,"5,000,000 원"
172,유일추모공원 납골당,별관일반(1층) 측면 전면 3단,영구,"6,000,000 원"
172,유일추모공원 납골당,별관일반(1층) 측면 전면 4단,영구,"7,000,000 원"
172,유일추모공원 납골당,별관일반(1층) 측면 전면 5단,영구,"9,000,000 원"
172,유일추모공원 납골당,별관일반(1층) 측면 전면 6단,영구,"8,000,000 원"
172,유일추모공원 납골당,별관일반(1층) 측면 전면 7단,영구,"7,000,000 원"
172,유일추모공원 납골당,별관일반(1층) 측면 전면 8단,영구,"5,000,000 원"
172,유일추모공원 납골당,별관고급(1층) 측면 전면,일반실 금액추가(5단개인단 제외),"2,000,000 원"
172,유일추모공원 납골당,"별관 일반,고급 (1층) 개인단 비용의 두배",영구,0
172,유일추모공원 납골당,관리비,1년관리비,"60,000 원"
172,유일추모공원 납골당,별관일반(2층) 측면 1단,별도문의,0
172,유일추모공원 납골당,별관일반(2층) 측면 2단,영구,"4,500,000 원"
172,유일추모공원 납골당,별관일반(2층) 측면 3단,영구,"6,500,000 원"
172,유일추모공원 납골당,별관일반(2층) 측면 4단,영구,"7,500,000 원"
172,유일추모공원 납골당,별관일반(2층) 측면 5단,영구,"9,000,000 원"
172,유일추모공원 납골당,별관일반(2층) 측면 6단,영구,"8,500,000 원"
172,유일추모공원 납골당,별관일반(2층) 측면 7단,영구,"6,500,000 원"
172,유일추모공원 납골당,별관일반(2층) 측면 8단,영구,"4,500,000 원"
172,유일추모공원 납골당,별관일반(2층) 측면 9단,별도문의,0
172,유일추모공원 납골당,별관일반(2층) 측면 10단,판매완료,0
172,유일추모공원 납골당,전면가격 별관일반(2층),측면비용의 추가,"500,000 원"
172,유일추모공원 납골당,별관일반(2층) 개인단 비용의 두배,영구,0
172,유일추모공원 납골당,별관고급(2층) 측면 전면 1단,영구,"8,000,000 원"
172,유일추모공원 납골당,별관고급(2층) 측면 전면 2단,영구,"9,000,000 원"
172,유일추모공원 납골당,별관고급(2층) 측면 전면 3단,영구,"10,000,000 원"
172,유일추모공원 납골당,별관고급(2층) 측면 전면 4단,별도문의,0
172,유일추모공원 납골당,별관고급(2층) 측면 전면 5단,별도문의,0
172,유일추모공원 납골당,별관고급(2층) 측면 전면 6단,별도문의,0
172,유일추모공원 납골당,별관고급(2층) 측면 전면 7단,영구,"10,000,000 원"
172,유일추모공원 납골당,별관고급(2층) 측면 전면 8단,영구,"7,000,000 원"
172,유일추모공원 납골당,별관고급(2층) 측면 전면 9단,영구,"5,000,000 원"
172,유일추모공원 납골당,별관고급(2층) 개인단 비용의 두배,영구,
173,무궁화추모공원 납골당,개인 1단,VIP실,"2,450,000 원"
173,무궁화추모공원 납골당,개인 2단,VIP실,"3,850,000 원"
173,무궁화추모공원 납골당,개인 3단,VIP실,"4,900,000 원"
173,무궁화추모공원 납골당,개인 4단,VIP실,"4,900,000 원"
173,무궁화추모공원 납골당,개인 5단,VIP실,"4,900,000 원"
173,무궁화추모공원 납골당,개인 6단,VIP실,"3,850,000 원"
173,무궁화추모공원 납골당,개인 7단,VIP실,"2,800,000 원"
173,무궁화추모공원 납골당,부부 1단,VIP실,"4,550,000 원"
173,무궁화추모공원 납골당,부부 2단,VIP실,"7,350,000 원"
173,무궁화추모공원 납골당,부부 3단,VIP실,"9,100,000 원"
173,무궁화추모공원 납골당,부부 4단,VIP실,"9,100,000 원"
173,무궁화추모공원 납골당,부부 5단,VIP실,"9,100,000 원"
173,무궁화추모공원 납골당,부부 6단,VIP실,"7,350,000 원"
173,무궁화추모공원 납골당,부부 7단,VIP실,"5,250,000 원"
173,무궁화추모공원 납골당,1단,특실,"18,200,000 원"
173,무궁화추모공원 납골당,2단,특실,"21,000,000 원"
173,무궁화추모공원 납골당,3단,특실,"21,000,000 원"
173,무궁화추모공원 납골당,4단,특실,"18,200,000 원"
173,무궁화추모공원 납골당,4위,가족실,"24,500,000 원"
173,무궁화추모공원 납골당,6위,가족실,"35,000,000 원"
173,무궁화추모공원 납골당,8위,가족실,"49,000,000 원"
173,무궁화추모공원 납골당,10위,가족실,"56,000,000 원"
173,무궁화추모공원 납골당,12위,가족실,"70,000,000 원"
173,무궁화추모공원 납골당,개인 1단,고급실 (임대 10년),"1,050,000 원"
173,무궁화추모공원 납골당,개인 2단,고급실 (임대 10년),"1,750,000 원"
173,무궁화추모공원 납골당,개인 3단,고급실 (임대 10년),"2,100,000 원"
173,무궁화추모공원 납골당,개인 4단,고급실 (임대 10년),"2,100,000 원"
173,무궁화추모공원 납골당,개인 5단,고급실 (임대 10년),"2,100,000 원"
173,무궁화추모공원 납골당,개인 6단,고급실 (임대 10년),"1,750,000 원"
173,무궁화추모공원 납골당,개인 7단,고급실 (임대 10년),"1,400,000 원"
173,무궁화추모공원 납골당,부부 1단,고급실 (임대 10년),"2,100,000 원"
173,무궁화추모공원 납골당,부부 2단,고급실 (임대 10년),"3,500,000 원"
173,무궁화추모공원 납골당,부부3단,고급실 (임대 10년),"4,200,000 원"
173,무궁화추모공원 납골당,부부 4단,고급실 (임대10년),"4,200,000 원"
173,무궁화추모공원 납골당,부부 5단,고급실 (임대 10년),"4,200,000 원"
173,무궁화추모공원 납골당,부부 6단,고급실 (임대 10년),"3,500,000 원"
173,무궁화추모공원 납골당,부부 7단,고급실 (임대 10년),"2,800,000 원"
173,무궁화추모공원 납골당,개인 1단,고급실,"1,750,000 원"
173,무궁화추모공원 납골당,개인 2단,고급실,"3,150,000 원"
173,무궁화추모공원 납골당,개인 3단,고급실,"4,200,000 원"
173,무궁화추모공원 납골당,개인 4단,고급실,"4,200,000 원"
173,무궁화추모공원 납골당,개인 5단,고급실,"4,200,000 원"
173,무궁화추모공원 납골당,개인 6단,고급실,"3,150,000 원"
173,무궁화추모공원 납골당,개인 7단,고급실,"2,100,000 원"
173,무궁화추모공원 납골당,부부 1단,고급실,"3,150,000 원"
173,무궁화추모공원 납골당,부부 2단,고급실,"5,950,000 원"
173,무궁화추모공원 납골당,부부 3단,고급실,"7,700,000 원"
173,무궁화추모공원 납골당,부부 4단,고급실,"7,700,000 원"
173,무궁화추모공원 납골당,부부 5단,고급실,"7,700,000 원"
173,무궁화추모공원 납골당,부부 6단,고급실,"5,950,000 원"
173,무궁화추모공원 납골당,부부 7단,고급실,"3,850,000 원"
173,무궁화추모공원 납골당,관리비,"연 50,000원 / 5년치 선납","50,000 원"
174,시안 가족추모공원(봉안) 납골당,없음,없음,없음
175,중앙추모공원(봉안시설) 납골당,VIP실 1단 개인단,사용료 500만원/ 5년 관리비 30만원,"5,000,000 원"
175,중앙추모공원(봉안시설) 납골당,VIP실 2단 개인단,사용료 600만원/ 5년 관리비 30만원,"6,000,000 원"
175,중앙추모공원(봉안시설) 납골당,VIP실 3단 개인단,사용료 750만원/ 5년 관리비 30만원,"7,500,000 원"
175,중앙추모공원(봉안시설) 납골당,VIP실 4단 개인단,사용료 900만원/ 5년 관리비 30만원,"9,000,000 원"
175,중앙추모공원(봉안시설) 납골당,VIP실 5단 개인단,사용료 1000만원/ 5년 관리비 30만원,"10,000,000 원"
175,중앙추모공원(봉안시설) 납골당,VIP실 1단 부부단,사용료 1000만원/ 5년 관리비 30만원,"10,000,000 원"
175,중앙추모공원(봉안시설) 납골당,VIP실 2단 부부단,사용료 1200만원/ 5년 관리비 30만원,"12,000,000 원"
175,중앙추모공원(봉안시설) 납골당,VIP실 3단 부부단,사용료 1500만원/ 5년 관리비 30만원,"15,000,000 원"
175,중앙추모공원(봉안시설) 납골당,VIP실 4단 부부단,사용료 1800만원/ 5년 관리비 30만원,"18,000,000 원"
175,중앙추모공원(봉안시설) 납골당,VIP실 5단 부부단,사용료 2000만원/ 5년 관리비 30만원,"20,000,000 원"
175,중앙추모공원(봉안시설) 납골당,고급실 1단 개인단,사용료 350만원/ 5년 관리비 30만원,"3,500,000 원"
175,중앙추모공원(봉안시설) 납골당,고급실 2단 개인단,사용료 450만원/ 5년 관리비 30만원,"4,500,000 원"
175,중앙추모공원(봉안시설) 납골당,고급실 3단 개인단,사용료 600만원/ 5년 관리비 30만원,"6,000,000 원"
175,중앙추모공원(봉안시설) 납골당,고급실 4단 개인단,사용료 750만원/ 5년 관리비 30만원,"7,500,000 원"
175,중앙추모공원(봉안시설) 납골당,고급실 5단 개인단,사용료 900만원/ 5년 관리비 30만원,"9,000,000 원"
175,중앙추모공원(봉안시설) 납골당,고급실 6단 개인단,사용료 850만원/ 5년 관리비 30만원,"8,500,000 원"
175,중앙추모공원(봉안시설) 납골당,고급실 1단 부부단,사용료 700만원/ 5년 관리비 30만원,"7,000,000 원"
175,중앙추모공원(봉안시설) 납골당,고급실 2단 부부단,사용료 900만원/ 5년 관리비 30만원,"9,000,000 원"
175,중앙추모공원(봉안시설) 납골당,고급실 3단 부부단,사용료 1200만원/ 5년 관리비 30만원,"12,000,000 원"
175,중앙추모공원(봉안시설) 납골당,고급실 4단 부부단,사용료 1500만원/ 5년 관리비 30만원,"15,000,000 원"
175,중앙추모공원(봉안시설) 납골당,고급실 5단 부부단,사용료 1800만원/ 5년 관리비 30만원,"18,000,000 원"
175,중앙추모공원(봉안시설) 납골당,고급실 6단 부부단,사용료 1700만원/ 5년 관리비 30만원,"17,000,000 원"
175,중앙추모공원(봉안시설) 납골당,일반실 1단 개인단,사용료 250만원/ 5년 관리비 30만원,"2,500,000 원"
175,중앙추모공원(봉안시설) 납골당,일반실 2단 개인단,사용료 350만원/ 5년 관리비 30만원,"3,500,000 원"
175,중앙추모공원(봉안시설) 납골당,일반실 3단 개인단,사용료 400만원/ 5년 관리비 30만원,"4,000,000 원"
175,중앙추모공원(봉안시설) 납골당,일반실 4단 개인단,사용료 500만원/ 5년 관리비 30만원,"5,000,000 원"
175,중앙추모공원(봉안시설) 납골당,일반실 5단 개인단,사용료 500만원/ 5년 관리비 30만원,"5,000,000 원"
175,중앙추모공원(봉안시설) 납골당,일반실 6단 개인단,사용료 450만원/ 5년 관리비 30만원,"4,500,000 원"
175,중앙추모공원(봉안시설) 납골당,일반실 7단 개인단,사용료 350만원/ 5년 관리비 30만원,"3,500,000 원"
175,중앙추모공원(봉안시설) 납골당,일반실 8단 개인단,사용료 300만원/ 5년 관리비 30만원,"3,000,000 원"
175,중앙추모공원(봉안시설) 납골당,일반실 9단 개인단,사용료 250만원/ 5년 관리비 30만원,"2,500,000 원"
175,중앙추모공원(봉안시설) 납골당,일반실 1단 부부단,사용료 500만원/ 5년 관리비 30만원,"5,000,000 원"
175,중앙추모공원(봉안시설) 납골당,일반실 2단 부부단,사용료 700만원/ 5년 관리비 30만원,"7,000,000 원"
175,중앙추모공원(봉안시설) 납골당,일반실 3단 부부단,사용료 800만원/ 5년 관리비 30만원,"8,000,000 원"
175,중앙추모공원(봉안시설) 납골당,일반실 4단 부부단,사용료 1000만원/ 5년 관리비 30만원,"10,000,000 원"
175,중앙추모공원(봉안시설) 납골당,일반실 5단 부부단,사용료 1000만원/ 5년 관리비 30만원,"10,000,000 원"
175,중앙추모공원(봉안시설) 납골당,일반실 6단 부부단,사용료 900만원/ 5년 관리비 30만원,"9,000,000 원"
175,중앙추모공원(봉안시설) 납골당,일반실 7단 부부단,사용료 700만원/ 5년 관리비 30만원,"7,000,000 원"
175,중앙추모공원(봉안시설) 납골당,일반실 8단 부부단,사용료 600만원/ 5년 관리비 30만원,"6,000,000 원"
175,중앙추모공원(봉안시설) 납골당,일반실 9단 부부단,사용료 500만원/ 5년 관리비 30만원,"5,000,000 원"
176,청련사 극락원 납골당,일반실 개인단 1단,일반실,"3,500,000 원"
176,청련사 극락원 납골당,일반실 부부단 1단,일반실,"7,000,000 원"
176,청련사 극락원 납골당,일반실 개인단 2단,일반실,"4,500,000 원"
176,청련사 극락원 납골당,일반실 부부단 2단,일반실,"9,000,000 원"
176,청련사 극락원 납골당,일반실 개인단 3단,일반실,"6,000,000 원"
176,청련사 극락원 납골당,일반실 부부단 3단,일반실,"12,000,000 원"
176,청련사 극락원 납골당,일반실 개인단 4단,일반실,"6,500,000 원"
176,청련사 극락원 납골당,일반실 부부단 4단,일반실,"13,000,000 원"
176,청련사 극락원 납골당,일반실 개인단 5단,일반실,"7,000,000 원"
176,청련사 극락원 납골당,일반실 부부단 5단,일반실,"14,000,000 원"
176,청련사 극락원 납골당,일반실 개인단 6단,일반실,"7,000,000 원"
176,청련사 극락원 납골당,일반실 부부단 6단,일반실,"14,000,000 원"
176,청련사 극락원 납골당,일반실 개인단 7단,일반실,"5,500,000 원"
176,청련사 극락원 납골당,일반실 부부단 7단,일반실,"11,000,000 원"
176,청련사 극락원 납골당,일반실 개인단 8단,일반실,"4,000,000 원"
176,청련사 극락원 납골당,일반실 부부단 8단,일반실,"8,000,000 원"
176,청련사 극락원 납골당,일반실 개인단 9단,일반실,"3,000,000 원"
176,청련사 극락원 납골당,일반실 부부단 9단,일반실,"6,000,000 원"
176,청련사 극락원 납골당,일반실 개인단 10단,일반실,"2,000,000 원"
176,청련사 극락원 납골당,일반실 부부단 10단,일반실,"4,000,000 원"
176,청련사 극락원 납골당,VIP 개인단 1단,특별실,"7,500,000 원"
176,청련사 극락원 납골당,VIP 부부단 1단,특별실,"14,000,000 원"
176,청련사 극락원 납골당,VIP 개인단 2단,특별실,"8,500,000 원"
176,청련사 극락원 납골당,VIP 부부단 2단,특별실,"17,000,000 원"
176,청련사 극락원 납골당,VIP 개인단 3단,특별실,"10,000,000 원"
176,청련사 극락원 납골당,VIP 부부단 3단,특별실,"20,000,000 원"
176,청련사 극락원 납골당,VIP 개인단 4단,특별실,"11,000,000 원"
176,청련사 극락원 납골당,VIP 부부단 4단,특별실,"22,000,000 원"
176,청련사 극락원 납골당,VIP 개인단 5단,특별실,"12,000,000 원"
176,청련사 극락원 납골당,VIP 부부단 5단,특별실,"24,000,000 원"
176,청련사 극락원 납골당,VIP 개인단 6단,특별실,"12,000,000 원"
176,청련사 극락원 납골당,VIP 부부단 6단,특별실,"24,000,000 원"
176,청련사 극락원 납골당,VIP 개인단 7단,특별실,"9,000,000 원"
176,청련사 극락원 납골당,VIP 부부단 7단,특별실,"18,000,000 원"
176,청련사 극락원 납골당,VIP 개인단 8단,특별실,"7,000,000 원"
176,청련사 극락원 납골당,VIP 부부단 8단,특별실,"14,000,000 원"
178,법화세계추모관 납골당,일반관,가단,"1,500,000 원"
178,법화세계추모관 납골당,일반관,나단,"2,500,000 원"
178,법화세계추모관 납골당,일반관,다단,"3,500,000 원"
178,법화세계추모관 납골당,일반관,라단,"4,500,000 원"
178,법화세계추모관 납골당,일반관,마단,"5,000,000 원"
178,법화세계추모관 납골당,일반관,바단,"5,000,000 원"
178,법화세계추모관 납골당,일반관,사단,"4,500,000 원"
178,법화세계추모관 납골당,일반관,아단,"3,500,000 원"
178,법화세계추모관 납골당,일반관,자단,"3,000,000 원"
178,법화세계추모관 납골당,일반관,가단,"3,000,000 원"
178,법화세계추모관 납골당,일반관,나단,"5,000,000 원"
178,법화세계추모관 납골당,일반관,다단,"7,000,000 원"
178,법화세계추모관 납골당,일반관,라단,"9,000,000 원"
178,법화세계추모관 납골당,일반관,마단,"10,000,000 원"
178,법화세계추모관 납골당,일반관,바단,"10,000,000 원"
178,법화세계추모관 납골당,일반관,사단,"9,000,000 원"
178,법화세계추모관 납골당,일반관,아단,"7,000,000 원"
178,법화세계추모관 납골당,일반관,자단,"6,000,000 원"
178,법화세계추모관 납골당,프리미엄관,가단,"3,500,000 원"
178,법화세계추모관 납골당,프리미엄관,나단,"4,500,000 원"
178,법화세계추모관 납골당,프리미엄관,다단,"5,000,000 원"
178,법화세계추모관 납골당,프리미엄관,라단,"5,000,000 원"
178,법화세계추모관 납골당,프리미엄관,마단,"5,000,000 원"
178,법화세계추모관 납골당,프리미엄관,바단,"4,500,000 원"
178,법화세계추모관 납골당,프리미엄관,사단,"3,500,000 원"
178,법화세계추모관 납골당,프리미엄관,가단,"7,000,000 원"
178,법화세계추모관 납골당,프리미엄관,나단,"9,000,000 원"
178,법화세계추모관 납골당,프리미엄관,다단,"10,000,000 원"
178,법화세계추모관 납골당,프리미엄관,라단,"10,000,000 원"
178,법화세계추모관 납골당,프리미엄관,마단,"10,000,000 원"
178,법화세계추모관 납골당,프리미엄관,바단,"9,000,000 원"
178,법화세계추모관 납골당,프리미엄관,사단,"7,000,000 원"
178,법화세계추모관 납골당,관리비(개인단),"안치 후 10년 (1년=30,000원,안치일기준)","300,000 원"
178,법화세계추모관 납골당,관리비(부부단),"안치 후 10년 (1년=60,000원,안치일기준)","600,000 원"
179,천안공원묘원(봉안시설) 납골당,"가족봉안묘(공작,사용료+15년관리비+시설물)","33.05㎡, 봉안24기","27,500,000 원"
179,천안공원묘원(봉안시설) 납골당,"가족봉안묘(다솜,사용료+15년관리비+시설물)","26.44㎡, 봉안20기","24,000,000 원"
179,천안공원묘원(봉안시설) 납골당,"가족봉안묘(화목S,사용료+15년관리비+시설물)","14.87㎡, 봉안8기","16,200,000 원"
180,도성사 납골당,개인단 (1단 및 7단),영구,"3,500,000 원"
180,도성사 납골당,개인단 (2단),영구,"4,500,000 원"
180,도성사 납골당,개인단 (3단),영구,"5,000,000 원"
180,도성사 납골당,개인단 (4단),영구,"6,000,000 원"
180,도성사 납골당,개인단 (9단),영구,"1,500,000 원"
180,도성사 납골당,개인단 (10단),영구,"1,000,000 원"
180,도성사 납골당,부부단 (1단 및 7단),영구,"7,000,000 원"
180,도성사 납골당,부부단 (2단),영구,"9,000,000 원"
180,도성사 납골당,부부단(3단),영구,"10,000,000 원"
180,도성사 납골당,부부단 (4단),영구,"12,000,000 원"
180,도성사 납골당,부부단 (9단),영구,"3,000,000 원"
180,도성사 납골당,부부단 (10단),영구,"2,000,000 원"
180,도성사 납골당,5면부부단 (1단),영구,"9,000,000 원"
180,도성사 납골당,5면부부단 (2단),영구,"10,000,000 원"
180,도성사 납골당,5면부부단 (3단),영구,"12,000,000 원"
180,도성사 납골당,5면부부단 (4단),영구,"15,000,000 원"
180,도성사 납골당,5면부부단 (5단),영구,"16,000,000 원"
180,도성사 납골당,5면부부단 (7단),영구,"9,000,000 원"
180,도성사 납골당,5면부부단 (8단),영구,"7,000,000 원"
180,도성사 납골당,5면부부단 (9단),영구,"5,000,000 원"
180,도성사 납골당,개인단 관리비,영구,"1,500,000 원"
180,도성사 납골당,부부단 및 5년부부단 관리비,영구,"3,000,000 원"
180,도성사 납골당,개인단 관리비,5년마다  총 6회납,"250,000 원"
180,도성사 납골당,부부단 관리비,5년마다  총 6회납,"500,000 원"
180,도성사 납골당,개인단 (5단),영구,"6,500,000 원"
180,도성사 납골당,개인단 (6단),영구,"5,500,000 원"
180,도성사 납골당,개인단 (8단),영구,"2,500,000 원"
180,도성사 납골당,부부단 (5단),영구,"13,000,000 원"
180,도성사 납골당,부부단 (6단),영구,"11,000,000 원"
180,도성사 납골당,부부단 (8단),영구,"5,000,000 원"
180,도성사 납골당,5면부부단 (6단),영구,"14,000,000 원"
180,도성사 납골당,5면부부단 (10단),영구,"4,000,000 원"
181,목포추모관 휴 납골당,일반실1단,영구,"2,000,000 원"
181,목포추모관 휴 납골당,일반실2단,영구,"2,500,000 원"
181,목포추모관 휴 납골당,일반실3단,영구,"4,000,000 원"
181,목포추모관 휴 납골당,일반실4단,영구,"4,000,000 원"
181,목포추모관 휴 납골당,일반실5단,영구,"4,000,000 원"
181,목포추모관 휴 납골당,일반실6단,영구,"3,500,000 원"
181,목포추모관 휴 납골당,일반실7단,영구,"2,000,000 원"
181,목포추모관 휴 납골당,일반실8단,영구,"1,500,000 원"
181,목포추모관 휴 납골당,일반실1단,영구,"4,000,000 원"
181,목포추모관 휴 납골당,일반실2단,영구,"5,000,000 원"
181,목포추모관 휴 납골당,일반실3단,영구,"8,000,000 원"
181,목포추모관 휴 납골당,일반실4단,영구,"8,000,000 원"
181,목포추모관 휴 납골당,일반실5단,영구,"8,000,000 원"
181,목포추모관 휴 납골당,일반실6단,영구,"7,000,000 원"
181,목포추모관 휴 납골당,일반실7단,영구,"4,000,000 원"
181,목포추모관 휴 납골당,일반실8단,영구,"3,000,000 원"
181,목포추모관 휴 납골당,특별실1단,영구,"3,000,000 원"
181,목포추모관 휴 납골당,특별실2단,영구,"3,500,000 원"
181,목포추모관 휴 납골당,특별실3단,영구,"5,000,000 원"
181,목포추모관 휴 납골당,특별실4단,영구,"5,000,000 원"
181,목포추모관 휴 납골당,특별실5단,영구,"5,000,000 원"
181,목포추모관 휴 납골당,특별실6단,영구,"4,500,000 원"
181,목포추모관 휴 납골당,특별실7단,영구,"3,000,000 원"
181,목포추모관 휴 납골당,특별실8단,영구,"2,500,000 원"
181,목포추모관 휴 납골당,특별실1단,영구,"6,000,000 원"
181,목포추모관 휴 납골당,특별실2단,영구,"7,000,000 원"
181,목포추모관 휴 납골당,특별실3단,영구,"9,600,000 원"
181,목포추모관 휴 납골당,특별실4단,영구,"9,600,000 원"
181,목포추모관 휴 납골당,특별실5단,영구,"9,600,000 원"
181,목포추모관 휴 납골당,특별실6단,영구,"9,000,000 원"
181,목포추모관 휴 납골당,특별실7단,영구,"6,000,000 원"
181,목포추모관 휴 납골당,특별실 8단,영구,"5,000,000 원"
181,목포추모관 휴 납골당,"A,B구역1열부터19열",영구,"12,000,000 원"
182,조안공원양주지사 납골당,일반실,1단,"3,000,000 원"
182,조안공원양주지사 납골당,일반실,2단,"4,000,000 원"
182,조안공원양주지사 납골당,일반실,3단,"5,000,000 원"
182,조안공원양주지사 납골당,일반실,4단,"6,500,000 원"
182,조안공원양주지사 납골당,일반실,5단,"6,500,000 원"
182,조안공원양주지사 납골당,일반실,6단,"6,500,000 원"
182,조안공원양주지사 납골당,일반실,7단,"5,000,000 원"
182,조안공원양주지사 납골당,일반실,8단,"3,500,000 원"
182,조안공원양주지사 납골당,일반실,1단,"6,000,000 원"
182,조안공원양주지사 납골당,일반실,2단,"8,000,000 원"
182,조안공원양주지사 납골당,일반실,3단,"10,000,000 원"
182,조안공원양주지사 납골당,일반실,4단,"13,000,000 원"
182,조안공원양주지사 납골당,일반실,5단,"13,000,000 원"
182,조안공원양주지사 납골당,일반실,6단,"13,000,000 원"
182,조안공원양주지사 납골당,일반실,7단,"10,000,000 원"
182,조안공원양주지사 납골당,일반실,8단,"7,000,000 원"
182,조안공원양주지사 납골당,고급실,1단,"4,000,000 원"
182,조안공원양주지사 납골당,고급실,2단,"5,000,000 원"
182,조안공원양주지사 납골당,고급실,3단,"6,000,000 원"
182,조안공원양주지사 납골당,고급실,4단,"7,500,000 원"
182,조안공원양주지사 납골당,고급실,5단,"7,500,000 원"
182,조안공원양주지사 납골당,고급실,6단,"7,500,000 원"
182,조안공원양주지사 납골당,고급실,7단,"6,000,000 원"
182,조안공원양주지사 납골당,고급실,8단,"4,500,000 원"
182,조안공원양주지사 납골당,고급실,1단,"8,000,000 원"
182,조안공원양주지사 납골당,고급실,2단,"10,000,000 원"
182,조안공원양주지사 납골당,고급실,3단,"12,000,000 원"
182,조안공원양주지사 납골당,고급실,4단,"15,000,000 원"
182,조안공원양주지사 납골당,고급실,5단,"15,000,000 원"
182,조안공원양주지사 납골당,고급실,6단,"15,000,000 원"
182,조안공원양주지사 납골당,고급실,7단,"12,000,000 원"
182,조안공원양주지사 납골당,고급실,8단,"9,000,000 원"
183,평화공원 파라다이스 추모관 납골당,일반실 1단,27cm * 27cm,"2,500,000 원"
183,평화공원 파라다이스 추모관 납골당,일반실 2단,27cm * 27cm,"3,500,000 원"
183,평화공원 파라다이스 추모관 납골당,일반실 3단,27cm * 27cm,"4,300,000 원"
183,평화공원 파라다이스 추모관 납골당,일반실 4단,27cm * 27cm,"5,200,000 원"
183,평화공원 파라다이스 추모관 납골당,일반실 5단,27cm * 27cm,"5,200,000 원"
183,평화공원 파라다이스 추모관 납골당,일반실 6단,27cm * 27cm,"4,800,000 원"
183,평화공원 파라다이스 추모관 납골당,일반실 7단,27cm * 27cm,"3,500,000 원"
183,평화공원 파라다이스 추모관 납골당,일반실 8단,27cm * 27cm,"2,500,000 원"
183,평화공원 파라다이스 추모관 납골당,일반실 9단,27cm * 27cm,"1,500,000 원"
183,평화공원 파라다이스 추모관 납골당,일반실 1단,50cm * 27cm,"5,000,000 원"
183,평화공원 파라다이스 추모관 납골당,일반실 2단,50cm * 27cm,"7,000,000 원"
183,평화공원 파라다이스 추모관 납골당,일반실 3단,50cm * 27cm,"8,600,000 원"
183,평화공원 파라다이스 추모관 납골당,일반실 4단,50cm * 27cm,"10,400,000 원"
183,평화공원 파라다이스 추모관 납골당,일반실 5단,50cm * 27cm,"10,400,000 원"
183,평화공원 파라다이스 추모관 납골당,일반실 6단,50cm * 27cm,"9,600,000 원"
183,평화공원 파라다이스 추모관 납골당,일반실 7단,50cm * 27cm,"7,000,000 원"
183,평화공원 파라다이스 추모관 납골당,일반실 8단,50cm * 27cm,"5,000,000 원"
183,평화공원 파라다이스 추모관 납골당,일반실 9단,50cm * 27cm,"3,000,000 원"
183,평화공원 파라다이스 추모관 납골당,VIP실 1단,35cm * 30cm,"6,000,000 원"
183,평화공원 파라다이스 추모관 납골당,VIP실 2단,35cm * 30cm,"7,000,000 원"
183,평화공원 파라다이스 추모관 납골당,VIP실 3단,35cm * 30cm,"10,000,000 원"
183,평화공원 파라다이스 추모관 납골당,VIP실 4단,35cm * 30cm,"10,000,000 원"
183,평화공원 파라다이스 추모관 납골당,VIP실 5단,35cm * 30cm,"10,000,000 원"
183,평화공원 파라다이스 추모관 납골당,VIP실 6단,35cm * 30cm,"7,000,000 원"
183,평화공원 파라다이스 추모관 납골당,VIP실 1단,60cm * 30cm,"12,000,000 원"
183,평화공원 파라다이스 추모관 납골당,VIP실 2단,60cm * 30cm,"14,000,000 원"
183,평화공원 파라다이스 추모관 납골당,VIP실 3단,60cm * 30cm,"20,000,000 원"
183,평화공원 파라다이스 추모관 납골당,VIP실 4단,60cm * 30cm,"20,000,000 원"
183,평화공원 파라다이스 추모관 납골당,VIP실 5단,60cm * 30cm,"20,000,000 원"
183,평화공원 파라다이스 추모관 납골당,VIP실 6단,60cm * 30cm,"14,000,000 원"
183,평화공원 파라다이스 추모관 납골당,관리비(유골함 1위 기준),"1위, 1년","50,000 원"
184,파주추모공원 납골당,무우전-1단(개인단),"영구(5년선납기준,1년 5만원)","1,500,000 원"
184,파주추모공원 납골당,무우전-2단(개인단),"영구(5년선납기준,1년 5만원)","2,000,000 원"
184,파주추모공원 납골당,무우전-3단(개인단),"영구(5년선납기준,1년 5만원)","2,500,000 원"
184,파주추모공원 납골당,무우전-4단(개인단),"영구(5년선납기준,1년 5만원)","3,500,000 원"
184,파주추모공원 납골당,무우전-5단(개인단),"영구(5년선납기준,1년 5만원)","4,000,000 원"
184,파주추모공원 납골당,무우전-6단(개인단),"영구(5년선납기준,1년 5만원)","4,000,000 원"
184,파주추모공원 납골당,무우전-7단(개인단),"영구(5년선납기준,1년 5만원)","3,000,000 원"
184,파주추모공원 납골당,무우전-8단(개인단),"영구(5년선납기준,1년 5만원)","2,000,000 원"
184,파주추모공원 납골당,무우전-9단(개인단),"영구(5년선납기준,1년 5만원)","1,500,000 원"
184,파주추모공원 납골당,무우전(1단~9단) - 부부단,"개인단 2배비용(5년선납기준,1년 5만원)",0
184,파주추모공원 납골당,지장전(2층)-1단(개인단),"영구(5년선납기준,1년 5만원)","2,500,000 원"
184,파주추모공원 납골당,지장전(2층)-2단(개인단),"영구(5년선납기준,1년 5만원)","3,500,000 원"
184,파주추모공원 납골당,지장전(2층)-3단(개인단),"영구(5년선납기준,1년 5만원)","4,000,000 원"
184,파주추모공원 납골당,지장전(2층)-4단(개인단),"영구(5년선납기준,1년 5만원)","5,000,000 원"
184,파주추모공원 납골당,지장전(2층)-5단(개인단),"영구(5년선납기준,1년 5만원)","5,500,000 원"
184,파주추모공원 납골당,지장전(2층)-6단(개인단),"영구(5년선납기준,1년 5만원)","5,500,000 원"
184,파주추모공원 납골당,지장전(2층)-7단(개인단),"영구(5년선납기준,1년 5만원)","4,000,000 원"
184,파주추모공원 납골당,지장전(2층)-8단(개인단),"영구(5년선납기준,1년 5만원)","3,000,000 원"
184,파주추모공원 납골당,지장전(2층)-9단(개인단),"영구(5년선납기준,1년 5만원)","2,000,000 원"
184,파주추모공원 납골당,지장전(2층)-10단(개인단),"영구(5년선납기준,1년 5만원)","1,500,000 원"
184,파주추모공원 납골당,지장전(2층)-1단~10단 - 부부단,"개인단 2배비용(5년선납기준,1년 5만원)",0
184,파주추모공원 납골당,하늘품(신관)-1단(개인단),"영구(5년선납기준,1년 5만원)","5,000,000 원"
184,파주추모공원 납골당,하늘품(신관)-2단(개인단),"영구(5년선납기준,1년 5만원)","6,000,000 원"
184,파주추모공원 납골당,하늘품(신관)-3단(개인단),"영구(5년선납기준,1년 5만원)","7,000,000 원"
184,파주추모공원 납골당,하늘품(신관)-4단(개인단),"영구(5년선납기준,1년 5만원)","8,000,000 원"
184,파주추모공원 납골당,하늘품(신관)-5단(개인단),"영구(5년선납기준,1년 5만원)","8,000,000 원"
184,파주추모공원 납골당,하늘품(신관)-6단(개인단),"영구(5년선납기준,1년 5만원)","6,000,000 원"
184,파주추모공원 납골당,하늘품(신관)-7단(개인단),"영구(5년선납기준,1년 5만원)","4,500,000 원"
184,파주추모공원 납골당,하늘품(신관)-1단~7단 - 부부단,"개인단 2배비용(5년선납기준,1년 5만원)",0
185,천주교 비봉추모관 납골당,봉안당 9단 일반실,"10년 관리비 불포함(\500,000)","1,900,000 원"
185,천주교 비봉추모관 납골당,봉안당 1단 일반실,"10년 관리비 불포함(\500,000)","2,000,000 원"
185,천주교 비봉추모관 납골당,봉안당 8단 일반실,"10년 관리비 불포함(\500,000)","2,300,000 원"
185,천주교 비봉추모관 납골당,봉안당 2단 일반실,"10년 관리비 불포함(\500,000)","2,400,000 원"
185,천주교 비봉추모관 납골당,봉안당 7단 일반실,"10년 관리비 불포함(\500,000)","2,900,000 원"
185,천주교 비봉추모관 납골당,"봉안당 3,4,5,6단 일반실","10년 관리비 불포함(\500,000)","3,200,000 원"
185,천주교 비봉추모관 납골당,봉안당 9단 일반실,"10년 관리비 불포함(\1,000,000)","3,800,000 원"
185,천주교 비봉추모관 납골당,봉안당 1단 일반실,"10년 관리비 불포함(\1,000,000)","4,000,000 원"
185,천주교 비봉추모관 납골당,봉안당 8단 일반실,"10년 관리비 불포함(\1,000,000)","4,600,000 원"
185,천주교 비봉추모관 납골당,봉안당 2단 일반실,"10년 관리비 불포함(\1,000,000)","4,800,000 원"
185,천주교 비봉추모관 납골당,봉안당 7단 일반실,"10년 관리비 불포함(\1,000,000)","5,800,000 원"
185,천주교 비봉추모관 납골당,"봉안당 3,4,5,6단 일반실","10년 관리비 불포함(\1,000,000)","6,400,000 원"
185,천주교 비봉추모관 납골당,봉안당 (피에타실),"10년 관리비 불포함(\600,000)","10,000,000 원"
185,천주교 비봉추모관 납골당,봉안당 1. 7단 (특별실),"10년 관리비 불포함(\600,000)","8,000,000 원"
185,천주교 비봉추모관 납골당,봉안당 2. 6단 (특별실),"10년 관리비 불포함(\600,000)","8,500,000 원"
185,천주교 비봉추모관 납골당,봉안당 3. 5단 (특별실),"10년 관리비 불포함(\600,000)","9,000,000 원"
185,천주교 비봉추모관 납골당,봉안당 4단 (특별실),"10년 관리비 불포함(\600,000)","9,500,000 원"
185,천주교 비봉추모관 납골당,봉안당 1. 7단 (특별실),"10년 관리비 불포함(\1,200,000)","12,000,000 원"
185,천주교 비봉추모관 납골당,봉안당 2. 6단 (특별실),"10년 관리비 불포함(\1,200,000)","12,800,000 원"
185,천주교 비봉추모관 납골당,봉안당 3. 5단 (특별실),"10년 관리비 불포함(\1,200,000)","13,500,000 원"
185,천주교 비봉추모관 납골당,봉안당 4단 (특별실),"10년 관리비 불포함(\1,200,000)","14,300,000 원"
185,천주교 비봉추모관 납골당,봉안당 3+4단 (가족실),"10년 관리비 불포함(\2,400,000)","27,800,000 원"
186,영모묘원 대원전 납골당,대원전1층 1단,30㎝x30㎝x30㎝,"1,800,000 원"
186,영모묘원 대원전 납골당,대원전1층 2단,,"2,300,000 원"
186,영모묘원 대원전 납골당,"대원전1층 3, 4단",,"3,500,000 원"
186,영모묘원 대원전 납골당,대원전1층 5단,,"3,000,000 원"
186,영모묘원 대원전 납골당,"대원전1층 1, 6단",,"3,500,000 원"
186,영모묘원 대원전 납골당,"대원전1층 2, 5단",,"4,500,000 원"
186,영모묘원 대원전 납골당,"대원전1층 3, 4단",,"5,500,000 원"
186,영모묘원 대원전 납골당,대원전1층 7단,,"3,000,000 원"
186,영모묘원 대원전 납골당,대원전2층 고급실 1단,,"2,300,000 원"
186,영모묘원 대원전 납골당,"대원전2층 고급실 2, 6단",,"3,000,000 원"
186,영모묘원 대원전 납골당,"대원전2층 고급실 3, 4, 5단",,"4,000,000 원"
186,영모묘원 대원전 납골당,대원전2층 고급실 7단,,"2,500,000 원"
186,영모묘원 대원전 납골당,대원전2층 고급실 1단,,"4,500,000 원"
186,영모묘원 대원전 납골당,"대원전2층 고급실 2, 6단",,"6,000,000 원"
186,영모묘원 대원전 납골당,"대원전2층 고급실 3, 4, 5단",,"8,000,000 원"
186,영모묘원 대원전 납골당,대원전2층 고급실 7단,,"5,000,000 원"
186,영모묘원 대원전 납골당,대원전2층 로얄실 1단,,"3,300,000 원"
186,영모묘원 대원전 납골당,"대원전2층 로얄실 2,6 단",,"4,000,000 원"
186,영모묘원 대원전 납골당,"대원전2층 로얄실 3, 4, 5단",,"5,000,000 원"
186,영모묘원 대원전 납골당,대원전2층 로얄실 7단,,"3,500,000 원"
186,영모묘원 대원전 납골당,대원전2층 로얄실 1단,,"6,500,000 원"
186,영모묘원 대원전 납골당,"대원전2층 로얄실 2, 6단",,"8,000,000 원"
186,영모묘원 대원전 납골당,"대원전2층 로얄실 3, 4, 5단",,"10,000,000 원"
186,영모묘원 대원전 납골당,대원전2층 로얄실 7단,,"7,000,000 원"
187,하늘소망추모관 납골당,(평생) 개인 일반실 9단,270mm*260mm,"1,500,000 원"
187,하늘소망추모관 납골당,(평생) 개인일반실 8단,270mm*260mm,"1,800,000 원"
187,하늘소망추모관 납골당,(평생) 개인 일반실 7단,270mm*260mm,"2,100,000 원"
187,하늘소망추모관 납골당,(평생) 개인 일반실 6단,270mm*260mm,"2,400,000 원"
187,하늘소망추모관 납골당,(평생) 개인 일반실 5단,270mm*260mm,"2,400,000 원"
187,하늘소망추모관 납골당,(평생) 개인 일반실 4단,270mm*260mm,"2,400,000 원"
187,하늘소망추모관 납골당,(평생) 개인 일반실 3단,270mm*260mm,"2,100,000 원"
187,하늘소망추모관 납골당,(평생) 개인 일반실 2단,270mm*260mm,"1,800,000 원"
187,하늘소망추모관 납골당,(평생) 개인 일반실 1단,270mm*260mm,"1,500,000 원"
187,하늘소망추모관 납골당,(평생) 가족단 일반실 9단,570mm*260mm,"2,500,000 원"
187,하늘소망추모관 납골당,(평생) 가족단 일반실 8단,570mm*260mm,"3,000,000 원"
187,하늘소망추모관 납골당,(평생)가족단 일반실 7단,570mm*260mm,"3,500,000 원"
187,하늘소망추모관 납골당,(평생) 가족단 일반실 6단,570mm*260mm,"4,000,000 원"
187,하늘소망추모관 납골당,(평생) 가족단 일반실 5단,570mm*260mm,"4,000,000 원"
187,하늘소망추모관 납골당,(평생) 가족단 일반실 4단,570mm*260mm,"4,000,000 원"
187,하늘소망추모관 납골당,(평생) 가족단 일반실 3단,570mm*260mm,"3,500,000 원"
187,하늘소망추모관 납골당,(평생) 가족단 일반실 2단,570mm*260mm,"3,000,000 원"
187,하늘소망추모관 납골당,(평생) 가족단 일반실 1단,570mm*260mm,"2,500,000 원"
187,하늘소망추모관 납골당,(평생) 가족단 VIP실 9단,570mm*270mm,"3,500,000 원"
187,하늘소망추모관 납골당,(평생) 가족단 VIP실 8단,570mm*270mm,"4,000,000 원"
187,하늘소망추모관 납골당,(평생) 가족단 VIP실 7단,570mm*270mm,"4,500,000 원"
187,하늘소망추모관 납골당,(평생) 가족단 VIP실 6단,570mm*270mm,"5,000,000 원"
187,하늘소망추모관 납골당,(평생) 가족단 VIP실 5단,570mm*270mm,"5,000,000 원"
187,하늘소망추모관 납골당,(평생) 가족단 VIP실 4단,570mm*270mm,"5,000,000 원"
187,하늘소망추모관 납골당,(평생) 가족단 VIP실 3단,570mm*270mm,"4,500,000 원"
187,하늘소망추모관 납골당,(평생) 가족단 VIP실 2단,570mm*270mm,"4,000,000 원"
187,하늘소망추모관 납골당,(평생) 가족단 VIP실 1단,570mm*270mm,"3,500,000 원"
188,모악추모공원 납골당,[일반실]개인단 9단,영구분양,"2,400,000 원"
188,모악추모공원 납골당,[일반실]개인단 1단,영구분양,"3,400,000 원"
188,모악추모공원 납골당,[일반실]개인단 2단,영구분양,"4,000,000 원"
188,모악추모공원 납골당,[일반실]개인단 3단,영구분양,"4,900,000 원"
188,모악추모공원 납골당,[일반실]개인단 4단,영구분양,"5,300,000 원"
188,모악추모공원 납골당,[일반실]개인단 5단,영구분양,"5,800,000 원"
188,모악추모공원 납골당,[일반실]개인단 6단,영구분양,"5,300,000 원"
188,모악추모공원 납골당,[일반실]개인단 7단,영구분양,"4,500,000 원"
188,모악추모공원 납골당,[일반실]개인단 8단,영구분양,"3,000,000 원"
188,모악추모공원 납골당,[일반실]부부단 1단,영구분양,"6,700,000 원"
188,모악추모공원 납골당,[일반실]부부단 2단,영구분양,"7,900,000 원"
188,모악추모공원 납골당,[일반실]부부단 3단,영구분양,"9,700,000 원"
188,모악추모공원 납골당,[일반실]부부단 4단,영구분양,"10,500,000 원"
188,모악추모공원 납골당,[일반실]부부단 5단,영구분양,"11,500,000 원"
188,모악추모공원 납골당,[일반실]부부단 6단,영구분양,"10,500,000 원"
188,모악추모공원 납골당,[일반실]부부단 7단,영구분양,"8,900,000 원"
188,모악추모공원 납골당,[일반실]부부단 8단,영구분양,"5,900,000 원"
188,모악추모공원 납골당,[일반실]부부단 9단,영구분양,"4,700,000 원"
188,모악추모공원 납골당,[일반실 관리비] 1위당,10년,"500,000 원"
188,모악추모공원 납골당,[특별실] 부부단 1단,영구분양,"18,000,000 원"
188,모악추모공원 납골당,[특별실] 부부단 2단,영구분양,"22,000,000 원"
188,모악추모공원 납골당,[특별실] 부부단 3단,영구분양,"25,000,000 원"
188,모악추모공원 납골당,[특별실] 부부단 4단,영구분양,"25,000,000 원"
188,모악추모공원 납골당,[특별실] 부부단 5단,영구분양,"25,000,000 원"
188,모악추모공원 납골당,[특별실] 부부단 6단,영구분양,"25,000,000 원"
188,모악추모공원 납골당,[특별실] 부부단 7단,영구분양,"22,000,000 원"
188,모악추모공원 납골당,[특별실 관리비] 1위당,10년,"1,000,000 원"
188,모악추모공원 납골당,[신규 일반실] 개인단 1단,영구분양,"4,500,000 원"
188,모악추모공원 납골당,[신규 일반실] 개인단 2단,영구분양,"5,200,000 원"
188,모악추모공원 납골당,[신규 일반실] 개인단 3단,영구분양,"5,600,000 원"
188,모악추모공원 납골당,[신규 일반실] 개인단 4단,영구분양,"6,000,000 원"
188,모악추모공원 납골당,[신규 일반실] 개인단 5단,영구분양,"6,500,000 원"
188,모악추모공원 납골당,[신규 일반실] 개인단 6단,영구분양,"6,000,000 원"
188,모악추모공원 납골당,[신규 일반실] 개인단 7단,영구분양,"5,500,000 원"
188,모악추모공원 납골당,[신규 일반실] 개인단 8단,영구분양,"4,700,000 원"
188,모악추모공원 납골당,[신규 일반실] 부부단 1단,영구분양,"9,000,000 원"
188,모악추모공원 납골당,[신규 일반실] 부부단 2단,영구분양,"10,400,000 원"
188,모악추모공원 납골당,[신규 일반실] 부부단 3단,영구분양,"11,200,000 원"
188,모악추모공원 납골당,[신규 일반실] 부부단 4단,영구분양,"12,000,000 원"
188,모악추모공원 납골당,[신규 일반실] 부부단 5단,영구분양,"13,000,000 원"
188,모악추모공원 납골당,[신규 일반실] 부부단 6단,영구분양,"12,000,000 원"
188,모악추모공원 납골당,[신규 일반실] 부부단 7단,영구분양,"11,000,000 원"
188,모악추모공원 납골당,[신규 일반실] 부부단 8단,영구분양,"9,400,000 원"
189,종교단체 삼봉사봉안당 납골당,2단,,"10,000,000 원"
189,종교단체 삼봉사봉안당 납골당,3단,,"14,000,000 원"
189,종교단체 삼봉사봉안당 납골당,7단,,"8,000,000 원"
189,종교단체 삼봉사봉안당 납골당,6단,,"14,000,000 원"
189,종교단체 삼봉사봉안당 납골당,5단,,"20,000,000 원"
189,종교단체 삼봉사봉안당 납골당,4단,,"20,000,000 원"
189,종교단체 삼봉사봉안당 납골당,1단,54 x35x 50,"6,000,000 원"
189,종교단체 삼봉사봉안당 납골당,7단,,"4,000,000 원"
189,종교단체 삼봉사봉안당 납골당,6단,,"7,000,000 원"
189,종교단체 삼봉사봉안당 납골당,5단,,"10,000,000 원"
189,종교단체 삼봉사봉안당 납골당,4단,,"10,000,000 원"
189,종교단체 삼봉사봉안당 납골당,3단,,"7,000,000 원"
189,종교단체 삼봉사봉안당 납골당,2단,,"5,000,000 원"
189,종교단체 삼봉사봉안당 납골당,1단,29 x35 x50,"3,000,000 원"
189,종교단체 삼봉사봉안당 납골당,6단,,"4,000,000 원"
189,종교단체 삼봉사봉안당 납골당,5단,,"10,000,000 원"
189,종교단체 삼봉사봉안당 납골당,4단,,"10,000,000 원"
189,종교단체 삼봉사봉안당 납골당,3단,,"8,000,000 원"
189,종교단체 삼봉사봉안당 납골당,2단,,"6,000,000 원"
189,종교단체 삼봉사봉안당 납골당,1단,49 x35x 30,"2,000,000 원"
189,종교단체 삼봉사봉안당 납골당,6단,,"2,000,000 원"
189,종교단체 삼봉사봉안당 납골당,5단,,"5,000,000 원"
189,종교단체 삼봉사봉안당 납골당,4단,,"5,000,000 원"
189,종교단체 삼봉사봉안당 납골당,3단,,"4,000,000 원"
189,종교단체 삼봉사봉안당 납골당,2단,,"3,000,000 원"
189,종교단체 삼봉사봉안당 납골당,1단,26x 35x 30,"1,000,000 원"
190,청통추모관 납골당,1봉안실/4단,영구봉안,"3,000,000 원"
190,청통추모관 납골당,1봉안실/5단,영구봉안,"3,000,000 원"
190,청통추모관 납골당,1봉안실/6단,영구봉안,"3,000,000 원"
190,청통추모관 납골당,2봉안실/1단,영구봉안,"2,000,000 원"
190,청통추모관 납골당,2봉안실/2단,영구봉안,"2,500,000 원"
190,청통추모관 납골당,2봉안실/3단,영구봉안,"3,500,000 원"
190,청통추모관 납골당,2봉안실/4단,영구봉안,"4,000,000 원"
190,청통추모관 납골당,2봉안실/5단,영구봉안,"5,000,000 원"
190,청통추모관 납골당,2봉안실/6단,영구봉안,"4,000,000 원"
190,청통추모관 납골당,2봉안실/6단,영구봉안,"7,000,000 원"
190,청통추모관 납골당,"5,6봉안실/1단",영구봉안,"2,000,000 원"
190,청통추모관 납골당,"3,5,6봉안실/2단",영구봉안,"3,000,000 원"
190,청통추모관 납골당,"3,5,6봉안실/3단",영구봉안,"4,000,000 원"
190,청통추모관 납골당,"3,5,6봉안실/4단",영구봉안,"5,000,000 원"
190,청통추모관 납골당,"3,5,6봉안실/5단",영구봉안,"6,000,000 원"
190,청통추모관 납골당,"3,5,6봉안실/6단",영구봉안,"5,000,000 원"
190,청통추모관 납골당,"3,5,6봉안실/7단",영구봉안,"3,500,000 원"
190,청통추모관 납골당,"3,5,6봉안실/8단",영구봉안,"2,000,000 원"
190,청통추모관 납골당,"5,6봉안실/1단",영구봉안,"4,000,000 원"
190,청통추모관 납골당,"5,6봉안실/2단",영구봉안,"6,000,000 원"
190,청통추모관 납골당,"5,6봉안실/3단",영구봉안,"8,000,000 원"
190,청통추모관 납골당,"3,5,6봉안실/4단",영구봉안,"10,000,000 원"
190,청통추모관 납골당,"3,5,6봉안실/5단",영구봉안,"12,000,000 원"
190,청통추모관 납골당,"3,5,6봉안실/6단",영구봉안,"10,000,000 원"
190,청통추모관 납골당,"3,5,6봉안실/7단",영구봉안,"7,000,000 원"
190,청통추모관 납골당,"5,6봉안실/8단",영구봉안,"4,000,000 원"
191,효원가족공원 납골당,봉안당(일반),9단 싱글단(영구),"1,000,000 원"
191,효원가족공원 납골당,봉안당(일반),9단 프리미엄단(영구),"2,000,000 원"
191,효원가족공원 납골당,봉안당(일반),8단 싱글단(영구),"1,500,000 원"
191,효원가족공원 납골당,봉안당(일반),8단 프리미엄단(영구),"3,000,000 원"
191,효원가족공원 납골당,봉안당(일반),7단 싱글단(영구),"2,000,000 원"
191,효원가족공원 납골당,봉안당(일반),7단 프리미엄단(영구),"4,000,000 원"
191,효원가족공원 납골당,봉안당(일반),6단 싱글단(영구),"3,000,000 원"
191,효원가족공원 납골당,봉안당(일반),6단 프리미엄단(영구),"6,000,000 원"
191,효원가족공원 납골당,봉안당(일반),5단 싱글단(영구),"4,500,000 원"
191,효원가족공원 납골당,봉안당(일반),5단 프리미엄단(영구),"9,000,000 원"
191,효원가족공원 납골당,봉안당(일반),4단 싱글단(영구),"4,000,000 원"
191,효원가족공원 납골당,봉안당(일반),4단 프리미엄단(영구),"8,000,000 원"
191,효원가족공원 납골당,봉안당(일반),3단 싱글단(영구),"3,500,000 원"
191,효원가족공원 납골당,봉안당(일반),3단 프리미엄단(영구),"7,000,000 원"
191,효원가족공원 납골당,봉안당(일반),2단 싱글단(영구),"2,500,000 원"
191,효원가족공원 납골당,봉안당(일반),2단 프리미엄단(영구),"5,000,000 원"
191,효원가족공원 납골당,봉안당(일반),1단 싱글단(영구),"1,500,000 원"
191,효원가족공원 납골당,봉안당(일반),1단 프리미엄단(영구),"3,000,000 원"
191,효원가족공원 납골당,15년 임대 봉안당,2~7단,"300,000 원"
191,효원가족공원 납골당,15년 임대 봉안당,2~7단,"600,000 원"
191,효원가족공원 납골당,5년 관리비,일반/VIP,"250,000 원"
191,효원가족공원 납골당,5년 관리비,일반/VIP,"500,000 원"
191,효원가족공원 납골당,5년 관리비,VVIP,"300,000 원"
191,효원가족공원 납골당,5년 관리비,VVIP,"600,000 원"
191,효원가족공원 납골당,자연장지,30년 사용료,"2,000,000 원"
191,효원가족공원 납골당,자연장지,30년 관리비,"600,000 원"
192,분당메모리얼파크 납골당,봉안담-개인형(9단),"초기 5년분 관리비 포함 / 6년차부터 2년마다 관리비 58,000원 납부 / 봉안작업비 : 10만원","4,045,000 원"
192,분당메모리얼파크 납골당,봉안담-개인형(8단),"초기 5년분 관리비 포함 / 6년차부터 2년마다 관리비 58,000원 납부 / 봉안작업비 : 10만원","4,245,000 원"
192,분당메모리얼파크 납골당,봉안담-개인형(7단),"초기 5년분 관리비 포함 / 6년차부터 2년마다 관리비 58,000원 납부 / 봉안작업비 : 10만원","4,445,000 원"
192,분당메모리얼파크 납골당,봉안담-개인형(6단),"초기 5년분 관리비 포함 / 6년차부터 2년마다 관리비 58,000원 납부 / 봉안작업비 : 10만원","4,645,000 원"
192,분당메모리얼파크 납골당,봉안담-개인형(5단),"초기 5년분 관리비 포함 / 6년차부터 2년마다 관리비 58,000원 납부 / 봉안작업비 : 10만원","4,645,000 원"
192,분당메모리얼파크 납골당,봉안담-개인형(4단),"초기 5년분 관리비 포함 / 6년차부터 2년마다 관리비 58,000원 납부 / 봉안작업비 : 10만원","4,645,000 원"
192,분당메모리얼파크 납골당,봉안담-개인형(3단),"초기 5년분 관리비 포함 / 6년차부터 2년마다 관리비 58,000원 납부 / 봉안작업비 : 10만원","4,645,000 원"
192,분당메모리얼파크 납골당,봉안담-개인형(2단),"초기 5년분 관리비 포함 / 6년차부터 2년마다 관리비 58,000원 납부 / 봉안작업비 : 10만원","4,645,000 원"
192,분당메모리얼파크 납골당,봉안담-개인형(1단),"초기 5년분 관리비 포함 / 6년차부터 2년마다 관리비 58,000원 납부 / 봉안작업비 : 10만원","4,645,000 원"
192,분당메모리얼파크 납골당,봉안담-부부형(9단),"초기 5년분 관리비 포함 / 6년차부터 2년마다 관리비 96,800원 납부 / 봉안작업비 : 10만원","7,042,000 원"
192,분당메모리얼파크 납골당,봉안담-부부형(8단),"초기 5년분 관리비 포함 / 6년차부터 2년마다 관리비 96,800원 납부 / 봉안작업비 : 10만원","7,342,000 원"
192,분당메모리얼파크 납골당,봉안담-부부형(7단),"초기 5년분 관리비 포함 / 6년차부터 2년마다 관리비 96,800원 납부 / 봉안작업비 : 10만원","7,642,000 원"
192,분당메모리얼파크 납골당,봉안담-부부형(6단),"초기 5년분 관리비 포함 / 6년차부터 2년마다 관리비 96,800원 납부 / 봉안작업비 : 10만원","7,842,000 원"
192,분당메모리얼파크 납골당,봉안담-부부형(5단),"초기 5년분 관리비 포함 / 6년차부터 2년마다 관리비 96,800원 납부 / 봉안작업비 : 10만원","7,842,000 원"
192,분당메모리얼파크 납골당,봉안담-부부형(4단),"초기 5년분 관리비 포함 / 6년차부터 2년마다 관리비 96,800원 납부 / 봉안작업비 : 10만원","7,842,000 원"
192,분당메모리얼파크 납골당,봉안담-부부형(3단),"초기 5년분 관리비 포함 / 6년차부터 2년마다 관리비 96,800원 납부 / 봉안작업비 : 10만원","7,842,000 원"
192,분당메모리얼파크 납골당,봉안담-부부형(2단),"초기 5년분 관리비 포함 / 6년차부터 2년마다 관리비 96,800원 납부 / 봉안작업비 : 10만원","7,842,000 원"
192,분당메모리얼파크 납골당,봉안담-부부형(1단),"초기 5년분 관리비 포함 / 6년차부터 2년마다 관리비 96,800원 납부 / 봉안작업비 : 10만원","7,842,000 원"
192,분당메모리얼파크 납골당,데이지 봉안묘,"최대안치위수 : 2위 / 초기 5년분 관리비 포함 / 6년차부터 2년마다 관리비 58,200원 납부 / 안치료 : 20만원 / 각자료 : 10만~50만원","11,949,000 원"
192,분당메모리얼파크 납골당,아이리스 봉안묘,"최대안치위수 : 4위 / 초기 5년분 관리비 포함 / 6년차부터 2년마다 관리비 87,300원 납부 / 안치료 : 20만원 / 각자료 : 10만~50만원","15,942,000 원"
192,분당메모리얼파크 납골당,매그놀리아 봉안묘,"최대안치위수 : 8위 / 초기 5년분 관리비 포함 / 6년차부터 2년마다 관리비 87,300원 납부 / 안치료 : 20만원 / 각자료 : 10만~50만원","17,924,000 원"
192,분당메모리얼파크 납골당,오키드 봉안묘,"최대안치위수 : 12위 / 초기 5년분 관리비 포함 / 6년차부터 2년마다 관리비 116,400원 납부 / 안치료 : 20만원 / 각자료 : 10만~50만원","19,898,000 원"
192,분당메모리얼파크 납골당,로터스 봉안묘,"최대안치위수: 12위 / 초기 5년분 관리비 포함 / 6년차부터 2년마다 관리비 174,600원 납부 / 안치료 : 20만원 / 각자료 : 10만~50만원","29,847,000 원"
193,금릉 제1봉안당 납골당,1단 (최저단),1 (位),"2,500,000 원"
193,금릉 제1봉안당 납골당,2단,1 (位),"3,000,000 원"
193,금릉 제1봉안당 납골당,3단,1 (位),"3,500,000 원"
193,금릉 제1봉안당 납골당,4단,1 (位),"5,000,000 원"
193,금릉 제1봉안당 납골당,5단,1 (位),"5,000,000 원"
193,금릉 제1봉안당 납골당,6단,1 (位),"5,000,000 원"
193,금릉 제1봉안당 납골당,7단,1 (位),"3,000,000 원"
193,금릉 제1봉안당 납골당,8단 (최고단),1 (位),"2,500,000 원"
193,금릉 제1봉안당 납골당,1단 (최저단),1~2 (位),"5,000,000 원"
193,금릉 제1봉안당 납골당,2단,1~2 (位),"6,000,000 원"
193,금릉 제1봉안당 납골당,3단,1~2 (位),"7,000,000 원"
193,금릉 제1봉안당 납골당,4단,1~2 (位),"10,000,000 원"
193,금릉 제1봉안당 납골당,5단,1~2 (位),"10,000,000 원"
193,금릉 제1봉안당 납골당,6단,1~2 (位),"10,000,000 원"
193,금릉 제1봉안당 납골당,7단,1~2 (位),"6,000,000 원"
193,금릉 제1봉안당 납골당,8단 (최고단),1~2 (位),"5,000,000 원"
193,금릉 제1봉안당 납골당,1단 (유품보관단),1 (位),"3,000,000 원"
193,금릉 제1봉안당 납골당,1단 (유품보관단),1~2 (位),"6,000,000 원"
193,금릉 제1봉안당 납골당,관리비 (10년선납),단/1년,"50,000 원"
194,상상추모공원 납골당,A형(2단~7단) 1년,관리비 별도,"150,000 원"
194,상상추모공원 납골당,A형(2단~7단) 3년,관리비 별도,"300,000 원"
194,상상추모공원 납골당,A형(2단~7단) 10년,관리비 별도,"650,000 원"
194,상상추모공원 납골당,A형(2단~7단) 30년,관리비 별도,"1,600,000 원"
194,상상추모공원 납골당,A형(2단~7단) 60년,관리비 별도,"2,500,000 원"
194,상상추모공원 납골당,B형(1.8단) 1년,관리비 별도,"100,000 원"
194,상상추모공원 납골당,B형(1.8단) 3년,관리비 별도,"200,000 원"
194,상상추모공원 납골당,B형(1.8단) 10년,관리비 별도,"450,000 원"
194,상상추모공원 납골당,B형(1.8단) 30년,관리비 별도,"1,000,000 원"
194,상상추모공원 납골당,B형(1.8단) 60년,관리비 별도,"1,700,000 원"
194,상상추모공원 납골당,C형(9~12단) 1년,관리비 별도,"70,000 원"
194,상상추모공원 납골당,C형(9~12단) 3년,관리비 별도,"140,000 원"
194,상상추모공원 납골당,C형(9~12단) 10년,관리비 별도,"300,000 원"
194,상상추모공원 납골당,C형(9~12단) 30년,관리비 별도,"600,000 원"
194,상상추모공원 납골당,C형(9~12단) 60년,관리비 별도,"900,000 원"
195,분당스카이캐슬추모공원 납골당,무지개(지하1층 ),영구분양가격1단,"2,000,000 원"
195,분당스카이캐슬추모공원 납골당,무지개(지하1층),영구분양가격2단,"2,500,000 원"
195,분당스카이캐슬추모공원 납골당,무지개(지하1층),"영구분양가격3단,7단","3,500,000 원"
195,분당스카이캐슬추모공원 납골당,무지개(지하1층),영구분양가격4단,"4,500,000 원"
195,분당스카이캐슬추모공원 납골당,봉황(지상3층),영구분양가격1단,"3,000,000 원"
195,분당스카이캐슬추모공원 납골당,봉황(지상3층),"영구분양가격2단,7단","4,500,000 원"
195,분당스카이캐슬추모공원 납골당,봉황(지상3층),"영구분양가격3단,7단","6,000,000 원"
195,분당스카이캐슬추모공원 납골당,봉황(지상3층),"영구분양가격4단,5단,6단","7,500,000 원"
195,분당스카이캐슬추모공원 납골당,황제(지상F층),영구분양가격1단,"4,500,000 원"
195,분당스카이캐슬추모공원 납골당,황제(지상F층),영구분양가격2단.8단,"6,000,000 원"
195,분당스카이캐슬추모공원 납골당,황제(지상F층),영구분양가격3단7단,"8,500,000 원"
195,분당스카이캐슬추모공원 납골당,황제(지상F층),"영구분양가격4단,5단,6단","10,000,000 원"
195,분당스카이캐슬추모공원 납골당,천상(지상5층),영구분양가격로얄단(개인단),"17,500,000 원"
195,분당스카이캐슬추모공원 납골당,천상(지상5층),영구분양가격로얄단(부부단),"35,000,000 원"
195,분당스카이캐슬추모공원 납골당,무지개(지하1층),영구분양가격5단,"5,500,000 원"
195,분당스카이캐슬추모공원 납골당,무지개(지하1층),영구분양가격6단,"5,000,000 원"
195,분당스카이캐슬추모공원 납골당,행복(지상1층),영구분양가격1단,"5,500,000 원"
195,분당스카이캐슬추모공원 납골당,행복(지상1층),"영구분양가격2단,7단","6,500,000 원"
195,분당스카이캐슬추모공원 납골당,행복(지상1층),"영구분양가격3단,6단","8,500,000 원"
195,분당스카이캐슬추모공원 납골당,행복(지상1층),영구분양가격4단,"9,500,000 원"
195,분당스카이캐슬추모공원 납골당,행복(지상1층),영구분양가격5단,"10,000,000 원"
196,녹야원추모관 납골당,일반실(영구봉안) 9단,,"2,500,000 원"
196,녹야원추모관 납골당,특별실(영구봉안) 1단/8단,,"6,000,000 원"
196,녹야원추모관 납골당,기간실(15년봉안) 1단/8단,,"1,300,000 원"
196,녹야원추모관 납골당,기간실(15년봉안) 2단/7단,,"1,800,000 원"
196,녹야원추모관 납골당,기간실(15년봉안) 3단/6단,,"2,300,000 원"
196,녹야원추모관 납골당,기간실(15년봉안) 4단,,"2,500,000 원"
196,녹야원추모관 납골당,기간실(15년봉안) 5단,,"3,000,000 원"
196,녹야원추모관 납골당,기간실(15년봉안) 9단,,"900,000 원"
196,녹야원추모관 납골당,일반실(영구봉안) 1단/8단,,"3,000,000 원"
196,녹야원추모관 납골당,일반실(영구봉안) 2단/7단,,"3,500,000 원"
196,녹야원추모관 납골당,일반실(영구봉안) 3단/6단,,"4,000,000 원"
196,녹야원추모관 납골당,일반실(영구봉안) 4단,,"4,500,000 원"
196,녹야원추모관 납골당,일반실(영구봉안) 5단,,"5,000,000 원"
196,녹야원추모관 납골당,특별실(영구봉안) 2단/7단,,"7,000,000 원"
196,녹야원추모관 납골당,특별실(영구봉안) 3단/6단,,"8,000,000 원"
196,녹야원추모관 납골당,특별실(영구봉안) 4단,,"8,500,000 원"
196,녹야원추모관 납골당,특별실(영구봉안) 5단,,"9,000,000 원"
196,녹야원추모관 납골당,특별실(영구봉안) 9단,,"5,000,000 원"
196,녹야원추모관 납골당,특별실(영구봉안) 10단,,"4,000,000 원"
196,녹야원추모관 납골당,특별실(영구봉안) 11단,,"3,500,000 원"
196,녹야원추모관 납골당,각 실별 개인단 금액의 2배,*표시금액은 기간실 부부단 1단 가격 예시임.,"2,600,000 원"
196,녹야원추모관 납골당,1년 관리비(봉안함1기당),,"50,000 원"
197,영호공원 납골당,일반실 9단,기독교/불교/유교,"1,000,000 원"
197,영호공원 납골당,일반실 8단,기독교/불교/유교,"1,600,000 원"
197,영호공원 납골당,일반실 7단,기독교/불교/유교,"2,300,000 원"
197,영호공원 납골당,일반실 6단,기독교/불교/유교,"2,800,000 원"
197,영호공원 납골당,일반실 5단,기독교/불교/유교,"3,000,000 원"
197,영호공원 납골당,일반실 4단,기독교/불교/유교,"3,000,000 원"
197,영호공원 납골당,일반실 3단,기독교/불교/유교,"3,000,000 원"
197,영호공원 납골당,일반실 2단,기독교/불교/유교,"2,500,000 원"
197,영호공원 납골당,일반실 1단,기독교/불교/유교,"1,800,000 원"
197,영호공원 납골당,특별실 9단,불교/유교,"1,300,000 원"
197,영호공원 납골당,특별실 8단,불교/유교,"2,100,000 원"
197,영호공원 납골당,특별실 7단,불교/유교,"3,000,000 원"
197,영호공원 납골당,특별실 6단,불교/유교,"3,700,000 원"
197,영호공원 납골당,특별실 5단,불교/유교,"3,900,000 원"
197,영호공원 납골당,특별실 4단,불교/유교,"3,900,000 원"
197,영호공원 납골당,특별실 3단,불교/유교,"3,900,000 원"
197,영호공원 납골당,특별실 2단,불교/유교,"3,300,000 원"
197,영호공원 납골당,특별실 1단,불교/유교,"2,400,000 원"
198,모란공원(봉안) 납골당,봉안당-관내거주자,봉안당 / 사용료 + 관리비 = 안장시,"700,000 원"
198,모란공원(봉안) 납골당,봉안당-3개월이상1년미만거주등록기준지인자,봉안당 / 사용료 + 관리비 = 안장시,"1,200,000 원"
198,모란공원(봉안) 납골당,봉안당-관내거주자(연장시),봉안당 / 관리비 = 연장시,"200,000 원"
198,모란공원(봉안) 납골당,봉안당-3개월1년미만거주등록기준(연장시),봉안당 / 관리비 = 연장시,"400,000 원"
198,모란공원(봉안) 납골당,봉안당-3개월이하관외자(기사용자 연장시),봉안당 / 관리비 = 연장시,"600,000 원"
198,모란공원(봉안) 납골당,봉안담-관내거주자,봉안담(개인형)/ 사용료 + 관리비 = 안장시,"2,300,000 원"
198,모란공원(봉안) 납골당,봉안담-3개월이상1년미만거주등록기준지인자,봉안담(개인형) / 사용료 + 관리비 = 안장시,"3,800,000 원"
198,모란공원(봉안) 납골당,봉안담-관내거주자(연장시),봉안담(개인형) / 관리비 = 연장시,"1,600,000 원"
198,모란공원(봉안) 납골당,봉안담-3개월1년미만거주등록기준(연장시),봉안담(개인형) / 관리비 = 연장시,"2,400,000 원"
198,모란공원(봉안) 납골당,봉안담-3개월이하관외자(기사용자 연장시),봉안담(개인형) / 관리비 = 연장시,"3,200,000 원"
198,모란공원(봉안) 납골당,봉안담-관내거주자,봉안담(부부형)/ 사용료 + 관리비 = 안장시,"2,900,000 원"
198,모란공원(봉안) 납골당,봉안담-3개월이상1년미만거주등록기준지인자,봉안담(부부형)/ 사용료 + 관리비 = 안장시,"4,800,000 원"
198,모란공원(봉안) 납골당,봉안담-관내거주자(연장시),봉안담(부부형) / 관리비 = 연장시,"2,000,000 원"
198,모란공원(봉안) 납골당,봉안담-3개월1년미만거주등록기준(연장시),봉안담(부부형) / 관리비 = 연장시,"3,000,000 원"
198,모란공원(봉안) 납골당,봉안담-3개월이하관외자(기사용자 연장시),봉안담(부부형) / 관리비 = 연장시,"4,000,000 원"
198,모란공원(봉안) 납골당,봉안묘-관내거주자,봉안묘(2기형) / 사용료 + 관리비 + 석물 = 계약시,"5,280,000 원"
198,모란공원(봉안) 납골당,봉안묘-3개월이상1년미만거주등록기준지인자,봉안묘(2기형) / 사용료 + 관리비 + 석물 = 계약시,"7,780,000 원"
198,모란공원(봉안) 납골당,봉안묘-관내거주자,봉안묘(4기형) / 사용료 + 관리비 + 석물 = 계약시,"6,550,000 원"
198,모란공원(봉안) 납골당,봉안묘-3개월이상1년미만거주등록기준지인자,봉안묘(4기형) / 사용료 + 관리비 + 석물 = 계약시,"9,750,000 원"
198,모란공원(봉안) 납골당,봉안묘-관내거주자,봉안묘(14기형) / 사용료 + 관리비 + 석물 = 계약시,"17,532,000 원"
198,모란공원(봉안) 납골당,봉안묘-3개월이상1년미만거주등록기준지인자,봉안묘(14기형) / 사용료 + 관리비 + 석물 = 계약시,"28,032,000 원"
199,자임추모공원 납골당,1층 싱글단 1단,,"2,500,000 원"
199,자임추모공원 납골당,1층 싱글단 2단,,"3,400,000 원"
199,자임추모공원 납골당,1층 싱글단 3단,,"4,400,000 원"
199,자임추모공원 납골당,1층 싱글단 4단,,"5,000,000 원"
199,자임추모공원 납골당,1층 싱글단 5단,,"5,600,000 원"
199,자임추모공원 납골당,1층 싱글단 6단,,"5,000,000 원"
199,자임추모공원 납골당,1층 싱글단 7단,,"4,000,000 원"
199,자임추모공원 납골당,1층 싱글단 8단,,"3,100,000 원"
199,자임추모공원 납골당,1층 싱글단 9단,,"2,500,000 원"
199,자임추모공원 납골당,1층 싱글단 10단,,"1,900,000 원"
199,자임추모공원 납골당,1층 프리미엄단 1단,,"5,000,000 원"
199,자임추모공원 납골당,1층 프리미엄단 2단,,"6,800,000 원"
199,자임추모공원 납골당,1층 프리미엄단 3단,,"8,800,000 원"
199,자임추모공원 납골당,1층 프리미엄단 4단,,"10,000,000 원"
199,자임추모공원 납골당,1층 프리미엄단 5단,,"11,000,000 원"
199,자임추모공원 납골당,1층 프리미엄단 6단,,"10,000,000 원"
199,자임추모공원 납골당,1층 프리미엄단 7단,,"8,000,000 원"
199,자임추모공원 납골당,1층 프리미엄단 8단,,"6,200,000 원"
199,자임추모공원 납골당,1층 프리미엄단 9단,,"5,000,000 원"
199,자임추모공원 납골당,1층 프리미엄단 10단,,"3,800,000 원"
200,유토피아추모관 납골당,없음,없음,없음
201,대한불교조계종 대원사 납골당,7단,영구봉안,"2,000,000 원"
201,대한불교조계종 대원사 납골당,1단,영구봉안,"2,500,000 원"
201,대한불교조계종 대원사 납골당,2단,영구봉안,"3,000,000 원"
201,대한불교조계종 대원사 납골당,3단,영구봉안,"4,000,000 원"
201,대한불교조계종 대원사 납골당,4단,영구봉안,"5,000,000 원"
201,대한불교조계종 대원사 납골당,5단,영구봉안,"5,500,000 원"
201,대한불교조계종 대원사 납골당,6단,영구봉안,"4,000,000 원"
201,대한불교조계종 대원사 납골당,영구 관리비,,"1,500,000 원"
201,대한불교조계종 대원사 납골당,5년납 관리비,,"250,000 원"
201,대한불교조계종 대원사 납골당,7단 선예약,영구봉안,"1,600,000 원"
201,대한불교조계종 대원사 납골당,1단 선예약,영구봉안,"2,000,000 원"
201,대한불교조계종 대원사 납골당,2단 선예약,영구보관,"2,100,000 원"
201,대한불교조계종 대원사 납골당,3단 선예약,영구보관,"2,800,000 원"
201,대한불교조계종 대원사 납골당,4단 선예약,영구보관,"3,500,000 원"
201,대한불교조계종 대원사 납골당,5단 선예약,영구보관,"3,850,000 원"
201,대한불교조계종 대원사 납골당,6단 선예약,영구보관,"280,000 원"
202,가연추모관 납골당,VIP실,정면 1단,"4,000,000 원"
202,가연추모관 납골당,VIP실,정면 2단,"5,000,000 원"
202,가연추모관 납골당,VIP실,정면 3단,"6,000,000 원"
202,가연추모관 납골당,VIP실,"정면 4단,6단","7,000,000 원"
202,가연추모관 납골당,VIP실,정면 5단,"7,500,000 원"
202,가연추모관 납골당,VIP실,정면 7단,"5,500,000 원"
202,가연추모관 납골당,VIP실,정면 8단,"4,000,000 원"
202,가연추모관 납골당,VIP실,정면 9단,"3,500,000 원"
202,가연추모관 납골당,VIP실,"좌,우측면 1~9단 정면보다 50만원씩 저렴",0
202,가연추모관 납골당,VIP실,개인단의 2배,0
202,가연추모관 납골당,고급실,정면 1단,"3,500,000 원"
202,가연추모관 납골당,고급실,정면 2단,"4,000,000 원"
202,가연추모관 납골당,고급실,정면 3단,"5,000,000 원"
202,가연추모관 납골당,고급실,"정면 4단,6단","6,000,000 원"
202,가연추모관 납골당,고급실,정면 5단,"6,500,000 원"
202,가연추모관 납골당,고급실,정면 7단,"4,000,000 원"
202,가연추모관 납골당,고급실,정면 8단,"3,000,000 원"
202,가연추모관 납골당,고급실,정면 9단,"2,500,000 원"
202,가연추모관 납골당,고급실,좌우측면 1~9단 정면보다 50만원씩 저렴,0
202,가연추모관 납골당,고급실,개인단의 2배,0
203,삼우추모공원(삼우정사) 납골당,(2F) 봉안1관~5관(개인단) 1단,없음 (2단부터 안치),0
203,삼우추모공원(삼우정사) 납골당,(2F) 봉안1관~5관(개인단) 2단,최저층,"2,500,000 원"
203,삼우추모공원(삼우정사) 납골당,(2F) 봉안1관~5관(개인단) 3단,,"4,000,000 원"
203,삼우추모공원(삼우정사) 납골당,(2F) 봉안1관~5관(개인단) 4단,,"5,500,000 원"
203,삼우추모공원(삼우정사) 납골당,(2F) 봉안1관~5관(개인단) 5단,ROYAL,"6,000,000 원"
203,삼우추모공원(삼우정사) 납골당,(2F) 봉안1관~5관(개인단) 6단,최상층 (타 시설 9~11단 대비 총 5단의 저층 구조),"4,500,000 원"
203,삼우추모공원(삼우정사) 납골당,(1F) 극락전(부부단) 1단,없음 (2단부터 안치),0
203,삼우추모공원(삼우정사) 납골당,(1F) 극락전(부부단) 2단,최저층,"5,000,000 원"
203,삼우추모공원(삼우정사) 납골당,(1F) 극락전(부부단) 3단,,"8,000,000 원"
203,삼우추모공원(삼우정사) 납골당,(1F) 극락전(부부단) 4단,,"11,000,000 원"
203,삼우추모공원(삼우정사) 납골당,(1F) 극락전(부부단) 5단,ROYAL,"12,000,000 원"
203,삼우추모공원(삼우정사) 납골당,(1F) 극락전(부부단) 6단,최상층 (타 시설 9~11단 대비 총 5단의 저층 구조),"9,000,000 원"
203,삼우추모공원(삼우정사) 납골당,(2F) VIP관(개인단) 1단,없음 (2단부터 안치),0
203,삼우추모공원(삼우정사) 납골당,(2F) VIP관(개인단) 2단,최저층,"3,500,000 원"
203,삼우추모공원(삼우정사) 납골당,(2F) VIP관(개인단) 3단,,"5,000,000 원"
203,삼우추모공원(삼우정사) 납골당,(2F) VIP관(개인단) 4단,,"6,500,000 원"
203,삼우추모공원(삼우정사) 납골당,(2F) VIP관(개인단) 5단,ROYAL,"7,000,000 원"
203,삼우추모공원(삼우정사) 납골당,(2F) VIP관(개인단) 6단,최상층 (타 시설 9~11단 대비 총 5단의 저층 구조),"5,500,000 원"
203,삼우추모공원(삼우정사) 납골당,관리비(개인단),"영구봉안 / 1년 4만원, 10년 선납","400,000 원"
203,삼우추모공원(삼우정사) 납골당,관리비(부부단),"영구봉안 / 1년 8만원, 10년 선납","800,000 원"
204,아산추모공원 휴온 납골당,봉안당 1단,.,"3,000,000 원"
204,아산추모공원 휴온 납골당,봉안당 2단,.,"3,500,000 원"
204,아산추모공원 휴온 납골당,봉안당 3단,.,"4,500,000 원"
204,아산추모공원 휴온 납골당,봉안당 4단,.,"6,000,000 원"
204,아산추모공원 휴온 납골당,봉안당 5단,.,"6,000,000 원"
204,아산추모공원 휴온 납골당,봉안당 6단,.,"4,500,000 원"
204,아산추모공원 휴온 납골당,봉안당 7단,.,"3,500,000 원"
204,아산추모공원 휴온 납골당,봉안당 8단,.,"2,500,000 원"
204,아산추모공원 휴온 납골당,봉안당 부부단 1단,.,"5,500,000 원"
204,아산추모공원 휴온 납골당,봉안당 부부단 2단,.,"6,500,000 원"
204,아산추모공원 휴온 납골당,봉안당 부부단 3단,.,"8,500,000 원"
204,아산추모공원 휴온 납골당,봉안당 부부단 4단,.,"11,000,000 원"
204,아산추모공원 휴온 납골당,봉안당 부부단 5단,.,"11,000,000 원"
204,아산추모공원 휴온 납골당,봉안당 부부단 6단,.,"8,500,000 원"
204,아산추모공원 휴온 납골당,봉안당 부부단 7단,.,"6,500,000 원"
204,아산추모공원 휴온 납골당,봉안당 부부단 8단,.,"4,500,000 원"
204,아산추모공원 휴온 납골당,봉안묘 개인단,.,"4,000,000 원"
204,아산추모공원 휴온 납골당,봉안묘 부부단 (원앙 A),.,"7,000,000 원"
204,아산추모공원 휴온 납골당,봉안묘 가족단 4위(원앙 B),.,"13,000,000 원"
205,용미리건물식추모의집 납골당,봉안사용료(관내-일반),신규사용 불가,0
205,용미리건물식추모의집 납골당,봉안사용료(관외-일반),신규사용 불가,0
205,용미리건물식추모의집 납골당,봉안재사용료(관내-일반),5년마다 기간연장시,"100,000 원"
205,용미리건물식추모의집 납골당,봉안재사용료(관외-일반),5년마다 기간연장시,"300,000 원"
205,용미리건물식추모의집 납골당,봉안사용료(관내-국가유공자 및 그 배우자),신규사용(최초 15년 사용),"100,000 원"
205,용미리건물식추모의집 납골당,봉안사용료(관외-국가유공자 및 그 배우자),신규사용 불가,0
205,용미리건물식추모의집 납골당,봉안재사용료(관내-국가유공자 및 그 배우자),5년마다 기간연장시,"50,000 원"
205,용미리건물식추모의집 납골당,봉안재사용료(관외-국가유공자 및 그 배우자),5년마다 기간연장시,"150,000 원"
205,용미리건물식추모의집 납골당,봉안사용료(관내-기초생활 수급자),신규사용(최초 15년 사용),"100,000 원"
205,용미리건물식추모의집 납골당,봉안사용료(관외-기초생활 수급자),신규사용 불가,0
205,용미리건물식추모의집 납골당,봉안재사용료(관내-기초생활 수급자),5년마다 기간연장시,"50,000 원"
205,용미리건물식추모의집 납골당,봉안재사용료(관외-기초생활 수급자),5년마다 기간연장시,"120,000 원"
205,용미리건물식추모의집 납골당,봉안관리비(관내-일반),매 5년마다,"100,000 원"
205,용미리건물식추모의집 납골당,봉안관리비(관외-일반),매 5년마다,"180,000 원"
205,용미리건물식추모의집 납골당,봉안관리비(관내-국가유공자 및 그 배우자),매 5년마다,"50,000 원"
205,용미리건물식추모의집 납골당,봉안관리비(관외-국가유공자 및 그 배우자),매 5년마다,"90,000 원"
205,용미리건물식추모의집 납골당,봉안관리비(관내-기초생활 수급자),매 5년마다,"25,000 원"
205,용미리건물식추모의집 납골당,봉안관리비(관외-기초생활 수급자),매 5년마다,"45,000 원"
205,용미리건물식추모의집 납골당,부부단,개인단과 동일요금 적용,0
206,호정공원(봉안) 납골당,봉안묘 2기,"사용료, 석물 / 안장비 별도,관리비별도(5만원/년)","7,900,000 원"
206,호정공원(봉안) 납골당,봉안묘 4기,"사용료, 석물 / 안장비 별도,관리비별도(7만원/년)","14,500,000 원"
206,호정공원(봉안) 납골당,봉안묘 8기,"사용료, 석물 / 안장비 별도,관리비별도(10만원/년)","19,500,000 원"
206,호정공원(봉안) 납골당,가족평장4기,"사용료, 석물 / 안장비 별도,관리비별도(7만원/년)","13,500,000 원"
206,호정공원(봉안) 납골당,봉안담 1기(1단),"사용료 / 안장비 별도,개인단 관리비별도(3만원/년)","2,000,000 원"
206,호정공원(봉안) 납골당,"봉안담 1기(2,7단)",사용료 / 안장비별도,"2,500,000 원"
206,호정공원(봉안) 납골당,봉안담 1기(3.6단),사용료 / 안장비 별도,"2,800,000 원"
206,호정공원(봉안) 납골당,봉안담 1기(4.5단),사용료 / 안장비 별도,"3,000,000 원"
206,호정공원(봉안) 납골당,봉안담 2기(1단),"사용료 /  안장비별도,부부단 관리비 별도(5만원/년)","3,500,000 원"
206,호정공원(봉안) 납골당,"봉안담 2기(2,7단)",사용료 / 안장비별도,"4,500,000 원"
206,호정공원(봉안) 납골당,봉안담 2기(3.6단),사용료 / 안장비별도,"5,000,000 원"
206,호정공원(봉안) 납골당,봉안담 2기(4.5단),사용료 / 안장비별도,"5,400,000 원"
207,서호추모공원 납골당,"1-1. 골드단 1단, 8단 개인단",영구분양,"1,500,000 원"
207,서호추모공원 납골당,"1-1. 골드단 1단, 8단 부부단",영구분양,"3,000,000 원"
207,서호추모공원 납골당,1-2. 골드단 2단 개인단,영구분양,"2,500,000 원"
207,서호추모공원 납골당,1-2. 골드단 2단 부부단,영구분양,"5,000,000 원"
207,서호추모공원 납골당,1-3. 골드단 3단 개인단,영구분양,"3,500,000 원"
207,서호추모공원 납골당,1-3. 골드단 3단 부부단,영구분양,"7,000,000 원"
207,서호추모공원 납골당,1-4. 골드단 4단 개인단,영구분양,"4,500,000 원"
207,서호추모공원 납골당,1-4. 골드단 4단 부부단,영구분양,"9,000,000 원"
207,서호추모공원 납골당,1-5. 골드단 5단 개인단,영구분양,"6,000,000 원"
207,서호추모공원 납골당,1-5. 골드단 5단 부부단,영구분양,"12,000,000 원"
207,서호추모공원 납골당,1-6. 골드단 6단 개인단,영구분양,"5,000,000 원"
207,서호추모공원 납골당,1-6. 골드단 6단 부부단,영구분양,"10,000,000 원"
207,서호추모공원 납골당,1-7. 골드단 7단 개인단,영구분양,"2,900,000 원"
207,서호추모공원 납골당,1-7. 골드단 7단 부부단,영구분양,"5,800,000 원"
207,서호추모공원 납골당,수목장(부부목),영구분양,"8,000,000 원"
207,서호추모공원 납골당,수목장(가족목),영구분양,"12,000,000 원"
207,서호추모공원 납골당,잔디장(개인),영구분양,"2,000,000 원"
207,서호추모공원 납골당,잔디장(부부),영구분양,"4,000,000 원"
208,용미리왕릉벽식추모의집 납골당,봉안사용료(관내-일반),신규사용 불가,0
208,용미리왕릉벽식추모의집 납골당,봉안사용료(관외-일반),신규사용 불가,0
208,용미리왕릉벽식추모의집 납골당,봉안재사용료(관내-일반),5년마다 기간연장시,"100,000 원"
208,용미리왕릉벽식추모의집 납골당,봉안재사용료(관외-일반),5년마다 기간연장시,"300,000 원"
208,용미리왕릉벽식추모의집 납골당,봉안사용료(관내-국가유공자 및 그 배우자),신규사용(최초 15년 사용),"100,000 원"
208,용미리왕릉벽식추모의집 납골당,봉안사용료(관외-국가유공자 및 그 배우자),신규사용 불가,0
208,용미리왕릉벽식추모의집 납골당,봉안재사용료(관내-국가유공자 및 그 배우자),5년마다 기간연장시,"50,000 원"
208,용미리왕릉벽식추모의집 납골당,봉안재사용료(관외-국가유공자 및 그 배우자),5년마다 기간연장시,"150,000 원"
208,용미리왕릉벽식추모의집 납골당,봉안사용료(관내-기초생활 수급자),신규사용(최초 15년 사용),"100,000 원"
208,용미리왕릉벽식추모의집 납골당,봉안사용료(관외-기초생활 수급자),신규사용 불가,0
208,용미리왕릉벽식추모의집 납골당,봉안재사용료(관내-기초생활 수급자),5년마다 기간연장시,"50,000 원"
208,용미리왕릉벽식추모의집 납골당,봉안재사용료(관외-기초생활 수급자),5년마다 기간연장시,"120,000 원"
208,용미리왕릉벽식추모의집 납골당,봉안관리비(관내-일반),매 5년마다,"100,000 원"
208,용미리왕릉벽식추모의집 납골당,봉안관리비(관외-일반),매 5년마다,"180,000 원"
208,용미리왕릉벽식추모의집 납골당,봉안관리비(관내-국가유공자 및 그 배우자),매 5년마다,"50,000 원"
208,용미리왕릉벽식추모의집 납골당,봉안관리비(관외-국가유공자 및 그 배우자),매 5년마다,"90,000 원"
208,용미리왕릉벽식추모의집 납골당,봉안관리비(관내-기초생활 수급자),매 5년마다,"25,000 원"
208,용미리왕릉벽식추모의집 납골당,봉안관리비(관외-기초생활 수급자),매 5년마다,"45,000 원"
209,서울시립승화원 추모의집 납골당,봉안사용료(관내-일반),신규사용 불가,0
209,서울시립승화원 추모의집 납골당,봉안사용료(관외-일반),신규사용 불가,0
209,서울시립승화원 추모의집 납골당,봉안재사용료(관내-일반),5년마다 기간연장시,"100,000 원"
209,서울시립승화원 추모의집 납골당,봉안재사용료(관외-일반),5년마다 기간연장시,"300,000 원"
209,서울시립승화원 추모의집 납골당,봉안사용료(관내-국가유공자 및 그 배우자),신규사용(최초 15년 사용),"100,000 원"
209,서울시립승화원 추모의집 납골당,봉안사용료(관외-국가유공자 및 그 배우자),신규사용 불가,0
209,서울시립승화원 추모의집 납골당,봉안재사용료(관내-국가유공자 및 그 배우자),5년마다 기간연장시,"50,000 원"
209,서울시립승화원 추모의집 납골당,봉안재사용료(관외-국가유공자 및 그 배우자),5년마다 기간연장시,"150,000 원"
209,서울시립승화원 추모의집 납골당,봉안사용료(관내-기초생활 수급자),신규사용(최초 15년 사용),"100,000 원"
209,서울시립승화원 추모의집 납골당,봉안사용료(관외-기초생활 수급자),신규사용 불가,0
209,서울시립승화원 추모의집 납골당,봉안재사용료(관내-기초생활 수급자),5년마다 기간연장시,"50,000 원"
209,서울시립승화원 추모의집 납골당,봉안재사용료(관외-기초생활 수급자),5년마다 기간연장시,"120,000 원"
209,서울시립승화원 추모의집 납골당,봉안관리비(관내-일반),매 5년마다,"100,000 원"
209,서울시립승화원 추모의집 납골당,봉안관리비(관외-일반),매 5년마다,"180,000 원"
209,서울시립승화원 추모의집 납골당,봉안관리비(관내-국가유공자 및 그 배우자),매 5년마다,"50,000 원"
209,서울시립승화원 추모의집 납골당,봉안관리비(관외-국가유공자 및 그 배우자),매 5년마다,"90,000 원"
209,서울시립승화원 추모의집 납골당,봉안관리비(관내-기초생활 수급자),매 5년마다,"25,000 원"
209,서울시립승화원 추모의집 납골당,봉안관리비(관외-기초생활 수급자),매 5년마다,"45,000 원"
210,용미리벽식추모의집 납골당,봉안사용료(관내-일반),신규사용 불가,0
210,용미리벽식추모의집 납골당,봉안사용료(관외-일반),신규사용 불가,0
210,용미리벽식추모의집 납골당,봉안재사용료(관내-일반),5년마다 기간연장시,"100,000 원"
210,용미리벽식추모의집 납골당,봉안재사용료(관외-일반),5년마다 기간연장시,"300,000 원"
210,용미리벽식추모의집 납골당,봉안사용료(관내-국가유공자 및 그 배우자),신규사용(최초 15년 사용),"100,000 원"
210,용미리벽식추모의집 납골당,봉안사용료(관외-국가유공자 및 그 배우자),신규사용 불가,0
210,용미리벽식추모의집 납골당,봉안재사용료(관내-국가유공자 및 그 배우자),5년마다 기간연장시,"50,000 원"
210,용미리벽식추모의집 납골당,봉안재사용료(관외-국가유공자 및 그 배우자),5년마다 기간연장시,"150,000 원"
210,용미리벽식추모의집 납골당,봉안사용료(관내-기초생활 수급자),신규사용(최초 15년 사용),"100,000 원"
210,용미리벽식추모의집 납골당,봉안사용료(관외-기초생활 수급자),신규사용 불가,0
210,용미리벽식추모의집 납골당,봉안재사용료(관내-기초생활 수급자),5년마다 기간연장시,"50,000 원"
210,용미리벽식추모의집 납골당,봉안재사용료(관외-기초생활 수급자),5년마다 기간연장시,"120,000 원"
210,용미리벽식추모의집 납골당,봉안관리비(관내-일반),매 5년마다,"100,000 원"
210,용미리벽식추모의집 납골당,봉안관리비(관외-일반),매 5년마다,"180,000 원"
210,용미리벽식추모의집 납골당,봉안관리비(관내-국가유공자 및 그 배우자),매 5년마다,"50,000 원"
210,용미리벽식추모의집 납골당,봉안관리비(관외-국가유공자 및 그 배우자),매 5년마다,"90,000 원"
210,용미리벽식추모의집 납골당,봉안관리비(관내-기초생활 수급자),매 5년마다,"25,000 원"
210,용미리벽식추모의집 납골당,봉안관리비(관외-기초생활 수급자),매 5년마다,"45,000 원"
211,용미리분묘형추모의집 납골당,봉안사용료(관내-일반),신규사용 불가,0
211,용미리분묘형추모의집 납골당,봉안사용료(관외-일반),신규사용 불가,0
211,용미리분묘형추모의집 납골당,봉안재사용료(관내-일반),5년마다 기간연장시,"100,000 원"
211,용미리분묘형추모의집 납골당,봉안재사용료(관외-일반),5년마다 기간연장시,"300,000 원"
211,용미리분묘형추모의집 납골당,봉안사용료(관내-국가유공자 및 그 배우자),신규사용(최초 15년 사용),"100,000 원"
211,용미리분묘형추모의집 납골당,봉안사용료(관외-국가유공자 및 그 배우자),신규사용 불가,0
211,용미리분묘형추모의집 납골당,봉안재사용료(관내-국가유공자 및 그 배우자),5년마다 기간연장시,"50,000 원"
211,용미리분묘형추모의집 납골당,봉안재사용료(관외-국가유공자 및 그 배우자),5년마다 기간연장시,"150,000 원"
211,용미리분묘형추모의집 납골당,봉안사용료(관내-기초생활 수급자),신규사용(최초 15년 사용),"100,000 원"
211,용미리분묘형추모의집 납골당,봉안사용료(관외-기초생활 수급자),신규사용 불가,0
211,용미리분묘형추모의집 납골당,봉안재사용료(관내-기초생활 수급자),5년마다 기간연장시,"50,000 원"
211,용미리분묘형추모의집 납골당,봉안재사용료(관외-기초생활 수급자),5년마다 기간연장시,"120,000 원"
211,용미리분묘형추모의집 납골당,봉안관리비(관내-일반),매 5년마다,"100,000 원"
211,용미리분묘형추모의집 납골당,봉안관리비(관외-일반),매 5년마다,"180,000 원"
211,용미리분묘형추모의집 납골당,봉안관리비(관내-국가유공자 및 그 배우자),매 5년마다,"50,000 원"
211,용미리분묘형추모의집 납골당,봉안관리비(관외-국가유공자 및 그 배우자),매 5년마다,"90,000 원"
211,용미리분묘형추모의집 납골당,봉안관리비(관내-기초생활 수급자),매 5년마다,"25,000 원"
211,용미리분묘형추모의집 납골당,봉안관리비(관외-기초생활 수급자),매 5년마다,"45,000 원"
212,예원추모관 납골당,일반실(목련),사용료:160만원~400만원 관리비:5년 30만원,"1,600,000 원"
212,예원추모관 납골당,일반실(목련),사용료:320만원~750만원 관리비:5년 60만원,"3,200,000 원"
212,예원추모관 납골당,"국화실, 매화실버실",사용료:250만원~650만원 관리비:5년 30만원,"2,500,000 원"
212,예원추모관 납골당,"국화실, 매화실버실",사용료:500만원~1300만원 관리비:5년 60만원,"5,000,000 원"
212,예원추모관 납골당,매화 특별실,사용료:450만원~800만원 관리비:5년 30만원,"4,500,000 원"
212,예원추모관 납골당,매화 특별실,사용료:850만원~4500만원 관리비:5년 60만원,"8,500,000 원"
212,예원추모관 납골당,난초 골드실(VIP),사용료:300만원~750만원 관리비:5년 36만원,"3,000,000 원"
212,예원추모관 납골당,난초 골드실(VIP),사용료:600만원~1500만원 관리비:5년 72만원,"6,000,000 원"
212,예원추모관 납골당,"일반실 (매화, 난초)",사용료:200만원~550만원 관리비: 5년 30만원,"2,000,000 원"
212,예원추모관 납골당,"일반실 (매화, 난초)",사용료:400만원~1100만원 관리비: 5년 60만원,"4,000,000 원"
212,예원추모관 납골당,미소실,사용료:300만원~850만원 관리비:5년 30만원,"3,000,000 원"
212,예원추모관 납골당,미소실,사용료:600만원~1500만원 관리비:5년60만원,"6,000,000 원"
213,장안정사 납골당,화엄실(신관 1층/ 개인단),"200만원 ~ 550만원, 관리비5년(20만원)","2,500,000 원"
213,장안정사 납골당,반야실(신관 2층/ 개인단),"250만원 ~ 600만원, 관리비5년(20만원)","2,500,000 원"
213,장안정사 납골당,미타실(신관 3층/ 개인단),"350만원 ~ 750만원, 관리비5년(20만원)","3,500,000 원"
213,장안정사 납골당,화엄실(신관 1층/ 부부단),"350만원 ~ 1,100만원, 관리비5년(35만원)","3,500,000 원"
213,장안정사 납골당,반야실(신관 2층/ 부부단),"450만원 ~ 1,200만원, 관리비5년(35만원)","4,500,000 원"
213,장안정사 납골당,미타실(신관 3층/ 부부단),"650만원 ~ 1,500만원, 관리비5년(35만원)","6,500,000 원"
213,장안정사 납골당,일반실(신관2층/ 개인단),"350만원 ~ 750만원  , 관리비5년(25만원)","3,500,000 원"
213,장안정사 납골당,일반실(신관2층/ 부부단),"700만원 ~ 1,500만원, 관리비5년(45만원)","7,000,000 원"
213,장안정사 납골당,특별실(신관2층/ 개인단),"600만원 ~ 1,000만원, 관리비5년(25만원)","6,000,000 원"
213,장안정사 납골당,특별실(신관2층/ 부부단),"1,200만원 ~ 2,000만원, 관리비5년(45만원)","12,000,000 원"
213,장안정사 납골당,특별실(신관2층/ VIP단),"900만원 ~ 1,500만원,  관리비5년(25만원)","9,000,000 원"
213,장안정사 납골당,특별실(신관2층)/ 가족단),"2,800만원 ~ 3,800만원, 관리비5년(45만원)","28,000,000 원"
214,홍성추모공원봉안당 납골당,"봉안당-일반 (1위, 15년)",관내,"600,000 원"
214,홍성추모공원봉안당 납골당,"봉안당-일반 (1위, 15년)",관외,"900,000 원"
214,홍성추모공원봉안당 납골당,"봉안당-부부용 (2위, 15년)",관내,"1,500,000 원"
214,홍성추모공원봉안당 납골당,"봉안당-부부용 (2위, 15년)",관외,"2,000,000 원"
214,홍성추모공원봉안당 납골당,"봉안당-무연유골(1위, 10년)",관내/관외,"200,000 원"
214,홍성추모공원봉안당 납골당,유택동산,관내/관외,"10,000 원"
214,홍성추모공원봉안당 납골당,화장장(일반),관내,"300,000 원"
214,홍성추모공원봉안당 납골당,화장장(일반),관외,"600,000 원"
214,홍성추모공원봉안당 납골당,화장장(개장유골),관내,"200,000 원"
214,홍성추모공원봉안당 납골당,화장장(개장유골),관외,"300,000 원"
214,홍성추모공원봉안당 납골당,화장장(죽은태아),관내,"70,000 원"
214,홍성추모공원봉안당 납골당,화장장(죽은태아),관외,"200,000 원"
215,신불산 추모공원 납골당 납골당,1단,"개인단, 관리비 32,000원/년","2,000,000 원"
215,신불산 추모공원 납골당 납골당,2단,"개인단, 관리비 32,000원/년","2,500,000 원"
215,신불산 추모공원 납골당 납골당,3단,"개인단, 관리비 32,000원/년","3,500,000 원"
215,신불산 추모공원 납골당 납골당,4단,"개인단, 관리비 32,000원/년","4,500,000 원"
215,신불산 추모공원 납골당 납골당,5단,"개인단, 관리비 32,000원/년","5,000,000 원"
215,신불산 추모공원 납골당 납골당,6단,"개인단, 관리비 32,000원/년","4,500,000 원"
215,신불산 추모공원 납골당 납골당,7단,"개인단, 관리비 32,000원/년","3,500,000 원"
215,신불산 추모공원 납골당 납골당,1단,"부부단, 관리비 64,000원/년","4,000,000 원"
215,신불산 추모공원 납골당 납골당,2단,"부부단, 관리비 64,000원/년","5,000,000 원"
215,신불산 추모공원 납골당 납골당,3단,"부부단, 관리비 64,000원/년","7,000,000 원"
215,신불산 추모공원 납골당 납골당,4단,"부부단, 관리비 64,000원/년","9,000,000 원"
215,신불산 추모공원 납골당 납골당,5단,"부부단, 관리비 64,000원/년","10,000,000 원"
215,신불산 추모공원 납골당 납골당,6단,"부부단, 관리비 64,000원/년","9,000,000 원"
215,신불산 추모공원 납골당 납골당,7단,"부부단, 관리비 64,000원/년","7,000,000 원"
215,신불산 추모공원 납골당 납골당,8단,"개인단, 관리비 32,000원/년","2,000,000 원"
215,신불산 추모공원 납골당 납골당,8단,"부부단, 관리비 64,000원/년","4,000,000 원"
216,면류관교회 납골당,개인단,개인단9층,"1,000,000 원"
216,면류관교회 납골당,개인단,개인단2층/8층,"2,000,000 원"
216,면류관교회 납골당,개인단,개인단3층/7층,"3,000,000 원"
216,면류관교회 납골당,개인단,개인단4층/5층/6층,"4,000,000 원"
216,면류관교회 납골당,개인단,개인단1층,"1,500,000 원"
216,면류관교회 납골당,부부단,부부단9층,"2,000,000 원"
216,면류관교회 납골당,부부단,부부단2층/8층,"4,000,000 원"
216,면류관교회 납골당,부부단,부부단3층/7층,"6,000,000 원"
216,면류관교회 납골당,부부단,부부단4층/5층/6층,"8,000,000 원"
216,면류관교회 납골당,부부단,부부단1층,"3,000,000 원"
216,면류관교회 납골당,개인단,개인단관리비(5년),"280,000 원"
216,면류관교회 납골당,부부단,부부단관리비(5년),"560,000 원"
216,면류관교회 납골당,사용예약의 해지,① 계약 후 1주일 이내 : 전액환불,0
216,면류관교회 납골당,사용예약의 해지,② 계약 후 1주일 초과 1개월 이내 : 10% 차감 후 환불,0
216,면류관교회 납골당,사용예약의 해지,③ 계약 후 1개월 초과 2개월 이내 : 20% 차감 후 환불,0
216,면류관교회 납골당,사용예약의 해지,④ 잔금 납부 후 3개월 이내 : 30% 차감 후 환불      *이후에는 환불 없음,0
217,청풍추모공원 납골당,[개인단] 10년 이용,1단,"800,000 원"
217,청풍추모공원 납골당,[개인단] 10년 이용,"2단,  8단","1,200,000 원"
217,청풍추모공원 납골당,[개인단] 10년 이용,"3단,  7단","1,600,000 원"
217,청풍추모공원 납골당,[개인단] 10년 이용,"4단, 5단, 6단","2,000,000 원"
217,청풍추모공원 납골당,[합장단] 10년 이용,1단,"1,600,000 원"
217,청풍추모공원 납골당,[합장단] 10년 이용,"2단, 8단","2,400,000 원"
217,청풍추모공원 납골당,[합장단] 10년 이용,"3단, 7단","3,200,000 원"
217,청풍추모공원 납골당,[합장단] 10년 이용,"4단, 5단, 6단","4,000,000 원"
217,청풍추모공원 납골당,[개인단] 영구 이용,1단,"1,600,000 원"
217,청풍추모공원 납골당,[개인단] 영구 이용,"2단, 8단","2,400,000 원"
217,청풍추모공원 납골당,[개인단] 영구 이용,"3단, 7단","3,200,000 원"
217,청풍추모공원 납골당,[개인단] 영구 이용,"4단, 5단, 6단","4,000,000 원"
217,청풍추모공원 납골당,[합장단] 영구 이용,1단,"3,200,000 원"
217,청풍추모공원 납골당,[합장단] 영구 이용,"2단, 8단","4,800,000 원"
217,청풍추모공원 납골당,[합장단] 영구 이용,"3단, 7단","6,400,000 원"
217,청풍추모공원 납골당,[합장단] 영구 이용,"4단, 5단, 6단","8,000,000 원"
218,생극납골공원 납골당,개인단 (8단),영구,"3,000,000 원"
218,생극납골공원 납골당,개인단 (7단),영구,"3,500,000 원"
218,생극납골공원 납골당,"개인단 (3,4,5,6단)",영구,"4,000,000 원"
218,생극납골공원 납골당,개인단 (2단),영구,"3,500,000 원"
218,생극납골공원 납골당,개인단 (1단),영구,"3,000,000 원"
218,생극납골공원 납골당,부부단 (8단),영구,"6,000,000 원"
218,생극납골공원 납골당,부부단 (7단),영구,"7,000,000 원"
218,생극납골공원 납골당,"부부단 (3,4,5,6단)",영구,"8,000,000 원"
218,생극납골공원 납골당,부부단 (2단),영구,"7,000,000 원"
218,생극납골공원 납골당,부부단 (1단),영구,"6,000,000 원"
218,생극납골공원 납골당,가족단 (4위),영구,"13,000,000 원"
218,생극납골공원 납골당,가족단 (4위),영구,"16,000,000 원"
218,생극납골공원 납골당,가족단 (6위),영구,"21,000,000 원"
218,생극납골공원 납골당,가족단 (6위),영구,"24,000,000 원"
218,생극납골공원 납골당,가족단 (8위),영구,"29,000,000 원"
219,재단춘천교구천주교회부활성당추모관 납골당,1단(개인),사용료:250만원/ 관리비: 연간 5만원(1인당)/ 초기15년 관리비: 65만원,"3,150,000 원"
219,재단춘천교구천주교회부활성당추모관 납골당,1단(부부),사용료:500만원/ 관리비: 연간 5만원(1인당)/ 초기15년 관리비: 65만원,"6,300,000 원"
219,재단춘천교구천주교회부활성당추모관 납골당,2단(개인),사용료:300만원/ 관리비: 연간 5만원(1인당)/ 초기15년 관리비: 65만원,"3,650,000 원"
219,재단춘천교구천주교회부활성당추모관 납골당,2단(부부),사용료:600만원/ 관리비: 연간 5만원(1인당)/ 초기15년 관리비: 65만원,"7,300,000 원"
219,재단춘천교구천주교회부활성당추모관 납골당,3단(개인),사용료:350만원/ 관리비: 연간 5만원(1인당)/ 초기15년 관리비: 65만원,"4,150,000 원"
219,재단춘천교구천주교회부활성당추모관 납골당,3단(부부),사용료:700만원/ 관리비: 연간 5만원(1인당)/ 초기15년 관리비: 65만원,"8,300,000 원"
219,재단춘천교구천주교회부활성당추모관 납골당,4단(개인),사용료:350만원/ 관리비: 연간 5만원(1인당)/ 초기15년 관리비: 65만원,"4,150,000 원"
219,재단춘천교구천주교회부활성당추모관 납골당,4단(부부),사용료:700만원/ 관리비: 연간 5만원(1인당)/ 초기15년 관리비: 65만원,"8,300,000 원"
219,재단춘천교구천주교회부활성당추모관 납골당,5단(개인),사용료:350만원/ 관리비: 연간 5만원(1인당)/ 초기15년 관리비: 65만원,"4,150,000 원"
219,재단춘천교구천주교회부활성당추모관 납골당,5단(부부),사용료:700만원/ 관리비: 연간 5만원(1인당)/ 초기15년 관리비: 65만원,"8,300,000 원"
219,재단춘천교구천주교회부활성당추모관 납골당,6단(개인),사용료:300만원/ 관리비: 연간 5만원(1인당)/ 초기15년 관리비: 65만원,"3,650,000 원"
219,재단춘천교구천주교회부활성당추모관 납골당,6단(부부),사용료:600만원/ 관리비: 연간 5만원(1인당)/ 초기15년 관리비: 65만원,"7,300,000 원"
219,재단춘천교구천주교회부활성당추모관 납골당,7단(개인),사용료:250만원/ 관리비: 연간 5만원(1인당)/ 초기15년 관리비: 65만원,"3,150,000 원"
219,재단춘천교구천주교회부활성당추모관 납골당,7단(부부),사용료:500만원/ 관리비: 연간 5만원(1인당)/ 초기15년 관리비: 65만원,"6,300,000 원"
220,양산 석굴암 극락전 추모관 납골당,1층 개인단,영구관리 / 관리비없음,"3,000,000 원"
220,양산 석굴암 극락전 추모관 납골당,1층 부부단,영구관리 / 관리비없음,"5,000,000 원"
220,양산 석굴암 극락전 추모관 납골당,2층 개인단,영구관리 / 관리비없음,"4,500,000 원"
220,양산 석굴암 극락전 추모관 납골당,2층 부부단,영구관리 / 관리비없음,"8,000,000 원"
220,양산 석굴암 극락전 추모관 납골당,3층 개인단,영구관리 / 관리비없음,"5,000,000 원"
220,양산 석굴암 극락전 추모관 납골당,3층 부부단,영구관리 / 관리비없음,"9,000,000 원"
220,양산 석굴암 극락전 추모관 납골당,4층 개인단,영구관리 / 관리비없음,"6,500,000 원"
220,양산 석굴암 극락전 추모관 납골당,4층 부부단,영구관리 / 관리비없음,"10,000,000 원"
220,양산 석굴암 극락전 추모관 납골당,5층 개인단,영구관리 / 관리비없음,"5,000,000 원"
220,양산 석굴암 극락전 추모관 납골당,5층 부부단,영구관리 / 관리비없음,"9,000,000 원"
220,양산 석굴암 극락전 추모관 납골당,6층 개인단,영구관리 / 관리비없음,"4,500,000 원"
220,양산 석굴암 극락전 추모관 납골당,6층 부부단,영구관리 / 관리비없음,"8,000,000 원"
220,양산 석굴암 극락전 추모관 납골당,7층 개인단,영구관리 / 관리비없음,"3,000,000 원"
220,양산 석굴암 극락전 추모관 납골당,7층 부부단,영구관리 / 관리비없음,"5,000,000 원"
221,에덴낙원 납골당,사용료(균등형:1~8단),30cmx30cm,"6,100,000 원"
221,에덴낙원 납골당,사용료(균등형:1~8단),30cmx60cm,"12,200,000 원"
221,에덴낙원 납골당,사용료(지정형:1단),30cmx30cm,"5,250,000 원"
221,에덴낙원 납골당,"사용료(지정형:2,7단)",30cmx30cm,"6,500,000 원"
221,에덴낙원 납골당,"사용료(지정형:3,4,5,6단)",30cmx30cm,"8,500,000 원"
221,에덴낙원 납골당,사용료(지정형:1단),30cmx60cm,"10,500,000 원"
221,에덴낙원 납골당,"사용료(지정형:2,7단)",30cmx60cm,"13,000,000 원"
221,에덴낙원 납골당,"사용료(지정형:3,4,5,6단)",30cmx60cm,"17,000,000 원"
221,에덴낙원 납골당,"관리비(봉안 후 발생, 10년)",,"1,200,000 원"
221,에덴낙원 납골당,"관리비(봉안 후 발생, 1기당 10년)",,"1,200,000 원"
221,에덴낙원 납골당,사용료(지정형:8단),30cmx30cm,"6,250,000 원"
221,에덴낙원 납골당,사용료(지정형:8단),30cmx60cm,"12,500,000 원"
222,추모공원하늘문 납골당,믿음관 일반실(개인단),사용료:200만원~800만원/ 관리비:5년 35만원,"2,000,000 원"
222,추모공원하늘문 납골당,믿음관 일반실(부부단),사용료:400만원~1600만원/ 관리비:5년 70만원,"4,000,000 원"
222,추모공원하늘문 납골당,믿음관VIP실(개인단),사용료:400만원~950만원/ 관리비:5년 35만원,"4,000,000 원"
222,추모공원하늘문 납골당,믿음관VIP실(부부단),사용료:800만원~1900만원/ 관리비:5년 70만원,"8,000,000 원"
222,추모공원하늘문 납골당,"소망관 일반,스페셜실(개인단)",사용료: 350만원~900만원/ 관리비:5년 35만원,"3,500,000 원"
222,추모공원하늘문 납골당,"소망관 일반,스페셜실(부부단)",사용료: 700만원~1800만원/ 관리비:5년 70만원,"7,000,000 원"
222,추모공원하늘문 납골당,"소망관 VIP,VVIP실(개인단)",사용료: 550만원~1000만원/ 관리비:5년 35만원,"5,500,000 원"
222,추모공원하늘문 납골당,"소망관 VIP,VVIP실(부부단)",사용료: 1100만원~2000만원/ 관리비:5년 70만원,"11,000,000 원"
222,추모공원하늘문 납골당,사랑관 일반실(개인단),사용료: 200만원~550만원/ 관리비:5년 35만원,"2,000,000 원"
222,추모공원하늘문 납골당,사랑관 일반실(부부단),사용료: 400만원~950만원/ 관리비:5년 70만원,"4,000,000 원"
222,추모공원하늘문 납골당,사랑관 특별단(개인단),사용료: 400만원~800만원/ 관리비:5년 35만원,"4,000,000 원"
222,추모공원하늘문 납골당,사랑관 특별단(부부단),사용료: 800만원~1600만원/ 관리비:5년70만원,"8,000,000 원"
222,추모공원하늘문 납골당,사랑관 특별단(VIP),사용료: 1800만원~3000만원/ 관리비:5년 35만원(1위),"18,000,000 원"
223,함양하늘공원(봉안시설) 납골당,평장묘 토지사용비,1기당,"1,570,000 원"
223,함양하늘공원(봉안시설) 납골당,평장묘 관리비,1년당,"43,000 원"
223,함양하늘공원(봉안시설) 납골당,평장묘 안장비,1기당,"500,000 원"
223,함양하늘공원(봉안시설) 납골당,매장묘 토지사용비,1기당,"4,500,000 원"
223,함양하늘공원(봉안시설) 납골당,매장묘 관리비,1년당,"130,000 원"
223,함양하늘공원(봉안시설) 납골당,매장묘 안장비,1기당,"1,100,000 원"
223,함양하늘공원(봉안시설) 납골당,수목장 토지사용비,1기당,"3,200,000 원"
223,함양하늘공원(봉안시설) 납골당,수목장 관리비,1년당,"100,000 원"
223,함양하늘공원(봉안시설) 납골당,수목장 안장비,1기당,"500,000 원"
223,함양하늘공원(봉안시설) 납골당,평장묘 조성비,1기당,"1,600,000 원"
223,함양하늘공원(봉안시설) 납골당,매장묘 조성비,1기당,"3,000,000 원"
223,함양하늘공원(봉안시설) 납골당,수목조성비,1기당,"1,600,000 원"
224,지평선전북공원묘원 납골당,매화묘역,3.3㎡,"1,500,000 원"
224,지평선전북공원묘원 납골당,진달래묘역,3.3㎡,"1,400,000 원"
224,지평선전북공원묘원 납골당,개나리묘역,3.3㎡,"1,300,000 원"
224,지평선전북공원묘원 납골당,장미묘역,3.3㎡,"1,200,000 원"
224,지평선전북공원묘원 납골당,관리비,1평 /1년,"15,000 원"
224,지평선전북공원묘원 납골당,관리비 반환,남은 기간 월단위 계산 환불,
224,지평선전북공원묘원 납골당,묘지사용료,반환하지 않음,
225,은하수공원 달님의집(봉안당) 납골당,봉안당 사용료,부부단/관외,"1,710,000 원"
225,은하수공원 달님의집(봉안당) 납골당,봉안당 사용료,개인단/관내(세종시 편입 예정 지역 및 주변지역),"380,000 원"
225,은하수공원 달님의집(봉안당) 납골당,봉안당 사용료,개인단/관외,"1,140,000 원"
225,은하수공원 달님의집(봉안당) 납골당,봉안당 사용료,부부단/관내(세종시 편입 예정지역 및 주변지역),"570,000 원"
225,은하수공원 달님의집(봉안당) 납골당,봉안당 사용료,개인단/ 관내(세종시 편입 개장유골),"300,000 원"
225,은하수공원 달님의집(봉안당) 납골당,봉안당 사용료,부부단/관내(세종시 편입 개장유골),"440,000 원"
225,은하수공원 달님의집(봉안당) 납골당,봉안당 사용료,무연고/관내(세종시 편입 무연유골),"200,000 원"
225,은하수공원 달님의집(봉안당) 납골당,봉안당 사용료,수급자/관내,0
225,은하수공원 달님의집(봉안당) 납골당,봉안당 사용료,유공자/관내,0
225,은하수공원 달님의집(봉안당) 납골당,봉안당 사용료,유공자/관내,0
225,은하수공원 달님의집(봉안당) 납골당,봉안당 사용료,유공자/관외,"570,000 원"
225,은하수공원 달님의집(봉안당) 납골당,봉안당 사용료,유공자/관외,"850,000 원"
226,흥륜사정토원 납골당,연화실,1단~8단 (100만원~600만원) / 1위 1년 관리비 5만원,0
226,흥륜사정토원 납골당,연화실,1단~8단 (200만원~1100만원) / 1위 1년 관리비 5만원,0
226,흥륜사정토원 납골당,연화 특별실,1단~6단 (500만원~1200만원) / 1위 1년 관리비 5만원,0
226,흥륜사정토원 납골당,연화 특별실,1단~6단 (1200만원~2500만원) / 1위 1년 관리비 5만원,0
226,흥륜사정토원 납골당,미타실,1단~7단 (500만원~850만원) / 1위 1년 관리비 5만원,0
226,흥륜사정토원 납골당,미타실,1단~7단 (1000만원~1500만원) / 1위 1년 관리비 5만원,0
226,흥륜사정토원 납골당,미타 특별실,1단~7단 (700만원~1100만원) / 1위 1년 관리비 5만원,0
226,흥륜사정토원 납골당,미타 특별실,1단~7단 (1400만원~2000만원) / 1위 1년 관리비 5만원,0
226,흥륜사정토원 납골당,극락전 위패,1위 위패 (120만원),0
226,흥륜사정토원 납골당,극락전 위패,2위 위패 (150만원),0
227,(주)청아공원 납골당,"매화홀, 하늘홀, 믿음홀, 청아홀(개인)","550만원 ~ 2,500만원","5,500,000 원"
227,(주)청아공원 납골당,"매화홀, 하늘홀, 믿음홀, 청아홀(부부)","1,100만원 ~ 5,000만원","11,000,000 원"
227,(주)청아공원 납골당,"난초홀, 평화홀, 승리홀(개인)","340만원 ~ 1,500만원","3,400,000 원"
227,(주)청아공원 납골당,"난초홀, 평화홀, 승리홀(부부)","680만원 ~ 3,000만원","6,800,000 원"
227,(주)청아공원 납골당,"국화홀, 대지홀, 은혜홀(개인)","340만원 ~ 1,500만원","3,400,000 원"
227,(주)청아공원 납골당,"국화홀, 대지홀, 은혜홀(부부)","680만원 ~ 3,000만원","6,800,000 원"
227,(주)청아공원 납골당,"중앙홀, 자유홀, 소망홀(개인)","340만원 ~ 1,500만원","3,400,000 원"
227,(주)청아공원 납골당,"중앙홀, 자유홀, 소망홀(부부)","680만원 ~ 3,000만원","6,800,000 원"
227,(주)청아공원 납골당,"국화홀, 대지홀, 은혜홀(보급형)",100만원 ~ 500만원,"1,000,000 원"
227,(주)청아공원 납골당,"중앙홀, 자유홀, 소망홀(보급형)",100만원 ~ 500만원,"1,000,000 원"
227,(주)청아공원 납골당,관리비 (5년 일시납),32만원,"320,000 원"
228,제주시공설봉안당 납골당,사용료,최초신청시 15년(관내요금),"100,000 원"
228,제주시공설봉안당 납골당,사용료,최초신청시 15년(관외요금),"200,000 원"
228,제주시공설봉안당 납골당,사용료,「국민기초생활 보장법」에 따른 수급자,0
228,제주시공설봉안당 납골당,사용료,「국가유공자 등 예우 및 지원에 관한 법률」에 따른 국가유공자,0
228,제주시공설봉안당 납골당,사용료,「5·18민주유공자예우에 관한 법률」에 따른 민주화 유공자,0
228,제주시공설봉안당 납골당,사용료,「고엽제후유의증 환자 지원 등에 관한 법률」에 따른 적용대상자,0
228,제주시공설봉안당 납골당,사용료,「제주4·3사건 진상규명 및 희생자명예회복에 관한 특별법」에 따라 희생자로 결정된 자.,0
228,제주시공설봉안당 납골당,사용료,「재해구호법」에 따른 재해 발생으로 인한 사망자,0
228,제주시공설봉안당 납골당,사용료,「한부모가족지원법」에 따른 보호대상자,0
228,제주시공설봉안당 납골당,사용료,「제주특별자치도 의사상자 예우 및 지원에 관한 조례」에 따른 적용대상자,0
229,월봉사연화원 납골당,"개인단 1단,2단",영구봉안,"4,500,000 원"
229,월봉사연화원 납골당,개인단 3단,영구봉안,"5,000,000 원"
229,월봉사연화원 납골당,"개인단 4단,5단",영구봉안,"5,500,000 원"
229,월봉사연화원 납골당,"부부단 1단,2단",영구봉안,"9,000,000 원"
229,월봉사연화원 납골당,부부단 3단,영구봉안,"10,000,000 원"
229,월봉사연화원 납골당,"부부단 4단,5단",영구봉안,"11,000,000 원"
229,월봉사연화원 납골당,"팔각부부단1단,2단",영구봉안,"12,000,000 원"
229,월봉사연화원 납골당,팔각부부단3단,영구봉안,"13,000,000 원"
229,월봉사연화원 납골당,"팔각부부단4단,5단",영구봉안,"14,000,000 원"
229,월봉사연화원 납골당,관리비5년,,"150,000 원"
230,한국불교태고종일불사 납골당,봉안시설,1단. 9단,"3,000,000 원"
230,한국불교태고종일불사 납골당,봉안시설,2단. 8단,"3,500,000 원"
230,한국불교태고종일불사 납골당,봉안시설,3단. 7단,"4,000,000 원"
230,한국불교태고종일불사 납골당,봉안시설,4단~6단,"4,500,000 원"
230,한국불교태고종일불사 납골당,봉안시설,1단. 9단(부부단),"6,000,000 원"
230,한국불교태고종일불사 납골당,봉안시설,"2단, 8단(부부단)","7,000,000 원"
230,한국불교태고종일불사 납골당,봉안시설,3단. 7단(부부단),"8,000,000 원"
230,한국불교태고종일불사 납골당,봉안시설,4단~6단(부부단),"9,000,000 원"
230,한국불교태고종일불사 납골당,년관리비,1위,"50,000 원"
230,한국불교태고종일불사 납골당,무연고,10년,"100,000 원"
231,서현공원 납골당,봉안당(일반개인 1단~9단),(영구) 200만~600만,0
231,서현공원 납골당,봉안당(일반부부 1단~9단),"(영구) 400만~1,200만",0
231,서현공원 납골당,봉안당(고급개인 1단~9단),(영구) 200만~700만,0
231,서현공원 납골당,봉안당(고급부부 1단~9단),"(영구) 400만~1,400만",0
231,서현공원 납골당,관리비,5년 (1위당),"300,000 원"
231,서현공원 납골당,봉안당(VIP실 1단~7단),"(영구) 2,500만~4,000만",0
231,서현공원 납골당,관리비(VIP실),5년 (1위당),"400,000 원"
232,여주세종추모공원(봉안시설) 납골당,없음,없음,없음
233,영평사 추모공원 납골당,야외봉안담 1단,개인단/영구사용,"4,000,000 원"
233,영평사 추모공원 납골당,야외봉안담 2단,개인단/영구사용,"4,500,000 원"
233,영평사 추모공원 납골당,야외봉안담 3단,개인단/영구사용,"5,000,000 원"
233,영평사 추모공원 납골당,야외봉안담 4단,개인단/영구사용,"6,000,000 원"
233,영평사 추모공원 납골당,야외봉안담 5단,개인단/영구사용,"6,000,000 원"
233,영평사 추모공원 납골당,야외봉안담 1단,부부단/영구사용,"8,000,000 원"
233,영평사 추모공원 납골당,야외봉안담 2단,부부단/영구사용,"9,000,000 원"
233,영평사 추모공원 납골당,야외봉안담 3단,부부단/영구사용,"10,000,000 원"
233,영평사 추모공원 납골당,야외봉안담 4단,부부단/영구사용,"12,000,000 원"
233,영평사 추모공원 납골당,야외봉안담 5단,부부단/영구사용,"12,000,000 원"
234,양지공원제2추모의집 납골당,사용료,최초신청시 15년(관내요금),"100,000 원"
234,양지공원제2추모의집 납골당,사용료,최초신청시 15년(관외요금),"200,000 원"
234,양지공원제2추모의집 납골당,사용료,「국민기초생활 보장법」에 따른 수급자,0
234,양지공원제2추모의집 납골당,사용료,「국가유공자 등 예우 및 지원에 관한 법률」에 따른 국가유공자,0
234,양지공원제2추모의집 납골당,사용료,「5·18민주유공자예우에 관한 법률」에 따른 민주화 유공자,0
234,양지공원제2추모의집 납골당,사용료,「고엽제후유의증 환자 지원 등에 관한 법률」에 따른 적용대상자,0
234,양지공원제2추모의집 납골당,사용료,「제주4·3사건 진상규명 및 희생자명예회복에 관한 특별법」에 따라 희생자로 결정된 자.,0
234,양지공원제2추모의집 납골당,사용료,「재해구호법」에 따른 재해 발생으로 인한 사망자,0
234,양지공원제2추모의집 납골당,사용료,「한부모가족지원법」에 따른 보호대상자,0
234,양지공원제2추모의집 납골당,사용료,「제주특별자치도 의사상자 예우 및 지원에 관한 조례」에 따른 적용대상자,0
235,양지공원제1추모의집 납골당,사용료,최초신청시 15년(관내요금),"100,000 원"
235,양지공원제1추모의집 납골당,사용료,최초신청시 15년(관외요금),"200,000 원"
235,양지공원제1추모의집 납골당,사용료,「국민기초생활 보장법」에 따른 수급자,0
235,양지공원제1추모의집 납골당,사용료,「국가유공자 등 예우 및 지원에 관한 법률」에 따른 국가유공자,0
235,양지공원제1추모의집 납골당,사용료,「5·18민주유공자예우에 관한 법률」에 따른 민주화 유공자,0
235,양지공원제1추모의집 납골당,사용료,「고엽제후유의증 환자 지원 등에 관한 법률」에 따른 적용대상자,0
235,양지공원제1추모의집 납골당,사용료,「제주4·3사건 진상규명 및 희생자명예회복에 관한 특별법」에 따라 희생자로 결정된 자,0
235,양지공원제1추모의집 납골당,사용료,「재해구호법」에 따른 재해 발생으로 인한 사망자,0
235,양지공원제1추모의집 납골당,사용료,「한부모가족지원법」에 따른 보호대상자,0
235,양지공원제1추모의집 납골당,사용료,「제주특별자치도 의사상자 예우 및 지원에 관한 조례」에 따른 적용대상자,0
236,통일로추모공원 납골당,일반실 1층-개인단(29실~49실),"1단~10단(사용료:120만원~430만원, 관리비:5년 30만원)","1,500,000 원"
236,통일로추모공원 납골당,일반실 1층-부부단,"1단~10단(사용료:240만원~860만원, 관리비:5년 60만원)","3,000,000 원"
236,통일로추모공원 납골당,일반실 2층-개인단,"1단~10단(사용료:150만원~480만원, 관리비:5년 30만원)","1,800,000 원"
236,통일로추모공원 납골당,일반실 2층-부부단,"1단~10단(사용료:300만원~960만원, 관리비:5년 60만원)","3,600,000 원"
236,통일로추모공원 납골당,특별실-개인단,"2단~8단(사용료:350만원~550만원,관리비:5년 30만원)","3,800,000 원"
236,통일로추모공원 납골당,특별실-부부단,"2단~8단(사용료:700만원~1100만원,관리비:5년 60만원)","7,600,000 원"
236,통일로추모공원 납골당,VIP실-개인단,"1단~8단(사용료:300만원~600만원,관리비:5년 30만원)","3,300,000 원"
236,통일로추모공원 납골당,VIP실-부부단,"1단~8단(사용료:600만원~1200만원,관리비:5년 60만원)","6,600,000 원"
236,통일로추모공원 납골당,일반실 1층-개인단,"1단~10단(사용료:150만원~480만원, 관리비:5년 30만원)","1,800,000 원"
237,별그리다(THE WALL) 납골당,개인단,"개인형(1단~5단으로 구성, 상세금액 별도)","2,650,000 원"
237,별그리다(THE WALL) 납골당,부부단,"부부형(1단~5단으로 구성, 상세금액 별도)","4,240,000 원"
237,별그리다(THE WALL) 납골당,가족단,가족형,"33,200,000 원"
237,별그리다(THE WALL) 납골당,봉안묘(소형),봉안4~8위 가족묘(상세금액 별도),"12,500,000 원"
237,별그리다(THE WALL) 납골당,봉안묘(대형),봉안12~36위 가족묘(상세금액 별도),"17,600,000 원"
238,용인공원(아너스톤) 납골당,일반 봉안당,노블관 8단 센터 기준,"15,000,000 원"
238,용인공원(아너스톤) 납골당,특별 봉안당,로얄관 5단 상단 기준,"30,000,000 원"
238,용인공원(아너스톤) 납골당,일반(아너관/노블관) 관리비,개인단 1년 단가,"90,000 원"
238,용인공원(아너스톤) 납골당,일반(아너관/노블관) 관리비,부부단 1년 단가(고인2인 기준),"180,000 원"
238,용인공원(아너스톤) 납골당,특별(로얄관) 관리비,개인단 1년 단가,"120,000 원"
238,용인공원(아너스톤) 납골당,특별(로얄관) 관리비,부부단 1년 단가(고인2인 기준),"240,000 원"
238,용인공원(아너스톤) 납골당,사용료 환불 규정(약정일기준),"15일 이내 해지 요청시, 전액 환불",0
238,용인공원(아너스톤) 납골당,사용료 환불 규정(약정일기준),"6개월이내 60%, 1년이내 50%, 2년이내 40%, 3년이내 30%, 4년이내 20%, 5년이내 10%, 5년초과 0%",0
238,용인공원(아너스톤) 납골당,관리비 환불 규정,"봉안일로부터 사용기간 일할계산후, 환급",0
239,남한강공원묘원(봉안) 납골당,사용료,3.3 m2,"1,318,000 원"
239,남한강공원묘원(봉안) 납골당,관리비,3.3 m2,"15,800 원"
240,광림공원주식회사(동산공원묘원봉안) 납골당,없음,없음,없음
241,용주사 봉안당 납골당,1층,300*300*300,"1,000,000 원"
241,용주사 봉안당 납골당,2층,300*300*300,"1,000,000 원"
241,용주사 봉안당 납골당,3층,300*300*300,"2,000,000 원"
241,용주사 봉안당 납골당,4층,300*300*300,"3,000,000 원"
241,용주사 봉안당 납골당,5층,300*300*300,"3,000,000 원"
241,용주사 봉안당 납골당,6층,300*300*300,"2,000,000 원"
241,용주사 봉안당 납골당,7층,300*300*300,"1,000,000 원"
241,용주사 봉안당 납골당,8층,300*300*300,"1,000,000 원"
242,다보정사 안미원 납골당,실내 봉안당,개인단 2단(영구),"2,000,000 원"
242,다보정사 안미원 납골당,실내 봉안당,"개인단 3단, 7단(영구)","3,000,000 원"
242,다보정사 안미원 납골당,실내 봉안당,"개인단 4단, 5단, 6단(영구)","4,000,000 원"
242,다보정사 안미원 납골당,실내 봉안당,부부단 2단(영구),"3,000,000 원"
242,다보정사 안미원 납골당,실내 봉안당,"부부단 3단, 7단(영구)","5,000,000 원"
242,다보정사 안미원 납골당,실내 봉안당,"부부단 4단, 5단, 6단(영구)","7,000,000 원"
242,다보정사 안미원 납골당,야외 봉안탑,"부부탑(2기 안치, 영구)","15,000,000 원"
242,다보정사 안미원 납골당,야외 봉안탑,"문중탑(10기 안치, 영구)","20,000,000 원"
243,충주시 천상원 납골당,봉안당 이용(개인단),"봉안당 개인단(관내,관리비10만원포함)","300,000 원"
243,충주시 천상원 납골당,봉안당 이용(개인단),"봉안당 개인단(관외,관리비30만원포함)","900,000 원"
243,충주시 천상원 납골당,봉안당 이용(부부단),"봉안당 부부단(관내,관리비10만원포함)","500,000 원"
243,충주시 천상원 납골당,봉안당 이용(부부단),"봉안당 부부단(관외,관리비30만원포함)","1,500,000 원"
243,충주시 천상원 납골당,봉안당 이용(무연고단),"봉안당 무연고단(관내,관리비2만원포함)","70,000 원"
243,충주시 천상원 납골당,봉안당 이용(무연고단),"봉안당 무연고단(관외,관리비6만원포함)","210,000 원"
243,충주시 천상원 납골당,봉안당 이용(개인단),"봉안단 개인단(관내, 30%가산, 관리비 13만원 포함)","390,000 원"
243,충주시 천상원 납골당,봉안당 이용(부부단),"봉안단 부부단(관내, 30%가산, 관리비 13만원 포함)","650,000 원"
244,구미공설숭조당 납골당,일반실(구미시민),기본 15년(1회15년씩 2회까지 연장가능 / 사망일 현재 구미시에 주민등록을 두고 사망한 사람),"200,000 원"
244,구미공설숭조당 납골당,일반실(타지역),기본 15년(1회 15년씩 2회까지 연장가능 / 타지역 : 경상북도내 거주자 및 등록기준지를 구미시로 하는자),"700,000 원"
244,구미공설숭조당 납골당,부부단실(구미시민),기본 15년(1회15년씩 2회까지 연장가능 / 사망일 현재 구미시에 주민등록을 두고 사망한 사람),"300,000 원"
244,구미공설숭조당 납골당,부부단실(타지역),기본 15년(1회 15년씩 2회까지 연장가능 / 타지역 : 경상북도내 거주자 및 등록기준지를 구미시로 하는자),"1,100,000 원"
244,구미공설숭조당 납골당,무연고실(구미시민),10년(사망자의 최초 발견 장소가 구미시 지역인 경우),"60,000 원"
244,구미공설숭조당 납골당,무연고실(타지역),10년(타지역 : 사망자의 최초 발견 장소가 구미시 이외의 지역인 경우),"150,000 원"
244,구미공설숭조당 납골당,외국인실(구미시민),"기본 15년(1회15년씩 2회까지 연장가능 / 사망일 현재사망자의 외국인등록증,외국인등록사실증명서가 구미시 지역인 경우)","120,000 원"
244,구미공설숭조당 납골당,외국인실(타지역),"기본 15년(1회15년씩 2회까지 연장가능 / 사망일 현재사망자의 외국인등록증,외국인등록사실증명서가 구미시 이외의 지역인 경우)","300,000 원"
245,효심추모관 납골당,일반실(지상-개인단),1단~8단(100만원~500만원)/관리비 1기당 3만원 10년 분 선납 30만원,"1,300,000 원"
245,효심추모관 납골당,일반실(지상-부부단),1단~8단(200만원~800만원)/관리비 1기당 3만원 10년 분 선납 30만원,"2,300,000 원"
245,효심추모관 납골당,일반실(지하-개인단),1단~8단(50만원~350만원)/관리비 1기당 3만원 10년 분 선납 30만원,"800,000 원"
245,효심추모관 납골당,일반실(지하-부부단),1단~8단(100만원~600만원)/관리비 1기당 3만원 10년 분 선납 30만원,"1,300,000 원"
245,효심추모관 납골당,특실(일반-개인단),"1단,8단(250만원)/관리비 1기당 3만원 10년 분 선납 30만원","2,800,000 원"
245,효심추모관 납골당,특실(일반-부부단),"2단,7단(600만원~1000만원)/관리비 1기당 3만원 10년 분 선납 30만원","6,300,000 원"
245,효심추모관 납골당,특실(가족),1단~8단(300만원~1200만원)/관리비 1기당 3만원 10년 분 선납 30만원,"3,300,000 원"
246,약천추모공원 납골당,15년 임대 1단,24cm*26cm,"400,000 원"
246,약천추모공원 납골당,15년 임대 2단,24cm*26cm,"600,000 원"
246,약천추모공원 납골당,15년 임대 3단,24cm*26cm,"1,000,000 원"
246,약천추모공원 납골당,15년 임대 4단~6단,24cm*26cm,"1,500,000 원"
246,약천추모공원 납골당,15년 임대 7단,24cm*26cm,"800,000 원"
246,약천추모공원 납골당,15년 임대 8단,24cm*26cm,"400,000 원"
246,약천추모공원 납골당,영구,24cm*26cm,"1,500,000 원"
247,부산영락공원봉안당 납골당,봉안당 사용료(부산광역시민),1기당 최초 15년,"120,000 원"
247,부산영락공원봉안당 납골당,봉안당 사용료(부산광역시민),1기당 연장 5년(1회),"60,000 원"
247,부산영락공원봉안당 납골당,봉안당 사용료(부산광역시민),1기당 연장 5년(2회),"60,000 원"
247,부산영락공원봉안당 납골당,봉안당 사용료(부산광역시민),1기당 연장 5년(3회),"60,000 원"
248,용인공원(봉안) 납골당,봉안담,봉안담 4단 센터 기준,"7,900,000 원"
248,용인공원(봉안) 납골당,봉안담(개인단) 관리비,개인단 1년 단가,"30,000 원"
248,용인공원(봉안) 납골당,봉안담(부부단) 관리비,부부단 1년 단가,"50,000 원"
248,용인공원(봉안) 납골당,사용료 환불 규정(설묘 전/약정일기준),"15일 이내 해지 요청시, 전액 환불",0
248,용인공원(봉안) 납골당,사용료 환불 규정(설묘 전/약정일기준),"1년이내 50%, 2년이내 40%, 3년이내 30%, 4년이내 20%, 5년이내 10%, 5년초과 0%",0
248,용인공원(봉안) 납골당,사용료 환불 규정(설묘 후),환급하지 않음,0
248,용인공원(봉안) 납골당,관리비 환불 규정,"계약일로부터 사용기간 일할계산후, 환급",0
249,천등산 봉안영묘전 납골당,개인단 좌우,"1단 ~ 8단, 150만원 ~ 350만원, 단별로 가격이 다르니 확인요망","1,500,000 원"
249,천등산 봉안영묘전 납골당,개인단 중앙,"1단~ 6단, 200만원 ~ 400만원, 단별로 가격이 다르니 확인 요망","2,000,000 원"
249,천등산 봉안영묘전 납골당,부부단 좌우,"1단 ~ 8단, 250만원 ~ 650만원, 단별로 가격이 다르니 확인 요망","2,500,000 원"
249,천등산 봉안영묘전 납골당,부부단 중앙,"1단 ~ 6단, 350만원 ~ 750만원, 단별로 가격이 다르니 확인 요망","3,500,000 원"
249,천등산 봉안영묘전 납골당,가족실 좌우,"1750만원, 가족실 5단 세로 전체","17,500,000 원"
249,천등산 봉안영묘전 납골당,가족실 중앙,"2500만원, 가족실 5단 세로 전체","25,000,000 원"
249,천등산 봉안영묘전 납골당,관리비,"1위당 1년 4만원, 5년 단위 선납 20만원","40,000 원"
250,봉안당 홈 납골당,광장층(지하2층),영구 사용,"10,000,000 원"
250,봉안당 홈 납골당,로비층(지하1층),영구 사용,"15,000,000 원"
250,봉안당 홈 납골당,타워 로비층 (지하1층),영구 사용,"20,000,000 원"
250,봉안당 홈 납골당,타워 1층,영구 사용,"20,000,000 원"
250,봉안당 홈 납골당,타워 2층,영구 사용,"25,000,000 원"
250,봉안당 홈 납골당,타워 3층,영구 사용,"30,000,000 원"
250,봉안당 홈 납골당,관리비,1년 기준 (5년 선납),"100,000 원"
251,만인산 만인사 봉안당 납골당,봉안당사용료,안치단 1 단 ~ 9 단,"1,500,000 원"
251,만인산 만인사 봉안당 납골당,봉안당사용료,안치단 2단 ~ 8단,"2,000,000 원"
251,만인산 만인사 봉안당 납골당,봉안당사용료,안치단 3단.,"3,000,000 원"
251,만인산 만인사 봉안당 납골당,봉안당사용료,안치단 4단.,"3,500,000 원"
251,만인산 만인사 봉안당 납골당,봉안당사용료,안치단 5단.6단,"4,000,000 원"
251,만인산 만인사 봉안당 납골당,봉안당사용료,안치단 7단,"3,500,000 원"
251,만인산 만인사 봉안당 납골당,년 관리비,년 관리비 1년,"40,000 원"
252,해인사미타원 납골당,1층 불교형 개인단,사용료 400만원~700만원,"4,000,000 원"
252,해인사미타원 납골당,1층 불교형 부부단,사용료 800만원~1400만원,"8,000,000 원"
252,해인사미타원 납골당,1층 불교형 특별단,사용료 2500만원,"25,000,000 원"
252,해인사미타원 납골당,2층 신설단 개인단(일반형),사용료 300만원~750만원,"3,000,000 원"
252,해인사미타원 납골당,2층 신설단 부부단(일반형),사용료 600만원~1500만원,"6,000,000 원"
252,해인사미타원 납골당,2층 신설단 특별단(일반형),사용료 4000만원,"40,000,000 원"
252,해인사미타원 납골당,관리비,5년(고인 1위당),"300,000 원"
253,벽제중앙추모공원 납골당,일반실(1층),"사용료:230만~500만, 관리비: 5년=36만원(1위)","5,000,000 원"
253,벽제중앙추모공원 납골당,일반실(2층),"사용료:290만~650만, 관리비: 5년=36만원(1위)","6,500,000 원"
253,벽제중앙추모공원 납골당,고급실,"사용료:400만~850만, 관리비: 5년=36만원(1위)","8,500,000 원"
253,벽제중앙추모공원 납골당,일반실(1층),"사용료:460만~1,000만, 관리비: 5년=72만원(2위)","10,000,000 원"
253,벽제중앙추모공원 납골당,일반실(2층),"사용료:570만~1,300만, 관리비: 5년=72만원(2위)","13,000,000 원"
253,벽제중앙추모공원 납골당,고급실,"사용료:800만~1,700만, 관리비: 5년=72만원(2위)","17,000,000 원"
254,연화추모공원 납골당,1층 정토실(개인단),사용료:200만원~700만원 관리비:5년 30만원,"2,300,000 원"
254,연화추모공원 납골당,1층 정토실(부부단),사용료:400만원~1400만원 관리비:5년 60만원,"4,600,000 원"
254,연화추모공원 납골당,2층 극락실(개인단),사용료:300만원~800만원 관리비:5년 30만원,"3,300,000 원"
254,연화추모공원 납골당,2층 극락실(부부단),사용료:600만원~1600만원 관리비:5년 60만원,"6,600,000 원"
254,연화추모공원 납골당,3층 VIP실(개인단),사용료:400만원~1300만원 관리비:5년 30만원,"4,300,000 원"
254,연화추모공원 납골당,3층 VIP실(부부단),사용료:800만원~2600만원 관리비:5년 60만원,"8,600,000 원"
255,진천군추모의집 납골당,관내거주자 단장,30년(15년1회연장가능),"376,000 원"
255,진천군추모의집 납골당,관내거주자 합장,30년(15년1회연장가능),"628,000 원"
255,진천군추모의집 납골당,관외거주자 단장,30년(15년1회연장가능),"488,000 원"
255,진천군추모의집 납골당,관외거주자 합장,30년(15년1회연장가능),"817,000 원"
255,진천군추모의집 납골당,관내유연고 개장유골 단장,30년(15년1회연장가능),"742,000 원"
255,진천군추모의집 납골당,관내유연고 개장유골 합장,30년(15년1회연장가능),"1,256,000 원"
256,여주추모공원 봉안담 납골당,사용료/관리비,최초 15년 / 관내-개인,"500,000 원"
256,여주추모공원 봉안담 납골당,사용료/관리비,최초 15년 / 관내-부부,"750,000 원"
256,여주추모공원 봉안담 납골당,사용료/관리비,최초 15년 / 관외-개인,"1,000,000 원"
256,여주추모공원 봉안담 납골당,사용료/관리비,최초 15년 / 관외-부부,"1,500,000 원"
256,여주추모공원 봉안담 납골당,관리비,최초 15년 / 관내-개인-사망 당시 추모공원 소재지에 주민등록상 주소를 둔자,"100,000 원"
256,여주추모공원 봉안담 납골당,관리비,최초 15년 / 관내-부부-사망 당시 추모공원 소재지에 주민등록상 주소를 둔자,"150,000 원"
257,봉인사 청림공원(봉안당) 납골당,개인단,사용료:250만원~600만원/ 관리비 년 5만원,"2,700,000 원"
257,봉인사 청림공원(봉안당) 납골당,부부단,사용료:450만원~1100만원/ 관리비 년 5만원,"4,700,000 원"
258,정선하늘원 납골당,개인단,개인단 안치(군민),"300,000 원"
258,정선하늘원 납골당,개인단,개인단 안치(군민외),"1,000,000 원"
258,정선하늘원 납골당,부부단,부부단 안치(군민),"500,000 원"
258,정선하늘원 납골당,부부단,부부단 안치(군민외),"1,500,000 원"
259,수원시연화장(추모의집) 납골당,관내,고인이 수원에 주민등록을 두고 1년이상 거주,"800,000 원"
259,수원시연화장(추모의집) 납골당,관외,고인의 직계가족이 수원에 주민등록을 두고 1년이상 거주,"1,300,000 원"
259,수원시연화장(추모의집) 납골당,관내,고인이 수원에 주민등록을 두고 1년이상 거주,"1,100,000 원"
259,수원시연화장(추모의집) 납골당,관외,고인의 직계가족이 수원에 주민등록을 두고 1년이상 거주,"1,800,000 원"
260,홍천군공설묘원봉안당 납골당,합장묘 (관내),15년,"1,500,000 원"
260,홍천군공설묘원봉안당 납골당,단장묘 (관내),15년,"1,125,000 원"
260,홍천군공설묘원봉안당 납골당,봉안묘 (관내),15년,"375,000 원"
260,홍천군공설묘원봉안당 납골당,봉안당 - 개인 (관내),15년,"300,000 원"
260,홍천군공설묘원봉안당 납골당,봉안당 - 부부 (관내),15년,"600,000 원"
260,홍천군공설묘원봉안당 납골당,봉안당 - 무연고 (관내),10년,"300,000 원"
261,경남영묘원 납골당,폐쇄형(옥문),"1,000,000원부터 4,000,000원","1,000,000 원"
261,경남영묘원 납골당,폐쇄형(옥문),"2,000,000원부터 8,000,000원","2,000,000 원"
261,경남영묘원 납골당,개방형(유리),"1,500,00원부터 6,000,000원","1,500,000 원"
261,경남영묘원 납골당,개방형(유리),"3,000,000원 부터 12,000,000원","3,000,000 원"
262,대전추모공원(봉안) 납골당,봉안(관내),1구당/15년기한,"200,000 원"
262,대전추모공원(봉안) 납골당,봉인(관외),1구당/15년기한,"400,000 원"
262,대전추모공원(봉안) 납골당,묘지(단장 재계약),1구당/15년기한,"363,000 원"
262,대전추모공원(봉안) 납골당,묘지(합장 재계약),1구당/15년기한,"544,500 원"
262,대전추모공원(봉안) 납골당,가족묘원(재계약),1기당/15년기한,"550,000 원"
262,대전추모공원(봉안) 납골당,가족묘원((관리비,1기당/5년단위,"516,000 원"
263,자하연 일산(봉안) 납골당,"매장묘, 봉안묘",사용료(평당),"1,950,000 원"
263,자하연 일산(봉안) 납골당,"매장묘, 봉안묘",1년 관리비(평당),"27,000 원"
263,자하연 일산(봉안) 납골당,평장 2기 자연장,"사용료(3,900,000원,5년관리비270,000원)","12,500,000 원"
263,자하연 일산(봉안) 납골당,평장 4기 자연장 (서향),"사용료(4,875,000원,5년관리비337,500원)","17,000,000 원"
263,자하연 일산(봉안) 납골당,평장 4기 자연장 (동향),"사용료(4,875,000원,5년관리비337,500원)","16,000,000 원"
263,자하연 일산(봉안) 납골당,봉안 2기 탑형,"사용료(5,850,000원,5년관리비405,000원)","12,500,000 원"
263,자하연 일산(봉안) 납골당,봉안 2기 탑형,"사용료(5,850,000원,5년관리비405,000원)","14,500,000 원"
263,자하연 일산(봉안) 납골당,봉안 4기 탑형,"사용료(5,850,000원,5년관리비405,000원)","14,500,000 원"
263,자하연 일산(봉안) 납골당,봉안 4기 탑형,"사용료(5,850,000원,5년관리비405,000원)","16,500,000 원"
263,자하연 일산(봉안) 납골당,평장 6기 자연장 (남향),"사용료(5,850,000원,5년관리비405,000원)","25,500,000 원"
263,자하연 일산(봉안) 납골당,평장 6기 자연장 (북향),"사용료(5,850,000원,5년관리비405,000원)","21,500,000 원"
263,자하연 일산(봉안) 납골당,봉안6위(자연장),"사용료(7,800,000원,5년관리비540,000원)","19,000,000 원"
263,자하연 일산(봉안) 납골당,봉안6위(자연장),"사용료(5,850,000원,5년관리비405,000원)","17,000,000 원"
263,자하연 일산(봉안) 납골당,봉안8위,"사용료(9,750,000원,5년관리비675,000원)","23,500,000 원"
263,자하연 일산(봉안) 납골당,봉안8위,"사용료(9,750,000원,5년관리비675,000원)","24,500,000 원"
263,자하연 일산(봉안) 납골당,봉안12위,"사용료(11,700,000원,5년관리비810,000원)","29,500,000 원"
263,자하연 일산(봉안) 납골당,봉안담 개인단(1단),"사용료(150만원,5년관리비12만원)","2,000,000 원"
263,자하연 일산(봉안) 납골당,봉안담 개인단(2단),"사용료(150만원,5년관리비12만원)","3,500,000 원"
263,자하연 일산(봉안) 납골당,봉안담 개인단(3단),"사용료(150만원,5년관리비12만원)","4,000,000 원"
263,자하연 일산(봉안) 납골당,봉안담 개인단(4단),"사용료(150만원,5년관리비12만원)","4,000,000 원"
263,자하연 일산(봉안) 납골당,봉안담 개인단(5단),"사용료(150만원,5년관리비12만원)","3,500,000 원"
263,자하연 일산(봉안) 납골당,봉안담 개인단(6단),"사용료(130만원,5년관리비12만원)","1,500,000 원"
263,자하연 일산(봉안) 납골당,봉안담 부부단(1단),"사용료(150만원,5년관리비24만원)","3,500,000 원"
263,자하연 일산(봉안) 납골당,봉안담 부부단(2단),"사용료(150만원,5년관리비24만원)","5,000,000 원"
263,자하연 일산(봉안) 납골당,봉안담 부부단(3단),"사용료(150만원,5년관리비24만원)","6,500,000 원"
263,자하연 일산(봉안) 납골당,봉안담 부부단(4단),"사용료(150만원,5년관리비24만원)","6,500,000 원"
263,자하연 일산(봉안) 납골당,봉안담 부부단(5단),"사용료(150만원,5년관리비24만원)","5,000,000 원"
263,자하연 일산(봉안) 납골당,봉안담 부부단(6단),"사용료(150만원,5년관리비24만원)","2,500,000 원"
263,자하연 일산(봉안) 납골당,미사용 묘지 반환규정,"계약일로부터 1년미만 토시사용료 80%환급, 1년이상 5년미만 50%환급, 5년이상 10년미만 20%환급, 10년이상은 환급없음",
263,자하연 일산(봉안) 납골당,봉안 4기 탑형,"사용료(5,850,000원,5년관리비405,000원)","17,500,000 원"
263,자하연 일산(봉안) 납골당,봉안8위,"사용료(11,700,000원,5년관리비810,000원)","25,500,000 원"
263,자하연 일산(봉안) 납골당,봉안16위,"사용료(13,650,000원,5년관리비945,000원)","35,000,000 원"
264,안동하늘공원 납골당,봉안시설 (유연고),개인당 관내,"300,000 원"
264,안동하늘공원 납골당,봉안시설 (유연고),개인당 관외,"900,000 원"
264,안동하늘공원 납골당,봉안시설 (유연고),부부단 관내,"500,000 원"
264,안동하늘공원 납골당,봉안시설 (유연고),부부단 관외,"1,500,000 원"
264,안동하늘공원 납골당,봉안시설 (무연고),관내,"70,000 원"
264,안동하늘공원 납골당,봉안시설 (무연고),관외,"210,000 원"
265,천안노블랜드하늘공원 납골당,개인단 실내(A-Type),1단~9단(200~500만원),"2,000,000 원"
265,천안노블랜드하늘공원 납골당,부부단 실내(A-Type),1단~9단(400~1000만원),"4,000,000 원"
265,천안노블랜드하늘공원 납골당,개인단 특별단(A-Type),1단~9단(500~1000만원),"5,000,000 원"
265,천안노블랜드하늘공원 납골당,부부단 특별단(A-Type),1단~9단(1000~2000만원),"10,000,000 원"
265,천안노블랜드하늘공원 납골당,야외(벽제형),1단~5단(300~500만원),"3,000,000 원"
265,천안노블랜드하늘공원 납골당,야외(가족탑),"12기~48기(2,400만원~9,600만원)","24,000,000 원"
266,제천시영원한쉼터봉안당 납골당,개인(관내),사용료:10만원 관리비:6만,"160,000 원"
266,제천시영원한쉼터봉안당 납골당,개인(준관내),"충북도 관내, 중부내륙중심권행정협력 시ㆍ군/사용료:30만원,관리비:6만원","360,000 원"
266,제천시영원한쉼터봉안당 납골당,개인(관외),"충북도 관외/사용료:40만원,관리비:6만원","460,000 원"
266,제천시영원한쉼터봉안당 납골당,부부(관내),사용료:20만원 관리비:12만,"320,000 원"
266,제천시영원한쉼터봉안당 납골당,부부(준관내),"충북도 관내, 중부내륙중심권행정협력 시ㆍ군/사용료:60만원,관리비:12만원","720,000 원"
266,제천시영원한쉼터봉안당 납골당,부부(관외),"충북도 관외/사용료:80만원,관리비:12만원","920,000 원"
267,관음사추모관 납골당,1층개인1단~8단 사용기간 영구,100만원 ~ 250만원,"1,000,000 원"
267,관음사추모관 납골당,1층부부1단~8단 사용기간 영구,200만원 ~ 500만원,"2,000,000 원"
267,관음사추모관 납골당,2층 부처님전(개인) 1단 ~ 9단 사용기간 영구,130만원 ~ 350만원,"1,300,000 원"
267,관음사추모관 납골당,2층 부처님전(부부) 1단 ~ 9단 사용기간 영구,260만원 ~ 700만원,"2,600,000 원"
267,관음사추모관 납골당,"관리비 10년, 15년, 40년, 영구",관리자에게 문의 하세요,"1,500,000 원"
267,관음사추모관 납골당,제사대행(관음사),관리자에게 문의 하세요,0
268,오산시립쉼터공원 납골당,"납골당사용료, 관리비",개인단/15년간 기준-관내,"500,000 원"
268,오산시립쉼터공원 납골당,"납골당사용료, 관리비",개인단/15년간 기준-관외,"750,000 원"
268,오산시립쉼터공원 납골당,"납골당사용료, 관리비",부부단/15년간 기준-관내,"700,000 원"
268,오산시립쉼터공원 납골당,"납골당사용료, 관리비",부부단/15년간 기준-관외,"1,050,000 원"
268,오산시립쉼터공원 납골당,"납골당사용료, 관리비","개인단/15년간 기준-기초생활수급자, 국가유공자",0
268,오산시립쉼터공원 납골당,"납골당사용료, 관리비","부부단/15년간 기준-기초생활수급자,국가유공자",0
269,(부활의집)광주구천주교공원묘원 납골당,2-7단,사용기간 30년,"2,000,000 원"
269,(부활의집)광주구천주교공원묘원 납골당,1단,사용기간 30년,"1,500,000 원"
269,(부활의집)광주구천주교공원묘원 납골당,1단,사용기간 30년,"5,000,000 원"
269,(부활의집)광주구천주교공원묘원 납골당,"2단, 7단",사용기간 30년,"6,000,000 원"
269,(부활의집)광주구천주교공원묘원 납골당,3단~6단,사용기간 30년,"7,000,000 원"
270,서대문구추모의집 납골당,개인단-일반주민,최초 15년,"200,000 원"
270,서대문구추모의집 납골당,개인단-일반주민,연장 5년,"100,000 원"
270,서대문구추모의집 납골당,부부단-일반주민,개인단의 2배(연장시 동일),"400,000 원"
270,서대문구추모의집 납골당,"기초생활수급자, 국가유공자",일반주민의 50% 경감(연장시 동일),"100,000 원"
270,서대문구추모의집 납골당,관리비,5년단위 선납징수,"150,000 원"
271,삼척시 추모공원 봉안당 납골당,30년 사용료.관리비,삼척시 직영,"336,000 원"
271,삼척시 추모공원 봉안당 납골당,30년 사용료.관리비,삼척시 직영,"592,000 원"
271,삼척시 추모공원 봉안당 납골당,무연고5년 사용료.관리비,삼척시 직영,"168,000 원"
271,삼척시 추모공원 봉안당 납골당,30년 사용료.관리비,국가유공자60년면제.수급자1회면제,0
271,삼척시 추모공원 봉안당 납골당,30년 사용료.관리비,국가유공자60년면제.수급자1회면제,0
272,용인 평온의 숲(평온마루) 납골당,사용료(관내),개인단,"300,000 원"
272,용인 평온의 숲(평온마루) 납골당,관리비(관내),개인단,"150,000 원"
272,용인 평온의 숲(평온마루) 납골당,사용료(관외),개인단,"1,000,000 원"
272,용인 평온의 숲(평온마루) 납골당,관리비(관외),개인단,"300,000 원"
272,용인 평온의 숲(평온마루) 납골당,사용료(관내),부부단,"500,000 원"
273,사천시 누리원(봉안시설) 납골당,개인단(관내),봉안기간 15년,"200,000 원"
273,사천시 누리원(봉안시설) 납골당,개인단(관내),봉안기간 10년,"140,000 원"
273,사천시 누리원(봉안시설) 납골당,부부단(관내),봉안기간 15년,"400,000 원"
273,사천시 누리원(봉안시설) 납골당,개인단(관외),봉안기간 15년,"1,000,000 원"
273,사천시 누리원(봉안시설) 납골당,부부단(관외),봉안기간 15년,"2,000,000 원"
274,창원시립상복공원 봉안당 납골당,유연유골(관내),1구/15년,"170,000 원"
274,창원시립상복공원 봉안당 납골당,유연유골(관외),1구/15년,"1,000,000 원"
274,창원시립상복공원 봉안당 납골당,무연유골(관내),1구/5년,"45,000 원"
274,창원시립상복공원 봉안당 납골당,무연분묘(관내),1구/10년,"90,000 원"
275,삼성개발공원묘원(봉안) 납골당,토지사용료,평방미터,"697,000 원"
275,삼성개발공원묘원(봉안) 납골당,관리비,평방미터,"9,091 원"
276,자하연 포천(봉안) 납골당,9.9㎡,2기탑형,"6,500,000 원"
276,자하연 포천(봉안) 납골당,13.2㎡,4기탑형,"7,500,000 원"
276,자하연 포천(봉안) 납골당,23.1㎡,12기탑형,"13,500,000 원"
276,자하연 포천(봉안) 납골당,16.5㎡,8기탑형,"10,500,000 원"
277,공주나래원봉안당 납골당,일반(관내),"1위, 30년","1,000,000 원"
277,공주나래원봉안당 납골당,일반(관외),"1위, 30년","2,000,000 원"
277,공주나래원봉안당 납골당,부부(관내),"2위, 30년","2,000,000 원"
277,공주나래원봉안당 납골당,부부(관외),"2위, 30년","4,000,000 원"
277,공주나래원봉안당 납골당,무연유골,"1위, 5년","50,000 원"
278,새로나추모관 납골당,1단~9단(사용료),150만원~550만원 자세한 사항 062-531-4444문의,0
278,새로나추모관 납골당,개인단 관리비,"5년 : 20만원,10년 40만원,15년 60만원",0
278,새로나추모관 납골당,부부단 관리비,"5년 : 35만원,10년 70만원,15년 105만원",0
278,새로나추모관 납골당,개인단 특별실 관리,"5년 : 27만5천원,10년 55만원,15년 82만5천원",0
278,새로나추모관 납골당,부부단 특별실 관리비,"5년 : 50만원,10년 100만원,15년 150만원",0
279,광명메모리얼파크 납골당,개인단(관내),"1회 15년, 2회 연장가능(총45년)","500,000 원"
279,광명메모리얼파크 납골당,개인단(관외),"1회 15년, 2회 연장가능(총45년)","1,500,000 원"
279,광명메모리얼파크 납골당,부부단(관내),"1회 15년, 2회 연장가능(총45년)","750,000 원"
279,광명메모리얼파크 납골당,부부단(관외),"1회 15년, 2회 연장가능(총45년)","2,000,000 원"
279,광명메모리얼파크 납골당,무연고,1회 10년,0
280,울산하늘공원(봉안시설) 납골당,추모의 집(봉안당) 이용료,개인단 1구당- 관내(15년),"330,000 원"
280,울산하늘공원(봉안시설) 납골당,추모의 집(봉안당) 연장 이용료,개인단 1구당- 관내(5년),"110,000 원"
280,울산하늘공원(봉안시설) 납골당,추모의 집(봉안당) 이용료,부부단 1구당- 관내(15년),"330,000 원"
280,울산하늘공원(봉안시설) 납골당,추모의 집(봉안당) 연장 이용료,부부단 1구당- 관내(5년),"110,000 원"
281,하늘공원추모관 납골당,개인단 사용료,1단~7단(240만원~310만원),"2,400,000 원"
281,하늘공원추모관 납골당,개인단 관리비,3년:10만5천원 / 5년:17만5천원 / 10년:35만원 / 영구 105만원,"105,000 원"
281,하늘공원추모관 납골당,부부단 사용료,1단~7단(480만원~620만원),"4,800,000 원"
281,하늘공원추모관 납골당,부부단 관리비,3년:18만원 / 5년:30만원 / 10년:60만원 / 영구 180만원,"180,000 원"
282,용광사 납골당,개인단(사용료),사용료 30만원~100만원,"300,000 원"
282,용광사 납골당,부부단(사용료),사용료 1구당 300만원,"3,000,000 원"
282,용광사 납골당,개인단(관리비),"관리비 : 25,000/년간","25,000 원"
282,용광사 납골당,부부단(관리비),"관리비 : 25,000/년간","25,000 원"
283,하늘원추모관 납골당,개인단(영구),개인단 영구: 180~450만원 관리비 : 90만원,"2,700,000 원"
283,하늘원추모관 납골당,개인단(15년),개인단 15년: 130~320만원 관리비 :45만원,"1,750,000 원"
283,하늘원추모관 납골당,부부단(영구),부부단 영구: 350~800만원 관리비 : 120만원,"4,700,000 원"
283,하늘원추모관 납골당,부부단(15년),부부단 15년: 250~560만원 관리비 :75만원,"3,250,000 원"
284,노들하늘공원 납골당,봉안시설 사용료,15년(최초),"200,000 원"
284,노들하늘공원 납골당,봉안시설 사용료,"5년(연장, 3회가능)","70,000 원"
285,서산시 희망공원(봉안시설) 납골당,사용료(유연유골),최초신청시 15년 계약기간,"30,000 원"
285,서산시 희망공원(봉안시설) 납골당,관리비(유연유골),최초신청시 15년 계약기간,"20,000 원"
285,서산시 희망공원(봉안시설) 납골당,사용료(무연유골),최초신청시 15년 계약기간,"30,000 원"
285,서산시 희망공원(봉안시설) 납골당,관리비(무연유골),최초신청시 15년 계약기간,"10,000 원"
286,법지사 납골당,개인단(사용료),사용료 10만원~30만원,"100,000 원"
286,법지사 납골당,부부단(사용료),사용료 250만원,"2,500,000 원"
286,법지사 납골당,개인단(관리비),"관리비:25,000원/년간","25,000 원"
286,법지사 납골당,부부단(관리비),"관리비:25,000원/년간","25,000 원"
287,장례문화사업소 하늘누리 제1추모원 납골당,관내거주자,성남시민으로 주민등록상 6개월 초과 거주자,"100,000 원"
287,장례문화사업소 하늘누리 제1추모원 납골당,관외거주자,연고자가 성남에 주민등록상 6개월 초과 거주자,"1,000,000 원"
287,장례문화사업소 하늘누리 제1추모원 납골당,기초생활수급자,관내거주자 중,"100,000 원"
287,장례문화사업소 하늘누리 제1추모원 납골당,국가유공자,관내거주자 중,"100,000 원"
288,정각사봉안당 납골당,특별실,,"15,000,000 원"
288,정각사봉안당 납골당,특별실,,"10,000,000 원"
288,정각사봉안당 납골당,일반실,,"7,000,000 원"
288,정각사봉안당 납골당,일반실,,"3,000,000 원"
289,이천시립추모의집(봉안) 납골당,개인(관내자),관리비포함/3회 연장가능(1회 연장 시 마다 사용료 납부),"350,000 원"
289,이천시립추모의집(봉안) 납골당,개인(관외자),현재 이천시에 주소를 두고 6개월 이상 거주한 연고자(배우자 또는 직계존비속)의 망인이 사용하는 경우,"525,000 원"
289,이천시립추모의집(봉안) 납골당,부부(관내자),관리비포함/3회 연장가능(1회 연장 시 마다 사용료 납부),"600,000 원"
289,이천시립추모의집(봉안) 납골당,부부(관외자),현재 이천시에 주소를 두고 6개월 이상 거주한 연고자(배우자 또는 직계존비속)의 망인이 사용하는 경우,"900,000 원"
290,평화원 납골당,유연 (기초 15년),봉안비,"550,000 원"
290,평화원 납골당,유연 (기초 15년),관리비(년),"30,000 원"
290,평화원 납골당,무연 (기초 10년),봉안비(화장),"100,000 원"
290,평화원 납골당,무연 (기초 10년),봉안비(유골),"130,000 원"
291,여수시제1봉안당 납골당,사용료 및 관리비,최초 15년(관내),"120,000 원"
291,여수시제1봉안당 납골당,사용료 및 관리비,최초 15년(관내),"240,000 원"
291,여수시제1봉안당 납골당,사용료 및 관리비,최초 15년(관내) 국가유공자 및 수급자,"60,000 원"
291,여수시제1봉안당 납골당,사용료 및 관리비,최초 15년(특례),"500,000 원"
292,고성군추모의집 납골당,사용료및관리비,최초신청시15년(관내개인),"280,000 원"
292,고성군추모의집 납골당,사용료및관리비,최초신청시15년(관외개인),"440,000 원"
292,고성군추모의집 납골당,사용료및관리비,최초신청시15년(관내합장),"520,000 원"
292,고성군추모의집 납골당,사용료및관리비,최초신청시15년(관외합장),"840,000 원"
293,장례문화사업소 하늘누리 제2추모원 납골당,관내,성남시에 주민등록상 6개월 초과 거주자,"100,000 원"
293,장례문화사업소 하늘누리 제2추모원 납골당,관외,연고자가 성남에 주민등록상 6개월 초과 거주자,"1,000,000 원"
293,장례문화사업소 하늘누리 제2추모원 납골당,기초생활수급자,관내거주자 중,"100,000 원"
293,장례문화사업소 하늘누리 제2추모원 납골당,국가유공자,관내거주자 중,"100,000 원"
294,경주하늘마루봉안당 납골당,사용료 및 관리비,개인단(1구/15년)_관내,"650,000 원"
294,경주하늘마루봉안당 납골당,사용료 및 관리비,개인단(1구/15년)_관외,"1,350,000 원"
294,경주하늘마루봉안당 납골당,사용료 및 관리비,부부단(2구/15년)_관내,"1,100,000 원"
294,경주하늘마루봉안당 납골당,사용료 및 관리비,부부단(2구/15년)_관외,"2,200,000 원"
295,의왕하늘쉼터(봉안담) 납골당,봉안담 사용료 및 관리비,"관내자격(의왕, 과천)","700,000 원"
295,의왕하늘쉼터(봉안담) 납골당,봉안담 사용료 및 관리비,"관내자격(의왕, 과천)","1,300,000 원"
295,의왕하늘쉼터(봉안담) 납골당,봉안담 사용료 및 관리비,"인접시(안양, 군포)","2,500,000 원"
295,의왕하늘쉼터(봉안담) 납골당,봉안담 사용료 및 관리비,"인접시(안양, 군포)","4,800,000 원"
296,하늘공원(부곡동공설공원묘지) 납골당,봉안 개인단(관내),유골1구,"367,000 원"
296,하늘공원(부곡동공설공원묘지) 납골당,봉안 부부단(관내),유골2구,"555,500 원"
296,하늘공원(부곡동공설공원묘지) 납골당,봉안 개인단(관외),유골1구,"734,000 원"
296,하늘공원(부곡동공설공원묘지) 납골당,봉안 부부단(관외),유골2구,"1,111,000 원"
297,울진군립추모원(봉안시설) 납골당,개인단(관내자),"1기,최초 30년,1회 연장가능","600,000 원"
297,울진군립추모원(봉안시설) 납골당,개인단(관외자),"1기,최초 30년,1회 연장가능","1,600,000 원"
297,울진군립추모원(봉안시설) 납골당,부부단(관내자),"2기,최초 30년,1회 연장가능","1,000,000 원"
297,울진군립추모원(봉안시설) 납골당,부부단(관외자),"2기,최초 30년,1회 연장가능","2,600,000 원"
298,전주효자공원봉안당 납골당,봉안 사용료,개인단,"225,000 원"
298,전주효자공원봉안당 납골당,봉안 사용료,부부단(배우자의 안치장소 예매불가),"450,000 원"
298,전주효자공원봉안당 납골당,봉안 사용료,"공설,공동묘지 개장유골 최초 15년 50% 감면","112,500 원"
298,전주효자공원봉안당 납골당,봉안 사용료,공설묘지 미사용 반환자 최초 15년 면제,0
299,동대문구추모의집 납골당,사용료,개인단(최초15년기준),"200,000 원"
299,동대문구추모의집 납골당,사용료,부부단(최초15년기준),"400,000 원"
299,동대문구추모의집 납골당,관리비,개인단(최초 15년기준),"450,000 원"
299,동대문구추모의집 납골당,관리비,부부단(최초 15년기준),"900,000 원"
300,완도군추모공원봉안당 납골당,사용료(관외),15년,"80,000 원"
300,완도군추모공원봉안당 납골당,사용료(관내),15년,"40,000 원"
300,완도군추모공원봉안당 납골당,관리비(관내),15년,"30,000 원"
300,완도군추모공원봉안당 납골당,관리비(관외),15년,"30,000 원"
301,나주납골당 납골당,단기(15년),"관리비 미포함(1년30,000원)","1,000,000 원"
301,나주납골당 납골당,영구,"관리비 미포함(1년30,000원)","3,000,000 원"
301,나주납골당 납골당,단기(15년),"관리비 미포함(1년30,000원)","2,000,000 원"
301,나주납골당 납골당,영구,"관리비 미포함(1년30,000원)","6,000,000 원"
302,무지개 뜨는 언덕 납골당,개인단(관내),"사용료:30만원,관리비:20만원(사용기간 15년,5년단위 연장)","500,000 원"
302,무지개 뜨는 언덕 납골당,개인단(관외),"사용료:60만원,관리비:40만원(사용기간 15년,5년단위 연장)","1,000,000 원"
302,무지개 뜨는 언덕 납골당,부부단(관내),"사용료:60만원,관리비:30만원(사용기간 15년,5년단위 연장)","900,000 원"
302,무지개 뜨는 언덕 납골당,부부단(관외),"사용료:120만원,관리비:60만원(사용기간 15년,5년단위 연장)","1,800,000 원"
303,미타불교원 납골당,1층 개인단,"1단~8단(300만원~800만원) 5년 관리비 25만원,영구 관리비 150만원","3,250,000 원"
303,미타불교원 납골당,1층 부부단,"1단~8단(600만원~1600만원) 5년 관리비 50만원, 영구관리비 300만원","6,500,000 원"
303,미타불교원 납골당,2층 개인단,"1단~12단(200만원~550만원) 5년 관리비 25만원,영구 관리비 150만원","2,250,000 원"
303,미타불교원 납골당,2층 부부단,"1단~12단(400만원~1100만원) 5년 관리비 50만원,영구 관리비 300만원","4,500,000 원"
304,김포시추모공원(봉안담) 납골당,개인단(관내),"사용료:20만원,관리비:15만원","350,000 원"
304,김포시추모공원(봉안담) 납골당,부부단(관내),"사용료:35만원,관리비:25만원","600,000 원"
304,김포시추모공원(봉안담) 납골당,개인단(관외),"사용료:40만원,관리비:30만원","700,000 원"
304,김포시추모공원(봉안담) 납골당,부부단(관외),"사용료:70만원,관리비:50만원","1,200,000 원"
305,경신하늘뜰공원봉안당 납골당,개인단(관내),사용기간:15년 1회 연장가능,"500,000 원"
305,경신하늘뜰공원봉안당 납골당,개인단(관외),사용기간:15년 1회 연장가능,"1,000,000 원"
305,경신하늘뜰공원봉안당 납골당,부부단(관내),사용기간:15년 1회 연장가능,"500,000 원"
305,경신하늘뜰공원봉안당 납골당,부부단(관외),사용기간:15년 1회 연장가능,"1,000,000 원"
306,태백시납골당 납골당,추모관,개인단(관내) :사용료(15년기준),"113,000 원"
306,태백시납골당 납골당,추모관,개인단(관외):사용료(15년기준),"600,000 원"
306,태백시납골당 납골당,추모관,부부단(관내):사용료(15년기준),"500,000 원"
306,태백시납골당 납골당,추모관,부부단(관외):사용료(15년기준),"1,000,000 원"
307,논산시양지추모원 납골당,일반사용자 사용요금,10년1회납부(논산시 거주자),"200,000 원"
307,논산시양지추모원 납골당,국민기초생활보장수급자 사용요금,10년1회납부(논산시 거주자),"50,000 원"
307,논산시양지추모원 납골당,국가유공자(배우자포함) 사용요금,10년1회납부(논산시 거주자),"50,000 원"
307,논산시양지추모원 납골당,장기기증자 사용요금,10년1회납부(논산시 거주자),"50,000 원"
308,화성시추모공원(비봉) 납골당,실외평장형봉안묘(개인-관내),관외 100%가산,"650,000 원"
308,화성시추모공원(비봉) 납골당,실외평장형봉안묘(부부단-관내),관외 100%가산,"975,000 원"
308,화성시추모공원(비봉) 납골당,실내봉안당(개인-관내),관외 100%가산,"500,000 원"
308,화성시추모공원(비봉) 납골당,실내봉안당(부부단-관내),관외 100%가산,"750,000 원"
309,무주추모의집(봉안) 납골당,추모의 집 사용료(관내),최초 15년,"150,000 원"
309,무주추모의집(봉안) 납골당,추모의 집 사용료(관외),최초 15년,"400,000 원"
309,무주추모의집(봉안) 납골당,사용료,관내,"150,000 원"
309,무주추모의집(봉안) 납골당,사용료,관외,"400,000 원"
310,덕원사봉안당 납골당,없음,없음,없음
311,고성군공설봉안당 납골당,사용료,최초신청시15년(관내),"100,000 원"
311,고성군공설봉안당 납골당,사용료,최초신청시15년(관외) 본적이 고성에 한하여 봉안 가능,"300,000 원"
311,고성군공설봉안당 납골당,사용료,수급자,0
312,대한불교태화종약사사하늘재추모원 납골당,개인단 영구안치 1단,,"1,700,000 원"
312,대한불교태화종약사사하늘재추모원 납골당,개인단 영구안치 2단,,"2,000,000 원"
312,대한불교태화종약사사하늘재추모원 납골당,개인단 영구안치 3단,,"2,500,000 원"
312,대한불교태화종약사사하늘재추모원 납골당,개인단 영구안치 4단,,"2,800,000 원"
312,대한불교태화종약사사하늘재추모원 납골당,개인단 영구안치 5단,,"2,800,000 원"
312,대한불교태화종약사사하늘재추모원 납골당,개인단 영구안치 6단,,"2,800,000 원"
312,대한불교태화종약사사하늘재추모원 납골당,개인단 영구안치 7단,,"2,500,000 원"
312,대한불교태화종약사사하늘재추모원 납골당,개인단 영구안치 8단,,"2,500,000 원"
312,대한불교태화종약사사하늘재추모원 납골당,개인단 영구안치 9단,,"2,000,000 원"
312,대한불교태화종약사사하늘재추모원 납골당,개인단 영구안치 10단,,"1,500,000 원"
312,대한불교태화종약사사하늘재추모원 납골당,관리비 개인 5년 (3만원 * 5년),,"150,000 원"
312,대한불교태화종약사사하늘재추모원 납골당,부부단 영구안치 1단,,"3,400,000 원"
312,대한불교태화종약사사하늘재추모원 납골당,부부단 영구안치 2단,,"4,000,000 원"
312,대한불교태화종약사사하늘재추모원 납골당,부부단 영구안치 3단,,"5,000,000 원"
312,대한불교태화종약사사하늘재추모원 납골당,부부단 영구안치 4단,,"5,600,000 원"
312,대한불교태화종약사사하늘재추모원 납골당,부부단 영구안치 5단,,"5,600,000 원"
312,대한불교태화종약사사하늘재추모원 납골당,부부단 영구안치 6단,,"5,600,000 원"
312,대한불교태화종약사사하늘재추모원 납골당,부부단 영구안치 7단,,"5,000,000 원"
312,대한불교태화종약사사하늘재추모원 납골당,부부단 영구안치 8단,,"5,000,000 원"
312,대한불교태화종약사사하늘재추모원 납골당,부부단 영구안치 9단,,"4,000,000 원"
312,대한불교태화종약사사하늘재추모원 납골당,부부단 영구안치 10단,,"3,000,000 원"
313,자하연분당 납골당,2기 탑형,"사용료(378만원,관리비(5년,18만원)포함)+석물비(494만5천원)","8,725,000 원"
313,자하연분당 납골당,4기 탑형,"사용료(472만5천원,관리비(5년,22만5천원)포함)+석물비(577만5천원)","10,500,000 원"
313,자하연분당 납골당,개인단,사용료+5년관리비+석물료,"2,000,000 원"
314,대한불교조계종신흥사 납골당,봉안당(일반)영구,1단,"3,500,000 원"
314,대한불교조계종신흥사 납골당,봉안당(일반) 30년,1단,"2,000,000 원"
314,대한불교조계종신흥사 납골당,관리비,1년,"60,000 원"
315,광주영락공원1봉안당 납골당,관내,"사용료:28만원, 관리비:4만원 (15년단위,최장 45년 사용) / 관내기준 : 사망일 30일전 광주광역시에 주소를 두고 거주한 자","320,000 원"
315,광주영락공원1봉안당 납골당,전라남도,"사용료:60만원 , 관리비:4만원 (15년 단위, 최장 45년 사용)","640,000 원"
315,광주영락공원1봉안당 납골당,관외,"사용료:90만원, 관리비:4만원 (15년 단위, 최장 45년 사용)","940,000 원"
316,거제시추모의집 납골당,추모의집 사용료(유연유골),"관내거주자,15년,최초계약","300,000 원"
316,거제시추모의집 납골당,추모의집 사용료(유연유골),"관외거주자(거제에연고있는자),15년,최조계약","1,000,000 원"
316,거제시추모의집 납골당,추모의집 사용료(무연유골),"관내거주자,10년","200,000 원"
317,크리스찬메모리얼파크 납골당,실내,200만원~부터,"2,000,000 원"
317,크리스찬메모리얼파크 납골당,실외,150만원~부터,"1,500,000 원"
317,크리스찬메모리얼파크 납골당,실내,300만원~부터,"3,000,000 원"
318,존제산 일월사 설법전 납골당,사용료,개인단,"5,000,000 원"
318,존제산 일월사 설법전 납골당,관리비,개인단 (영구),"500,000 원"
319,서귀포추모공원 납골당,사용료,최초신청 시 15년(도내),"50,000 원"
319,서귀포추모공원 납골당,사용료,최초신청 시 15년(도외),"100,000 원"
319,서귀포추모공원 납골당,사용료,"국가유공자, 기초생활수급자(전액감면)",0
320,여수시제2봉안당 납골당,봉안당(일반시민),1년이상 여수시에 거주하 신 분,"120,000 원"
320,여수시제2봉안당 납골당,봉안당(특례자),고인분께서 여수시에 자녀나 손자가 있으신 경우 해당,"500,000 원"
320,여수시제2봉안당 납골당,봉안당(50%감면대상자),"여수시에 주소를둔 기초생활수급자,국가유공자,구호대상자","60,000 원"
321,순천시립추모공원 1봉안당 납골당,개인,관내(15년 3회 연장 가능),"180,000 원"
321,순천시립추모공원 1봉안당 납골당,개인,관외(15년 3회 연장 가능),"600,000 원"
321,순천시립추모공원 1봉안당 납골당,"국가유공자, 국민기초생활수급자",면제(연장시 사용료 납부),0
322,창원공원묘원(봉안) 납골당,실내봉안당,일반단 1단~8단/250~600만원/1년 관리비 4만원,"2,540,000 원"
322,창원공원묘원(봉안) 납골당,실내봉안당,고급단 1단~8단/400~1100만원/1년 관리비 6만원,"4,060,000 원"
322,창원공원묘원(봉안) 납골당,실내봉안당,"특별단 1단~7단/900~1,700만원/1년 관리비 7만원","9,070,000 원"
323,천주사 영탑공원 납골당,유해납골 1기,,"2,500,000 원"
323,천주사 영탑공원 납골당,유골함 1기,,"270,000 원"
323,천주사 영탑공원 납골당,관리비,1년,"50,000 원"
324,청양군 추모공원(봉안당) 납골당,사용료,최초신청시 30년 사용료,"100,000 원"
324,청양군 추모공원(봉안당) 납골당,관리비,최초신청시 30년 관리비,"100,000 원"
324,청양군 추모공원(봉안당) 납골당,사용료및관리비,"유공자, 수급자 전액감면",0
325,인천가족공원 별빛당 납골당,사용료(관내),1구/30년,"950,000 원"
325,인천가족공원 별빛당 납골당,관리료(관내),1구/30년,"300,000 원"
326,크리스찬골드파크추모관 납골당,개인단,"1단~9단(사용료:330만원,관리비:5년 25만원)","3,550,000 원"
326,크리스찬골드파크추모관 납골당,부부단,"1단~9단(사용료:660만원,관리비:5년 25만원)","6,250,000 원"
327,용학사 납골당,개인단,가로 27Cm X 세로 27Cm,"2,500,000 원"
327,용학사 납골당,부부단,가로 57Cm X 세로 27Cm,"4,500,000 원"
328,인천가족공원 만월당 납골당,사용료(관내),1구/10년,"250,000 원"
328,인천가족공원 만월당 납골당,관리료(관내),1구/10년,"100,000 원"
329,동해시매화당 납골당,사용료 및 관리비(봉안당),관내 15년(단장),"190,000 원"
329,동해시매화당 납골당,사용료 및 관리비(봉안당),관내 15년(합장),"380,000 원"
330,청주시목련원목련당 납골당,봉안당(개인단),최초15년(관내),"300,000 원"
330,청주시목련원목련당 납골당,봉안당(부부단),최초15년(관내),"500,000 원"
331,청주백화추모관 납골당,개인단,1단~9단(180~450만원) / 60년(영구),"1,800,000 원"
331,청주백화추모관 납골당,부부단,1단~8단(360~900만원) / 60년(영구),"3,600,000 원"
332,춘천안식공원(안식의집) 납골당,개인,"사용료(24만원)+관리비(46,800원)+위패비(1만원)","311,800 원"
332,춘천안식공원(안식의집) 납골당,부부,"사용료(48만원)+관리비(84,200원)+위패비(1만원/1위당)","614,200 원"
333,휴마루 납골당,개인단,"최초 15년 사용, 2회 연장 가능","500,000 원"
333,휴마루 납골당,부부단,"최초 15년 사용, 2회 연장 가능","1,000,000 원"
334,천주교평화의문 납골당,"일반구역(A,B,C)",1단~9단(300만원~500만원),"3,000,000 원"
334,천주교평화의문 납골당,"제대구역(D,F)",1단~9단(400만원~700만원),"4,000,000 원"
335,자하연 팔당(봉안) 납골당,탑형(2기),"사용료(393만7천5백원,관리비(5년,18만7천5백원)포함)+석물비(455만7천5백원)","8,495,000 원"
335,자하연 팔당(봉안) 납골당,탑형(4기),"사용료(472만5천원,관리비(5년,22만5천원)포함)+석물비(517만원)","9,895,000 원"
337,춘천안식공원(봉안묘) 납골당,12기형 가족봉안묘,"사용료(1,890,000원)+관리비(1,124,260원)+석물비(6,500,000원)","9,514,260 원"
337,춘천안식공원(봉안묘) 납골당,6기형 가족봉안묘,"사용료(770,000원)+관리비(458,000원)+석물비(3,900,000원)","5,128,000 원"
338,탑동추모공원 납골당,개인단,"영구 사용료:300만원 ,관리비 5년:20만원","3,200,000 원"
338,탑동추모공원 납골당,부부단,"영구 사용료:600만원, 관리비 5년:40만원","6,400,000 원"
339,인천가족공원 금마총 납골당,사용료(관내),1구/10년,"250,000 원"
339,인천가족공원 금마총 납골당,관리료(관내),1구/30년,"100,000 원"
340,오룡군립묘원(봉안) 납골당,사용료 및 관리비,최초 안치 15년 기준(관내),"200,000 원"
340,오룡군립묘원(봉안) 납골당,사용료 및 관리비,최초 안치 15년 기준(관외),"920,000 원"
341,갑향군립묘원(봉안) 납골당,사용료 및 관리비,최초 안치 15년 기준(관내),"200,000 원"
341,갑향군립묘원(봉안) 납골당,사용료 및 관리비,최초 안치 15년 기준(관외),"920,000 원"
342,대한불교선각종정향사 납골당,기간안치(10년),,"600,000 원"
342,대한불교선각종정향사 납골당,영구안치,,"2,000,000 원"
343,인천가족공원 추모의집 납골당,사용료(관내),1구/10년,"250,000 원"
343,인천가족공원 추모의집 납골당,관리료(관내),1구/10년,"100,000 원"
344,울릉군 추모공원 납골당,관내,15년 이용가능 2회 연장가능,"130,000 원"
344,울릉군 추모공원 납골당,관외,15년 이용가능 2회 연장가능,"260,000 원"
345,본향원(산청군공설묘지) 납골당,관내 사용료 및 관리비,"15년 이용. 2회 연장 가능. 산청군 관내 주민(1년이상). 사용료 100,000원, 관리비 75,000원","175,000 원"
345,본향원(산청군공설묘지) 납골당,관외 사용료 및 관리비,"15년 이용. 2회 연장 가능. 관외는 사용상 지장이 없는 범위내 가능. 사용료 600,000원, 관리비 75,000원","675,000 원"
346,장미원 납골당,사용료 및 관리비,관내 15년,"200,000 원"
346,장미원 납골당,사용료 및 관리비,수급자,0
347,합천추모공원 봉안당 납골당,개인단(1단~8단),사용료:150만원~550만원/관리비:5만원(1년)이며 5년치(25만원) 선납,"1,750,000 원"
347,합천추모공원 봉안당 납골당,부부단(1단~8단),사용료:250만원~1050만원/관리비:5만원(1년)이며 5년치(25만원),"2,750,000 원"
348,증평군 추모의 집 납골당,사용료,15년,"200,000 원"
348,증평군 추모의 집 납골당,관리비,15년,"540,000 원"
349,인천가족공원 평온당 납골당,사용료(관내),1구/30년,"950,000 원"
349,인천가족공원 평온당 납골당,관리료(관내),1구/30년,"300,000 원"
350,달마사봉안당 납골당,개인단,영구임대 300만원~950만원,0
351,횡성군공설묘원 추모관 납골당,개인함,최초1회 비용(15년),"150,000 원"
351,횡성군공설묘원 추모관 납골당,가족함,최초1회 비용(15년),"300,000 원"
352,광릉추모공원(봉안시설) 납골당,사용료,제곱미터기준,"883,000 원"
352,광릉추모공원(봉안시설) 납골당,관리비,제곱미터기준(년),"9,030 원"
353,태안군 공설 영묘전 납골당,개인단(관내),"30년사용, 1회 연장 가능","328,000 원"
354,청솔공원 가족봉안당 납골당,가족봉안당,"사용료:84만1천원,관리비(15년):39만6천원,석물비:278만9천원,석물설치및매장비:46만5천원","4,491,000 원"
355,강동구추모의집 납골당,사용료,최초15년,"200,000 원"
356,만불사 납골당,개인단,200만원~450만원/자세한내용은 시설문의,"2,000,000 원"
357,천주교천보묘원(봉안) 납골당,개인단,"분골함:23.1만원,글씨비:23.1만원,관리비:21만원(30년)","600,000 원"
358,중구추모의집 납골당,15년사용,15년사용료+관리비,"800,000 원"
360,장성군추모공원 납골당,안치료(15년간),별도의 관리비 없음,"300,000 원"
361,성산읍공설봉안당 납골당,"1봉안실(관내(20,000.관외 50,000)",안치료,"20,000 원"
362,전주효자공원봉안원 납골당,없음,없음,없음
363,남도광역추모공원(봉안당) 납골당,없음,없음,없음
364,현대공원 추모의집 납골당,없음,없음,없음
365,동화경모공원(봉안) 납골당,없음,없음,없음
366,실로암추모관 납골당,없음,없음,없음
367,인천가족공원 봉안담 납골당,없음,없음,없음
368,백양사 영각당 납골당,없음,없음,없음
369,보광사 납골당,없음,없음,없음
370,남도추모공원 납골당,없음,없음,없음
371,화성함백산추모공원(봉안) 납골당,관내-개인단(1구),관내 : 사망일 기준 6개월 이상 연속하여 6개시(화성시ㆍ부천시ㆍ안산시ㆍ안양시ㆍ시흥시ㆍ광명시)에 주민등록이 되어 있는 사망자,"500,000 원"
371,화성함백산추모공원(봉안) 납골당,관외-개인단(1구),관외 : 사망일 기준 6개월 이상 연속하여 6개시(화성시ㆍ부천시ㆍ안산시ㆍ안양시ㆍ시흥시ㆍ광명시)에 주민등록이 되어 있는 사람의 사망한 배우자,"1,000,000 원"
371,화성함백산추모공원(봉안) 납골당,"관내-개인단(태아, 1구)",관내 : 사산일 기준 모(母) 또는 부(父)가 6개월 이상 연속하여 6개 시에 주민등록이 되어 있는 죽은 태아,"500,000 원"
371,화성함백산추모공원(봉안) 납골당,"관내-개인단(외국인, 1구)",관내 : 「출입국관리법」제31조에 따른 외국인으로 사망일 기준 6개월 이상 연속하여 6개 시에 체류지 등록이 되어 있는 사망자,"500,000 원"
371,화성함백산추모공원(봉안) 납골당,관내-무연고단(1구),관내 : 사망자의 최초 발견 장소가 6개 시 지역인 무연고 사망자,0
371,화성함백산추모공원(봉안) 납골당,관내-부부단(1구),관내 : 사망일 기준 6개월 이상 연속하여 6개시(화성시ㆍ부천시ㆍ안산시ㆍ안양시ㆍ시흥시ㆍ광명시)에 주민등록이 되어 있는 사망자,"750,000 원"
371,화성함백산추모공원(봉안) 납골당,관외-부부단(1구),관외 : 배우자 중 1명의 골분이 부부단에 봉안되어 있는 상태로 관내 자격이 없는 나머지 배우자가 사망하여 부부단에 함께 봉안하고자 하는 경우,"1,500,000 원"
372,안성시 추모공원(봉안담) 납골당,없음,없음,없음
373,팔공산도림사추모공원 납골당,B1층,1단,"1,500,000 원"
373,팔공산도림사추모공원 납골당,B1층,2단,"2,000,000 원"
373,팔공산도림사추모공원 납골당,B1층,3단,"2,500,000 원"
373,팔공산도림사추모공원 납골당,B1층,4단,"3,500,000 원"
373,팔공산도림사추모공원 납골당,B1층,5단,"3,500,000 원"
373,팔공산도림사추모공원 납골당,B1층,6단,"2,500,000 원"
373,팔공산도림사추모공원 납골당,B1층,7단,"2,000,000 원"
373,팔공산도림사추모공원 납골당,B1층,8단,"1,500,000 원"
373,팔공산도림사추모공원 납골당,1층,1단,"2,000,000 원"
373,팔공산도림사추모공원 납골당,1층,2단,"3,000,000 원"
373,팔공산도림사추모공원 납골당,1층,3단,"4,000,000 원"
373,팔공산도림사추모공원 납골당,1층,4단,"5,000,000 원"
373,팔공산도림사추모공원 납골당,1층,5단,"5,000,000 원"
373,팔공산도림사추모공원 납골당,1층,6단,"4,000,000 원"
373,팔공산도림사추모공원 납골당,1층,7단,"3,000,000 원"
373,팔공산도림사추모공원 납골당,1층,8단,"2,000,000 원"
373,팔공산도림사추모공원 납골당,2층,1단,"2,500,000 원"
373,팔공산도림사추모공원 납골당,2층,2단,"3,500,000 원"
373,팔공산도림사추모공원 납골당,2층,3단,"4,500,000 원"
373,팔공산도림사추모공원 납골당,2층,4단,"5,500,000 원"
373,팔공산도림사추모공원 납골당,2층,5단,"5,500,000 원"
373,팔공산도림사추모공원 납골당,2층,6단,"4,500,000 원"
373,팔공산도림사추모공원 납골당,2층,7단,"3,500,000 원"
373,팔공산도림사추모공원 납골당,3층,1단,"3,000,000 원"
373,팔공산도림사추모공원 납골당,3층,2단,"4,000,000 원"
373,팔공산도림사추모공원 납골당,3층,3단,"5,000,000 원"
373,팔공산도림사추모공원 납골당,3층,4단,"6,000,000 원"
373,팔공산도림사추모공원 납골당,3층,5단,"6,000,000 원"
373,팔공산도림사추모공원 납골당,3층,6단,"5,000,000 원"
373,팔공산도림사추모공원 납골당,3층,7단,"4,000,000 원"
373,팔공산도림사추모공원 납골당,특별실,1단,"5,500,000 원"
373,팔공산도림사추모공원 납골당,특별실,2단,"7,000,000 원"
373,팔공산도림사추모공원 납골당,특별실,3단,"8,500,000 원"
373,팔공산도림사추모공원 납골당,특별실,4단,"11,000,000 원"
373,팔공산도림사추모공원 납골당,특별실,5단,"11,000,000 원"
373,팔공산도림사추모공원 납골당,특별실,6단,"8,500,000 원"
373,팔공산도림사추모공원 납골당,특별실,7단,"7,000,000 원"
373,팔공산도림사추모공원 납골당,B1층,1단,"2,900,000 원"
373,팔공산도림사추모공원 납골당,B1층,2단,"3,800,000 원"
373,팔공산도림사추모공원 납골당,B1층,3단,"4,800,000 원"
373,팔공산도림사추모공원 납골당,B1층,4단,"6,700,000 원"
373,팔공산도림사추모공원 납골당,B1층,5단,"6,700,000 원"
373,팔공산도림사추모공원 납골당,B1층,6단,"4,800,000 원"
373,팔공산도림사추모공원 납골당,B1층,7단,"3,800,000 원"
373,팔공산도림사추모공원 납골당,B1층,8단,"2,900,000 원"
373,팔공산도림사추모공원 납골당,1층,1단,"3,800,000 원"
373,팔공산도림사추모공원 납골당,1층,2단,"5,700,000 원"
373,팔공산도림사추모공원 납골당,1층,3단,"7,600,000 원"
373,팔공산도림사추모공원 납골당,1층,4단,"9,500,000 원"
373,팔공산도림사추모공원 납골당,1층,5단,"9,500,000 원"
373,팔공산도림사추모공원 납골당,1층,6단,"7,600,000 원"
373,팔공산도림사추모공원 납골당,1층,7단,"5,700,000 원"
373,팔공산도림사추모공원 납골당,1층,8단,"3,800,000 원"
373,팔공산도림사추모공원 납골당,2층,1단,"4,800,000 원"
373,팔공산도림사추모공원 납골당,2층,2단,"6,700,000 원"
373,팔공산도림사추모공원 납골당,2층,3단,"8,600,000 원"
373,팔공산도림사추모공원 납골당,2층,4단,"1,050,000 원"
373,팔공산도림사추모공원 납골당,2층,5단,"1,050,000 원"
373,팔공산도림사추모공원 납골당,2층,6단,"8,600,000 원"
373,팔공산도림사추모공원 납골당,2층,7단,"6,700,000 원"
373,팔공산도림사추모공원 납골당,3층,1단,"5,700,000 원"
373,팔공산도림사추모공원 납골당,3층,2단,"7,600,000 원"
373,팔공산도림사추모공원 납골당,3층,3단,"9,500,000 원"
373,팔공산도림사추모공원 납골당,3층,4단,"11,500,000 원"
373,팔공산도림사추모공원 납골당,3층,5단,"11,500,000 원"
373,팔공산도림사추모공원 납골당,3층,6단,"9,500,000 원"
373,팔공산도림사추모공원 납골당,3층,7단,"7,600,000 원"
373,팔공산도림사추모공원 납골당,특별실,1단,"11,000,000 원"
373,팔공산도림사추모공원 납골당,특별실,2단,"13,000,000 원"
373,팔공산도림사추모공원 납골당,특별실,3단,"17,000,000 원"
373,팔공산도림사추모공원 납골당,특별실,4단,"22,000,000 원"
373,팔공산도림사추모공원 납골당,특별실,5단,"22,000,000 원"
373,팔공산도림사추모공원 납골당,특별실,6단,"17,000,000 원"
373,팔공산도림사추모공원 납골당,특별실,7단,"13,000,000 원"
374,마라나타하늘정원 납골당,안치단(1단)-개인단(일시납입기준),"가로 28Cm, 세로 26Cm","1,500,000 원"
374,마라나타하늘정원 납골당,안치단(2단)-개인단(일시납입기준),"가로 28Cm, 세로 26Cm","2,500,000 원"
374,마라나타하늘정원 납골당,안치단(3단)-개인단(일시납입기준),"가로 28Cm, 세로 26Cm","3,500,000 원"
374,마라나타하늘정원 납골당,안치단(4단)-개인단(일시납입기준),"가로 28Cm, 세로 26Cm","5,000,000 원"
374,마라나타하늘정원 납골당,안치단(5단)-개인단(일시납입기준),"가로 28Cm, 세로 26Cm","5,000,000 원"
374,마라나타하늘정원 납골당,안치단(6단)-개인단(일시납입기준),"가로 28Cm, 세로 26Cm","5,000,000 원"
374,마라나타하늘정원 납골당,안치단(7단)-개인단(일시납입기준),"가로 28Cm, 세로 26Cm","3,500,000 원"
374,마라나타하늘정원 납골당,안치단(8단)-개인단(일시납입기준),"가로 28Cm, 세로 26Cm","1,500,000 원"
374,마라나타하늘정원 납골당,안치단(1단)-부부단(일시납입기준),"가로 53Cm, 세로 26Cm","3,000,000 원"
374,마라나타하늘정원 납골당,안치단(2단)-부부단(일시납입기준),"가로 53Cm, 세로 26Cm","5,000,000 원"
374,마라나타하늘정원 납골당,안치단(3단)-부부단(일시납입기준),"가로 53Cm, 세로 26Cm","7,000,000 원"
374,마라나타하늘정원 납골당,안치단(4단)-부부단(일시납입기준),"가로 53Cm, 세로 26Cm","10,000,000 원"
374,마라나타하늘정원 납골당,안치단(5단)-부부단(일시납입기준),"가로 53Cm, 세로 26Cm","10,000,000 원"
374,마라나타하늘정원 납골당,안치단(6단)-부부단(일시납입기준),"가로 53Cm, 세로 26Cm","10,000,000 원"
374,마라나타하늘정원 납골당,안치단(7단)-부부단(일시납입기준),"가로 53Cm, 세로 26Cm","7,000,000 원"
374,마라나타하늘정원 납골당,안치단(8단)-부부단(일시납입기준),"가로 53Cm, 세로 26Cm","3,000,000 원"
374,마라나타하늘정원 납골당,"안치단(1단)-개인단(분할납입기준,12개월)","가로 28Cm, 세로 26Cm","1,750,000 원"
374,마라나타하늘정원 납골당,"안치단(2단)-개인단(분할납입기준,12개월)","가로 28Cm, 세로 26Cm","2,750,000 원"
374,마라나타하늘정원 납골당,"안치단(3단)-개인단(분할납입기준,12개월)","가로 28Cm, 세로 26Cm","3,750,000 원"
374,마라나타하늘정원 납골당,"안치단(4단)-개인단(분할납입기준,12개월)","가로 28Cm, 세로 26Cm","5,500,000 원"
374,마라나타하늘정원 납골당,"안치단(5단)-개인단(분할납입기준,12개월)","가로 28Cm, 세로 26Cm","5,500,000 원"
374,마라나타하늘정원 납골당,"안치단(6단)-개인단(분할납입기준,12개월)","가로 28Cm, 세로 26Cm","5,500,000 원"
374,마라나타하늘정원 납골당,"안치단(7단)-개인단(분할납입기준,12개월)","가로 28Cm, 세로 26Cm","3,750,000 원"
374,마라나타하늘정원 납골당,"안치단(8단)-개인단(분할납입기준,12개월)","가로 28Cm, 세로 26Cm","1,750,000 원"
374,마라나타하늘정원 납골당,"안치단(1단)-부부단(분할납입기준,12개월)","가로 53Cm, 세로 26Cm","3,500,000 원"
374,마라나타하늘정원 납골당,"안치단(2단)-부부단(분할납입기준,12개월)","가로 53Cm, 세로 26Cm","5,500,000 원"
374,마라나타하늘정원 납골당,"안치단(3단)-부부단(분할납입기준,12개월)","가로 53Cm, 세로 26Cm","7,500,000 원"
374,마라나타하늘정원 납골당,"안치단(4단)-부부단(분할납입기준,12개월)","가로 53Cm, 세로 26Cm","11,000,000 원"
374,마라나타하늘정원 납골당,"안치단(5단)-부부단(분할납입기준,12개월)","가로 53Cm, 세로 26Cm","11,000,000 원"
374,마라나타하늘정원 납골당,"안치단(6단)-부부단(분할납입기준,12개월)","가로 53Cm, 세로 26Cm","11,000,000 원"
374,마라나타하늘정원 납골당,"안치단(7단)-부부단(분할납입기준,12개월)","가로 53Cm, 세로 26Cm","7,500,000 원"
374,마라나타하늘정원 납골당,"안치단(8단)-부부단(분할납입기준,12개월)","가로 53Cm, 세로 26Cm","3,500,000 원"
374,마라나타하늘정원 납골당,"안치단(1단)-개인단(분할납입기준,36개월)","가로 28Cm, 세로 26Cm","2,000,000 원"
374,마라나타하늘정원 납골당,"안치단(2단)-개인단(분할납입기준,36개월)","가로 28Cm, 세로 26Cm","3,000,000 원"
374,마라나타하늘정원 납골당,"안치단(3단)-개인단(분할납입기준,36개월)","가로 28Cm, 세로 26Cm","4,000,000 원"
374,마라나타하늘정원 납골당,"안치단(4단)-개인단(분할납입기준,36개월)","가로 28Cm, 세로 26Cm","6,000,000 원"
374,마라나타하늘정원 납골당,"안치단(5단)-개인단(분할납입기준,36개월)","가로 28Cm, 세로 26Cm","6,000,000 원"
374,마라나타하늘정원 납골당,"안치단(6단)-개인단(분할납입기준,36개월)","가로 28Cm, 세로 26Cm","6,000,000 원"
374,마라나타하늘정원 납골당,"안치단(7단)-개인단(분할납입기준,36개월)","가로 28Cm, 세로 26Cm","4,000,000 원"
374,마라나타하늘정원 납골당,"안치단(8단)-개인단(분할납입기준,36개월)","가로 28Cm, 세로 26Cm","2,000,000 원"
374,마라나타하늘정원 납골당,"안치단(1단)-부부단(분할납입기준,36개월)","가로 53Cm, 세로 26Cm","4,000,000 원"
374,마라나타하늘정원 납골당,"안치단(2단)-부부단(분할납입기준,36개월)","가로 53Cm, 세로 26Cm","6,000,000 원"
374,마라나타하늘정원 납골당,"안치단(3단)-부부단(분할납입기준,36개월)","가로 53Cm, 세로 26Cm","8,000,000 원"
374,마라나타하늘정원 납골당,"안치단(4단)-부부단(분할납입기준,36개월)","가로 53Cm, 세로 26Cm","12,000,000 원"
374,마라나타하늘정원 납골당,"안치단(5단)-부부단(분할납입기준,36개월)","가로 53Cm, 세로 26Cm","12,000,000 원"
374,마라나타하늘정원 납골당,"안치단(6단)-부부단(분할납입기준,36개월)","가로 53Cm, 세로 26Cm","12,000,000 원"
374,마라나타하늘정원 납골당,"안치단(7단)-부부단(분할납입기준,36개월)","가로 53Cm, 세로 26Cm","8,000,000 원"
374,마라나타하늘정원 납골당,"안치단(8단)-부부단(분할납입기준,36개월)","가로 53Cm, 세로 26Cm","4,000,000 원"
374,마라나타하늘정원 납골당,"관리비(1기 안치 기준),부부단-10년 선납함",년 10만원,"100,000 원"
374,마라나타하늘정원 납골당,"관리비(1기 안치 기준),개인단-10년 선납함",년   5만원,"50,000 원"
375,그린피아추모공원 납골당,일반실 개인단(1단),영구사용,"2,800,000 원"
375,그린피아추모공원 납골당,일반실 개인단(2단),영구사용,"3,600,000 원"
375,그린피아추모공원 납골당,일반실 개인단(3단),영구사용,"4,000,000 원"
375,그린피아추모공원 납골당,일반실 개인단(4단),영구사용,"4,400,000 원"
375,그린피아추모공원 납골당,일반실 개인단(5단),영구사용,"4,600,000 원"
375,그린피아추모공원 납골당,일반실 개인단(6단),영구사용,"4,400,000 원"
375,그린피아추모공원 납골당,일반실 개인단(7단),영구사용,"3,500,000 원"
375,그린피아추모공원 납골당,일반실 개인단(8단),영구사용,"2,600,000 원"
375,그린피아추모공원 납골당,일반실 부부단(1단),영구사용,"5,400,000 원"
375,그린피아추모공원 납골당,일반실 부부단(2단),영구사용,"7,000,000 원"
375,그린피아추모공원 납골당,일반실 부부단(3단),영구사용,"7,800,000 원"
375,그린피아추모공원 납골당,일반실 부부단(4단),영구사용,"8,700,000 원"
375,그린피아추모공원 납골당,일반실 부부단(5단),영구사용,"9,000,000 원"
375,그린피아추모공원 납골당,일반실 부부단(6단),영구사용,"8,600,000 원"
375,그린피아추모공원 납골당,일반실 부부단(7단),영구사용,"6,800,000 원"
375,그린피아추모공원 납골당,일반실 부부단(8단),영구사용,"5,000,000 원"
375,그린피아추모공원 납골당,고급실 개인단(1단),영구사용,"3,200,000 원"
375,그린피아추모공원 납골당,고급실 부부단(1단),영구사용,"6,200,000 원"
375,그린피아추모공원 납골당,고급실 개인단(2단),영구사용,"3,700,000 원"
375,그린피아추모공원 납골당,고급실 부부단(2단),영구사용,"7,200,000 원"
375,그린피아추모공원 납골당,고급실 개인단(3단),영구사용,"4,700,000 원"
375,그린피아추모공원 납골당,고급실 부부단(3단),영구사용,"9,200,000 원"
375,그린피아추모공원 납골당,고급실 개인단(4단),영구사용,"4,800,000 원"
375,그린피아추모공원 납골당,고급실 부부단(4단),영구사용,"9,400,000 원"
375,그린피아추모공원 납골당,고급실 개인단(5단),영구사용,"4,700,000 원"
375,그린피아추모공원 납골당,고급실 부부단(5단),영구사용,"9,200,000 원"
375,그린피아추모공원 납골당,고급실 개인단(6단),영구사용,"4,200,000 원"
375,그린피아추모공원 납골당,고급실 부부단(6단),영구사용,"8,200,000 원"
375,그린피아추모공원 납골당,고급실 개인단(7단),영구사용,"3,400,000 원"
375,그린피아추모공원 납골당,고급실 부부단(7단),영구사용,"6,600,000 원"
375,그린피아추모공원 납골당,관리비(1위),10년,"500,000 원"
375,그린피아추모공원 납골당,고급실Ⅱ 개인단(1단),영구사용,"4,000,000 원"
375,그린피아추모공원 납골당,고급실Ⅱ 개인단(2단),영구사용,"5,000,000 원"
375,그린피아추모공원 납골당,고급실Ⅱ 개인단(3단),영구사용,"5,500,000 원"
375,그린피아추모공원 납골당,고급실Ⅱ 개인단(4단),영구사용,"5,500,000 원"
375,그린피아추모공원 납골당,고급실Ⅱ 개인단(5단),영구사용,"5,000,000 원"
375,그린피아추모공원 납골당,고급실Ⅱ 개인단(6단),영구사용,"4,000,000 원"
375,그린피아추모공원 납골당,고급실Ⅱ 부부단(1단),영구사용,"8,000,000 원"
375,그린피아추모공원 납골당,고급실Ⅱ 부부단(2단),영구사용,"10,000,000 원"
375,그린피아추모공원 납골당,고급실Ⅱ 부부단(3단),영구사용,"11,000,000 원"
375,그린피아추모공원 납골당,고급실Ⅱ 부부단(4단),영구사용,"11,000,000 원"
375,그린피아추모공원 납골당,고급실Ⅱ 부부단(5단),영구사용,"10,000,000 원"
375,그린피아추모공원 납골당,고급실Ⅱ 부부단(6단),영구사용,"8,000,000 원"
376,서남권추모공원봉안당 납골당,관내(정읍시)-개인단(1위),15년,"500,000 원"
376,서남권추모공원봉안당 납골당,도내-개인단(1위),15년,"800,000 원"
376,서남권추모공원봉안당 납골당,관외-개인단(1위),15년,"1,000,000 원"
376,서남권추모공원봉안당 납골당,관내(정읍시)-부부단(2위),15년,"1,000,000 원"
376,서남권추모공원봉안당 납골당,도내-부부단(2위),15년,"1,600,000 원"
376,서남권추모공원봉안당 납골당,관외-부부단(2위),15년,"2,000,000 원"
376,서남권추모공원봉안당 납골당,관내(정읍시)-무연유골(1위),10년,"150,000 원"
376,서남권추모공원봉안당 납골당,관내(정읍시)개인단(1위)-국민기초생활수급자,15년(최초 50%감면),"250,000 원"
376,서남권추모공원봉안당 납골당,관내(정읍시)개인단(1위)-국가유공자,15년(최초 50%감면),"250,000 원"
376,서남권추모공원봉안당 납골당,관내(정읍시)부부단(2위)-국민기초생활수급자,15년(최초 50%감면),"500,000 원"
376,서남권추모공원봉안당 납골당,관내(정읍시)부부단(2위)-국가유공자,15년(최초 50%감면),"500,000 원"
377,약사사지장전추모관 납골당,관리비,1년 1위당,"50,000 원"
377,약사사지장전추모관 납골당,관리비,1년 1위당,"50,000 원"
378,부산추모공원 납골당,봉안당,최초사용료(15년),"326,000 원"
378,부산추모공원 납골당,봉안당,연장사용료(5년),"85,000 원"
378,부산추모공원 납골당,벽식봉안담(개인단),최초납입금액(15년),"597,000 원"
378,부산추모공원 납골당,벽식봉안담(개인단),연장관리비(5년),"35,000 원"
378,부산추모공원 납골당,벽식봉안담(부부단),최초납입금액(15년),"1,194,000 원"
378,부산추모공원 납골당,벽식봉안담(부부단),연장관리비(5년),"70,000 원"
378,부산추모공원 납골당,가족봉안묘(6위형),최초납입금액(15년),"2,787,000 원"
378,부산추모공원 납골당,가족봉안묘(6위형),연장관리비(5년),"209,000 원"
378,부산추모공원 납골당,가족봉안묘(12위형),최초납입금액(15년),"5,574,000 원"
378,부산추모공원 납골당,가족봉안묘(12위형),연장관리비(5년),"418,000 원"
379,실로암공원묘원추모관 납골당,기본단 1단,"영구사용(5년선납기준,1년3만원)","2,500,000 원"
379,실로암공원묘원추모관 납골당,기본단 2단,"영구사용(5년선납기준,1년3만원)","3,500,000 원"
379,실로암공원묘원추모관 납골당,기본단 3단,"영구사용(5년선납기준,1년3만원)","4,500,000 원"
379,실로암공원묘원추모관 납골당,기본단 4단,"영구사용(5년선납기준,1년3만원)","5,000,000 원"
379,실로암공원묘원추모관 납골당,기본단 5단,"영구사용(5년선납기준,1년3만원)","6,000,000 원"
379,실로암공원묘원추모관 납골당,기본단 6단,"영구사용(5년선납기준,1년3만원)","4,500,000 원"
379,실로암공원묘원추모관 납골당,기본단 7단,"영구사용(5년선납기준,1년3만원)","3,000,000 원"
379,실로암공원묘원추모관 납골당,기본단 8단,"영구사용(5년선납기준,1년3만원)","2,000,000 원"
379,실로암공원묘원추모관 납골당,고급단 1단,"영구사 용(5년선납기준,1년4만원)","3,500,000 원"
379,실로암공원묘원추모관 납골당,고급단 2단,"영구사용(5년선납기준,1년4만원)","6,000,000 원"
379,실로암공원묘원추모관 납골당,고급단 3단,"영구사용(5년선납기준,1년4만원)","8,000,000 원"
379,실로암공원묘원추모관 납골당,고급단 4단,"영구사용(5년선납기준,1년4만원)","10,000,000 원"
379,실로암공원묘원추모관 납골당,고급단 5단,"영구사용(5년선납기준,1년4만원)","11,000,000 원"
379,실로암공원묘원추모관 납골당,고급단 6단,"영구사용(5년선납기준,1년4만원)","8,000,000 원"
379,실로암공원묘원추모관 납골당,고급단 7단,"영구사용(5년선납기준,1년4만원)","5,000,000 원"
379,실로암공원묘원추모관 납골당,고급단 8단,"영구사용(5년선납기준,1년4만원)","3,500,000 원"
379,실로암공원묘원추모관 납골당,고급단(특) 1단,"영구사용(5년선납기준,1년4만원)","4,000,000 원"
379,실로암공원묘원추모관 납골당,고급단(특) 2단,"영구사용(5년선납기준,1년4만원)","7,000,000 원"
379,실로암공원묘원추모관 납골당,고급단(특) 3단,"영구사용(5년선납기준,1년4만원)","9,000,000 원"
379,실로암공원묘원추모관 납골당,고급단(특) 4단,"영구사용(5년선납기준,1년4만원)","11,000,000 원"
379,실로암공원묘원추모관 납골당,고급단(특) 5단,"영구사용(5년선납기준,1년4만원)","12,000,000 원"
379,실로암공원묘원추모관 납골당,고급단(특) 6단,"영구사용(5년선납기준,1년4만원)","9,000,000 원"
379,실로암공원묘원추모관 납골당,고급단(특) 7단,"영구사용(5년선납기준,1년4만원)","6,000,000 원"
379,실로암공원묘원추모관 납골당,고급단(특) 8단,"영구사용(5년선납기준,1년4만원)","4,000,000 원"
379,실로암공원묘원추모관 납골당,개인단-관리비,연장관리비(5년선납),"150,000 원"
379,실로암공원묘원추모관 납골당,고급단-관리비,연장관리비(5년선납),"200,000 원"
380,포천 천주교 평화묘원 봉안담 납골당,일반 단장형(봉안담),1층,"1,800,000 원"
380,포천 천주교 평화묘원 봉안담 납골당,일반 단장형(봉안담),2층,"1,900,000 원"
380,포천 천주교 평화묘원 봉안담 납골당,일반 단장형(봉안담),3층,"2,300,000 원"
380,포천 천주교 평화묘원 봉안담 납골당,일반 단장형(봉안담),4층,"2,300,000 원"
380,포천 천주교 평화묘원 봉안담 납골당,일반 단장형(봉안담),5층,"1,900,000 원"
380,포천 천주교 평화묘원 봉안담 납골당,일반 단장형(봉안담),6층,"1,800,000 원"
380,포천 천주교 평화묘원 봉안담 납골당,일반 단장형(봉안담) 관리비,일반 단장형(봉안담) 관리비 30년분,"300,000 원"
380,포천 천주교 평화묘원 봉안담 납골당,일반 합장형(봉안담),1층,"3,600,000 원"
380,포천 천주교 평화묘원 봉안담 납골당,일반 합장형(봉안담),2층,"3,800,000 원"
380,포천 천주교 평화묘원 봉안담 납골당,일반 합장형(봉안담),3층,"4,600,000 원"
380,포천 천주교 평화묘원 봉안담 납골당,일반 합장형(봉안담),4층,"4,600,000 원"
380,포천 천주교 평화묘원 봉안담 납골당,일반 합장형(봉안담),5층,"3,800,000 원"
380,포천 천주교 평화묘원 봉안담 납골당,일반 합장형(봉안담),6층,"3,600,000 원"
380,포천 천주교 평화묘원 봉안담 납골당,일반 합장형(봉안담) 관리비,일반 합장형(봉안담) 관리비 30년분,"450,000 원"
380,포천 천주교 평화묘원 봉안담 납골당,제대동 단장형(봉안담),1층,"3,300,000 원"
380,포천 천주교 평화묘원 봉안담 납골당,제대동 단장형(봉안담),2층,"3,400,000 원"
380,포천 천주교 평화묘원 봉안담 납골당,제대동 단장형(봉안담),3층,"4,000,000 원"
380,포천 천주교 평화묘원 봉안담 납골당,제대동 단장형(봉안담),4층,"4,000,000 원"
380,포천 천주교 평화묘원 봉안담 납골당,제대동 단장형(봉안담),5층,"4,000,000 원"
380,포천 천주교 평화묘원 봉안담 납골당,제대동 단장형(봉안담),6층,"3,800,000 원"
380,포천 천주교 평화묘원 봉안담 납골당,제대동 단장형(봉안담),7층,"3,700,000 원"
380,포천 천주교 평화묘원 봉안담 납골당,제대동 합장형(봉안담),1층,"6,000,000 원"
380,포천 천주교 평화묘원 봉안담 납골당,제대동 합장형(봉안담),2층,"6,300,000 원"
380,포천 천주교 평화묘원 봉안담 납골당,제대동 합장형(봉안담),3층,"7,500,000 원"
380,포천 천주교 평화묘원 봉안담 납골당,제대동 합장형(봉안담),4층,"7,500,000 원"
380,포천 천주교 평화묘원 봉안담 납골당,제대동 합장형(봉안담),5층,"7,500,000 원"
380,포천 천주교 평화묘원 봉안담 납골당,제대동 합장형(봉안담),6층,"7,000,000 원"
380,포천 천주교 평화묘원 봉안담 납골당,제대동 합장형(봉안담),7층,"6,000,000 원"
381,양평기독교추모공원 납골당,"안치단 1,2층(영구사용)",1단,"3,000,000 원"
381,양평기독교추모공원 납골당,"안치단 1,2층(영구사용)",2단,"3,500,000 원"
381,양평기독교추모공원 납골당,"안치단 1,2층(영구사용)",3단,"4,500,000 원"
381,양평기독교추모공원 납골당,"안치단 1,2층(영구사용)",4~6단,"5,500,000 원"
381,양평기독교추모공원 납골당,"안치단 1,2층(영구사용)",7단,"4,000,000 원"
381,양평기독교추모공원 납골당,"안치단 1,2층(영구사용)",8단,"3,000,000 원"
381,양평기독교추모공원 납골당,"안치단 1,2층(영구사용)",9단,"2,000,000 원"
381,양평기독교추모공원 납골당,"안치단 1,2층 부부단(영구사용)",1단,"5,500,000 원"
381,양평기독교추모공원 납골당,"안치단 1,2층 부부단(영구사용)",2단,"6,500,000 원"
381,양평기독교추모공원 납골당,"안치단 1,2층 부부단(영구사용)",3단,"8,500,000 원"
381,양평기독교추모공원 납골당,"안치단 1,2층 부부단(영구사용)",4~6단,"10,000,000 원"
381,양평기독교추모공원 납골당,"안치단 1,2층 부부단(영구사용)",7단,"7,500,000 원"
381,양평기독교추모공원 납골당,"안치단 1,2층 부부단(영구사용)",8단,"5,500,000 원"
381,양평기독교추모공원 납골당,"안치단 1,2층 부부단(영구사용)",9단,"3,500,000 원"
381,양평기독교추모공원 납골당,안치단 3층 부부단(영구사용),1단,"4,000,000 원"
381,양평기독교추모공원 납골당,안치단 3층 부부단(영구사용),2단,"5,500,000 원"
381,양평기독교추모공원 납골당,안치단 3층 부부단(영구사용),3단,"7,500,000 원"
381,양평기독교추모공원 납골당,안치단 3층 부부단(영구사용),4~6단,"9,000,000 원"
381,양평기독교추모공원 납골당,안치단 3층 부부단(영구사용),7단,"6,500,000 원"
381,양평기독교추모공원 납골당,안치단 3층 부부단(영구사용),8단,"4,500,000 원"
381,양평기독교추모공원 납골당,안치단 3층 개인단(영구사용),1단,"2,500,000 원"
381,양평기독교추모공원 납골당,안치단 3층 개인단(영구사용),2단,"3,000,000 원"
381,양평기독교추모공원 납골당,안치단 3층 개인단(영구사용),3단,"4,000,000 원"
381,양평기독교추모공원 납골당,안치단 3층 개인단(영구사용),4~6단,"4,800,000 원"
381,양평기독교추모공원 납골당,안치단 3층 개인단(영구사용),7단,"3,500,000 원"
381,양평기독교추모공원 납골당,안치단 3층 개인단(영구사용),8단,"2,500,000 원"
381,양평기독교추모공원 납골당,안치단 3층 개인단(영구사용),9단,"1,800,000 원"
381,양평기독교추모공원 납골당,관리비,5년(1기),"250,000 원"
382,예래원(봉안시설) 납골당,"사용료(봉안묘,평장묘)",㎡,"373,370 원"
382,예래원(봉안시설) 납골당,"관리비(봉안묘,평장묘)","㎡, 1년","7,670 원"
382,예래원(봉안시설) 납골당,사용료(벽체형/회랑형 봉안묘),개인단,"5,200,000 원"
382,예래원(봉안시설) 납골당,사용료(벽체형/회랑형 봉안묘),부부단,"8,900,000 원"
382,예래원(봉안시설) 납골당,"관리비(벽체식,회랑형)","1위,1년","20,000 원"
382,예래원(봉안시설) 납골당,"안치비(봉안묘,벽체형/회랑형)",1회,"110,000 원"
382,예래원(봉안시설) 납골당,안치비(평장묘),1회,"330,000 원"
383,한국불교태고종 극락사 안양원 납골당,화엄실-개인단,특별실-9단,"5,200,000 원"
383,한국불교태고종 극락사 안양원 납골당,연화실-개인단,일반실-1단,"4,200,000 원"
383,한국불교태고종 극락사 안양원 납골당,연화실-개인단,일반실-2단,"4,500,000 원"
383,한국불교태고종 극락사 안양원 납골당,연화실-개인단,일반실-3단,"4,800,000 원"
383,한국불교태고종 극락사 안양원 납골당,연화실-개인단,일반실-4단,"5,000,000 원"
383,한국불교태고종 극락사 안양원 납골당,연화실-개인단,일반실-5단,"5,200,000 원"
383,한국불교태고종 극락사 안양원 납골당,연화실-개인단,일반실-6단,"5,000,000 원"
383,한국불교태고종 극락사 안양원 납골당,연화실-개인단,일반실-7단,"4,800,000 원"
383,한국불교태고종 극락사 안양원 납골당,연화실-개인단,일반실-8단,"4,500,000 원"
383,한국불교태고종 극락사 안양원 납골당,연화실-개인단,일반실-9단,"4,200,000 원"
383,한국불교태고종 극락사 안양원 납골당,화엄실-개인단,특별실-1단,"5,200,000 원"
383,한국불교태고종 극락사 안양원 납골당,화엄실-개인단,특별실-2단,"5,500,000 원"
383,한국불교태고종 극락사 안양원 납골당,화엄실-개인단,특별실-3단,"5,800,000 원"
383,한국불교태고종 극락사 안양원 납골당,화엄실-개인단,특별실-4단,"6,000,000 원"
383,한국불교태고종 극락사 안양원 납골당,화엄실-개인단,특별실-5단,"6,200,000 원"
383,한국불교태고종 극락사 안양원 납골당,화엄실-개인단,특별실-6단,"6,000,000 원"
383,한국불교태고종 극락사 안양원 납골당,화엄실-개인단,특별실-7단,"5,800,000 원"
383,한국불교태고종 극락사 안양원 납골당,화엄실-개인단,특별실-8단,"5,500,000 원"
383,한국불교태고종 극락사 안양원 납골당,추가비용(정면창측),각 단의 봉안비 + 100만원,"1,000,000 원"
383,한국불교태고종 극락사 안양원 납골당,연화실(일반실) 관리비,3만원/1년 (개인단 1위 기준),"30,000 원"
383,한국불교태고종 극락사 안양원 납골당,화엄실(특별싷) 관리비,4만원/1년 (개인단 1위 기준),"40,000 원"
383,한국불교태고종 극락사 안양원 납골당,연화실(일반실) 가족단 관리비,6만원/1년,"60,000 원"
383,한국불교태고종 극락사 안양원 납골당,화엄실(특별실) 가족단 관리비,8만원/1년,"80,000 원"
384,양주추모공원 납골당,"4,5,6동","1단, 8단(양주 및 인근 관내지역주민 20%할인)","2,500,000 원"
384,양주추모공원 납골당,"4,5,6동","2단, 7단(양주 및 인근 관내지역주민 20%할인)","3,000,000 원"
384,양주추모공원 납골당,"4,5,6동","3단, 6단(양주 및 인근 관내지역주민 20%할인)","3,500,000 원"
384,양주추모공원 납골당,"4,5,6동","4단, 5단(양주 및 인근 관내지역주민 20%할인)","4,000,000 원"
384,양주추모공원 납골당,"2,3동",1단(양주 및 인근 관내지역주민 20%할인),"4,500,000 원"
384,양주추모공원 납골당,"2,3동",2단(양주 및 인근 관내지역주민 20%할인),"5,000,000 원"
384,양주추모공원 납골당,"2,3동",3단(양주 및 인근 관내지역주민 20%할인),"5,500,000 원"
384,양주추모공원 납골당,"2,3동","4단, 5단(양주 및 인근 관내지역주민 20%할인)","6,000,000 원"
384,양주추모공원 납골당,"2,3동",6단(양주 및 인근 관내지역주민 20%할인),"5,500,000 원"
384,양주추모공원 납골당,"4,5,6동","1단, 8단(양주 및 인근 관내지역주민 20%할인)","3,500,000 원"
384,양주추모공원 납골당,"4,5,6동","2단, 7단(양주 및 인근 관내지역주민 20%할인)","4,000,000 원"
384,양주추모공원 납골당,"4,5,6동","3단, 6단(양주 및 인근 관내지역주민 20%할인)","4,500,000 원"
384,양주추모공원 납골당,"4,5,6동","4단, 5단(양주 및 인근 관내지역주민 20%할인)","5,000,000 원"
384,양주추모공원 납골당,"2,3동",1단(양주 및 인근 관내지역주민 20%할인),"6,500,000 원"
384,양주추모공원 납골당,"2,3동",2단(양주 및 인근 관내지역주민 20%할인),"7,000,000 원"
384,양주추모공원 납골당,"2,3동",3단(양주 및 인근 관내지역주민 20%할인),"7,500,000 원"
384,양주추모공원 납골당,"2,3동","4단, 5단(양주 및 인근 관내지역주민 20%할인)","8,000,000 원"
384,양주추모공원 납골당,"2,3동",6단(양주 및 인근 관내지역주민 20%할인),"7,500,000 원"
384,양주추모공원 납골당,1동,1단(양주 및 인근 관내지역주민 20%할인),"7,000,000 원"
384,양주추모공원 납골당,1동,2단(양주 및 인근 관내지역주민 20%할인),"7,500,000 원"
384,양주추모공원 납골당,1동,3단(양주 및 인근 관내지역주민 20%할인),"8,000,000 원"
384,양주추모공원 납골당,1동,"4단, 5단(양주 및 인근 관내지역주민 20%할인)","10,000,000 원"
385,한국SGI청도평화공원 납골당,개인8단,봉안공양금(1기),"770,000 원"
385,한국SGI청도평화공원 납골당,개인7단,봉안공양금(1기),"1,370,000 원"
385,한국SGI청도평화공원 납골당,개인6단,봉안공양금(1기),"1,670,000 원"
385,한국SGI청도평화공원 납골당,개인5단,봉안공양금(1기),"1,670,000 원"
385,한국SGI청도평화공원 납골당,개인4단,봉안공양금(1기),"1,470,000 원"
385,한국SGI청도평화공원 납골당,개인3단,봉안공양금(1기),"1,370,000 원"
385,한국SGI청도평화공원 납골당,개인2단,봉안공양금(1기),"870,000 원"
385,한국SGI청도평화공원 납골당,개인1단,봉안공양금(1기),"370,000 원"
385,한국SGI청도평화공원 납골당,부부8단,봉안공양금(2기),"1,540,000 원"
385,한국SGI청도평화공원 납골당,부부7단,봉안공양금(2기),"2,740,000 원"
385,한국SGI청도평화공원 납골당,부부6단,봉안공양금(2기),"3,340,000 원"
385,한국SGI청도평화공원 납골당,부부5단,봉안공양금(2기),"3,340,000 원"
385,한국SGI청도평화공원 납골당,부부4단,봉안공양금(2기),"2,940,000 원"
385,한국SGI청도평화공원 납골당,부부3단,봉안공양금(2기),"2,740,000 원"
385,한국SGI청도평화공원 납골당,부부2단,봉안공양금(2기),"1,740,000 원"
385,한국SGI청도평화공원 납골당,부부1단,봉안공양금(2기),"740,000 원"
385,한국SGI청도평화공원 납골당,가족7.8단,봉안공양금(4기),"4,280,000 원"
385,한국SGI청도평화공원 납골당,"가족5,6단",봉안공양금(4기),"6,680,000 원"
385,한국SGI청도평화공원 납골당,"가족3,4단",봉안공양금(4기),"5,680,000 원"
385,한국SGI청도평화공원 납골당,"가족1,2단",봉안공양금(4기),"2,480,000 원"
385,한국SGI청도평화공원 납골당,관리비,봉안함 1기 30년 기준,"330,000 원"
385,한국SGI청도평화공원 납골당,추선금,봉안함 1기 30년 기준,"600,000 원"
386,성산공원 납골당,야외추모관,1단,"1,500,000 원"
386,성산공원 납골당,야외추모관,2단,"1,800,000 원"
386,성산공원 납골당,야외추모관,3단,"2,200,000 원"
386,성산공원 납골당,야외추모관,4단~6단,"2,500,000 원"
386,성산공원 납골당,야외추모관,관리비 10년분,"250,000 원"
386,성산공원 납골당,야외추모관,1단,"2,500,000 원"
386,성산공원 납골당,야외추모관,2단,"3,000,000 원"
386,성산공원 납골당,야외추모관,3단,"3,500,000 원"
386,성산공원 납골당,야외추모관,4단~6단,"4,000,000 원"
386,성산공원 납골당,야외추모관,관리비 10년분,"400,000 원"
386,성산공원 납골당,가족봉안묘,4기용 (6평),"15,000,000 원"
386,성산공원 납골당,가족봉안묘,8기용 (7평),"18,000,000 원"
386,성산공원 납골당,가족봉안묘,12기용 (8평),"20,000,000 원"
386,성산공원 납골당,가족봉안묘,16기용 (8평),"22,000,000 원"
386,성산공원 납골당,가족봉안묘,20기용 (9평),"23,000,000 원"
386,성산공원 납골당,가족봉안묘,24기용 (10평),"26,000,000 원"
386,성산공원 납골당,가족봉안묘,관리비 1년기준 평당,"12,000 원"
386,성산공원 납골당,가족봉안묘,부부평장묘,"10,000,000 원"
387,한국SGI이천평화공원 납골당,개인8단,봉안공양금(1기),"770,000 원"
387,한국SGI이천평화공원 납골당,개인7단,봉안공양금(1기),"1,370,000 원"
387,한국SGI이천평화공원 납골당,개인6단,봉안공양금(1기),"1,670,000 원"
387,한국SGI이천평화공원 납골당,개인5단,봉안공양금(1기),"1,670,000 원"
387,한국SGI이천평화공원 납골당,개인4단,봉안공양금(1기),"1,470,000 원"
387,한국SGI이천평화공원 납골당,개인3단,봉안공양금(1기),"1,370,000 원"
387,한국SGI이천평화공원 납골당,개인2단,봉안공양금(1기),"870,000 원"
387,한국SGI이천평화공원 납골당,개인1단,봉안공양금(1기),"370,000 원"
387,한국SGI이천평화공원 납골당,부부8단,봉안공양금(2기),"1,540,000 원"
387,한국SGI이천평화공원 납골당,부부7단,봉안공양금(2기),"2,740,000 원"
387,한국SGI이천평화공원 납골당,부부6단,봉안공양금(2기),"3,340,000 원"
387,한국SGI이천평화공원 납골당,부부5단,봉안공양금(2기),"3,340,000 원"
387,한국SGI이천평화공원 납골당,부부4단,봉안공양금(2기),"2,940,000 원"
387,한국SGI이천평화공원 납골당,부부3단,봉안공양금(2기),"2,740,000 원"
387,한국SGI이천평화공원 납골당,부부2단,봉안공양금(2기),"1,740,000 원"
387,한국SGI이천평화공원 납골당,부부1단,봉안공양금(2기),"740,000 원"
387,한국SGI이천평화공원 납골당,"가족7,8단",봉안공양금(4기),"4,280,000 원"
387,한국SGI이천평화공원 납골당,"가족5,6단",봉안공양금(4기),"6,680,000 원"
387,한국SGI이천평화공원 납골당,"가족3,4단",봉안공양금(4기),"5,680,000 원"
387,한국SGI이천평화공원 납골당,"가족1,2단",봉안공양금(4기),"2,480,000 원"
387,한국SGI이천평화공원 납골당,관리비,봉안함 1기 30년 기준,"330,000 원"
387,한국SGI이천평화공원 납골당,추선금,봉안함 1기 30년 기준,"600,000 원"
388,천주교유지재단금상동성당하늘자리 납골당,"사용료(4,5,6단)",45년사용료,"2,000,000 원"
388,천주교유지재단금상동성당하늘자리 납골당,"사용료(3,7,8단)",45년사용료,"1,800,000 원"
388,천주교유지재단금상동성당하늘자리 납골당,"사용료(1,2단)",45년사용료,"1,600,000 원"
388,천주교유지재단금상동성당하늘자리 납골당,관리비,15년관리비,"750,000 원"
388,천주교유지재단금상동성당하늘자리 납골당,"사용료(4,5,6단)",45년사용료,"3,800,000 원"
388,천주교유지재단금상동성당하늘자리 납골당,"사용료(3,7,8단)",45년사용료,"3,400,000 원"
388,천주교유지재단금상동성당하늘자리 납골당,"사용료(1,2단)",45년사용료,"3,000,000 원"
388,천주교유지재단금상동성당하늘자리 납골당,관리비,15년관리비(1인당),"750,000 원"
388,천주교유지재단금상동성당하늘자리 납골당,유골함(민자),21cm*21cm,"100,000 원"
388,천주교유지재단금상동성당하늘자리 납골당,유골함(무늬),21cm*21cm,"200,000 원"
388,천주교유지재단금상동성당하늘자리 납골당,유골함(자개),21cm*21cm,"300,000 원"
388,천주교유지재단금상동성당하늘자리 납골당,"사용료(1,2단)",20년용료,"1,200,000 원"
388,천주교유지재단금상동성당하늘자리 납골당,"사용료(3,7,8단)",20년사용료,"1,300,000 원"
388,천주교유지재단금상동성당하늘자리 납골당,"사용료(4,5,6단)",20년사용료,"1,500,000 원"
388,천주교유지재단금상동성당하늘자리 납골당,"사용료(1,2단)",20년 사용료,"2,200,000 원"
388,천주교유지재단금상동성당하늘자리 납골당,"사용료(3,7,8단)",20년 사용료,"2,400,000 원"
388,천주교유지재단금상동성당하늘자리 납골당,"사용료(4,5,6단)",20년 사용료,"2,800,000 원"
388,천주교유지재단금상동성당하늘자리 납골당,관리비,20년형,"1,400,000 원"
388,천주교유지재단금상동성당하늘자리 납골당,관리비,20년형(1인당),"1,400,000 원"
388,천주교유지재단금상동성당하늘자리 납골당,관리비,45년 일시납형(1인당),"2,000,000 원"
388,천주교유지재단금상동성당하늘자리 납골당,관리비,45년 일시납형(1인당),"2,000,000 원"
389,천주교안성추모공원(봉안) 납골당,천상담 1단,,"3,370,000 원"
389,천주교안성추모공원(봉안) 납골당,천상담 2~6단,,"4,220,000 원"
389,천주교안성추모공원(봉안) 납골당,천상담 1단,,"5,050,000 원"
389,천주교안성추모공원(봉안) 납골당,천상담 2~6단,,"6,330,000 원"
389,천주교안성추모공원(봉안) 납골당,하늘담 1단,,"1,700,000 원"
389,천주교안성추모공원(봉안) 납골당,하늘담 2단,,"2,200,000 원"
389,천주교안성추모공원(봉안) 납골당,하늘담 3~6단,,"2,900,000 원"
389,천주교안성추모공원(봉안) 납골당,하늘담 7단,,"2,500,000 원"
389,천주교안성추모공원(봉안) 납골당,하늘담 8단,,"2,100,000 원"
389,천주교안성추모공원(봉안) 납골당,하늘담 1단,,"2,890,000 원"
389,천주교안성추모공원(봉안) 납골당,하늘담 2단,,"3,740,000 원"
389,천주교안성추모공원(봉안) 납골당,하늘담 3~6단,,"4,930,000 원"
389,천주교안성추모공원(봉안) 납골당,하늘담 7단,,"4,250,000 원"
389,천주교안성추모공원(봉안) 납골당,하늘담 8단,,"3,570,000 원"
389,천주교안성추모공원(봉안) 납골당,하늘담 9단,,"3,060,000 원"
389,천주교안성추모공원(봉안) 납골당,관리비 1인,10년,"500,000 원"
389,천주교안성추모공원(봉안) 납골당,관리비 2인,10년,"700,000 원"
390,밀양추모공원묘원 납골당,안치단,1기,"1,000,000 원"
390,밀양추모공원묘원 납골당,안치단,1기,"2,000,000 원"
390,밀양추모공원묘원 납골당,안치단,1기,"2,500,000 원"
390,밀양추모공원묘원 납골당,안치단,1기,"3,500,000 원"
390,밀양추모공원묘원 납골당,평장,2기,"7,000,000 원"
391,화엄사 납골당,1단,,"2,500,000 원"
391,화엄사 납골당,2단,,"3,000,000 원"
391,화엄사 납골당,3단.4단.5단,,"4,000,000 원"
391,화엄사 납골당,6단,,"3,500,000 원"
391,화엄사 납골당,7단,,"2,500,000 원"
391,화엄사 납골당,8단,,"1,500,000 원"
391,화엄사 납골당,1단,,"4,500,000 원"
391,화엄사 납골당,2단,,"5,500,000 원"
391,화엄사 납골당,3단.4단.5단,,"7,500,000 원"
391,화엄사 납골당,6단,,"6,500,000 원"
391,화엄사 납골당,7단,,"4,500,000 원"
391,화엄사 납골당,8단,,"2,500,000 원"
391,화엄사 납골당,별단 하단,,"12,000,000 원"
391,화엄사 납골당,별단 상단,,"15,000,000 원"
391,화엄사 납골당,관리비 최초 5년 선납,,"150,000 원"
391,화엄사 납골당,관리비 5년 이후 매년,,"30,000 원"
391,화엄사 납골당,관리비 별단 최초 5년,,0
391,화엄사 납골당,위패 1인(비문 별단만 별도),,"50,000 원"
391,화엄사 납골당,관리비 별단 최초 5년 이후 매년,,"100,000 원"
392,보현정사 납골당,1단,,"2,000,000 원"
392,보현정사 납골당,2단,,"2,500,000 원"
392,보현정사 납골당,3단,,"2,500,000 원"
392,보현정사 납골당,4단,,"3,000,000 원"
392,보현정사 납골당,5단,,"3,000,000 원"
392,보현정사 납골당,6단,,"3,000,000 원"
392,보현정사 납골당,7단,,"2,500,000 원"
392,보현정사 납골당,8단,,"2,500,000 원"
392,보현정사 납골당,9단,,"1,500,000 원"
392,보현정사 납골당,특별 1단,,"3,000,000 원"
392,보현정사 납골당,특별 2단,,"3,500,000 원"
392,보현정사 납골당,특별 3단,,"3,500,000 원"
392,보현정사 납골당,특별 4단,,"4,000,000 원"
392,보현정사 납골당,특별 5단,,"4,000,000 원"
392,보현정사 납골당,특별 6단,,"4,000,000 원"
392,보현정사 납골당,특별 7단,,"3,500,000 원"
392,보현정사 납골당,특별 8단,,"3,500,000 원"
392,보현정사 납골당,특별 9단,,"2,500,000 원"
393,천주교안동교구봉안경당 납골당,1단(개인),사용료:300만원/관리비: 연간 5만원(1인당)/초기 20년 관리비: 100만원/안치비:20만원,"4,200,000 원"
393,천주교안동교구봉안경당 납골당,1단(부부),사용료:500만원/관리비: 연간 5만원(1인당)/초기 20년 관리비: 100만원/안치비:20만원,"6,200,000 원"
393,천주교안동교구봉안경당 납골당,2단(개인),사용료:400만원/관리비: 연간 5만원(1인당)/초기 20년 관리비: 100만원/안치비:20만원,"5,200,000 원"
393,천주교안동교구봉안경당 납골당,2단(부부),사용료:700만원/관리비: 연간 5만원(1인당)/초기 20년 관리비: 100만원/안치비:20만원,"8,200,000 원"
393,천주교안동교구봉안경당 납골당,3단(개인),사용료:500만원/관리비: 연간 5만원(1인당)/초기 20년 관리비: 100만원/안치비:20만원,"6,200,000 원"
393,천주교안동교구봉안경당 납골당,3단(부부),사용료:900만원/관리비: 연간 5만원(1인당)/초기 20년 관리비: 100만원/안치비:20만원,"10,200,000 원"
393,천주교안동교구봉안경당 납골당,4단(개인),사용료:500만원/관리비: 연간 5만원(1인당)/초기 20년 관리비: 100만원/안치비:20만원,"6,200,000 원"
393,천주교안동교구봉안경당 납골당,4단(부부),사용료:900만원/관리비: 연간 5만원(1인당)/초기 20년 관리비: 100만원/안치비:20만원,"10,200,000 원"
393,천주교안동교구봉안경당 납골당,5단(개인),사용료:500만원/관리비: 연간 5만원(1인당)/초기 20년 관리비: 100만원/안치비:20만원,"6,200,000 원"
393,천주교안동교구봉안경당 납골당,5단(부부),사용료:900만원/관리비: 연간 5만원(1인당)/초기 20년 관리비: 100만원/안치비:20만원,"10,200,000 원"
393,천주교안동교구봉안경당 납골당,6단(개인),사용료:500만원/관리비: 연간 5만원(1인당)/초기 20년 관리비: 100만원/안치비:20만원,"6,200,000 원"
393,천주교안동교구봉안경당 납골당,6단(부부),사용료:900만원/관리비: 연간 20년 관리비: 100만원/안치비:20만원,"1,020,000 원"
393,천주교안동교구봉안경당 납골당,7단(개인),사용료:400만원/관리비: 연간 5만원(1인당)/초기 20년 관리비: 100만원/안치비:20만원,"5,200,000 원"
393,천주교안동교구봉안경당 납골당,7단(부부),사용료:700만원/관리비: 연간 5만원(1인당)/초기 20년 관리비: 100만원/안치비:20만원,"8,200,000 원"
393,천주교안동교구봉안경당 납골당,8단(개인),사용료:300만원/관리비: 연간 5만원(1인당)/초기 20년 관리비: 100만원/안치비:20만원,"4,200,000 원"
393,천주교안동교구봉안경당 납골당,8단(부부),사용료:500만원/관리비: 연간 5만원(1인당)/초기 20년 관리비: 100만원/안치비:20만원,"6,200,000 원"
394,불교안양원 납골당,일반형1단/8단,24.5 X26.5X28.2 cm,"3,000,000 원"
394,불교안양원 납골당,일반형2단/7단,24.5 X26.5X28.2 cm,"3,700,000 원"
394,불교안양원 납골당,일반형3단/6단,24.5 X26.5X28.2 cm,"4,200,000 원"
394,불교안양원 납골당,일반형4단/5단,24.5 X26.5X28.2 cm,"4,700,000 원"
394,불교안양원 납골당,고급형1단/8단,24.5 X26.5X28.2 cm,"3,700,000 원"
394,불교안양원 납골당,고급형2단/7단,24.5 X26.5X28.2 cm,"4,200,000 원"
394,불교안양원 납골당,고급형3단/6단,24.5 X26.5X28.2 cm,"4,500,000 원"
394,불교안양원 납골당,고급형4단/5단,24.5 X26.5X28.2 cm,"5,000,000 원"
394,불교안양원 납골당,일반형1단/8단,"51,8X25.8X28.8 cm","6,000,000 원"
394,불교안양원 납골당,일반형2단/7단,"51,8X25.8X28.8 cm","6,800,000 원"
394,불교안양원 납골당,일반형3단/6단,"51,8X25.8X28.8 cm","7,500,000 원"
394,불교안양원 납골당,일반형4단/5단,"51,8X25.8X28.8 cm","8,500,000 원"
394,불교안양원 납골당,고급형1단,58.5X29.5X28.8 cm,"8,000,000 원"
394,불교안양원 납골당,고급형2단/7단,58.5X29.5X28.8 cm,"8,500,000 원"
394,불교안양원 납골당,고급형3단/6단,58.5X29.5X28.8 cm,"9,000,000 원"
394,불교안양원 납골당,고급형4단/5단,58.5X29.5X28.8 cm,"10,000,000 원"
394,불교안양원 납골당,관리비1위당,5년선납,"250,000 원"
395,화산추모공원(봉안) 납골당,납골6기,영구사용료,"2,630,000 원"
395,화산추모공원(봉안) 납골당,납골6기,15년 관리비,"860,000 원"
395,화산추모공원(봉안) 납골당,납골6기,봉안비,0
395,화산추모공원(봉안) 납골당,납골12기,영구사용료,"3,950,000 원"
395,화산추모공원(봉안) 납골당,납골12기,15년 관리비,"1,300,000 원"
395,화산추모공원(봉안) 납골당,납골12기,봉안비,"220,000 원"
395,화산추모공원(봉안) 납골당,납골24기,영구사용료,"5,270,000 원"
395,화산추모공원(봉안) 납골당,납골24기,15년 관리비,"1,730,000 원"
395,화산추모공원(봉안) 납골당,납골24기,봉안비,"220,000 원"
395,화산추모공원(봉안) 납골당,납골36기,영구사용료,"7,900,000 원"
395,화산추모공원(봉안) 납골당,납골36기,15년 관리비,"2,600,000 원"
395,화산추모공원(봉안) 납골당,납골36기,봉안비,"220,000 원"
395,화산추모공원(봉안) 납골당,납골60기,영구사용료,"13,180,000 원"
395,화산추모공원(봉안) 납골당,납골60기,15년 관리비,"4,340,000 원"
395,화산추모공원(봉안) 납골당,납골60기,봉안비,"220,000 원"
396,천주교용인공원묘원(봉안) 납골당,봉안담 개인형(1단),10년관리비 포함,"1,600,000 원"
396,천주교용인공원묘원(봉안) 납골당,"봉안담 개인형(2,6,7단)",10년관리비 포함,"1,900,000 원"
396,천주교용인공원묘원(봉안) 납골당,"봉안담 개인형(3,4,5단)",10년관리비 포함,"2,700,000 원"
396,천주교용인공원묘원(봉안) 납골당,봉안담 부부형(1단),10년관리비 포함,"3,200,000 원"
396,천주교용인공원묘원(봉안) 납골당,"봉안담 부부형(2,6,7단)",10년관리비 포함,"3,800,000 원"
396,천주교용인공원묘원(봉안) 납골당,"봉안담 부부형(3,4,5단)",10년관리비 포함,"5,400,000 원"
396,천주교용인공원묘원(봉안) 납골당,가족봉안묘 6기형,10년관리비 포함,"10,800,000 원"
396,천주교용인공원묘원(봉안) 납골당,가족봉안묘 8기형,10년관리비 포함,"14,400,000 원"
396,천주교용인공원묘원(봉안) 납골당,가족봉안묘 10기형,10년관리비 포함,"18,000,000 원"
396,천주교용인공원묘원(봉안) 납골당,관리비 (봉안담 개인형),10년,"200,000 원"
396,천주교용인공원묘원(봉안) 납골당,관리비 (봉안담 부부형),10년,"400,000 원"
396,천주교용인공원묘원(봉안) 납골당,관리비 (가족봉안묘 8기형),10년,"1,200,000 원"
396,천주교용인공원묘원(봉안) 납골당,관리비 (가족봉안묘 8기형),10년,"1,600,000 원"
396,천주교용인공원묘원(봉안) 납골당,관리비 (가족봉안묘 10기형),10년,"2,000,000 원"
397,전통사찰95호동도사 납골당,1단,30x30 cm,"3,000,000 원"
397,전통사찰95호동도사 납골당,2단,30x30 cm,"4,000,000 원"
397,전통사찰95호동도사 납골당,3단,30x30 cm,"5,000,000 원"
397,전통사찰95호동도사 납골당,4단,30x30 cm,"6,000,000 원"
397,전통사찰95호동도사 납골당,5단,30x30 cm,"6,000,000 원"
397,전통사찰95호동도사 납골당,6단,30x30 cm,"5,000,000 원"
397,전통사찰95호동도사 납골당,7단,30x30 cm,"4,000,000 원"
397,전통사찰95호동도사 납골당,8단,30x30 cm,"3,000,000 원"
397,전통사찰95호동도사 납골당,1단,60x30 cm,"7,000,000 원"
397,전통사찰95호동도사 납골당,2단,60x30 cm,"8,000,000 원"
397,전통사찰95호동도사 납골당,3단,60x30 cm,"12,000,000 원"
397,전통사찰95호동도사 납골당,4단,60x30 cm,"14,000,000 원"
397,전통사찰95호동도사 납골당,5단,60x30 cm,"14,000,000 원"
397,전통사찰95호동도사 납골당,6단,60x30 cm,"12,000,000 원"
397,전통사찰95호동도사 납골당,7단,60x30 cm,"8,000,000 원"
397,전통사찰95호동도사 납골당,8단,60x30 cm,"6,000,000 원"
398,석예정사 납골당,석예2관 8단,관리비 1년* 5만원(5년선납)= 25만원,"2,500,000 원"
398,석예정사 납골당,석예1관 8단,관리비 1년* 5만원(5년선납)= 25만원,"3,000,000 원"
398,석예정사 납골당,석예1관 7단,관리비 1년* 5만원(5년선납)= 25만원,"4,500,000 원"
398,석예정사 납골당,석예1관 6단,관리비 1년* 5만원(5년선납)= 25만원,"7,000,000 원"
398,석예정사 납골당,석예1관 5단,관리비 1년* 5만원(5년선납)= 25만원,"8,000,000 원"
398,석예정사 납골당,석예1관 4단,관리비 1년* 5만원(5년선납)= 25만원,"8,000,000 원"
398,석예정사 납골당,석예1관 3단,관리비 1년* 5만원(5년선납)= 25만원,"7,000,000 원"
398,석예정사 납골당,석예1관 2단,관리비 1년* 5만원(5년선납)= 25만원,"6,000,000 원"
398,석예정사 납골당,석예1관 1단,관리비 1년* 5만원(5년선납)= 25만원,"5,000,000 원"
398,석예정사 납골당,석예2관 7단,관리비 1년* 5만원(5년선납)= 25만원,"3,500,000 원"
398,석예정사 납골당,석예2관 6단,관리비 1년* 5만원(5년선납)= 25만원,"6,000,000 원"
398,석예정사 납골당,석예2관 5단,관리비 1년* 5만원(5년선납)= 25만원,"7,000,000 원"
398,석예정사 납골당,석예2관 4단,관리비 1년* 5만원(5년선납)= 25만원,"7,000,000 원"
398,석예정사 납골당,석예2관 3단,관리비 1년* 5만원(5년선납)= 25만원,"6,000,000 원"
398,석예정사 납골당,석예2관 2단,관리비 1년* 5만원(5년선납)= 25만원,"5,000,000 원"
398,석예정사 납골당,석예2관 1단,관리비 1년* 5만원(5년선납)= 25만원,"4,000,000 원"
399,세심사하늘공원 납골당,개인단 1단,영구사용,"2,400,000 원"
399,세심사하늘공원 납골당,개인단 2단,영구사용,"2,600,000 원"
399,세심사하늘공원 납골당,개인단 3단,영구사용,"2,900,000 원"
399,세심사하늘공원 납골당,개인단 4단,영구사용,"3,100,000 원"
399,세심사하늘공원 납골당,개인단 5단,영구사용,"3,100,000 원"
399,세심사하늘공원 납골당,개인단 6단,영구사용,"2,900,000 원"
399,세심사하늘공원 납골당,개인단 7단,영구사용,"2,900,000 원"
399,세심사하늘공원 납골당,부부단 1단,영구사용,"4,800,000 원"
399,세심사하늘공원 납골당,부부단 2단,영구사용,"5,200,000 원"
399,세심사하늘공원 납골당,부부단 3단,영구사용,"5,800,000 원"
399,세심사하늘공원 납골당,부부단 4단,영구사용,"6,200,000 원"
399,세심사하늘공원 납골당,부부단 5단,영구사용,"6,200,000 원"
399,세심사하늘공원 납골당,부부단 6단,영구사용,"5,800,000 원"
399,세심사하늘공원 납골당,부부단 7단,영구사용,"5,800,000 원"
399,세심사하늘공원 납골당,개인단 관리비,1년기준,"35,000 원"
399,세심사하늘공원 납골당,부부단 관리비,1년기준,"60,000 원"
400,동천교회 묘지 납골당,1단,15cm*20cm,"800,000 원"
400,동천교회 묘지 납골당,2단,15cm*20cm,"1,000,000 원"
400,동천교회 묘지 납골당,3단,15cm*20cm,"1,200,000 원"
400,동천교회 묘지 납골당,4단,15cm*20cm,"1,200,000 원"
400,동천교회 묘지 납골당,5단,15cm*20cm,"1,200,000 원"
400,동천교회 묘지 납골당,6단,15cm*20cm,"1,200,000 원"
400,동천교회 묘지 납골당,7단,15cm*20cm,"1,000,000 원"
400,동천교회 묘지 납골당,8단,15cm*20cm,"800,000 원"
400,동천교회 묘지 납골당,1단,15cm*20cm*2,"1,200,000 원"
400,동천교회 묘지 납골당,2단,15cm*20cm,"1,500,000 원"
400,동천교회 묘지 납골당,3단,15cm*20cm,"1,800,000 원"
400,동천교회 묘지 납골당,4단,15cm*20cm,"1,800,000 원"
400,동천교회 묘지 납골당,5단,15cm*20cm,"1,800,000 원"
400,동천교회 묘지 납골당,6단,15cm*20cm,"1,800,000 원"
400,동천교회 묘지 납골당,7단,15cm*20cm,"1,500,000 원"
400,동천교회 묘지 납골당,8단,15cm*20cm,"1,200,000 원"
401,대한불교조계종관음사 납골당,개인1단,1단,"5,000,000 원"
401,대한불교조계종관음사 납골당,개인2단,2단,"6,000,000 원"
401,대한불교조계종관음사 납골당,개인3단,3단,"6,000,000 원"
401,대한불교조계종관음사 납골당,개인4단,4단,"7,500,000 원"
401,대한불교조계종관음사 납골당,개인5단,5단,"6,000,000 원"
401,대한불교조계종관음사 납골당,개인6단,6단,"5,000,000 원"
401,대한불교조계종관음사 납골당,개인7단,7단,"3,500,000 원"
401,대한불교조계종관음사 납골당,개인8단,8단,"3,000,000 원"
401,대한불교조계종관음사 납골당,부부1단,1단,"10,000,000 원"
401,대한불교조계종관음사 납골당,부부2단,2단,"12,000,000 원"
401,대한불교조계종관음사 납골당,부부3단,3단,"12,000,000 원"
401,대한불교조계종관음사 납골당,부부4단,4단,"15,000,000 원"
401,대한불교조계종관음사 납골당,부부5단,5단,"12,000,000 원"
401,대한불교조계종관음사 납골당,부부6단,6단,"10,000,000 원"
401,대한불교조계종관음사 납골당,부부7단,7단,"7,000,000 원"
401,대한불교조계종관음사 납골당,부부8단,8단,"6,000,000 원"
402,수암사 납골당,법당식(1층) 특별단,개인단 1구좌가격임,"12,000,000 원"
402,수암사 납골당,법당식(1층) 1~8단,,"6,000,000 원"
402,수암사 납골당,법당식(1층) 9~13단,,"5,000,000 원"
402,수암사 납골당,법당식(1층)14~15단,,"4,000,000 원"
402,수암사 납골당,"옷장식(1층) 1단,6단",,"3,000,000 원"
402,수암사 납골당,옷장식(1층) 2~5단,,"4,000,000 원"
402,수암사 납골당,2층 특별단,,"18,000,000 원"
402,수암사 납골당,2층(1단),,"7,000,000 원"
402,수암사 납골당,"2층(2,5단",,"8,000,000 원"
402,수암사 납골당,"2층(3,4단)",,"9,000,000 원"
402,수암사 납골당,2층(6단),,"7,000,000 원"
402,수암사 납골당,2층(가족단1~5단)10칸,가족단 10구좌가격임,"70,000,000 원"
403,하늘공원 납골당,개인단 관리비,1년,"30,000 원"
403,하늘공원 납골당,개인단(1층 1단/2단/7단/8단),1위형/관리비 별도,"2,500,000 원"
403,하늘공원 납골당,"개인단(1층 3단/4단/5단/6단, 2층전체)",1위형/관리비 별도,"3,000,000 원"
403,하늘공원 납골당,부부단 관리비,1년,"40,000 원"
403,하늘공원 납골당,부부단(1층 1단/2단/7단/8단),2위형/관리비 별도,"5,000,000 원"
403,하늘공원 납골당,"부부단(1층 3단/4단/5단/6단, 2층전체)",2위형/관리비 별도,"6,000,000 원"
403,하늘공원 납골당,가족단 관리비,1년,"50,000 원"
403,하늘공원 납골당,가족단(1층 1단/4단),4위형/관리비 별도,"9,000,000 원"
403,하늘공원 납골당,"가족단(1층 2단/3단, 2층 전체)",4위형/관리비 별도,"10,000,000 원"
403,하늘공원 납골당,가족봉안묘6위 관리비,1년,"40,000 원"
403,하늘공원 납골당,가족봉안묘6위,6위형/관리비 별도,"12,000,000 원"
403,하늘공원 납골당,가족봉안묘8위 관리비,1년,"50,000 원"
403,하늘공원 납골당,가족봉안묘8위,8위형/관리비 별도,"15,000,000 원"
404,사단법인민족불교해동조계종 납골당,1단,1단 분양가격,"1,000,000 원"
404,사단법인민족불교해동조계종 납골당,2단,2단 분양가격,"1,500,000 원"
404,사단법인민족불교해동조계종 납골당,3단,3단 분양가격,"2,000,000 원"
404,사단법인민족불교해동조계종 납골당,4단 ~ 6단,4단 부터 6단가격,"3,000,000 원"
404,사단법인민족불교해동조계종 납골당,7단,7단 분양가격,"1,800,000 원"
404,사단법인민족불교해동조계종 납골당,8단,8단 분양가격,"1,500,000 원"
404,사단법인민족불교해동조계종 납골당,별도 상담,별도상담,0
404,사단법인민족불교해동조계종 납골당,특별단 별도 상담,특별단 별도 상담,0
405,경춘공원묘원 납골당,가족봉안묘-경춘1호,40기봉안,"30,000,000 원"
405,경춘공원묘원 납골당,가족봉안묘-경춘2호,46기봉안,"26,000,000 원"
405,경춘공원묘원 납골당,가족봉안묘-경춘3호,20기봉안,"18,000,000 원"
405,경춘공원묘원 납골당,가족봉안묘-경춘4호,22기봉안,"18,000,000 원"
405,경춘공원묘원 납골당,가족봉안묘-경춘5호,24기봉안,"18,500,000 원"
405,경춘공원묘원 납골당,가족봉안묘-경춘6호(혼합형),매장2기+봉안12기,"17,000,000 원"
405,경춘공원묘원 납골당,가족봉안묘-경춘6호(덮개형),44기봉안,"22,000,000 원"
405,경춘공원묘원 납골당,가족봉안묘-경춘7호,20기봉안,"13,500,000 원"
405,경춘공원묘원 납골당,가족봉안묘-경춘8호,8기봉안,"10,500,000 원"
405,경춘공원묘원 납골당,부부형봉안묘(평장형),2기봉안,"4,500,000 원"
405,경춘공원묘원 납골당,"합동봉안당(15년,관리비포함)",2기봉안,"2,450,000 원"
405,경춘공원묘원 납골당,가족봉안묘-경춘9호(2018년신규출시),12기봉안,"15,000,000 원"
406,양구군공설봉안담 납골당,"봉안담(개인, 관내인)","개인1기당(15년), 연장(15년x2회)","547,840 원"
406,양구군공설봉안담 납골당,"봉안담(개인, 관외인)","개인1기당(15년), 연장(15년x2회)","912,480 원"
406,양구군공설봉안담 납골당,"봉안담(개인, 관리비)","최초관리비15년, (년7,000원x15년)","105,000 원"
406,양구군공설봉안담 납골당,"봉안담(개인, 연장관리비)","연장관리비15년, (년7,000원x15년)","105,000 원"
406,양구군공설봉안담 납골당,"봉안담(부부, 관내인)","부부1기당(15년), 연장(15년x2회)","824,460 원"
406,양구군공설봉안담 납골당,"봉안담(부부, 관외인)","부부1기당(15년), 연장(15년x2회)","1,374,110 원"
406,양구군공설봉안담 납골당,"봉안담(부부, 관리비)","최초관리비15년, (년10,000원x15년)","150,000 원"
406,양구군공설봉안담 납골당,"봉안담(부부, 연장관리비)","연장관리비15년, (년10,000원x15년)","105,000 원"
406,양구군공설봉안담 납골당,"봉안담(가족, 법인, 단체등, 관내인)","부부1기당(15년), 연장(15년x3회)","783,230 원"
406,양구군공설봉안담 납골당,"봉안담(가족, 법인, 단체등, 관외인)","부부1기당(15년), 연장(15년x3회)","1,305,400 원"
406,양구군공설봉안담 납골당,"봉안담(가족, 법인, 단체등, 관리비)","최초관리비15년, (년10,000원x15년)","150,000 원"
406,양구군공설봉안담 납골당,"봉안담(가족, 법인, 단체등, 연장관리비)","연장관리비15년, (년10,000원x15년)","150,000 원"
407,속초시추모의집 납골당,봉안당이용료,개인단(관내),"200,000 원"
407,속초시추모의집 납골당,봉안당이용료,개인단(관외),"600,000 원"
407,속초시추모의집 납골당,봉안당이용료,부부단(관내),"300,000 원"
407,속초시추모의집 납골당,봉안당이용료,부부단(관외),"900,000 원"
407,속초시추모의집 납골당,봉안당이용료,개인단 기초생활수급자(관내),"100,000 원"
407,속초시추모의집 납골당,봉안당이용료,개인단 기초생활수급자(관외),"480,000 원"
407,속초시추모의집 납골당,봉안당이용료,개인단 국가유공자(관내),"100,000 원"
407,속초시추모의집 납골당,봉안당이용료,개인단 국가유공자(관외),"480,000 원"
407,속초시추모의집 납골당,봉안당이용료,부부단 기초생활수급자(관내),"150,000 원"
407,속초시추모의집 납골당,봉안당이용료,부부단 기초생활수급자(관외),"720,000 원"
407,속초시추모의집 납골당,봉안당이용료,부부단 국가유공자(관내),"150,000 원"
407,속초시추모의집 납골당,봉안당이용료,부부단 국가유공자(관외),"720,000 원"
408,예산군추모의집 납골당,사용료(개인단),예산군에 계속 3년이상 주민등록이 되어 있는 자,"250,000 원"
408,예산군추모의집 납골당,사용료(개인단),"예산군 6월이상 3년미만 주민등록이 되어 있는자, 6월이상 등록기준지가 되어 있는자","350,000 원"
408,예산군추모의집 납골당,사용료(개인단),예산군 이외 사용자,"500,000 원"
408,예산군추모의집 납골당,관리비(개인단),예산군에 계속 3년이상 주민등록이 되어 있는 자,"100,000 원"
408,예산군추모의집 납골당,관리비(개인단),"예산군 6월이상 3년미만 주민등록이 되어 있는자, 6월이상 등록기준지가 되어 있는자","150,000 원"
408,예산군추모의집 납골당,관리비(개인단),예산군 이외 사용자,"250,000 원"
408,예산군추모의집 납골당,사용료(부부단),예산군에 계속 3년이상 주민등록이 되어 있는 자,"700,000 원"
408,예산군추모의집 납골당,사용료(부부단),"예산군 6월이상 3년미만 주민등록이 되어 있는자, 6월이상 등록기준지가 되어 있는자","1,150,000 원"
408,예산군추모의집 납골당,사용료(부부단),예산군 이외 사용자,"1,500,000 원"
408,예산군추모의집 납골당,관리비(부부단),예산군에 계속 3년이상 주민등록이 되어 있는 자,"300,000 원"
408,예산군추모의집 납골당,관리비(부부단),"예산군 6월이상 3년미만 주민등록이 되어 있는자, 6월이상 등록기준지가 되어 있는자","350,000 원"
408,예산군추모의집 납골당,관리비(부부단),예산군 이외 사용자,"500,000 원"
409,학천사추모관 납골당,기간(15년 개인단),,"500,000 원"
409,학천사추모관 납골당,기간(15년 부부단),,"950,000 원"
409,학천사추모관 납골당,영구분양(개인단),,"2,300,000 원"
409,학천사추모관 납골당,영구분양(부부단),,"4,200,000 원"
409,학천사추모관 납골당,관리비 5년(개인단),,"100,000 원"
409,학천사추모관 납골당,관리비 5년(부부단),,"150,000 원"
410,일산푸른솔추모공원 납골당,2층 일반실 (개인),사용료:150만원 ~ 450만원 관리비:5년 30만원,"1,500,000 원"
410,일산푸른솔추모공원 납골당,2층 일반실 (부부),사용료:300만원 ~ 900만원 관리비:5년 60만원,"3,000,000 원"
410,일산푸른솔추모공원 납골당,2층 고급실 (개인),사용료:350만원 ~ 700만원 관리비:5년 30만원,"3,500,000 원"
410,일산푸른솔추모공원 납골당,2층 고급실 (부부),사용료:700만원 ~ 1400만원 관리비:5년 60만원,"7,000,000 원"
410,일산푸른솔추모공원 납골당,3층 일반실 (개인),사용료:200만원 ~ 650만원 관리비:5년 30만원,"2,000,000 원"
410,일산푸른솔추모공원 납골당,3층 일반실 (부부),사용료:400만원 ~ 1300만원 관리비:5년 60만원,"4,000,000 원"
410,일산푸른솔추모공원 납골당,3층 고급실 (개인),사용료:350만원 ~ 900만원 관리비:5년 30만원,"3,500,000 원"
410,일산푸른솔추모공원 납골당,3층 고급실 (부부),사용료:700만원 ~ 1800만원 관리비:5년 60만원,"7,000,000 원"
410,일산푸른솔추모공원 납골당,VIP실 (개인),사용료:650만원 ~ 1200만원 관리비:5년 40만원,"6,500,000 원"
410,일산푸른솔추모공원 납골당,VIP실 (부부),사용료:1300만원 ~ 2400만원 관리비:5년 80만원,"13,000,000 원"
411,강촌추모원 납골당,봉안당,개인형:3단~7단(관리비:년5만원),"3,000,000 원"
411,강촌추모원 납골당,봉안당,10년봉안형개인형:1.2.8단(관리비포함),"1,500,000 원"
411,강촌추모원 납골당,봉안당,부부형:3단~7단(관리비:년10만원),"5,000,000 원"
411,강촌추모원 납골당,봉안당,개인형1.2.8단(관리비년5만원),"2,500,000 원"
411,강촌추모원 납골당,야외가족묘(봉안담),"1단:8기형(관리비1기5만원,2기이상10만원)","4,500,000 원"
411,강촌추모원 납골당,야외가족묘(봉안담),"2단,5단:8기형(관리비:년10만원)","5,000,000 원"
411,강촌추모원 납골당,야외가족묘(봉안담),"3단,4단:8기형(관리비:년10만원)","6,000,000 원"
411,강촌추모원 납골당,봉안탑A형,12기(관리비년10만원),"15,000,000 원"
411,강촌추모원 납골당,봉안탑B형,24기(관리비년10만원),"20,000,000 원"
411,강촌추모원 납골당,탑식수목장(조형물+수목),기(관리비년5만원),"2,500,000 원"
412,안동추모공원(봉안) 납골당,실내납골당,"관리비,사용비,봉안비","1,500,000 원"
412,안동추모공원(봉안) 납골당,실내납골당,"관리비,사용비,봉안비","1,800,000 원"
412,안동추모공원(봉안) 납골당,실내납골당,"관리비,사용비,봉안비","2,100,000 원"
412,안동추모공원(봉안) 납골당,실내납골당,"관리비,사용비,봉안비","2,400,000 원"
412,안동추모공원(봉안) 납골당,실외납골당,"관리비,사용비,봉안비","2,200,000 원"
413,영봉추모공원 납골당,"1단,8단",30*30,"1,500,000 원"
413,영봉추모공원 납골당,"2단,7단",,"1,800,000 원"
413,영봉추모공원 납골당,3단,,"2,200,000 원"
413,영봉추모공원 납골당,"F단,6단",,"2,500,000 원"
413,영봉추모공원 납골당,5단,,
413,영봉추모공원 납골당,"1단,8단",,"2,800,000 원"
413,영봉추모공원 납골당,"2단,7단",,"3,200,000 원"
413,영봉추모공원 납골당,3단,,"4,000,000 원"
413,영봉추모공원 납골당,"F단,6단",,"4,500,000 원"
413,영봉추모공원 납골당,5단,,"5,000,000 원"
414,대한불교정음사원 납골당,법당내부,,"2,500,000 원"
414,대한불교정음사원 납골당,법당 지장보살 불상,,"3,500,000 원"
414,대한불교정음사원 납골당,법당내부,,"4,500,000 원"
414,대한불교정음사원 납골당,가족단 4위,,"6,000,000 원"
414,대한불교정음사원 납골당,관리비 개인단 10년선납,개인,"200,000 원"
414,대한불교정음사원 납골당,관리비 부부단 10년선납,부부,"300,000 원"
414,대한불교정음사원 납골당,관리비 가족단 4위 10년선납,가족,"500,000 원"
415,오향중흥교회 봉안시설 부활동산추모공원 납골당,사용료 (관내),믿음관,"4,375,000 원"
415,오향중흥교회 봉안시설 부활동산추모공원 납골당,사용료 (관내),믿음관,"8,750,000 원"
415,오향중흥교회 봉안시설 부활동산추모공원 납골당,사용료 (관내),사랑관,"4,375,000 원"
415,오향중흥교회 봉안시설 부활동산추모공원 납골당,사용료 (관내),사랑관,"8,750,000 원"
415,오향중흥교회 봉안시설 부활동산추모공원 납골당,사용료 (관내),소망관,"4,710,000 원"
415,오향중흥교회 봉안시설 부활동산추모공원 납골당,사용료 (관내),소망관,"9,420,000 원"
415,오향중흥교회 봉안시설 부활동산추모공원 납골당,사용료 (관내),안식관,"4,710,000 원"
415,오향중흥교회 봉안시설 부활동산추모공원 납골당,사용료 (관내),안식관,"9,420,000 원"
415,오향중흥교회 봉안시설 부활동산추모공원 납골당,관리비 (관내),1년,"50,000 원"
416,용화사 (봉안당) 납골당,1단,30cm * 29cm,"2,000,000 원"
416,용화사 (봉안당) 납골당,"2,3단",30cm * 29cm,"3,000,000 원"
416,용화사 (봉안당) 납골당,"4,5,6단",30cm * 29cm,"5,000,000 원"
416,용화사 (봉안당) 납골당,7단,30cm * 29cm,"4,000,000 원"
416,용화사 (봉안당) 납골당,1단,50cm * 29cm,"3,000,000 원"
416,용화사 (봉안당) 납골당,"2,3단",50cm * 29cm,"5,000,000 원"
416,용화사 (봉안당) 납골당,"4,5,6단",50cm * 29cm,"8,000,000 원"
416,용화사 (봉안당) 납골당,7단,50cm * 29cm,"6,000,000 원"
416,용화사 (봉안당) 납골당,관리비(1년),50cm * 29cm,"50,000 원"
417,대원사 추모공원 납골당,봉안비용,8단,"500,000 원"
417,대원사 추모공원 납골당,봉안비용,7단,"1,000,000 원"
417,대원사 추모공원 납골당,봉안비용,6단,"2,500,000 원"
417,대원사 추모공원 납골당,봉안비용,"5단,4단","3,500,000 원"
417,대원사 추모공원 납골당,봉안비용,3단,"3,000,000 원"
417,대원사 추모공원 납골당,봉안비용,2단,"2,000,000 원"
417,대원사 추모공원 납골당,봉안비용,1단,"1,500,000 원"
417,대원사 추모공원 납골당,봉안비용,개인단 × 2,"1,000,000 원"
417,대원사 추모공원 납골당,관리비,1인당 1년기준,"30,000 원"
418,아름다운추모원 납골당,봉안당,1단(개인단)  영구안치,"3,300,000 원"
418,아름다운추모원 납골당,봉안당,2단(개인단) 영구안치,"4,000,000 원"
418,아름다운추모원 납골당,봉안당,3단(개인단) 영구안치,"4,500,000 원"
418,아름다운추모원 납골당,봉안당,4단(개인단) 영구안치,"5,000,000 원"
418,아름다운추모원 납골당,봉안당,5단(개인단) 영구안치,"5,000,000 원"
418,아름다운추모원 납골당,봉안당,6단(개인단) 영구안치,"4,500,000 원"
418,아름다운추모원 납골당,봉안당,7단(개인단) 영구안치,"3,800,000 원"
418,아름다운추모원 납골당,봉안당,8단(개인단) 영구안치,"3,000,000 원"
418,아름다운추모원 납골당,봉안당 관리비,5년(1인기준),"250,000 원"
419,약천사 납골당,가족봉안탑 6기,영구,"15,000,000 원"
419,약천사 납골당,관리비,1년,"100,000 원"
419,약천사 납골당,환불규정,1년이내 50%,0
419,약천사 납골당,환불규정,2년이내 40%,0
419,약천사 납골당,환불규정,3년이내 30%,0
419,약천사 납골당,환불규정,4년이내 20%,0
419,약천사 납골당,환불규정,5년이내 10%,0
419,약천사 납골당,환불규정,5년초과시 0%,0
420,예수사랑제일교회 납골당,1단9단,30cm,"3,800,000 원"
420,예수사랑제일교회 납골당,2단8단,30cm,"4,500,000 원"
420,예수사랑제일교회 납골당,3단7단,30cm,"5,000,000 원"
420,예수사랑제일교회 납골당,4단5단6단,30cm,"6,000,000 원"
420,예수사랑제일교회 납골당,1단9단,60cm,"6,840,000 원"
420,예수사랑제일교회 납골당,2단8단,60cm,"8,100,000 원"
420,예수사랑제일교회 납골당,3단7단,60cm,"9,000,000 원"
420,예수사랑제일교회 납골당,4단5단6단,60cm,"10,800,000 원"
421,하남시 마루공원(봉안시설) 납골당,개인단,관내(최초)/15년,"500,000 원"
421,하남시 마루공원(봉안시설) 납골당,개인단,관내(연장)/15년,"400,000 원"
421,하남시 마루공원(봉안시설) 납골당,부부단,관내(최초)15년,"700,000 원"
421,하남시 마루공원(봉안시설) 납골당,부부단,관내(연장)/15년,"600,000 원"
421,하남시 마루공원(봉안시설) 납골당,개인단,관외(최초)/15년,"1,000,000 원"
421,하남시 마루공원(봉안시설) 납골당,개인단,관외(연장)/15년,"800,000 원"
421,하남시 마루공원(봉안시설) 납골당,부부단,관외(최초)/15년,"1,400,000 원"
421,하남시 마루공원(봉안시설) 납골당,부부단,관외(연장)/15년,"1,200,000 원"
422,성모암영락원 납골당,영락원1층,,"600,000 원"
422,성모암영락원 납골당,영락원1층특별실,,"800,000 원"
422,성모암영락원 납골당,영락원2층일반,,"900,000 원"
422,성모암영락원 납골당,영락원2층특별실,,"1,200,000 원"
422,성모암영락원 납골당,성모암(극락보전),,"1,500,000 원"
422,성모암영락원 납골당,성모암(극락보전)특별실,1기,"3,500,000 원"
422,성모암영락원 납골당,성모암부부단,2기,"5,000,000 원"
423,감로복지원진주추모공원 납골당,특별관 특별단 6단,"60년(관리비,년간50,000원) 부부단추가시 330만원","5,400,000 원"
423,감로복지원진주추모공원 납골당,특별관 특별단 5단,"60년(관리비,년간50,000원) 부부단추가시 400만원","6,400,000 원"
423,감로복지원진주추모공원 납골당,특별관 특별단 4단,"60년(관리비,년간50,000원) 부부단추가시 350만원","5,800,000 원"
423,감로복지원진주추모공원 납골당,특별관 특별단 3단,"60년(관리비,년간50,000원) 부부단추가시 250만원","4,500,000 원"
423,감로복지원진주추모공원 납골당,특별관 특별단 2단,"60년(관리비,년간50,000원) 부부단추가시 200만원","3,500,000 원"
423,감로복지원진주추모공원 납골당,특별관 특별단 1단,"60년(관리비,년간50,000원) 부부단추가시 170만원","1,990,000 원"
424,강화파라다이스 강화지점 납골당,S관(특별실),8단,"3,500,000 원"
424,강화파라다이스 강화지점 납골당,S관(특별실),7단,"4,500,000 원"
424,강화파라다이스 강화지점 납골당,S관(특별실),4~6단,"6,000,000 원"
424,강화파라다이스 강화지점 납골당,S관(특별실),3단,"5,000,000 원"
424,강화파라다이스 강화지점 납골당,S관(특별실),2단,"4,000,000 원"
424,강화파라다이스 강화지점 납골당,S관(특별실),1단,"3,000,000 원"
424,강화파라다이스 강화지점 납골당,A관(일반실),기준단,"2,800,000 원"
425,금오영당 납골당,인조석(안치단),군내 본적자,"300,000 원"
425,금오영당 납골당,인조석(안치단),군내 거주자,"100,000 원"
425,금오영당 납골당,인조석(안치단),상기자 외,"1,500,000 원"
425,금오영당 납골당,목재(안치단),군내 거주자,"120,000 원"
425,금오영당 납골당,목재(안치단),군내 본적자,"360,000 원"
425,금오영당 납골당,목재(안치단),상기자 외,"1,800,000 원"
425,금오영당 납골당,관리비,1구당(15년),"75,000 원"
426,봉인사청림공원(봉안탑) 납골당,봉안탑 연립2기,관리비 4년원/년,"7,000,000 원"
426,봉인사청림공원(봉안탑) 납골당,봉안탑 2기,관리비 5년원/년,"12,000,000 원"
426,봉인사청림공원(봉안탑) 납골당,봉안탑 4기,관리비 5년원/년,"15,000,000 원"
426,봉인사청림공원(봉안탑) 납골당,봉안탑 8기,관리비 6년원/년,"17,000,000 원"
426,봉인사청림공원(봉안탑) 납골당,봉안탑 12기,관리비 7년원/년,"25,000,000 원"
426,봉인사청림공원(봉안탑) 납골당,봉안탑 16기,관리비 7년원/년,"20,000,000 원"
426,봉인사청림공원(봉안탑) 납골당,봉안탑 24기,관리비 8년원/년,"35,000,000 원"
427,다래원(무지개추모공원) 납골당,"개인2,8단",영구안치,"2,000,000 원"
427,다래원(무지개추모공원) 납골당,개인2단,영구안치,"2,500,000 원"
427,다래원(무지개추모공원) 납골당,"개인3,7단",영구안치,"3,000,000 원"
427,다래원(무지개추모공원) 납골당,"개인4,6단",영구안치,"4,000,000 원"
427,다래원(무지개추모공원) 납골당,개인5단,영구안치,"4,500,000 원"
427,다래원(무지개추모공원) 납골당,개인1단,영구안치,"1,500,000 원"
428,전주추모관 납골당,사용료,1칸,"2,000,000 원"
428,전주추모관 납골당,사용료,1칸,"3,000,000 원"
428,전주추모관 납골당,관리비(10년분 선납),1년,"50,000 원"
428,전주추모관 납골당,관리비(10년분 선납),1년,"50,000 원"
429,가톨릭 군위묘원 성모의 정원 납골당,(개인단)사용료,사용기간 영구,"4,000,000 원"
429,가톨릭 군위묘원 성모의 정원 납골당,(부부단)사용료,사용기간 영구,"7,000,000 원"
429,가톨릭 군위묘원 성모의 정원 납골당,(가족단)사용료,사용기간 영구,"7,000,000 원"
429,가톨릭 군위묘원 성모의 정원 납골당,"(개인단,부부단)관리비","30년분, 1위당","1,000,000 원"
429,가톨릭 군위묘원 성모의 정원 납골당,(가족단)관리비,사용료에 30년분 관리비 포함됨,0
430,해운 구암사 봉안당 납골당,납골봉안료/ 일반단,1위- 90만원부터 150만원,90 원
430,해운 구암사 봉안당 납골당,납골봉안료/ 고급단,1위- 150만원부터 250만원,150 원
430,해운 구암사 봉안당 납골당,납골봉안료/ 문수단,1위- 200만원부터 400만원,200 원
430,해운 구암사 봉안당 납골당,납골봉안료/ 특별단,1위- 400만원부터 600만원,400 원
430,해운 구암사 봉안당 납골당,납골봉안료/ 문수단,2위- 400만원부터 800만원,400 원
430,해운 구암사 봉안당 납골당,납골봉안료/ 특별단,"2위-800만원부터 1,000만원",800 원
431,금산군공설봉안당 납골당,사용료,유연,"100,000 원"
431,금산군공설봉안당 납골당,관리비,유연,"50,000 원"
431,금산군공설봉안당 납골당,"사용료-수급자, 보훈, 유공자",유연,"100,000 원"
431,금산군공설봉안당 납골당,사용료,무연,"50,000 원"
431,금산군공설봉안당 납골당,관리비,무연,"25,000 원"
431,금산군공설봉안당 납골당,사용료,유연(관외자),"200,000 원"
432,강남구추모의집 납골당,"안치료(최초, 15년)","국가유공자, 독립유공자, 국민기초생활보장수급자","50,000 원"
432,강남구추모의집 납골당,"안치료(최초, 15년)",일반주민(강남구에 주민등록을 둔 자 및 배우자),"200,000 원"
432,강남구추모의집 납골당,"안치료(최초, 15년)",일반주민(강남구에 주민등록을 둔 자의 직계 존·비속),"300,000 원"
432,강남구추모의집 납골당,연장시 안치료(매5년),"국가유공자, 독립유공자, 국민기초생활보장수급자","20,000 원"
432,강남구추모의집 납골당,연장시 안치료(매5년),일반주민,"70,000 원"
432,강남구추모의집 납골당,관리비,"1년에 30,000원×15년","450,000 원"
433,북한강공원 납골당,사용료(봉안묘),석물(위수별),"2,500,000 원"
433,북한강공원 납골당,사용료(봉안묘),토지( m2),"365,000 원"
433,북한강공원 납골당,사용료(추모단),봉안묘(기수별),"4,600,000 원"
433,북한강공원 납골당,관리비(봉안묘),토지(m2),"55,000 원"
433,북한강공원 납골당,관리비(추모단),기수별,"50,000 원"
434,천안추모공원 봉안시설 납골당,사용료(개인단),관내(15년),"300,000 원"
434,천안추모공원 봉안시설 납골당,사용료(부부단),관내(15년),"400,000 원"
434,천안추모공원 봉안시설 납골당,사용료(개인단),관외(15년),"1,000,000 원"
434,천안추모공원 봉안시설 납골당,사용료(무연묘),관내(5년),"50,000 원"
434,천안추모공원 봉안시설 납골당,사용료(무연고),관내(10년),"100,000 원"
435,정명각 납골당,관리비,1구당,"30,000 원"
435,정명각 납골당,관리비,"기초생활수급자, 독립유공자 및 가족 무료",0
435,정명각 납골당,사용료,1구당,"88,000 원"
435,정명각 납골당,사용료,기초생활수급자,0
435,정명각 납골당,사용료,독립유공자 및 가족 무료,"44,000 원"
436,함안군공설봉안당 납골당,일반(관내),최초 15년 사용료,"200,000 원"
436,함안군공설봉안당 납골당,일반(관외),최초 15년 사용료,"600,000 원"
436,함안군공설봉안당 납골당,일반(관내),연장 15년 사용료,"200,000 원"
436,함안군공설봉안당 납골당,일반(관외),연장 15년 사용료,"600,000 원"
436,함안군공설봉안당 납골당,무연고,10년,"200,000 원"
437,대선불교조계종 삼광사 납골당,봉안당,1층,"1,500,000 원"
437,대선불교조계종 삼광사 납골당,봉안당,"2, 8, 9층","2,000,000 원"
437,대선불교조계종 삼광사 납골당,봉안당,"3,4,5,6,7층","2,500,000 원"
437,대선불교조계종 삼광사 납골당,봉안당,10층,"1,000,000 원"
437,대선불교조계종 삼광사 납골당,※ 부부단은 개인단의 2배,※ 기간: 50년  ※ 관리비: 년 3만원,0
438,청솔공원 영생의집 납골당,봉안당(단장),관내(6월이상 거주),"401,000 원"
438,청솔공원 영생의집 납골당,봉안당(합장),관내,"803,000 원"
438,청솔공원 영생의집 납골당,봉안당,무연,"267,000 원"
438,청솔공원 영생의집 납골당,"봉안당(단장,합장)","관내(수급권자,국가유공자)",0
439,창원시립마산영생원 납골당,유연유골(관내),1구/15년,"170,000 원"
439,창원시립마산영생원 납골당,유연유골(관외),1구/15년,"1,000,000 원"
439,창원시립마산영생원 납골당,무연유골(관내),1구/10년,"90,000 원"
439,창원시립마산영생원 납골당,무연유골(관외),1구/10년,"300,000 원"
440,본향원 납골당,관내 사용료,"15년 이용, 2회연장 가능, 산청군 관내 주민(1년이상)","100,000 원"
440,본향원 납골당,관내 관리비,"15년 이용, 2회연장 가능, 산청군 관내 주민(1년이상)","75,000 원"
440,본향원 납골당,관외 사용료,"15년 이용, 2회연장 가능, 관외는 사용상 지장이 없는 범위 내","600,000 원"
440,본향원 납골당,관외 관리비,"15년 이용, 2회연장 가능, 관외는 사용상 지장이 없는 범위 내","75,000 원"
441,영광사불지원 납골당,사용료(관내.외 동일),개인단(15년),"700,000 원"
441,영광사불지원 납골당,관리비(관내.외 동일),개인단(15년),"300,000 원"
441,영광사불지원 납골당,사용료(관내.외 동일),부부단(15년),"1,400,000 원"
441,영광사불지원 납골당,관리비(관내.외 동일),부부단(15년),"600,000 원"
442,평택시립추모관 납골당,개인단(관내),기본 15년 사용 가능. 3회연장가능,"527,000 원"
442,평택시립추모관 납골당,부부단(관내),"기본 15년 사용 가능, 3회연장가능","790,000 원"
442,평택시립추모관 납골당,개인단(관외),자녀가 1년이상 평택에 거주하신분,"790,000 원"
442,평택시립추모관 납골당,부부단(관외),자녀가 1년이상 평택에 거주하신분,"1,185,000 원"
443,광천사 봉안당 납골당,관리비(년2만원),개인단,"3,000,000 원"
443,광천사 봉안당 납골당,관리비(년2만원),개인단,"3,500,000 원"
443,광천사 봉안당 납골당,관리비(년2만원),개인단,"3,000,000 원"
443,광천사 봉안당 납골당,관리비(년2만원),부부단,"6,000,000 원"
444,창원시립진해천자원 납골당,시설이용료 및 관리비,최초안치 15년 관내,"120,000 원"
444,창원시립진해천자원 납골당,시설이용료 및 관리비,최초안치 15년 관외,"50,000 원"
444,창원시립진해천자원 납골당,수급자 및 국가 유공자,관내 관외,0
444,창원시립진해천자원 납골당,개인단,관내,"170,000 원"
445,속초시공설봉안묘 납골당,봉안묘이용료,개인단(관내),"810,000 원"
445,속초시공설봉안묘 납골당,봉안묘이용료,개인단(관외),"1,215,000 원"
445,속초시공설봉안묘 납골당,봉안묘이용료,부부단(관내),"1,170,000 원"
445,속초시공설봉안묘 납골당,봉안묘이용료,부부단(관외),"1,755,000 원"
446,대한불교관음종불문사 납골당,단기(10년),,"465,000 원"
446,대한불교관음종불문사 납골당,영구,,"1,500,000 원"
446,대한불교관음종불문사 납골당,영구,,"2,000,000 원"
446,대한불교관음종불문사 납골당,영구,,"2,500,000 원"
447,남해추모누리 안락원 납골당,사용료,사용자격:남해군민 사용기간:30년 1회연장가능,"160,000 원"
447,남해추모누리 안락원 납골당,관리비,사용자격:남해군민 관리기간:30년 1회연장가능,"300,000 원"
447,남해추모누리 안락원 납골당,사용료,사용자격:타지역민 사용기간:30년 1회연장가능,"480,000 원"
447,남해추모누리 안락원 납골당,관리비,사용자격:타지역민 관리기간:30년 1회연장가능,"900,000 원"
448,영세장 납골당,관내,"사용료, 15년 이용가능 3회 연장가능","120,000 원"
448,영세장 납골당,관내,"관리비, 15년 이용가능 3회 연장가능","60,000 원"
448,영세장 납골당,관외,"사용료, 15년 이용가능 3회 연장가능","430,000 원"
448,영세장 납골당,관외,"관리비, 15년 이용가능 3회 연장가능","60,000 원"
449,가톨릭 군위묘원 납골당 납골당,사용료(구 안치단),사용기간 30년 (비신자 20만원 추가),"800,000 원"
449,가톨릭 군위묘원 납골당 납골당,사용료(신 안치단),사용기간 30년,"1,800,000 원"
449,가톨릭 군위묘원 납골당 납골당,"관리비(신, 구 안치단 동일)",30년분,"500,000 원"
450,목포추모공원 추모의집 납골당,기존 안치자 연장(목포시거주자),안치기간 : 15년(1회 연장),"100,000 원"
450,목포추모공원 추모의집 납골당,기존 안치자 연장(관외),안치기간 : 15년(1회 연장),"150,000 원"
450,목포추모공원 추모의집 납골당,무연고자 (목포시거주자),"안치기간 : 10년, 연장 1회 가능","70,000 원"
450,목포추모공원 추모의집 납골당,무연고자(관외),"안치기간 : 10년, 연장 1회 가능","105,000 원"
451,함양군구룡공설공원묘지 봉안탑 납골당,"봉안탑 사용료(관내), 15년간",사용료(관내),"50,000 원"
451,함양군구룡공설공원묘지 봉안탑 납골당,"봉안탑 관리비(관내), 15년간",관리비(관내),"75,000 원"
451,함양군구룡공설공원묘지 봉안탑 납골당,"봉안탑 사용료(관외), 15년간",사용료(관외),"100,000 원"
451,함양군구룡공설공원묘지 봉안탑 납골당,"봉안탑 관리비(관외), 15년간",관리비(관외),"75,000 원"
452,옥천군봉안당 선화원 납골당,"단장봉안 사용료,관리비",최초 15년,"175,000 원"
452,옥천군봉안당 선화원 납골당,"합장봉안 사용료,관리비",최초 15년,"275,000 원"
452,옥천군봉안당 선화원 납골당,"무연봉안 사용료,관리비",10년,"80,000 원"
452,옥천군봉안당 선화원 납골당,"공설묘지 사용료,관리비",최초 15년,"300,000 원"
453,만월사 납골당,사용료,개인(평생),"5,000,000 원"
453,만월사 납골당,관리비,직접관리(벌초),0
453,만월사 납골당,관리비,개인 / 년간,"50,000 원"
453,만월사 납골당,관리비,부부 1년,"80,000 원"
454,보현 납골공원 납골당,합동2기,가족(부부)를 모실수있습니다.,"2,000,000 원"
454,보현 납골공원 납골당,가족납골탑,12~16기(탑형),"15,000,000 원"
454,보현 납골공원 납골당,가족납골탑,12~16기(부도형),"18,000,000 원"
454,보현 납골공원 납골당,가족납골탑,32기(아치형),"28,000,000 원"
455,만어추모공원 봉안당 납골당,개인) 200만원 부터 - 450만원,1기.  관리비 : 3만원/1년   25cm*25cm,"2,000,000 원"
455,만어추모공원 봉안당 납골당,부부) 400만원 부터 - 900만원,2기. 관리비 : 5만원/1년  25cm*50cm,"4,000,000 원"
455,만어추모공원 봉안당 납골당,기간제15년 개인) 80만원 부터 - 200만원,기간제 15년 1기. 관리비 :3만원/1년 25cm*25cm,"800,000 원"
455,만어추모공원 봉안당 납골당,기간제15년 부부) 150만원 부터 - 400만원,.기간제 15년 2기. 관리비 : 5만원/1년 25cm*50cm,"1,500,000 원"
456,세종시추모의집 납골당,봉안당 사용료,유연고,"214,000 원"
456,세종시추모의집 납골당,봉안당 관리료,유연고,"73,000 원"
456,세종시추모의집 납골당,봉안당 사용료,무연고,"90,000 원"
456,세종시추모의집 납골당,봉안당 관리료,무연고,"48,000 원"
457,정수사 납골당,사용료(본관)-개인단,1단~9단(100만원~450만원)/관리비 1년    4만원 5년선납(20만원),"1,200,000 원"
457,정수사 납골당,사용료(본관)-부부단,1단~9단(200만원~800만원)/관리비 1년    6만원 5년선납(30만원),"2,300,000 원"
457,정수사 납골당,사용료(신관)-개인단,1단~7단(200만원~550만원)/관리비 1년    4만원 5년선납(20만원),"2,200,000 원"
457,정수사 납골당,사용료(신관)-부부단,1단~7단(400만원~1.100만원)/관리비 1년 6만원 5년선납(30만원),"4,300,000 원"
458,흑석동성당 평화의쉼터 납골당,봉헌금,,"8,000,000 원"
458,흑석동성당 평화의쉼터 납골당,관리비 10년,,"500,000 원"
458,흑석동성당 평화의쉼터 납골당,봉헌금,,"13,000,000 원"
458,흑석동성당 평화의쉼터 납골당,관리비 10년,,"1,000,000 원"
459,금화추모관 납골당,난초실(1단~8단) 안치비용,"600,000원~1,000,000원(15년)","600,000 원"
459,금화추모관 납골당,난초실(1단~8단) 안치비용,"1,500,000원~2,800,000원(영구)","1,500,000 원"
459,금화추모관 납골당,매화실(1단~7단) 안치비용,"2,500,000원~3,000,000원(영구)","2,000,000 원"
459,금화추모관 납골당,매화특별단(1단~7단) 안치비용,"2,500,000원~3,500,000원(영구)","2,500,000 원"
460,대한불교조계종 대관음사 납골당,사용료,개인단(1단~2단),"4,500,000 원"
460,대한불교조계종 대관음사 납골당,사용료,개인단(3단~7단),"5,500,000 원"
460,대한불교조계종 대관음사 납골당,사용료,개인단(8단~11단),"4,500,000 원"
460,대한불교조계종 대관음사 납골당,관리비,1년,"50,000 원"
461,상락향 극락전 납골당,일반단 사용료,30년,"3,000,000 원"
461,상락향 극락전 납골당,일반단 관리비,1년,"50,000 원"
461,상락향 극락전 납골당,특별단 사용료,30년,"5,000,000 원"
461,상락향 극락전 납골당,특별단 관리비,1년,"50,000 원"
462,아산시공설봉안당 납골당,"300,000",개인단,"300,000 원"
462,아산시공설봉안당 납골당,"1,000,000(관외)",개인단,"1,000,000 원"
462,아산시공설봉안당 납골당,"500,000(관내)",부부단,"500,000 원"
462,아산시공설봉안당 납골당,"1,500,000(관외)",부부단,"1,500,000 원"
463,창녕군추모공원 납골당,사용료,관내 주민등록 또는 본적을 두고 있는 자 또는 그 직계혈족,"150,000 원"
463,창녕군추모공원 납골당,사용료,"국가/독립유공자, 기초생활수급자, 6.25 및 월남 참전용사",0
463,창녕군추모공원 납골당,사용료,"독립/국가유공자의 유족, 6.25 및 월남 참전용사의 배우자","75,000 원"
463,창녕군추모공원 납골당,사용료,"무연고 유골(관내:10년,연장불가)","100,000 원"
464,양양군봉안당 납골당,"사용료,관리비",개인(관내),"240,000 원"
464,양양군봉안당 납골당,"사용료,관리비",개인(관외),"400,000 원"
464,양양군봉안당 납골당,"사용료,관리비",부부(관내),"480,000 원"
464,양양군봉안당 납골당,"사용료,관리비",부부(관외),"800,000 원"
465,봉원사 납골당,"개인단1,2,3,4,5,6단","30년, 연장2회","5,000,000 원"
465,봉원사 납골당,"개인단7,8단","30년, 연장2회","4,000,000 원"
465,봉원사 납골당,"합장단 1,2,3,4,5,6단","30년, 연장2회","10,000,000 원"
465,봉원사 납골당,"합장단 7,8단","30년, 연장2회","8,000,000 원"
466,통영시공설봉안당 납골당,봉안사용료 및 관리비,최초 신청 15년(관내),"200,000 원"
466,통영시공설봉안당 납골당,봉안사용료 및 관리비,최초 신청 15년(관내 기초수급자),0
466,통영시공설봉안당 납골당,봉안사용료 및 관리비,무연 유골 10년(관내),"130,000 원"
467,일월사추모공원(봉안당) 납골당,A그룹,15년/관리비:3만원,"1,000,000 원"
467,일월사추모공원(봉안당) 납골당,B그룹,15년/관리비:3만원,"750,000 원"
467,일월사추모공원(봉안당) 납골당,C그룹,15년/관리비:3만원,"500,000 원"
468,영호추모공원 납골당,봉안료(유연),"15년/1위당, 년관리비별도","800,000 원"
468,영호추모공원 납골당,봉안료(유연),15년/1위당 년관리비별도,"1,600,000 원"
468,영호추모공원 납골당,봉안료(무연),10년/1위당,"200,000 원"
469,고창군추모의집 납골당,봉안당 사용료 및 관리비,봉안당 1기 사용(10년),"100,000 원"
469,고창군추모의집 납골당,처음 봉안할때 추가비용,"명찰, 꽃,액자 포함","50,000 원"
469,고창군추모의집 납골당,10년 마다 5회연장 가능,영장시 10만원 요금 발생,"100,000 원"
470,동두천시안흥동공설봉안시설 납골당,일반(사용료),"15년 기준, 3회 연장 가능","380,000 원"
470,동두천시안흥동공설봉안시설 납골당,일반(관리비),"15년 기준 , 3회 연장가능 관리비 15년 15만원","150,000 원"
470,동두천시안흥동공설봉안시설 납골당,각인비,15년 기준,"14,300 원"
471,지장정사 연화대 납골당,봉안당 안치료,1 기당,"550,000 원"
471,지장정사 연화대 납골당,관리비(1년),관리비,"10,000 원"
472,세계불교법왕청 납골당,봉안증서,,"4,000,000 원"
473,미륵불교 봉안당 납골당,사용료,300mm*100mm*165mm,0
473,미륵불교 봉안당 납골당,관리비,300mm*100mm*165mm,0
473,미륵불교 봉안당 납골당,기타,명절 합동제사비용,"100,000 원"
474,매화원 납골당,사용료 및 관리비,관내 15년,"200,000 원"
474,매화원 납골당,사용료 및 관리비,수급자,0
475,낙산추모의집 납골당,일반,30년 이용 가능,"200,000 원"
475,낙산추모의집 납골당,"기초생활수급자,국가유공자",30년 이용 가능,"100,000 원"
476,상락향 봉안탑 납골당,1인기사용료,30년,"3,000,000 원"
476,상락향 봉안탑 납골당,관리비,1년,"50,000 원"
477,조양공원납골당 납골당,사용료,평당,"550,000 원"
477,조양공원납골당 납골당,관리비,평당,"8,000 원"
478,성북구추모의집 납골당,15년,15년 사용료 + 관리비,"800,000 원"
478,성북구추모의집 납골당,5년 연장시(3회 연장 가능),5년 사용료 + 관리비,"270,000 원"
479,김해하늘공원(봉안) 납골당,없음,없음,없음
480,칠곡군공설봉안당 납골당,사용료,1구,"6,000 원"
480,칠곡군공설봉안당 납골당,관리비,1구/년,"7,000 원"
481,김해추모의집 제1봉안당 납골당,사용료 및 관리비,최초신청시 15년(관내),"250,000 원"
481,김해추모의집 제1봉안당 납골당,사용료 및 관리비,"유공자, 수급자, 장애자1.2급(관내)","125,000 원"
482,하늘내리 보금자리(가족) 납골당,가족단( 8기),"사용료   800만원, 관리비 300만원/15년","11,000,000 원"
482,하늘내리 보금자리(가족) 납골당,가족단(12기),"사용료 1,200만원, 관리비 300만원/15년","15,000,000 원"
483,봉은사(봉안당) 납골당,봉안당안치,미타R6-11,"5,400,000 원"
483,봉은사(봉안당) 납골당,봉안당관리비,2위,"1,000,000 원"
484,하늘내린 휴공원(부부) 납골당,부부단(관내),"사용료  40만원, 관리비 20만원/15년","600,000 원"
484,하늘내린 휴공원(부부) 납골당,부부단(관외),"사용료 140만원, 관리비 60만원/15년","2,000,000 원"
485,대전교구천주교회유지재단성환묘원 납골당,사용료,영구사용,"3,500,000 원"
485,대전교구천주교회유지재단성환묘원 납골당,관리비,20년간,"500,000 원"
486,하늘의문(천주교 신곡2동성당) 납골당,시설이용,봉헌금,0
486,하늘의문(천주교 신곡2동성당) 납골당,관리비,15년(부부단 2위중 선 봉안일 기준),"1,000,000 원"
487,청운사봉안당 납골당,영구,22,200 원
487,청운사봉안당 납골당,15년,22,35 원
488,경주시공설봉안당 납골당,사용료,1구/10년,"48,000 원"
488,경주시공설봉안당 납골당,관리비,1구/10년,"52,000 원"
489,예은추모공원 납골당,봉안당 사용료,영구 사용 요금,"2,500,000 원"
489,예은추모공원 납골당,봉안당 사용료 (로얄단),영구 사용 요금,"3,000,000 원"
490,남원시승화당 납골당,승화당,관내,"100,000 원"
490,남원시승화당 납골당,승화당,관외,"200,000 원"
491,봉선사봉안당 납골당,1구 봉안 30년,기본단위 사용,"5,000,000 원"
491,봉선사봉안당 납골당,2구 봉안 30년,기본단위 사용,"8,000,000 원"
492,하늘내린 휴공원(개인) 납골당,개인단(관내),"사용료 20만원, 관리비10만원/15년","300,000 원"
492,하늘내린 휴공원(개인) 납골당,개인단(관외),"사용료 70만원, 관리비 30만원/15년","1,000,000 원"
493,가조공설공원묘지 봉안당 납골당,사용료,15년간,"100,000 원"
493,가조공설공원묘지 봉안당 납골당,관리비,15년간,"100,000 원"
494,연화납골당 납골당,납골당,,"2,000,000 원"
494,연화납골당 납골당,납골당,,"3,000,000 원"
495,김해추모의집 제2봉안당 납골당,사용료 및 관리비,최초신청시15년(관내),"250,000 원"
495,김해추모의집 제2봉안당 납골당,사용료 및 관리비,"유공자, 수급자, 장애자 1,2급(관내)","125,000 원"
496,안락공원추모당 납골당,사용료및관리비,최초 신청시 15년(관내),"200,000 원"
496,안락공원추모당 납골당,사용료및관리비,최초 신청시 15년(관외),"1,000,000 원"
497,에덴추모원 납골당,1~7단 가격 동일,관리비 1년 3만원,"2,000,000 원"
497,에덴추모원 납골당,1~7단 가격 동일,5년안치,"1,000,000 원"
498,대전교구천주교유지재단산내묘원 납골당,사용료,영구사용,"2,500,000 원"
498,대전교구천주교유지재단산내묘원 납골당,관리비,20년간,"500,000 원"
499,합천군 공설봉안담 납골당,사용료,최초15년(3회연장가능),"250,000 원"
499,합천군 공설봉안담 납골당,사용료,최초15년,"450,000 원"
500,청구공원납골당 납골당,사용료,평당,"500,000 원"
500,청구공원납골당 납골당,관리비,평당,"8,000 원"
501,대한불교조계종천룡사 납골당,유골함,30cm X 60cm,"4,000,000 원"
501,대한불교조계종천룡사 납골당,유골함,30cm X 30cm,"2,000,000 원"
502,의령군납골당 납골당,사용료,시설사용료,"300,000 원"
502,의령군납골당 납골당,관리비,관리비,"150,000 원"
503,신세계공원묘원 납골당,묘지사용료,평당가,"550,000 원"
503,신세계공원묘원 납골당,관리비,평당가(년),"9,000 원"
504,거창공설공원묘지 봉안당 납골당,봉안당 사용료,"이용자격: 해당읍 주민, 사용기간: 15년","100,000 원"
504,거창공설공원묘지 봉안당 납골당,봉안당 관리비,"이용자격: 해당읍 주민, 사용기간: 15년","100,000 원"
505,쌍용사봉안당 납골당,지장전내 영구보관,,"2,000,000 원"
505,쌍용사봉안당 납골당,지장전내 영구보관,,"3,000,000 원"
505,쌍용사봉안당 납골당,지장전내 영구보관,,"4,000,000 원"
505,쌍용사봉안당 납골당,지장전내 영구보관,,"5,000,000 원"
505,쌍용사봉안당 납골당,추모관내 영구보관,,"3,000,000 원"
505,쌍용사봉안당 납골당,추모관내 영구보관,,"4,000,000 원"
505,쌍용사봉안당 납골당,추모관내 영구보관,,"5,000,000 원"
506,가평군공설봉안묘(이곡리) 납골당,없음,없음,없음
507,종로구추모의집 납골당,관내 15년 사용,15년사용료+관리비,"800,000 원"
507,종로구추모의집 납골당,관외 15년 사용,15년 사용료+관리비,"800,000 원"
508,완주군공설봉안당 추모의집 납골당,사용료및관리비,"전주,완주 6개월이상 거주(계약자 또는 사망자), 10년 임대","100,000 원"
508,완주군공설봉안당 추모의집 납골당,사용료및관리비,기초생활수급권자 50%감면,"50,000 원"
509,대한불교 조계종 보륜사 봉안당 납골당,사용료,0.09m2  1회에 한함,"2,000,000 원"
509,대한불교 조계종 보륜사 봉안당 납골당,관리비,0.09m2  1회에 한함,"1,000,000 원"
510,평창군공설묘지(봉안) 납골당,봉안담,사용료,"166,000 원"
511,솔뫼공설묘지(가족봉안묘) 납골당,가족봉안묘,사용료:228만원 관리비:148만3천원 잔디값:19만원,"5,436,000 원"
512,어성정 납골당,일반,"30년, 1회 연장 가능","509,200 원"
513,상락향 가족봉안묘 납골당,만장/이용불가,,0
514,석문공설묘지(가족봉안묘) 납골당,사용료 및 괸리비,최초 신청시 15년 (관내),"3,399,000 원"
515,제1추모의 집 납골당,사용료 및 관리비,"10년 / 국가유공자(배우자), 수급자 외 사용제한","200,000 원"
516,꽃동네 봉안당 (추기경 정진석 센터) 납골당,꽃동네가족,,0
517,구파발성당 성요셉관 납골당,개인단(1단~6단),"사용료:300만원부터~ 사용기간:20년,1회연장가능, 자세한 사항:02-389-1501 문의","3,000,000 원"
518,천주교 아우구스띠노 수도회 납골당,"천주교 성직자, 수도자, 교우",봉헌금,0
519,군산시공설추모관 납골당,개인단(관내),15년 3회 연장가능,"100,000 원"
520,화천공설봉안당 납골당,개인,사용료(자세한사항 시설문의:033-249-2676),"250,000 원"
521,영명각(서천군 공설봉안당) 납골당,사용료 및 관리수수료(10년간),,"150,000 원"
522,성동구추모의집 납골당,15년 사용,15년사용료+관리비,"800,000 원"
523,노들하늘공원(동작구추모의집) 납골당,15년 사용,15년사용료+관리비,"800,000 원"
524,광진구추모의집 납골당,15년사용,15년사용료+관리비,"800,000 원"
525,익산시추모의집 납골당,개인단,최초 15년 사용 후 10년씩 3번 연장가능,"200,000 원"
526,상락향 사설봉안탑 납골당,만장/이용불가,,0
527,모란공원(봉안) 납골당,사용료,사용기간 : 10년,"1,800,000 원"
528,도봉구추모의집 납골당,15년사용,15년사용료+관리비,"800,000 원"
529,표선면봉안당 납골당,개인단,도내 2만원 도외5만원,"20,000 원"
530,안향정 납골당,일반,"30년 ,1회 연장 가능","268,700 원"
531,원흥사 납골탑 납골당,납골당 비용,,"4,000,000 원"
532,오봉사 납골당 납골당,납골단,목재,"2,000,000 원"
533,하늘문 납골당,납골당,30cm*30cm,"2,500,000 원"
534,제2추모의 집 납골당,사용료 및 관리비,"10년 / 국가유공자(배우자), 수급자 외 사용제한","200,000 원"
535,대호지공설묘지(가족봉안묘) 납골당,가족봉안묘,"사용료:1,786,000원/관리비:1,808,000원(30년)/잔디값:126,000","3,720,000 원"
536,대정읍봉안당 납골당,0원,2010년이후 만장,0
537,대승불교법왕종 한광사 납골당,없음,없음,없음
538,고성군장기공설봉안당 납골당,없음,없음,없음
539,구룡사 추모공원 봉안시설 납골당,없음,없음,없음
540,대한불교조계종대각회 납골당,없음,없음,없음
541,대한불교삼계종성불사 봉안당 납골당,없음,없음,없음
542,사단법인 성보사 (절) 납골당,없음,없음,없음
543,광양시공설봉안당 납골당,없음,없음,없음
544,인천교구 천주교회 납골당,없음,없음,없음
545,연천동막골추모관 납골당,없음,없음,없음
546,보은사납골당 납골당,없음,없음,없음
547,유모사 납골당,없음,없음,없음
548,베다니아의집 납골당,없음,없음,없음
549,유명 납골당,없음,없음,없음
550,사단법인 대승불교조계종봉안당 납골당,없음,없음,없음
551,창원무량사 납골당 납골당,없음,없음,없음
552,추모관천상의집 납골당,없음,없음,없음
553,우리추모공원 납골당,없음,없음,없음
554,안양공원묘원 납골당,없음,없음,없음
555,학천사 납골당,없음,없음,없음
556,대법륜사봉안당 납골당,없음,없음,없음
557,밀양성당 천상낙원 납골당,없음,없음,없음
558,새하늘공원 납골당,없음,없음,없음
559,한라산옥불사 납골당,없음,없음,없음
560,카톨릭공원묘원봉안당 납골당,없음,없음,없음
561,천주교원주교구유지재단 배론성지 납골당,없음,없음,없음
562,정토세계 납골당,없음,없음,없음
563,문빈정사 납골당,없음,없음,없음
564,천일추모공원 납골당,없음,없음,없음
565,묘통사 납골공원 납골당,없음,없음,없음
566,금성산사 납골당,없음,없음,없음
567,한국불교태고종세심사 납골당,없음,없음,없음
568,김천추모공원 납골당,1단,,"1,500,000 원"
568,김천추모공원 납골당,2단,,"2,000,000 원"
568,김천추모공원 납골당,3단,,"2,500,000 원"
568,김천추모공원 납골당,4단,,"3,000,000 원"
568,김천추모공원 납골당,5단,,"3,500,000 원"
568,김천추모공원 납골당,6단,,"3,000,000 원"
568,김천추모공원 납골당,7단,,"2,000,000 원"
568,김천추모공원 납골당,8단,,"1,500,000 원"
568,김천추모공원 납골당,9단,,"1,000,000 원"
569,청량교회 청량동산 납골당,없음,없음,없음
570,대한불교조계종 백련사 납골당,없음,없음,없음
571,대지공원납골당 납골당,없음,없음,없음
572,천주교황사평봉안묘 납골당,없음,없음,없음
573,아미티우스 납골당,없음,없음,없음
574,국원하늘정원 납골당,없음,없음,없음
575,대한불교 영평사 납골당,없음,없음,없음
576,연화추모관 납골당,없음,없음,없음
577,국립소록도병원 만령당 납골당,없음,없음,없음
578,대한불교조계종 천탑사(봉안당) 납골당,없음,없음,없음
579,법왕청추모관 납골당,없음,없음,없음
580,임마누엘장로교회천안노블랜드하늘공원 납골당,없음,없음,없음
581,소원사 납골당,없음,없음,없음
582,한국불교태고종세심사 납골당,없음,없음,없음
583,정선하늘터 납골당,없음,없음,없음
584,예다원 납골당,없음,없음,없음
585,대한불교 고당사재단 납골당,없음,없음,없음
586,효천공원 납골당,없음,없음,없음
587,남양공원봉안당 납골당,없음,없음,없음
588,불광사봉안당 납골당,없음,없음,없음
589,꽃동네 봉안묘(봉안담) 납골당,없음,없음,없음
590,양지공원제3추모의집 납골당,없음,없음,없음
591,보석교회 헤븐스 납골당,없음,없음,없음
592,석종사 납골당,없음,없음,없음
593,해인사고불암 납골당,없음,없음,없음
594,대한불교일붕선교종운계사 납골당,없음,없음,없음
595,안양사푸른공원 납골당,없음,없음,없음
596,우성봉안당 납골당,없음,없음,없음
597,한남공원묘원(봉안) 납골당,없음,없음,없음
598,정광사 납골당,없음,없음,없음
599,해원정사 납골당,없음,없음,없음
600,진목정성지 하늘원 납골당,없음,없음,없음
601,개원사 미타회 납골당,없음,없음,없음
602,존제산 일월사 정토원 납골당,없음,없음,없음
603,쌍용사봉안탑 납골당,봉안탑,소,"6,500,000 원"
603,쌍용사봉안탑 납골당,봉안탑,중,"7,500,000 원"
603,쌍용사봉안탑 납골당,봉안탑,대,"10,000,000 원"
604,설악 그리쉼 추모관 납골당,없음,없음,없음
605,지장선원 납골당,없음,없음,없음
606,무일선원봉안당 납골당,없음,없음,없음
607,밀알교회 CATACOMB 납골당,없음,없음,없음
608,순천시립추모공원 2봉안당 납골당,없음,없음,없음
609,원주제일감리교회(봉안) 납골당,없음,없음,없음
610,미래사 납골당,없음,없음,없음
611,아미타우스 납골당,없음,없음,없음
612,대한불교조계종 무일선원 납골당,없음,없음,없음
613,대한불교조계종육지장사 납골당,없음,없음,없음
614,갑곶순교성지 천국의 문 납골당,없음,없음,없음
615,이진암 안양원 납골당,없음,없음,없음
616,우성추모공원 납골당,없음,없음,없음
617,대한불교조계종 광덕사 납골당,없음,없음,없음
618,광주영락공원2봉안당 납골당,관내,"사용료:28만원, 관리비:4만원(15년단위, 최장 45년 사용)","320,000 원"
618,광주영락공원2봉안당 납골당,전라남도,"사용료:60만원, 관리비:4만원(15년단위, 최장 45년 사용)","640,000 원"
618,광주영락공원2봉안당 납골당,관외,"사용료:90만원, 관리비:4만원(15년단위, 최장 45년 사용)","940,000 원"
619,양평군공설봉안시설 납골당,없음,없음,없음
620,금곡장미공원납골당 납골당,없음,없음,없음
621,동산공원묘원 납골당,없음,없음,없음
622,대한불교조계종검단사 납골당,없음,없음,없음
623,대원사납골당 납골당,없음,없음,없음
624,노인요양원프란치스코의집 납골당,없음,없음,없음
625,조안공원 납골당,없음,없음,없음
626,금강사 납골당,없음,없음,없음
627,청송리제3공동묘지 납골당,없음,없음,없음
628,봉선사봉안당 납골당,없음,없음,없음
629,절두산순교성지 부활의집 납골당,없음,없음,없음
630,대한불교조계종 불광사 납골당,없음,없음,없음
631,봉갑사납골묘 납골당,없음,없음,없음
632,대한불교법화종 순선사 납골당,없음,없음,없음
633,청계원 납골당,없음,없음,없음
634,서동사 납골당,없음,없음,없음
635,한국불교달마종 납골당,없음,없음,없음
636,대원정사 봉안당 납골당,없음,없음,없음
637,태고종관음사봉안당 납골당,없음,없음,없음
638,천주교유지재단 천호성지 봉안당 납골당,없음,없음,없음
639,화원관광단지공설봉안당 납골당,없음,없음,없음
640,한국불교원각종장수사 납골당,없음,없음,없음
641,지장대사 극락전봉안당 납골당,없음,없음,없음
642,천주교소화묘원(봉안묘) 납골당,없음,없음,없음
643,서울시립승화원 추모의집 납골당,없음,없음,없음
644,대한불교조계종 화암사 납골당,없음,없음,없음
645,극락사추모공원 납골당,없음,없음,없음
646,양평군공설공원묘지봉안담 납골당,없음,없음,없음
647,남국선원봉안탑 납골당,없음,없음,없음
648,우도면봉안당 납골당,없음,없음,없음
649,대한불교원효정토종정토사 납골당,없음,없음,없음
650,선약사 납골당,없음,없음,없음
651,강릉공원묘원(봉안) 납골당,없음,없음,없음
652,낙원공원묘원,사용료,1평형 기준,"1,660,000 원"
652,낙원공원묘원,관리비,1평형/1년 기준,"20,000 원"
652,낙원공원묘원,사용료 반환,미사용 후 묘지 반환시 납부사용료 전액환불,0
652,낙원공원묘원,관리비 반환,남은 기간 월단위 계산 환불,0
653,울산공원묘원,사용료,1평/30년 기준,"3,900,000 원"
653,울산공원묘원,관리비,1평/1년 기준,"38,000 원"
653,울산공원묘원,사용료 반환,미사용 후 묘지 반환시 납부사용료 전액환불,0
653,울산공원묘원,관리비 반환,남은 기간 월단위 계산 환불,0
654,재)실로암공원묘원,묘지사용료,1평,"1,396,000 원"
654,재)실로암공원묘원,관리비,1평/1년,"16,000 원"
654,재)실로암공원묘원,반환기준과 방법,묘지사용료 : (설묘 후)반환하지 않음,0
654,재)실로암공원묘원,반환기준과 방법,관리비 : (설묘 후)년수로 계산하여 환급,0
655,진주내동공원묘원,묘지 사용료,1평기준,"750,000 원"
655,진주내동공원묘원,묘지 관리비,1평형/1년기준,"16,000 원"
655,진주내동공원묘원,시설물,2자상석,"250,000 원"
655,진주내동공원묘원,시설물,2.5자상석,"300,000 원"
655,진주내동공원묘원,시설물,3자상석,"900,000 원"
655,진주내동공원묘원,시설물,2.5자거비,"400,000 원"
655,진주내동공원묘원,시설물,3자거비,"450,000 원"
655,진주내동공원묘원,시설물,2.5자와비,"550,000 원"
655,진주내동공원묘원,시설물,3자와비,"900,000 원"
655,진주내동공원묘원,시설물,향로석세트,"500,000 원"
655,진주내동공원묘원,시설물,"걸방석,북석","100,000 원"
655,진주내동공원묘원,시설물,화병(1조),"100,000 원"
655,진주내동공원묘원,시설물,경계석(평당),"150,000 원"
655,진주내동공원묘원,둘레석,묘테,"300,000 원"
655,진주내동공원묘원,둘레석,2단둘레석,"1,500,000 원"
655,진주내동공원묘원,둘레석,민무늬,"2,196,000 원"
655,진주내동공원묘원,둘레석,아자형,"3,196,000 원"
655,진주내동공원묘원,둘레석,청룡백호,"4,196,000 원"
655,진주내동공원묘원,둘레석,구평장,"1,418,000 원"
655,진주내동공원묘원,둘레석,신평장,"2,518,000 원"
655,진주내동공원묘원,봉안당(일반실),일반단8단,"1,500,000 원"
655,진주내동공원묘원,봉안당(일반실),"일반단1,특별단8단","2,000,000 원"
655,진주내동공원묘원,봉안당(일반실),"일반단3단,7단,특별단1단,vip8단","3,000,000 원"
655,진주내동공원묘원,봉안당(일반실),"일반단4단,6단,특별단2단,7단,vip1단","4,000,000 원"
655,진주내동공원묘원,봉안당(일반실),"일반단5단,특별단3단,vip2단","5,000,000 원"
655,진주내동공원묘원,봉안당(일반실),"vip3단,7단","6,000,000 원"
655,진주내동공원묘원,봉안당(일반실),"특별단4단,6단,vip3단7단","7,000,000 원"
655,진주내동공원묘원,봉안당(일반실),vip6단,"8,000,000 원"
655,진주내동공원묘원,봉안당(일반실),"특별단5단,vip4단","9,000,000 원"
655,진주내동공원묘원,봉안당(일반실),vip5단,"10,000,000 원"
655,진주내동공원묘원,봉안당(특별실),일반단1단,"5,000,000 원"
655,진주내동공원묘원,봉안당(특별실),"일반단2단,6단","6,000,000 원"
655,진주내동공원묘원,봉안당(특별실),일반단3단5단,"7,000,000 원"
655,진주내동공원묘원,봉안당(특별실),일반단4단,"8,000,000 원"
655,진주내동공원묘원,봉안당(특별실),일반단7단,"4,000,000 원"
655,진주내동공원묘원,봉안당(특별실),특별단7단,"10,000,000 원"
655,진주내동공원묘원,봉안당(특별실),특별단6단,"11,000,000 원"
655,진주내동공원묘원,봉안당(특별실),특별단1단,"12,000,000 원"
655,진주내동공원묘원,봉안당(특별실),특별단5단,"13,000,000 원"
655,진주내동공원묘원,봉안당(특별실),"특별단2단,vip6단","14,000,000 원"
655,진주내동공원묘원,봉안당(특별실),"특별단3단,vip1단","15,000,000 원"
655,진주내동공원묘원,봉안당(특별실),"특별단4단,vip2단","16,000,000 원"
655,진주내동공원묘원,봉안당(특별실),"vip3단,5단","17,000,000 원"
655,진주내동공원묘원,봉안당(특별실),vip4단,"18,000,000 원"
655,진주내동공원묘원,봉안당 관리비,일반단,"50,000 원"
655,진주내동공원묘원,봉안당 관리비,"특별단,vip단","80,000 원"
655,진주내동공원묘원,설묘후 해지,반환비용 없음,0
655,진주내동공원묘원,설묘전 사용료(땅값),계약시 금액 70%로 환불,0
656,천안공원묘원(묘지),묘지사용료,1㎡,"332,900 원"
656,천안공원묘원(묘지),관리비,1㎡당 연간관리비,"6,600 원"
656,천안공원묘원(묘지),사용료반환기준(기사용묘역),반환금없음,0
656,천안공원묘원(묘지),사용료반환기준(미사용묘역),위약금없음(2003-05-13이전 체결계약),0
656,천안공원묘원(묘지),사용료반환기준(미사용묘역),사용료의 10% 위약금 공제(2003-05-13)이후 체결계약),0
656,천안공원묘원(묘지),관리비반환기준(기간관리자),미경과 잔여관리비 반환,0
656,천안공원묘원(묘지),관리비빈환기준(관리기금),예치된 관리기금 전액 반환,0
657,자하연 일산(묘지),"매장묘, 봉안묘",사용료(평당),"1,950,000 원"
657,자하연 일산(묘지),"매장묘, 봉안묘",1년 관리비(평당),"27,000 원"
657,자하연 일산(묘지),평장 2기 자연장,"사용료(3,900,000원,5년관리비270,000원)","12,500,000 원"
657,자하연 일산(묘지),평장 4기 자연장 (서향),"사용료(4,875,000원,5년관리비337,500원)","17,000,000 원"
657,자하연 일산(묘지),평장 4기 자연장 (동향),"사용료(4,875,000원,5년관리비337,500원)","16,000,000 원"
657,자하연 일산(묘지),봉안 2기 탑형,"사용료(5,850,000원,5년관리비405,000원)","12,500,000 원"
657,자하연 일산(묘지),봉안 2기 탑형,"사용료(5,850,000원,5년관리비405,000원)","14,500,000 원"
657,자하연 일산(묘지),봉안 4기 탑형,"사용료(5,850,000원,5년관리비405,000원)","14,500,000 원"
657,자하연 일산(묘지),봉안 4기 탑형,"사용료(5,850,000원,5년관리비405,000원)","16,500,000 원"
657,자하연 일산(묘지),평장 6기 자연장 (남향),"사용료(5,850,000원,5년관리비405,000원)","25,500,000 원"
657,자하연 일산(묘지),평장 6기 자연장 (북향),"사용료(5,850,000원,5년관리비405,000원)","21,500,000 원"
657,자하연 일산(묘지),봉안6위(자연장),"사용료(7,800,000원,5년관리비540,000원)","19,000,000 원"
657,자하연 일산(묘지),봉안6위(자연장),"사용료(5,850,000원,5년관리비405,000원)","17,000,000 원"
657,자하연 일산(묘지),봉안8위,"사용료(9,750,000원,5년관리비675,000원)","23,500,000 원"
657,자하연 일산(묘지),봉안8위,"사용료(9,750,000원,5년관리비675,000원)","24,500,000 원"
657,자하연 일산(묘지),봉안12위,"사용료(11,700,000원,5년관리비810,000원)","29,500,000 원"
657,자하연 일산(묘지),봉안담 개인단(1단),"사용료(150만원,5년관리비12만원)","2,000,000 원"
657,자하연 일산(묘지),봉안담 개인단(2단),"사용료(150만원,5년관리비12만원)","3,500,000 원"
657,자하연 일산(묘지),봉안담 개인단(3단),"사용료(150만원,5년관리비12만원)","4,000,000 원"
657,자하연 일산(묘지),봉안담 개인단(4단),"사용료(150만원,5년관리비12만원)","4,000,000 원"
657,자하연 일산(묘지),봉안담 개인단(5단),"사용료(150만원,5년관리비12만원)","3,500,000 원"
657,자하연 일산(묘지),봉안담 개인단(6단),"사용료(130만원,5년관리비12만원)","1,500,000 원"
657,자하연 일산(묘지),봉안담 부부단(1단),"사용료(150만원,5년관리비24만원)","3,500,000 원"
657,자하연 일산(묘지),봉안담 부부단(2단),"사용료(150만원,5년관리비24만원)","5,000,000 원"
657,자하연 일산(묘지),봉안담 부부단(3단),"사용료(150만원,5년관리비24만원)","6,500,000 원"
657,자하연 일산(묘지),봉안담 부부단(4단),"사용료(150만원,5년관리비24만원)","6,500,000 원"
657,자하연 일산(묘지),봉안담 부부단(5단),"사용료(150만원,5년관리비24만원)","5,000,000 원"
657,자하연 일산(묘지),봉안담 부부단(6단),"사용료(150만원,5년관리비24만원)","2,500,000 원"
657,자하연 일산(묘지),미사용 묘지 반환규정,"계약일로부터 1년미만 토시사용료 80%환급, 1년이상 5년미만 50%환급, 5년이상 10년미만 20%환급, 10년이상은 환급없음",0
657,자하연 일산(묘지),봉안 4기 탑형,"사용료(5,850,000원,5년관리비405,000원)","17,500,000 원"
657,자하연 일산(묘지),봉안8위,"사용료(11,700,000원,5년관리비810,000원)","25,500,000 원"
657,자하연 일산(묘지),매장묘(합장),"사용료(13,650,000원,5년관리비945,000원)","37,000,000 원"
657,자하연 일산(묘지),봉안16위,"사용료(13,650,000원,5년관리비945,000원)","35,000,000 원"
658,솥발산공원묘원,묘지임대사용료,3.3㎡ 묘지임대사용료,"1,400,000 원"
658,솥발산공원묘원,묘지공동관리비,3.3㎡ 년간공동관리비,"20,000 원"
658,솥발산공원묘원,사용료 환불 규정(권리증 발부일 기준),"1년이내 50%, 2년이내 40%, 3년이내 30%, 4년이내 20%, 5년이내 10%, 5년초과 0%",0
658,솥발산공원묘원,묘지공동관리비 환불 규정,관리비 잔여기간 일할계산 반환,0
658,솥발산공원묘원,매장작업비(인건비),"기본 작업비용(100만원~) ※경계석 설치,평탄작업 등 작업난이도(일수)에 따라 추가징수","1,000,000 원"
658,솥발산공원묘원,개장정리비(폐기물처리비),묘지형태에 따라 상이(40~50),"500,000 원"
659,화산추모공원(묘지),단장묘(6평형) 사용료,19.8㎡,"5,270,000 원"
659,화산추모공원(묘지),단장묘(6평형) 관리비,19.8㎡,"1,730,000 원"
659,화산추모공원(묘지),단장묘(6평형) 매장비,19.8㎡,"350,000 원"
659,화산추모공원(묘지),합장묘(9평형) 사용료,29.7㎡,"7,900,000 원"
659,화산추모공원(묘지),합장묘(9평형) 관리비,29.7㎡,"2,600,000 원"
659,화산추모공원(묘지),합장묘(9평형) 매장비,29.7㎡,"550,000 원"
659,화산추모공원(묘지),봉안묘6기(3평형) 사용료,9.9㎡,"2,630,000 원"
659,화산추모공원(묘지),봉안묘6기(3평형) 관리비,9.9㎡,"860,000 원"
659,화산추모공원(묘지),봉안묘12기(4.5평형)사용료,14.8㎡,"3,950,000 원"
659,화산추모공원(묘지),봉안묘12기(4.5평형)관리비,14.8㎡,"1,300,000 원"
659,화산추모공원(묘지),봉안묘12기(4.5평형)봉안비,14.8㎡,"220,000 원"
659,화산추모공원(묘지),봉안묘24기(6평형)사용료,19.8㎡,"5,270,000 원"
659,화산추모공원(묘지),봉안묘24기(6평형)관리비,19.8㎡,"1,730,000 원"
659,화산추모공원(묘지),봉안묘24기(6평형)봉안비,19.8㎡,"220,000 원"
659,화산추모공원(묘지),봉안묘36기(9평형)사용료,29.7㎡,"7,900,000 원"
659,화산추모공원(묘지),봉안묘36기(9평형)관리비,29.7㎡,"2,600,000 원"
659,화산추모공원(묘지),봉안묘36기(9평형)봉안비,29.7㎡,"220,000 원"
659,화산추모공원(묘지),봉안묘60기(15평형)사용료,49.5㎡,"13,180,000 원"
659,화산추모공원(묘지),봉안묘60기(15평형)관리비,49.5㎡,"4,340,000 원"
659,화산추모공원(묘지),봉안묘60기(15평형)봉안비,49.5㎡,"220,000 원"
660,서울공원묘원,매장묘(단분),"단분/묘지사용료:평당 200만원/매장작업비150만원포함/5년관리비포함/석물비별도/각자료별도/총계 14,100,000원","14,100,000 원"
660,서울공원묘원,매장묘(합장),"합장/묘지사용료:평당 200만원/매장작업비 150만원포함/5년관리비포함/석물비별도/각자료별도/총계 18,300,000원","18,300,000 원"
660,서울공원묘원,매장묘(쌍분),"쌍분/묘지사용료:평당 200만원/매장작업비 150만원포함/5년관리비포함/석물비별도/각자료별도/총계 22,500,000원","22,500,000 원"
660,서울공원묘원,봉안담(개인단)-1단,"봉안담(개인단)/1단 사용료 2,000,000원 / 5년관리비포함 / 총계 2,160,000원","2,160,000 원"
660,서울공원묘원,봉안담(개인단)-2단,"봉안담(개인단)/2단 사용료 3,000,000원/ 5년 관리비포함/ 총계 3,160,000원","3,160,000 원"
660,서울공원묘원,봉안담(개인단)-3단,"봉안담(개인단)/3단 사용료 4,000,000원/ 5년 관리비포함/ 총계 4,160,000원","4,160,000 원"
660,서울공원묘원,봉안담(개인단)-4단,"봉안담(개인단)/4단 사용료 5,100,000원/ 5년 관리비포함 / 총계 5,260,000원","5,260,000 원"
660,서울공원묘원,봉안담(개인단)-5단,"봉안담(개인단)/5단 사용료 5,600,000원/ 5년 관리비 포함/ 총계 5,760,000원","5,760,000 원"
660,서울공원묘원,봉안담(개인단)-6단,"봉안담(개인단)/6단 사용료 4,500,000원/ 5년 관리비포함/ 총계 4,660,000원","4,660,000 원"
660,서울공원묘원,봉안담(개인단)-7단,"봉안담(개인단)/7단 사용료 3,500,000원 / 5년 관리비포함/ 총계 3,660,000원","3,660,000 원"
660,서울공원묘원,봉안담(개인단)-8단,"봉안담(개인단)/8단 사용료 2,500,000원/ 5년 관리비포함/ 총계 2,660,000원","2,660,000 원"
660,서울공원묘원,봉안담(부부단)-1단,"봉안담(부부단)/1단 사용료 3,100,000원/ 5년관리비포함/ 총계 3,355,000원","3,355,000 원"
660,서울공원묘원,봉안담(부부단)-2단,"봉안담(부부단)/2단 사용료 5,200,000원 / 5년관리비포함/ 총계 5,455,000원","5,455,000 원"
660,서울공원묘원,봉안담(부부단)-3단,"봉안담(부부단)/3단 사용료 6,600,000원/ 5년 관리비포함/ 총계 6,855,000원","6,855,000 원"
660,서울공원묘원,봉안담(부부단)-4단,"봉안담(부부단)/4단 사용료 7,900,000원 /5년 관리비 포함/ 총계 8,155,000원","8,155,000 원"
660,서울공원묘원,봉안담(부부단)-5단,"봉안담(부부단)/5단 사용료 8,300,000원/ 5년 관리비포함/ 총계","8,555,000 원"
660,서울공원묘원,봉안담(부부단)-6단,"봉안담(부부단)/6단 사용료 7,300,000원 / 5년 관리비포함/ 총계","7,555,000 원"
660,서울공원묘원,봉안담(부부단)-7단,"봉안담(부부단)/7단 사용료 6,200,000원/ 5년 관리비포함/ 총계","6,455,000 원"
660,서울공원묘원,봉안담(부부단)-8단,"봉안담(부부단)/8단 사용료 4,100,000원/ 5년 관리비포함/총계 4,355,000원","4,355,000 원"
660,서울공원묘원,"매장묘,평장묘(계약평수에 따라 산정)관리비","평당관리비 : 20,000원/년 (물가상승률 등에 따라 인상될 수 있음)","20,000 원"
660,서울공원묘원,봉안담(개인단)관리비,"봉안담(개인단) 관리비 : 32,000원/년 (물가상승률 등에 따라 인상될 수 있음)","32,000 원"
660,서울공원묘원,봉안담(부부단)관리비,"봉안담(부부단) 관리비 : 51,000원/년 (물가상승률 등에 따라 인상될 수 있음)","51,000 원"
660,서울공원묘원,매장묘 사용료환불규정(설묘후),환불하지 않음,0
660,서울공원묘원,봉안당 사용료환불규정(안치전/안치후 동일),공정거래위원회 봉안시설 환불규정 요율에 의거하여 환불함(계약당시금액기준),0
660,서울공원묘원,관리비환불규정,계약일로 부터 사용기간 일할계산 후 환불함,0
660,서울공원묘원,평장2기-4기,"2기평장/묘지사용료:평당200만원/평장작업비: 50만원/석물비별도/5년관리비포함/각자비별도/ 총계 8,900,000원","8,900,000 원"
660,서울공원묘원,평장8기,"8기평장/묘지사용료:평당200만원/평장작업비 50만원/석물비별도/5년관리비포함/각자비별도/ 총계 13,100,000원","13,100,000 원"
661,모란공원,단장A(관내 거주자),A형(18m2)/사용료+관리비=계약시,"5,400,000 원"
661,모란공원,단장A(관내 거주자),A형(18m2)/석물+매장비=안장시,"2,216,000 원"
661,모란공원,단장A(3개월이상1년미만거주등록기준지인자),A형(18m2)/사용료+관리비=계약시,"9,900,000 원"
661,모란공원,단장A(3개월이상1년미만거주등록기준지인자),A형(18m2)/석물+매장비=안장시,"2,216,000 원"
661,모란공원,"단장A(3개월미만거주,관외자(기사용 신청자))",A형(18m2)/연장시 관리비,"3,600,000 원"
661,모란공원,단장B(관내 거주자),B형(25m2)/사용료+관리비=계약시,"7,500,000 원"
661,모란공원,단장B(관내 거주자),B형(25m2)/석물+매장비=안장시,"2,486,000 원"
661,모란공원,단장B(3개월이상1년미만거주등록기준지인자),B형(25m2)/사용료+관리비=계약시,"13,750,000 원"
661,모란공원,단장B(3개월이상1년미만거주등록기준지인자),B형(25m2)/석물+매장비=안장시,"2,486,000 원"
661,모란공원,"단장B(3개월미만거주,관외자(기사용 신청자))",B형(25m2)/연장시 관리비,"5,000,000 원"
661,모란공원,합장A(관내 거주자),합A형(30m2)/사용료+관리비=계약시,"9,000,000 원"
661,모란공원,합장A(관내 거주자),합A형(30m2)/석물+매장비=안장시,"2,810,000 원"
661,모란공원,합장A(3개월이상1년미만거주등록기준지인자),합A형(30m2)/사용료+관리비=계약시,"16,500,000 원"
661,모란공원,합장A(3개월이상1년미만거주등록기준지인자),합A형(30m2)/석물+매장비=안장시,"2,810,000 원"
661,모란공원,"합장A(3개월미만거주,관외자(기사용 신청자))",합A형(30m2)/연장시 관리비,"6,000,000 원"
661,모란공원,합장B(관내 거주자),합B형(36m2)/사용료+관리비=계약시,"10,800,000 원"
661,모란공원,합장B(관내 거주자),합B형(36m2)/석물+매장비=안장시,"2,810,000 원"
661,모란공원,합장B(3개월이상1년미만거주등록기준지인자),합B형(36m2)/사용료+관리비=계약시,"19,800,000 원"
661,모란공원,합장B(3개월이상1년미만거주등록기준지인자),합B형(36m2)/석물+매장비=안장시,"2,810,000 원"
661,모란공원,"합장B(3개월미만거주,관외자(기사용 신청자))",합B형(36m2)/연장시 관리비,"7,200,000 원"
661,모란공원,합장C(관내 거주자),합C형(42m2)/사용료+관리비=계약시,"12,600,000 원"
661,모란공원,합장C(관내 거주자),합C형(42m2)/석물+매장비=안장시,"2,810,000 원"
661,모란공원,합장C(3개월이상1년미만거주등록기준지인자),합C형(42m2)/사용료+관리비=계약시,"23,100,000 원"
661,모란공원,합장C(3개월이상1년미만거주등록기준지인자),합C형(42m2)/석물+매장비=안장시,"2,810,000 원"
661,모란공원,"합장C(3개월미만거주,관외자(기사용 신청자))",합C형(42m2)/연장시 관리비,"8,400,000 원"
662,함양하늘공원(묘지),매장묘 토지사용료,1기당,"4,500,000 원"
662,함양하늘공원(묘지),매장묘 관리비,1년,"130,000 원"
662,함양하늘공원(묘지),매장묘 안장비,1기당,"1,100,000 원"
662,함양하늘공원(묘지),평장묘 토지사용료,1기당,"1,570,000 원"
662,함양하늘공원(묘지),평장묘 관리비,1년,"43,000 원"
662,함양하늘공원(묘지),평장묘 안장비,1기당,"500,000 원"
662,함양하늘공원(묘지),수목장 토지사용료,1기당,"3,200,000 원"
662,함양하늘공원(묘지),수목장 관리비,1년,"100,000 원"
662,함양하늘공원(묘지),수목장 안장비,1기당,"500,000 원"
662,함양하늘공원(묘지),매장묘 조성비,1기당,"3,000,000 원"
662,함양하늘공원(묘지),평장묘 조성비,1기당,"1,600,000 원"
662,함양하늘공원(묘지),수목조성비,1기당,"1,600,000 원"
663,금릉공원묘원,묘지 사용료,㎡,"560,000 원"
663,금릉공원묘원,묘지 관리비,"㎡/1년, 15년 선납","5,151 원"
664,목련공원묘원,묘지 사용료,3.3㎡당,"1,100,000 원"
664,목련공원묘원,묘지 관리비,3.3㎡당,"18,000 원"
664,목련공원묘원,단장 (3평),"* 석물, 석물설치비, 묘지사용료, 5년관리비, 최초안치비가 포함된 금액입니다.","9,500,000 원"
664,목련공원묘원,합장 (5평),"* 석물, 석물설치비, 묘지사용료, 5년관리비, 최초안치비가 포함된 금액입니다.","16,200,000 원"
664,목련공원묘원,쌍묘 (6평),"* 석물, 석물설치비, 묘지사용료, 5년관리비, 최초안치비가 포함된 금액입니다.","16,800,000 원"
664,목련공원묘원,개인형 봉안묘 (0.5평),"* 석물, 석물설치비, 묘지사용료, 5년관리비, 최초안치비가 포함된 금액입니다.","5,400,000 원"
664,목련공원묘원,부부형 봉안묘 (1평),"* 석물, 석물설치비, 묘지사용료, 5년관리비, 최초안치비가 포함된 금액입니다.","8,000,000 원"
664,목련공원묘원,가족 4위형 (1.5평),"* 석물, 석물설치비, 묘지사용료, 5년관리비, 최초안치비가 포함된 금액입니다.","11,400,000 원"
664,목련공원묘원,가족 6위형 (3평),"* 석물, 석물설치비, 묘지사용료, 5년관리비, 최초안치비가 포함된 금액입니다.","13,800,000 원"
664,목련공원묘원,가족 12위형 (3평),"* 석물, 석물설치비, 묘지사용료, 5년관리비, 최초안치비가 포함된 금액입니다.","17,400,000 원"
664,목련공원묘원,가족 16위형 (4평),"* 석물, 석물설치비, 묘지사용료, 5년관리비, 최초안치비가 포함된 금액입니다.","19,800,000 원"
664,목련공원묘원,가족 24위형 (5평),"* 석물, 석물설치비, 묘지사용료, 5년관리비, 최초안치비가 포함된 금액입니다.","25,000,000 원"
664,목련공원묘원,문중 30위형 (10평),"* 석물, 석물설치비, 묘지사용료, 5년관리비, 최초안치비가 포함된 금액입니다.","45,000,000 원"
664,목련공원묘원,문중 40위형 (15평),"* 석물, 석물설치비, 묘지사용료, 5년관리비, 최초안치비가 포함된 금액입니다.","60,000,000 원"
664,목련공원묘원,개인형 봉안담 (3단~6단),"* 관리비용: 개인단 5년 130,000원","3,700,000 원"
664,목련공원묘원,부부형 봉안담 (3단~5단),"* 관리비용: 부부단 5년 220,000원","5,600,000 원"
664,목련공원묘원,복합형 단장 (5평),"* 석물, 석물설치비, 묘지사용료, 5년관리비, 최초안치비가 포함된 금액입니다.","19,000,000 원"
664,목련공원묘원,복합형 쌍묘 (10평),"* 석물, 석물설치비, 묘지사용료, 5년관리비, 최초안치비가 포함된 금액입니다.","29,000,000 원"
664,목련공원묘원,신규모델 부부 2위 '마음' (1.5평),"* 석물, 석물설치비, 묘지사용료, 5년관리비, 최초안치비가 포함된 금액입니다.","9,500,000 원"
664,목련공원묘원,신규모델 가족 8위 '투영' (5평),"* 석물, 석물설치비, 묘지사용료, 5년관리비, 최초안치비가 포함된 금액입니다.","25,000,000 원"
665,자하연 포천(묘지),"매장묘, 봉안묘",사용료(평당),"1,500,000 원"
665,자하연 포천(묘지),미사용 묘지 반환규정,1.계약일로부터 1년 미만 토지 사용료의80%환급. 1년이상 5년미만 50% 환급. 5년이상 10년미만 20%환급. 10년이상은 환급 없음.,0
665,자하연 포천(묘지),관리비,1년 관리비(평당),"25,000 원"
665,자하연 포천(묘지),단장묘(기존),"묘테, 비석, 상석, 화병, 작업비","5,920,000 원"
665,자하연 포천(묘지),합장묘(기존),"묘테, 비석, 상석, 화병, 작업비","6,888,000 원"
665,자하연 포천(묘지),단장묘(개나리특별단),"묘테, 비석, 상석, 화병, 작업비","7,420,000 원"
665,자하연 포천(묘지),합장묘(개나리특별단),"묘테, 비석, 상석, 화병, 작업비","9,388,000 원"
665,자하연 포천(묘지),단장묘(공원지구),"묘테, 비석, 상석, 화병, 작업비","10,250,000 원"
665,자하연 포천(묘지),합장묘(공원지구),"묘테, 비석, 상석, 화병, 작업비","15,388,000 원"
665,자하연 포천(묘지),봉안묘 1위,"봉안묘본체, 비석, 상석, 화병, 석물조립비","2,484,000 원"
665,자하연 포천(묘지),봉안묘 2위,"봉안묘본체, 비석, 상석, 화병, 석물조립비","3,452,000 원"
665,자하연 포천(묘지),봉안묘 4위,"봉안묘본체, 비석, 상석, 화병, 석물조립비","6,452,000 원"
665,자하연 포천(묘지),봉안묘 6위,"봉안묘본체, 비석, 상석, 화병, 석물조립비","7,552,000 원"
665,자하연 포천(묘지),봉안묘 8위(탑형),"봉안묘본체, 비석, 상석, 화병, 석물조립비","8,420,000 원"
665,자하연 포천(묘지),봉안묘 8위(와형),"봉안묘본체, 비석, 상석, 화병, 석물조립비","10,420,000 원"
665,자하연 포천(묘지),봉안묘 12위(탑형),"봉안묘본체, 비석, 상석, 화병, 석물조립비","9,388,000 원"
665,자하연 포천(묘지),봉안묘 12위(와형),"봉안묘본체, 비석, 상석, 화병, 석물조립비","10,888,000 원"
665,자하연 포천(묘지),봉안묘 16위(와형),"봉안묘본체, 비석, 상석, 화병, 석물조립비","14,388,000 원"
665,자하연 포천(묘지),봉안묘 24위(탑형),"봉안묘본체, 비석, 상석, 화병, 석물조립비","16,340,000 원"
666,풍산공원묘원,묘지사용료,㎡당,"222,122 원"
666,풍산공원묘원,연간 관리비,"㎡당 ,1년","5,364 원"
666,풍산공원묘원,단장형 사용료,"19.8㎡, 15년","4,398,000 원"
666,풍산공원묘원,단장형 재단운영관리비(15년),"19.8㎡, 15년","1,593,000 원"
666,풍산공원묘원,합장형 사용료,"23.1㎡, 15년","5,131,000 원"
666,풍산공원묘원,합장형 재단운영관리비(15년),"23.1㎡, 15년","1,858,500 원"
666,풍산공원묘원,합장형 사용료,"29.7㎡, 15년","6,597,000 원"
666,풍산공원묘원,합장형 재단운영관리비(15년),"29.7㎡, 15년","2,389,500 원"
666,풍산공원묘원,풍산특1호(52위),"49.5㎡, 사용료,15년관리비, 조경비, 방습공사,봉안석물","64,000,000 원"
666,풍산공원묘원,풍산특2호(36위),"39.6㎡, 사용료,15년관리비, 조경비, 방습공사,봉안석물","42,000,000 원"
666,풍산공원묘원,풍산1호(36위),"33㎡, 사용료,15년관리비, 조경비, 방습공사,봉안석물","33,000,000 원"
666,풍산공원묘원,풍산2호(36위),"33㎡, 사용료,15년관리비, 조경비, 방습공사,봉안석물","22,000,000 원"
666,풍산공원묘원,풍산3호(24위),"23.1㎡, 사용료,15년관리비, 조경비, 방습공사,봉안석물","16,000,000 원"
666,풍산공원묘원,풍산4호(12위),"16.5㎡, 사용료,15년관리비, 조경비, 방습공사,봉안석물","12,000,000 원"
666,풍산공원묘원,풍산5호(24위),"23.1㎡, 사용료,15년관리비, 조경비, 방습공사,봉안석물","17,000,000 원"
666,풍산공원묘원,풍산6호(8위),"13.2㎡, 사용료,15년관리비, 조경비, 방습공사,봉안석물","11,000,000 원"
666,풍산공원묘원,풍산7호(4위),"9.9㎡, 사용료,15년관리비, 조경비, 방습공사,봉안석물","8,000,000 원"
666,풍산공원묘원,풍산8호(2위),"6.6㎡, 사용료,15년관리비, 조경비, 방습공사,봉안석물","6,000,000 원"
667,대정공원묘원,묘지사용료,1평 기준,"510,000 원"
667,대정공원묘원,묘지관리비,1평 기준 (1년),"12,000 원"
668,삼척시 추모공원 묘지1.2단지,사용료 2평형 (6.75㎡),30년 사용료-1종 수급국가유공자,0
668,삼척시 추모공원 묘지1.2단지,사용료 2평형 (6.75㎡),30년 사용료,"572,000 원"
668,삼척시 추모공원 묘지1.2단지,관리비 2평형 (6.75㎡),30년 관리비,"480,000 원"
668,삼척시 추모공원 묘지1.2단지,관리비 2평형 (6.75㎡),30년 관리비-1종 수급국가유공자,0
668,삼척시 추모공원 묘지1.2단지,사용료 3평형 (9.9㎡),30년 사용료,"839,000 원"
668,삼척시 추모공원 묘지1.2단지,사용료 3평형 (9.9㎡),30년 사용료-1종 수급국가유공자,0
668,삼척시 추모공원 묘지1.2단지,관리비 3평형 (9.9㎡),30년 관리비,"720,000 원"
668,삼척시 추모공원 묘지1.2단지,관리비 3평형 (9.9㎡),30년 관리비-1종 수급국가유공자,0
668,삼척시 추모공원 묘지1.2단지,매장비 2평형 (6.75㎡),동절기.(하절기동절기 동일요금),"370,000 원"
668,삼척시 추모공원 묘지1.2단지,매장비 3평형 (9.9㎡),2구당              (  상 동   ),"740,000 원"
668,삼척시 추모공원 묘지1.2단지,매장비 3평형  (9.9㎡),1구당  (하절기동절기 동일요금),"370,000 원"
668,삼척시 추모공원 묘지1.2단지,석물비 2평형,오석,"1,118,000 원"
668,삼척시 추모공원 묘지1.2단지,석물비 3평형,오석,"1,160,000 원"
669,호정공원(묘지),묘지사용료,㎡,"681,000 원"
669,호정공원(묘지),관리비,㎡,"5,300 원"
669,호정공원(묘지),매장 1단,"묘지사용료, 석물비, 작업비 / 안장비 별도","14,500,000 원"
669,호정공원(묘지),매장 2단,"묘지사용료, 석물비, 작업비 / 안장비 별도","16,000,000 원"
669,호정공원(묘지),매장 특,"묘지사용료, 석물비, 작업비 / 안장비 별도","19,400,000 원"
670,한남공원묘원,"매장묘, 봉안묘",사용료(m2 ),"581,190 원"
670,한남공원묘원,관리비,년간 관리비(m2 ),"5,660 원"
671,동화경모공원(묘지),묘지사용료,평당,"1,100,000 원"
671,동화경모공원(묘지),묘지관리비,평당/년간,"12,467 원"
671,동화경모공원(묘지),매장료,매장/건당,"800,000 원"
671,동화경모공원(묘지),매장료 휴일추가비,매장/건당,"180,000 원"
671,동화경모공원(묘지),매장료 동시합장시,매장/동시합장시,"200,000 원"
672,진달래문화재단,묘지사용 관리비,평당(년),"21,000 원"
672,진달래문화재단,"단장형  set(3단소묘테,비석,상석,화병,향로)","6평 5년 관리비 포함,(각자비 별도)","18,630,000 원"
672,진달래문화재단,"합장형  set(4단대묘테,비석,상석,화병,향로)","8평 5년 관리비 포함,(각자비 별도)","25,840,000 원"
672,진달래문화재단,"쌍분형 set(비석,상석,화병,향로)","12평 5년 관리비 포함,(각자비 별도)","35,260,000 원"
672,진달래문화재단,"복합묘 2+16  set(비석,상석,화병,향로)","8평 5년 관리비 포함,(각자비 별도)","36,840,000 원"
672,진달래문화재단,"평장 6위 set(비석,상석,화병,향로)","6평 5년 관리비 포함,(각자비 별도)","16,630,000 원"
672,진달래문화재단,"평장 12위  set(비석,상석,화병,향로)","8평 5년 관리비 포함,(각자비 별도)","23,840,000 원"
672,진달래문화재단,"봉안묘 2위  set(비석,상석,화병,향로)","3평 5년 관리비 포함,(각자비 별도)","9,315,000 원"
672,진달래문화재단,"봉안묘 4위  set(비석,상석,화병,향로)","4평 5년 관리비 포함,(각자비 별도)","15,420,000 원"
672,진달래문화재단,"봉안묘 8위  set(비석,상석,화병,향로)","6평 5년 관리비 포함,(각자비 별도)","18,630,000 원"
672,진달래문화재단,"봉안묘 16위  set(비석,상석,화병,향로)","6평 5년 관리비 포함,(각자비 별도)","25,630,000 원"
672,진달래문화재단,"봉안묘 32위  set(비석,상석,화병,향로)","8평 5년 관리비 포함,(각자비 별도)","35,840,000 원"
673,용인공원(묘지),계단지,묘지조성에 대한 원가요소별 산정금액임.,"3,180,000 원"
673,용인공원(묘지),천명지,묘지조성에 대한 원가요소별 산정금액임.,"4,130,000 원"
673,용인공원(묘지),정담원,묘지조성에 대한 원가요소별 산정금액임.,"3,300,000 원"
673,용인공원(묘지),정명지,묘지조성에 대한 원가요소별 산정금액임.,"2,620,000 원"
673,용인공원(묘지),일반묘지,1년 평당 단가,"20,000 원"
673,용인공원(묘지),조경지,조경관리 대상 묘역 추가 조경관리비 청구,"20,000 원"
673,용인공원(묘지),사용료 환불 규정(설묘 전/약정일기준),"15일 이내 해지 요청시, 전액 환불",0
673,용인공원(묘지),사용료 환불 규정(설묘 전/약정일기준),"1년이내 50%, 2년이내 40%, 3년이내 30%, 4년이내 20%, 5년이내 10%, 5년초과 0%",0
673,용인공원(묘지),사용료 환불 규정(설묘 후),환급하지 않음,0
673,용인공원(묘지),관리비 환불 규정,"계약일로부터 사용기간 일할계산후, 환급",0
674,동해시하늘정원묘지,공설묘원 사용료(단장),이용자격:동해시민 사용기간:15년,"660,000 원"
674,동해시하늘정원묘지,공설묘원 관리비(단장),이용자격:동해시민 사용기간:15년,"240,000 원"
674,동해시하늘정원묘지,"공설묘원 매장비(단장,하절기)",이용자격:동해시민 사용기간:15년,"360,000 원"
674,동해시하늘정원묘지,"공설묘원 매장비(단장,동절기)",이용자격:동해시민 사용기간:15년,"400,000 원"
674,동해시하늘정원묘지,공설묘원 석물비(단장),이용자격:동해시민 사용기간:15년,"938,000 원"
674,동해시하늘정원묘지,공설묘원 사용료(합장),이용자격:동해시민 사용기간:15년,"960,000 원"
674,동해시하늘정원묘지,공설묘원 관리비(합장),이용자격:동해시민 사용기간:15년,"360,000 원"
674,동해시하늘정원묘지,"공설묘원 매장비(합장,하절기)",이용자격:동해시민 사용기간:15년,"360,000 원"
674,동해시하늘정원묘지,"공설묘원 매장비(합장,동절기)",이용자격:동해시민 사용기간:15년,"400,000 원"
674,동해시하늘정원묘지,공설묘원 석물비(합장),이용자격:동해시민 사용기간:15년,"1,060,000 원"
675,함안군공설추모공원,단장-추모공원 평장 사용료(관내),"1기당,최초15년","270,000 원"
675,함안군공설추모공원,단장-추모공원 평장 관리비(관내),"1기당,최초15년","100,000 원"
675,함안군공설추모공원,단장-추모공원 평장 사용료(관외),"1기당,최초15년","1,250,000 원"
675,함안군공설추모공원,단장-추모공원 평장 관리비(관외),"1기당,최초15년","300,000 원"
675,함안군공설추모공원,합장-추모공원 평장 사용료(관내+관내),"1기당, 최초15년","420,000 원"
675,함안군공설추모공원,합장-추모공원 평장 관리비(관내+관내),"1기당, 최초15년","200,000 원"
675,함안군공설추모공원,합장-추모공원 평장 사용료(관외+관외),"1기당, 최초15년","2,000,000 원"
675,함안군공설추모공원,합장-추모공원 평장 관리비(관외+관외),"1기당, 최초15년","600,000 원"
675,함안군공설추모공원,합장-추모공원 평장 사용료(관내+관외),"1기당, 최초15년","1,400,000 원"
675,함안군공설추모공원,합장-추모공원 평장 관리비(관내+관외),"1기당, 최초15년","400,000 원"
676,별그리다(THE HILL),토지사용료,단장형(10㎡),"7,700,000 원"
676,별그리다(THE HILL),토지사용료,합장형(15㎡),"11,550,000 원"
676,별그리다(THE HILL),관리비(단장형),"1년 기준(3,5년 선납시 할인율 적용)","144,000 원"
676,별그리다(THE HILL),관리비(합장형),"1년 기준(3,5년 선납시 할인율 적용)","216,000 원"
676,별그리다(THE HILL),석물설치비,단장형(10㎡)(상세금액 별도),"11,000,000 원"
676,별그리다(THE HILL),석물설치비,합장형(15㎡)(상세금액 별도),"14,300,000 원"
677,영모묘원,묘지,5㎡ / 45년간 사용/하단 묘지구역,"20,000,000 원"
677,영모묘원,묘지,5㎡ / 45년간 사용/상단 묘지구역,"15,000,000 원"
677,영모묘원,묘지,"10년(1년50,000원)","500,000 원"
677,영모묘원,자연장,30cm*30cm /표석없음/ 기간은 영구,"1,500,000 원"
677,영모묘원,묘지,부부합장묘  추가비용,"1,500,000 원"
677,영모묘원,반환기준과 방법,관리비 미경과분을 반환한다.,0
677,영모묘원,반환기준과 방법,사용한 묘는 영모묘원에 귀속되고 미사용한묘는 10% 공제후 반환한다.,0
678,남한강공원묘원(묘지),묘지사용료,3.3  m2,"1,318,000 원"
678,남한강공원묘원(묘지),묘지관리비,3.3  m2,"15,800 원"
679,(담양)광주구천주교공원묘원,묘지대,,"1,000,000 원"
679,(담양)광주구천주교공원묘원,관리비,20년,"400,000 원"
679,(담양)광주구천주교공원묘원,매장비,,"300,000 원"
679,(담양)광주구천주교공원묘원,비석대,와비,"400,000 원"
679,(담양)광주구천주교공원묘원,조경비,,"200,000 원"
679,(담양)광주구천주교공원묘원,조성비,,"800,000 원"
679,(담양)광주구천주교공원묘원,평장분묘1위형,30년,"4,000,000 원"
679,(담양)광주구천주교공원묘원,평장분묘2위형,30년,"7,000,000 원"
680,고성군공설묘지,일반분묘 사용료(단장),15년간,"447,870 원"
680,고성군공설묘지,일반분묘 사용료(단장),"15년간-기초수급자,국가유공자",0
680,고성군공설묘지,일반분묘 관리비(단장),15년간,"360,000 원"
680,고성군공설묘지,일반분묘 사용료(합장),15년간,"746,460 원"
680,고성군공설묘지,일반분묘 사용료(합장),"15년간-기초수급자,국가유공자",0
680,고성군공설묘지,일반분묘 관리비(합장),15년간,"600,000 원"
680,고성군공설묘지,봉안분묘 사용료,1.65㎡ (1.5 x 1.1),"74,640 원"
680,고성군공설묘지,봉안분묘 관리비,1.65㎡ (1.5 x 1.1),"60,000 원"
681,영종공설묘지,비조성묘지 사용료,비조성묘지 4.95㎡당,"3,600 원"
681,영종공설묘지,비조성묘지 관리비,비조성묘지 4.95㎡당,"17,800 원"
682,학명묘원,사용료,평당,"800,000 원"
682,학명묘원,관리비,평당,"12,000 원"
682,학명묘원,봉안묘,1기,"2,340,000 원"
682,학명묘원,봉안묘,2기,"5,200,000 원"
683,서라벌공원묘원,사용료,"287,374원/1㎡(950,000원/1평)","287,374 원"
683,서라벌공원묘원,관리비,"3,933원/1㎡(13,000원/1평)","3,933 원"
683,서라벌공원묘원,매장묘(일반 개인형/3평형),"둘레석. 오석표석, 상석, 꽃병, 향로","10,545,000 원"
683,서라벌공원묘원,봉안묘(일반 부부형/1.5평형),"둘레석. 오석표석, 상석, 꽃병, 향로","6,502,500 원"
683,서라벌공원묘원,자연장 평장묘(일반 개인형/1평형),"표석, 받침대, 꽃병","4,510,000 원"
683,서라벌공원묘원,분묘설치비,3.3㎡(1평)당,"400,000 원"
684,창원공원묘원(묘지),사용료,1평기준,"1,500,000 원"
684,창원공원묘원(묘지),관리비,1평/1년기준,"18,000 원"
685,대전추모공원(묘지),봉안(관내),1구당 / 15년 기한,"200,000 원"
685,대전추모공원(묘지),봉안(관외),1구당 / 15년 기한,"400,000 원"
685,대전추모공원(묘지),묘지(단장 재계약),1기당 / 15년 기한,"363,000 원"
685,대전추모공원(묘지),묘지(합장 재계약),1기당 / 15년 기한,"544,500 원"
685,대전추모공원(묘지),가족묘원(재계약),1기당 / 15년 기한,"550,000 원"
685,대전추모공원(묘지),가족묘원(관리비),1기당 / 5년단위,"516,000 원"
686,충현동산,묘지,사용료 없음,0
686,충현동산,관리비,관리비 없음,0
686,충현동산,"반환기준, 방법",해당 없음,0
687,여수시공설묘지공원,공설묘지사용료(일반시민),묘지1기당 6.61제곱m/30년,"540,000 원"
687,여수시공설묘지공원,공설묘지관리비(일반시민),묘지1기당 6.61제곱m/30년,"360,000 원"
687,여수시공설묘지공원,부대수수료(일반시민),묘지1기당 6.61제곱m/30년,"702,000 원"
687,여수시공설묘지공원,공설묘지사용료(특례자),묘지1기당 6.61제곱m/30년,"810,000 원"
687,여수시공설묘지공원,공설묘지관리비(특례자),묘지1기당 6.61제곱m/30년,"360,000 원"
687,여수시공설묘지공원,부대수수료(특례자),묘지1기당 6.61제곱m/30년,"702,000 원"
688,오창장미공원,사용료(단장),15년,"1,302,600 원"
688,오창장미공원,매장비(단장),15년,"158,900 원"
688,오창장미공원,관리비(단장),15년,"153,750 원"
688,오창장미공원,사용료(단장),15년,"1,762,350 원"
688,오창장미공원,매장비(단장),15년,"198,620 원"
688,오창장미공원,관리비(단장),15년,"208,200 원"
689,전주효자공원,사용료,최초 30년(기 사용허가를 받은자),"240,000 원"
689,전주효자공원,관리비,최초 30년(기 사용허가를 받은자),"160,000 원"
689,전주효자공원,사용료,5년 연장(1회에 한함),"40,000 원"
689,전주효자공원,관리비,5년 연장(1회에 한함),"27,000 원"
689,전주효자공원,매장 전 사용장소의 반환,납부한 금액의 반액,0
690,예래원(묘지),사용료(매장묘),㎡,"373,370 원"
690,예래원(묘지),관리비(매장묘),"㎡, 1년","7,670 원"
690,예래원(묘지),안치비(매장),회,"1,500,000 원"
691,현대공원2묘원,사용료,평당,"1,100,000 원"
691,현대공원2묘원,관리비,평당,"13,000 원"
692,현대공원1묘원,묘지사용료,평당,"1,100,000 원"
692,현대공원1묘원,관리비,평당,"13,000 원"
693,청솔공원,매장묘지(단장),관내(6월이상 거주),"2,506,000 원"
693,청솔공원,매장묘지(합장),관내(6월이상 거주),"3,141,000 원"
693,청솔공원,가족봉안당(12기),"관내(6월이상 거주), 추가안치시 신청인의 가족","4,491,000 원"
693,청솔공원,가족봉안매장묘(24기),"관내(6월이상 거주), 추가안치시 신청인의 가족","4,216,000 원"
694,춘천안식공원(묘지),묘지,단장1단,"3,619,280 원"
694,춘천안식공원(묘지),묘지,단장2단,"3,919,280 원"
694,춘천안식공원(묘지),묘지,합장1단,"4,878,420 원"
694,춘천안식공원(묘지),묘지,합장2단,"5,318,420 원"
695,인제종합장묘센터 하늘공원,매장묘역(단장)(최초15년 연장10년),관내 거주자에 한함,"3,000,000 원"
695,인제종합장묘센터 하늘공원,매장묘역(합장)(최초15년 연장10년),관내 거주자에 한함,"4,500,000 원"
695,인제종합장묘센터 하늘공원,매장묘역(단장)(최초15년 연장10년),관내 거주자에 한함,"750,000 원"
695,인제종합장묘센터 하늘공원,매장묘역(합장)(최초15년 연장10년),관내 거주자에 한함,"1,125,000 원"
696,청양군 추모공원(묘지),공설묘지 사용료(단장),30년 이용 1회연장 가능,"700,000 원"
696,청양군 추모공원(묘지),공설묘지 관리비(단장),30년 이용 1회연장 가능,"800,000 원"
696,청양군 추모공원(묘지),공설묘지 사용료(합장),30년 이용 1회연장 가능,"1,050,000 원"
696,청양군 추모공원(묘지),공설묘지 관리비(합장),30년 이용 1회연장 가능,"1,200,000 원"
697,자하연분당(묘지),"매장묘,봉안묘",사용료/㎡,"884,300 원"
697,자하연분당(묘지),371번지 신규조성 봉안묘 단지,사용료/㎡,"1,359,737 원"
697,자하연분당(묘지),"매장묘, 봉안묘",연간 관리비/㎡,"7,563 원"
697,자하연분당(묘지),미사용 묘지 반환규정,계약일로부터 1년 미만 토지 사용료의80%환급. 1년이상 5년미만 50% 환급. 5년이상 10년미만 20%환급. 10년이상은 환급 없음.,0
698,충주시공설묘지,묘지 사용료(단장),10m2/15년,"250,000 원"
698,충주시공설묘지,묘지 관리비(단장),10m2/15년,"300,000 원"
698,충주시공설묘지,묘지 사용료(합장),15m2/15년,"500,000 원"
698,충주시공설묘지,묘지 관리비(합장),15m2/15년,"300,000 원"
699,꽃빛공원(와동공설공원묘지),공설공원묘지/매장,6.6m2 이하(신규매장불가),"656,000 원"
699,꽃빛공원(와동공설공원묘지),공설공원묘지/무연분묘/매장,0.25m2 이하(신규매장불가),"108,000 원"
699,꽃빛공원(와동공설공원묘지),연장신청시/관내/공설공원묘지/매장,6.6m2 이하,"656,000 원"
699,꽃빛공원(와동공설공원묘지),연장신청시/관외/공설공원묘지/매장,6.6m2 이하,"1,312,000 원"
700,천주교용인공원묘원,사용료,매장비(문의031-334-0807),"600,000 원"
700,천주교용인공원묘원,관리비(영구관리 묘지),3.3㎡ (1평)/연간,"10,000 원"
700,천주교용인공원묘원,관리비(기간제관리 묘지),3.3㎡ (1평)/연간,"20,000 원"
701,자하연 팔당(묘지),"매장묘, 봉안묘",사용료(평당),"2,450,000 원"
701,자하연 팔당(묘지),"매장묘, 봉안묘",1년 관리비(평당),"27,000 원"
701,자하연 팔당(묘지),미사용 묘지 반환규정,"계약일로부터 1년 미만 토지 사용료의 80%환급, 1년이상 5년 미만 50%, 5년이상 10년미만 20%환급, 10년이상은 환급 없음",0
702,시안 가족추모공원(매장묘),없음,없음,없음
703,강릉공원묘원(묘지),묘지,1평,"18,358 원"
703,강릉공원묘원(묘지),묘지,1평(지구별로 상이 할 수 있음),"1,000,000 원"
703,강릉공원묘원(묘지),묘지,선납관리비 미도래부분은 해당년도 인상된 가격으로 로 정산함,0
704,낙원공원묘원,묘지사용료,평당가,"1,000,000 원"
704,낙원공원묘원,묘지관리비,평당가,"16,000 원"
705,삼성개발공원묘원(묘지),관리비,제곱미터당,"6,520 원"
705,삼성개발공원묘원(묘지),토지사용료,제곱미터당,"610,000 원"
706,갑향군립묘원(묘지),군립묘원 사용료,"묘지 1기(10m2), 30년","1,900,000 원"
706,갑향군립묘원(묘지),군립묘원 관리비,"묘지 1기(10m2), 30년","600,000 원"
707,천주교나자렛묘원,매장용 묘지,3.3m2,"1,500,000 원"
707,천주교나자렛묘원,매장용 묘지,3.3m2 /1년,"10,000 원"
708,백운공원묘원(제2묘지),묘지사용료,1평 기준,"480,000 원"
708,백운공원묘원(제2묘지),묘지관리비,1평 기준 (1년),"11,000 원"
709,선부동 공설묘지,공설묘지 사용료,6.6m2 이하,"161,000 원"
709,선부동 공설묘지,공설묘지 관리비,6.6m2이하,"27,000 원"
710,오룡군립묘원(묘지),군립묘원 사용료,"묘지 1기(10m2),30년","1,900,000 원"
710,오룡군립묘원(묘지),군립묘원 관리비,"묘지 1기(10m2), 30년","600,000 원"
711,용미리제2묘지,1993.12 만장(1998.8 매장 중단),조성묘지,0
711,용미리제2묘지,조성분묘 관리비(매5년마다),1제곱미터 당,"27,500 원"
712,운경공원묘원,사용료,평당,"1,320,000 원"
712,운경공원묘원,관리비,평당,"12,000 원"
713,평화공원,3.3m 사용료,,"750,000 원"
713,평화공원,3.3m관리비,1년,"20,000 원"
714,백운공원묘원(제1묘지),묘지사용료,1평기준,"480,000 원"
714,백운공원묘원(제1묘지),묘지관리비,1평기준(1년),"11,000 원"
715,부산영락공원묘지,사용료 및 관리비(부산시내),15년~45년,"300,000 원"
715,부산영락공원묘지,사용료 및 관리비(타시도),15년~45년,"600,000 원"
716,청주시목련공원묘지,분묘(단장),최초30년,"2,042,000 원"
716,청주시목련공원묘지,분묘(합장),최초30년,"2,648,000 원"
717,무궁화공원묘원,토지대,3.3제곱미터,"680,000 원"
717,무궁화공원묘원,관리비(년),3.3제곱미터,"15,000 원"
718,진달래공원묘원,사용료,3.3㎡/기본30년+연장가능,"900,000 원"
718,진달래공원묘원,관리비,3.3㎡/1년,"19,000 원"
719,광릉추모공원(묘지),사용료,"(평)1,200,000","363,630 원"
719,광릉추모공원(묘지),1년관리비,"(평)12,000","3,630 원"
720,대명공원묘원,묘지사용료,3.3m2,"900,000 원"
720,대명공원묘원,묘지관리비,3.3m2,"13,000 원"
721,용미리제1묘지,1991.5 만장(1998.8 매장 중단),조성/ 비조성(관리비 없음),0
721,용미리제1묘지,조성분묘 관리비(매5년마다),1제곱미터 당,"27,500 원"
722,인천가족공원 묘지,계단식 일반조성묘,3만원/1년 (10년 단위로 징수),"30,000 원"
722,인천가족공원 묘지,가족봉안묘,5만원/1년 (10년 단위로 징수),"50,000 원"
723,일산공원,매장,1위~6위,0
724,천주교도봉동묘원,사용료,"북한산국립공원지정 매,합장 금지",0
725,망우리묘지,1973.3 만장(1998.8 매장 중단),비조성(관리비 없음),0
726,청솔공원가족봉안묘,가족봉안묘,"사용료(841000),관리비15년(396000),석물비(2611000),석물설치비(460000)","4,308,000 원"
727,안양시청계공설묘지,시설사용료,납골평장 0.8㎡(80x100),"42,000 원"
728,의정부시공설묘지,공설묘지 사용료,"기준면적 5㎡, 15년 사용 기준","60,000 원"
729,우성공원묘원,없음,없음,없음
730,산곡동공설묘지,없음,없음,없음
731,청량리천주교묘지,없음,없음,없음
732,가평추모공원,없음,없음,없음
733,갑산공원묘원,없음,없음,없음
734,분당메모리얼파크,없음,없음,없음
735,선경공원묘원,없음,없음,없음
736,천주교제주교구묘지,없음,없음,없음
737,자일동공설묘지,없음,없음,없음
738,금곡장미공원,없음,없음,없음
739,삼덕공원묘원,묘지사용료,1평형,"950,000 원"
739,삼덕공원묘원,관리비,1평형 / 년간,"16,000 원"
739,삼덕공원묘원,기사용묘지,미경과 잔여관리비만 반환,0
739,삼덕공원묘원,2021년 11월 14일 이전 계약,계약당시 묘지사용료와 미경과 잔여 관리비만 환급,
739,삼덕공원묘원,2021년 11월 14일 이후 계약,"계약당시 묘지사용료에서 10%공제 후, 미경과 잔여관리비와 환급",
740,광림공원주식회사(동산추모공원),매장묘 단장(5단지),대지사용료,"7,938,000 원"
740,광림공원주식회사(동산추모공원),매장묘 단장(5단지),"석물(고급형 기준,석물종류에 따라 가격 변동)","4,608,000 원"
740,광림공원주식회사(동산추모공원),"매장묘 단장(6,7,9단지)",대지사용료,"8,299,000 원"
740,광림공원주식회사(동산추모공원),"매장묘 단장(6,7,9단지)","석물(고급형 기준,석물종류에 따라 가격 변동)","4,608,000 원"
740,광림공원주식회사(동산추모공원),매장묘 단장(11단지),대지사용료,"4,293,000 원"
740,광림공원주식회사(동산추모공원),매장묘 단장(11단지),"석물(고급형 기준,석물종류에 따라 가격 변동)","4,608,000 원"
740,광림공원주식회사(동산추모공원),매장묘 합장(5단지),대지사용료,"11,891,000 원"
740,광림공원주식회사(동산추모공원),매장묘 합장(5단지),"석물(고급형 기준,석물종류에 따라 가격 변동)","7,227,000 원"
740,광림공원주식회사(동산추모공원),"매장묘 합장(6,7,9단지)",대지사용료,"12,432,000 원"
740,광림공원주식회사(동산추모공원),"매장묘 합장(6,7,9단지)","석물(고급형 기준,석물종류에 따라 가격 변동)","7,227,000 원"
740,광림공원주식회사(동산추모공원),매장묘 합장(11단지),대지사용료,"6,431,000 원"
740,광림공원주식회사(동산추모공원),매장묘 합장(11단지),"석물(고급형 기준,석물종류에 따라 가격 변동)","7,227,000 원"
740,광림공원주식회사(동산추모공원),개인봉안묘(1위형 일반),대지사용료,"1,782,000 원"
740,광림공원주식회사(동산추모공원),개인봉안묘(1위형 일반),"석물(일반형 기준,석물종류에 따라 가격 변동)","1,442,000 원"
740,광림공원주식회사(동산추모공원),개인봉안묘(2위형 일반),대지사용료,"2,049,000 원"
740,광림공원주식회사(동산추모공원),개인봉안묘(2위형 일반),"석물(일반형 기준,석물종류에 따라 가격 변동)","2,570,000 원"
740,광림공원주식회사(동산추모공원),가족봉안묘(4위형),"대지사용료(6단지 기준, 단지별 사용료 변동)","5,342,000 원"
740,광림공원주식회사(동산추모공원),가족봉안묘(4위형),석물(고급형),"7,484,000 원"
740,광림공원주식회사(동산추모공원),가족봉안묘(6위형),대지사용료 및 석물료,"10,190,000 원"
740,광림공원주식회사(동산추모공원),가족봉안묘(8위형),"대지사용료(7단지 기준, 단지별 사용료 변동)","7,359,000 원"
740,광림공원주식회사(동산추모공원),가족봉안묘(8위형),석물(고급형),"8,574,000 원"
740,광림공원주식회사(동산추모공원),가족봉안묘(12위형),"대지사용료(7단지 기준, 단지별 사용료 변동)","7,359,000 원"
740,광림공원주식회사(동산추모공원),가족봉안묘(12위형),"석물(고급형 기준,석물종류에 따라 가격 변동)","12,813,000 원"
740,광림공원주식회사(동산추모공원),가족봉안묘(16위형),"대지사용료(7단지 기준, 단지별 사용료 변동)","11,350,000 원"
740,광림공원주식회사(동산추모공원),가족봉안묘(16위형),"석물(고급형 기준,석물종류에 따라 가격 변동)","13,921,000 원"
740,광림공원주식회사(동산추모공원),가족봉안묘(24위형),"대지사용료(7단지 기준, 단지별 사용료 변동)","11,350,000 원"
740,광림공원주식회사(동산추모공원),가족봉안묘(24위형),"석물(고급형 기준,석물종류에 따라 가격 변동)","15,511,000 원"
740,광림공원주식회사(동산추모공원),가족평장묘(8위형),"대지사용료(7단지 기준, 단지별 사용료 변동)","8,108,000 원"
740,광림공원주식회사(동산추모공원),가족평장묘(8위형),석물,"8,679,000 원"
740,광림공원주식회사(동산추모공원),가족평장묘(12위형),"대지사용료(7단지 기준, 단지별 사용료 변동)","11,350,000 원"
740,광림공원주식회사(동산추모공원),가족평장묘(12위형),석물,"12,509,000 원"
740,광림공원주식회사(동산추모공원),혼합묘(합장+16위형),"대지사용료(5단지 기준, 단지별 사용료 변동)","15,288,000 원"
740,광림공원주식회사(동산추모공원),혼합묘(합장+16위형),석물,"13,911,000 원"
740,광림공원주식회사(동산추모공원),봉안담(1위형),"사용료+석물(2,900,000원-6,800,000원)","2,900,000 원"
740,광림공원주식회사(동산추모공원),봉안담(2위형),"사용료+석물(4,200,000원-9,900,000원)","4,200,000 원"
740,광림공원주식회사(동산추모공원),수목장 부부형,사용료+추모목 등 기타비용,"7,781,000 원"
740,광림공원주식회사(동산추모공원),수목장 가족형(6위),사용료+추모목 등 기타비용,"14,500,000 원"
740,광림공원주식회사(동산추모공원),수목장 가족형(12위),사용료+추모목 등 기타비용,"22,582,000 원"
741,예산군추모공원,단장묘 사용료,예산군에 계속 3년이상 주민등록이 되어 있는 자,"1,419,000 원"
741,예산군추모공원,단장묘 사용료,"예산군 6월이상 3년미만 주민등록이 되어 있는자, 6월이상 등록기준지가 되어 있는자","3,618,000 원"
741,예산군추모공원,단장묘 관리비,예산군에 계속 3년이상 주민등록이 되어 있는 자,"552,000 원"
741,예산군추모공원,단장묘 관리비,"예산군 6월이상 3년미만 주민등록이 되어 있는자, 6월이상 등록기준지가 되어 있는자","1,407,000 원"
741,예산군추모공원,단장묘 관리비,예산군 이외 사용자,"2,623,000 원"
741,예산군추모공원,단장묘 조경비,예산군에 계속 3년이상 주민등록이 되어 있는 자,"30,000 원"
741,예산군추모공원,단장묘 조경비,"예산군 6월이상 3년미만 주민등록이 되어 있는자, 6월이상 등록기준지가 되어 있는자","30,000 원"
741,예산군추모공원,단장묘 기타비용,예산군에 계속 3년이상 주민등록이 되어 있는 자,"2,050,000 원"
741,예산군추모공원,단장묘 기타비용,"예산군 6월이상 3년미만 주민등록이 되어 있는자, 6월이상 등록기준지가 되어 있는자","2,050,000 원"
741,예산군추모공원,1회차1구 사용료,예산군에 계속 3년이상 주민등록이 되어 있는 자,"2,394,000 원"
741,예산군추모공원,1회차1구 사용료,"예산군 6월이상 3년미만 주민등록이 되어 있는자, 6월이상 등록기준지가 되어 있는자","6,103,000 원"
741,예산군추모공원,1회차1구 관리비,예산군에 계속 3년이상 주민등록이 되어 있는 자,"930,000 원"
741,예산군추모공원,1회차1구 관리비,"예산군 6월이상 3년미만 주민등록이 되어 있는자, 6월이상 등록기준지가 되어 있는자","2,371,000 원"
741,예산군추모공원,1회차1구 관리비,예산군 이외 사용자,"3,831,000 원"
741,예산군추모공원,1회차1구 조경비,예산군에 계속 3년이상 주민등록이 되어 있는 자,"30,000 원"
741,예산군추모공원,1회차1구 조경비,"예산군 6월이상 3년미만 주민등록이 되어 있는자, 6월이상 등록기준지가 되어 있는자","30,000 원"
741,예산군추모공원,1회차1구 기타비용,예산군에 계속 3년이상 주민등록이 되어 있는 자,"2,215,000 원"
741,예산군추모공원,1회차1구 기타비용,"예산군 6월이상 3년미만 주민등록이 되어 있는자, 6월이상 등록기준지가 되어 있는자","2,215,000 원"
741,예산군추모공원,1회차2구 사용료,예산군에 계속 3년이상 주민등록이 되어 있는 자,"2,394,000 원"
741,예산군추모공원,1회차2구 사용료,"예산군 6월이상 3년미만 주민등록이 되어 있는자, 6월이상 등록기준지가 되어 있는자","6,103,000 원"
741,예산군추모공원,1회차2구 관리비,예산군에 계속 3년이상 주민등록이 되어 있는 자,"930,000 원"
741,예산군추모공원,1회차2구 관리비,"예산군 6월이상 3년미만 주민등록이 되어 있는자, 6월이상 등록기준지가 되어 있는자","2,371,000 원"
741,예산군추모공원,1회차2구 관리비,예산군 이외 사용자,"3,831,000 원"
741,예산군추모공원,1회차2구 조경비,예산군에 계속 3년이상 주민등록이 되어 있는 자,"30,000 원"
741,예산군추모공원,1회차2구 조경비,"예산군 6월이상 3년미만 주민등록이 되어 있는자, 6월이상 등록기준지가 되어 있는자","30,000 원"
741,예산군추모공원,1회차2구 기타비용,예산군에 계속 3년이상 주민등록이 되어 있는 자,"2,290,000 원"
741,예산군추모공원,1회차2구 기타비용,"예산군 6월이상 3년미만 주민등록이 되어 있는자, 6월이상 등록기준지가 되어 있는자","2,290,000 원"
741,예산군추모공원,2회차 1구 기타비용,,"715,000 원"
741,예산군추모공원,가족봉안묘 사용료,예산군에 계속 3년이상 주민등록이 되어 있는 자,"2,394,000 원"
741,예산군추모공원,가족봉안묘 사용료,"예산군 6월이상 3년미만 주민등록이 되어 있는자, 6월이상 등록기준지가 되어 있는자","7,180,000 원"
741,예산군추모공원,가족봉안묘 사용료,예산군 이외 사용자,"9,481,000 원"
741,예산군추모공원,가족봉안묘 관리비,예산군에 계속 3년이상 주민등록이 되어 있는 자,"930,000 원"
741,예산군추모공원,가족봉안묘 관리비,"예산군 6월이상 3년미만 주민등록이 되어 있는자, 6월이상 등록기준지가 되어 있는자","2,790,000 원"
741,예산군추모공원,가족봉안묘 관리비,예산군 이외 사용자,"3,879,000 원"
741,예산군추모공원,가족봉안묘 조경비,예산군에 계속 3년이상 주민등록이 되어 있는 자,"30,000 원"
741,예산군추모공원,가족봉안묘 조경비,"예산군 6월이상 3년미만 주민등록이 되어 있는자, 6월이상 등록기준지가 되어 있는자","30,000 원"
741,예산군추모공원,가족봉안묘 조경비,예산군 이외 사용자,"30,000 원"
741,예산군추모공원,가족봉안묘 기타비용,예산군에 계속 3년이상 주민등록이 되어 있는 자,"5,460,000 원"
741,예산군추모공원,가족봉안묘 기타비용,"예산군 6월이상 3년미만 주민등록이 되어 있는자, 6월이상 등록기준지가 되어 있는자","5,460,000 원"
741,예산군추모공원,가족봉안묘 기타비용,예산군 이외 사용자,"5,460,000 원"
742,신불산공원묘원,묘지 임대사용료,1평 기준,"618,000 원"
742,신불산공원묘원,묘지 공동관리비,1평/1년 기준,"13,400 원"
742,신불산공원묘원,봉분작업비,흙 운반 및 봉분 작업비용,"500,000 원"
742,신불산공원묘원,평토작업비,평토 및 바닥 다지기 작업비용/1평 기준,"100,000 원"
742,신불산공원묘원,재봉작업,"1.5평, 사각묘테석 봉분","400,000 원"
742,신불산공원묘원,재봉작업,"3.0평, 타원묘테석 봉분","450,000 원"
742,신불산공원묘원,개장정리비,개장 후 원상복구 작업비용,"300,000 원"
743,대지공원묘원,묘지사용료,3.3㎡ / 평,"1,200,000 원"
743,대지공원묘원,묘지관리비,3.3㎡ / 평 / 년,"17,000 원"
744,선산공원묘원,묘지사용료,영구사용계약,"1,500,000 원"
744,선산공원묘원,묘지사용료,영구사용계약(전체묘역의 10%),"2,500,000 원"
744,선산공원묘원,묘지사용료,영구사용계약(전체묘역의 7%),"3,000,000 원"
744,선산공원묘원,묘지사용료,영구사용계약(전체묘역의 3%),"5,000,000 원"
744,선산공원묘원,묘지관리비,평당 관리비(년납),"13,000 원"
744,선산공원묘원,묘지관리비,평당 관리비(영구납)60년납 기준,"780,000 원"
744,선산공원묘원,분묘설치비,"3평묘 (합장시 500,000 추가부담)","1,300,000 원"
744,선산공원묘원,분묘설치비,"4평묘 (합장시 500,000 추가부담)","1,500,000 원"
744,선산공원묘원,분묘설치비,"5평묘 (합장시 500,000 추가부담)","1,700,000 원"
744,선산공원묘원,납골묘 장례비,매장식 (1위기준),"430,000 원"
744,선산공원묘원,납골묘 장례비,안치식 (1위기준),"300,000 원"
744,선산공원묘원,자연장 장례비,화초장 (1위기준 연산홍 10주포함),"1,200,000 원"
744,선산공원묘원,자연장 장례비,잔디장 (1위기준),"1,000,000 원"
744,선산공원묘원,자연장 장례비,산골장 (1위기준),"600,000 원"
744,선산공원묘원,선산납골당 사용료,유연고/30년,"1,000,000 원"
744,선산공원묘원,선산납골당 사용료,무연고/10년,"300,000 원"
744,선산공원묘원,석물비,"기본형set (비석,상석,향로석,화병1)","1,000,000 원"
744,선산공원묘원,석물비,"A형둘레석(영주석,수연마,단분형)","2,300,000 원"
744,선산공원묘원,석물비,"A형둘레석(영주석,수연마,합장형)","2,500,000 원"
744,선산공원묘원,석물비,"B형둘레석(영주석,수연마)","1,500,000 원"
744,선산공원묘원,석물비,"C형둘레석(영주석,수연마)","1,300,000 원"
744,선산공원묘원,석물비,"상석(90cm,영주석,수연마,고급향로석)","1,000,000 원"
744,선산공원묘원,석물비,"비석(90cm,오석,수연마)","600,000 원"
744,선산공원묘원,석물비,"석등(치등롱1쌍,영주석,수연마)","1,000,000 원"
744,선산공원묘원,석물비,"경계석(1M,영주석,무광)","75,000 원"
744,선산공원묘원,석물비,"화병(고급형,수연마)","100,000 원"
744,선산공원묘원,석물비,해미석(1Kg),"35,000 원"
744,선산공원묘원,석물비,"와비(中,45cm,오석,대석포함)","500,000 원"
744,선산공원묘원,석물비,"와비(大,60cm,오석,대석포함)","700,000 원"
744,선산공원묘원,석물비,1위용 납골묘,"1,090,000 원"
744,선산공원묘원,석물비,2위용 납골묘,"2,040,000 원"
744,선산공원묘원,석물비,"각자비 기본 80,000원 추가시 별도","80,000 원"
744,선산공원묘원,설치공사비,1위용 납골묘 설치공사비,"950,000 원"
744,선산공원묘원,설치공사비,2위용 납골묘 설치공사비,"1,340,000 원"
745,지평선전북공원묘원,묘지사용료(장미묘역),3.3㎡,"1,200,000 원"
745,지평선전북공원묘원,묘지사용료(개나리묘역),3.3㎡,"1,300,000 원"
745,지평선전북공원묘원,묘지사용료(개나리묘역),3.3㎡,"1,400,000 원"
745,지평선전북공원묘원,묘지사용료(매화묘역),3.3㎡,"1,500,000 원"
745,지평선전북공원묘원,관리비,1평 /1년,"15,000 원"
745,지평선전북공원묘원,관리비 반환,남은 기간 월단위 계산 환불,0
745,지평선전북공원묘원,묘지사용료,반환하지 않음,0
746,김해공원묘원,묘지사용료,1평형기준,"830,000 원"
746,김해공원묘원,묘지관리비,1평형/1년기준,"16,000 원"
747,이화공원묘원,묘지사용료,평당,"700,000 원"
747,이화공원묘원,15년관리비,평당/1년,"12,000 원"
747,이화공원묘원,묘지사용료 환불규정 (권리증 발부일 기준),예약된 묘지(기)는 전액 환불,
747,이화공원묘원,15년관리비 환불규정,관리비 잔여기간 일할 계산 반환,
748,광양시립묘지,"묘지 사용료(관내,단장)","이용자격: 사망일로부터 1개월 전 거주지가 광양인 사망자, 사용기간:15년 3회연장가능","340,000 원"
748,광양시립묘지,"묘지 관리비(관내,단장)","이용자격: 사망일로부터 1개월 전 거주지가 광양인 사망자, 사용기간:15년 3회연장가능","180,000 원"
748,광양시립묘지,"석물비(관내,단장)","이용자격: 사망일로부터 1개월 전 거주지가 광양인 사망자, 사용기간:15년 3회연장가능","305,000 원"
748,광양시립묘지,"비석글씨(관내,단장)","이용자격: 사망일로부터 1개월 전 거주지가 광양인 사망자, 사용기간:15년 3회연장가능","70,000 원"
748,광양시립묘지,"인건비(관내,단장)","이용자격: 사망일로부터 1개월 전 거주지가 광양인 사망자, 사용기간:15년 3회연장가능","211,000 원"
748,광양시립묘지,"잔디(관내,단장)","이용자격: 사망일로부터 1개월 전 거주지가 광양인 사망자, 사용기간:15년 3회연장가능","20,000 원"
748,광양시립묘지,"묘지 사용료(관내,합장)","이용자격: 사망일로부터 1개월 전 거주지가 광양인 사망자, 사용기간:15년 3회연장가능","555,000 원"
748,광양시립묘지,"묘지 관리비(관내,합장)","이용자격: 사망일로부터 1개월 전 거주지가 광양인 사망자, 사용기간:15년 3회연장가능","225,000 원"
748,광양시립묘지,"석물비(관내,합장)","이용자격: 사망일로부터 1개월 전 거주지가 광양인 사망자, 사용기간:15년 3회연장가능","330,000 원"
748,광양시립묘지,"비석글씨(관내,합장)","이용자격: 사망일로부터 1개월 전 거주지가 광양인 사망자, 사용기간:15년 3회연장가능","70,000 원"
748,광양시립묘지,"인건비(관내,합장)","이용자격: 사망일로부터 1개월 전 거주지가 광양인 사망자, 사용기간:15년 3회연장가능","282,000 원"
748,광양시립묘지,"잔디(관내,합장)","이용자격: 사망일로부터 1개월 전 거주지가 광양인 사망자, 사용기간:15년 3회연장가능","26,000 원"
748,광양시립묘지,"묘지 사용료(관외,단장)","이용자격:등록기준지가 광양이거나 직계존비속이 광야시 거주자 , 사용기간:15년 3회 연장가능","600,000 원"
748,광양시립묘지,"묘지 관리비(관외,단장)","이용자격:등록기준지가 광양이거나 직계존비속이 광야시 거주자 , 사용기간:15년 3회 연장가능","180,000 원"
748,광양시립묘지,"석물비(관외,단장)","이용자격:등록기준지가 광양이거나 직계존비속이 광야시 거주자 , 사용기간:15년 3회 연장가능","305,000 원"
748,광양시립묘지,"비석글씨(관외,단장)","이용자격:등록기준지가 광양이거나 직계존비속이 광야시 거주자 , 사용기간:15년 3회 연장가능","70,000 원"
748,광양시립묘지,"인건비(관외,단장)","이용자격:등록기준지가 광양이거나 직계존비속이 광야시 거주자 , 사용기간:15년 3회 연장가능","211,000 원"
748,광양시립묘지,"잔디(관외,단장)","이용자격:등록기준지가 광양이거나 직계존비속이 광야시 거주자 , 사용기간:15년 3회 연장가능","20,000 원"
748,광양시립묘지,"묘지 사용료(관외,합장)","이용자격:등록기준지가 광양이거나 직계존비속이 광야시 거주자 , 사용기간:15년 3회 연장가능","789,000 원"
748,광양시립묘지,"묘지 관리비(관외,합장)","이용자격:등록기준지가 광양이거나 직계존비속이 광야시 거주자 , 사용기간:15년 3회 연장가능","225,000 원"
748,광양시립묘지,"석물비(관외,합장)","이용자격:등록기준지가 광양이거나 직계존비속이 광야시 거주자 , 사용기간:15년 3회 연장가능","330,000 원"
748,광양시립묘지,"비석글씨(관외,합장)","이용자격:등록기준지가 광양이거나 직계존비속이 광야시 거주자 , 사용기간:15년 3회 연장가능","70,000 원"
748,광양시립묘지,"인건비(관외,합장)","이용자격:등록기준지가 광양이거나 직계존비속이 광야시 거주자 , 사용기간:15년 3회 연장가능","282,000 원"
748,광양시립묘지,"잔디(관외,합장)","이용자격:등록기준지가 광양이거나 직계존비속이 광야시 거주자 , 사용기간:15년 3회 연장가능","26,000 원"
748,광양시립묘지,무연고 사용료,사용기간 10년 연장불가능,"100,000 원"
748,광양시립묘지,무연고 관리비,사용기간 10년 연장불가능,"120,000 원"
749,남양공원묘원,사용료,1평기준,"950,000 원"
749,남양공원묘원,관리비,1평기준,"13,000 원"
750,파주천주교평화묘원,시신 매장묘(단장),"묘지작업비(잔디,봉분외)","1,100,000 원"
750,파주천주교평화묘원,시신 매장묘(합장),"묘지작업비(잔디,봉분외)","1,200,000 원"
750,파주천주교평화묘원,유골 매장묘(단장),"묘지작업비(잔디,봉분외)","800,000 원"
750,파주천주교평화묘원,유골 매장묘(합장),"묘지작업비(잔디,봉분외)","900,000 원"
750,파주천주교평화묘원,가족 평장 묘지 분양,최대안치위수:8위,"15,000,000 원"
750,파주천주교평화묘원,가족 평장 묘지 안치료,1위 안치료,"300,000 원"
750,파주천주교평화묘원,매장묘 관리비,1년(평당),"10,000 원"
750,파주천주교평화묘원,가족평장묘 관리비,1년,"80,000 원"
750,파주천주교평화묘원,한식부페,식사여부 묘주 선택사항(1인기준),"6,000 원"
750,파주천주교평화묘원,시설이용료,편의시설외,"100,000 원"
750,파주천주교평화묘원,잔디 식재(별도 작업 시),봉분 만 식재,"200,000 원"
750,파주천주교평화묘원,잔디식재(별도 작업 시),봉분제외한 제절 및 전체 잔디 식재,"250,000 원"
751,포천하늘나라공원,토지사용료(15년 사용),평당,"962,000 원"
751,포천하늘나라공원,시신매장작업비,1기당,"1,700,000 원"
751,포천하늘나라공원,유골매장작업비,유골합장1기당,"700,000 원"
751,포천하늘나라공원,분상보수작업비,평당,"170,000 원"
751,포천하늘나라공원,축대작업비,평당,"950,000 원"
751,포천하늘나라공원,공동관리비,평당,"14,700 원"
751,포천하늘나라공원,재래식유골매장비,재래식유골합장1기당,"1,700,000 원"
752,화신공원묘원,A형 매장묘(구 4평형)-사용료,"공원조성비,석축및조경비,법인운영비 포함","1,800,000 원"
752,화신공원묘원,B형 매장묘(구 6평형)-사용료,"공원조성비,석축및조경비,법인운영비 포함","2,700,000 원"
752,화신공원묘원,C형 매장묘(구 8평형)-사용료,"공원조성비,석축및조경비,법인운영비 포함","3,600,000 원"
752,화신공원묘원,A형 (구 4평형)-관리비,"10년기준, 제초비 10년분(330000)포함-제초비는 매장일부터 적용","660,000 원"
752,화신공원묘원,B형 (구 6평형)-관리비,"10년기준, 제초비 10년분(330000)포함-제초비는 매장일부터 적용","770,000 원"
752,화신공원묘원,C형 (구 8평형)-관리비,"10년기준, 제초비 10년분(330000)포함-제초비는 매장일부터 적용","880,000 원"
752,화신공원묘원,평장형납골묘-관리비,15년기준(1년 33000),"495,000 원"
752,화신공원묘원,개방형납골묘(18기형)-관리비,10년 기준(1년 72000),"720,000 원"
752,화신공원묘원,개방형납골묘(24기형)-관리비,10년 기준(1년 96000),"960,000 원"
752,화신공원묘원,A형 매장묘(구 4평형) 분양금액,"사용료,관리비10년(제초비포함),용역비, 석물비용 포함.(합장사용시 100만원 추가)","4,800,000 원"
752,화신공원묘원,B형 매장묘(구 6평형) 분양금액,"사용료,관리비10년(제초비포함),용역비, 석물비용 포함.(합장사용시 100만원 추가)","6,800,000 원"
752,화신공원묘원,C형 매장묘(구 8평형) 분양금액,"사용료,관리비10년(제초비포함),용역비, 석물비용 포함.(합장사용시 100만원 추가)","8,500,000 원"
752,화신공원묘원,D형 매장묘(구 8평형 특수묘) 분양금액,"사용료,관리비10년(제초비포함),용역비, 석물비용 포함.(합장사용시 100만원 추가)","13,500,000 원"
752,화신공원묘원,평장형봉안묘,"사용료,15년관리비,봉안석물포함(합장시 100만원추가)","2,700,000 원"
752,화신공원묘원,부부형봉안묘(A형-구4평형),"사용료, 10년관리비,봉안석물포함. 평형변경시 비용추가.","5,000,000 원"
752,화신공원묘원,10기형 봉안묘(A형-구4평형),"사용료, 10년관리비,봉안석물포함. (평형 및 기수변경 가능)","8,000,000 원"
752,화신공원묘원,개방형 봉안묘(18기형),"사용료, 10년관리비,봉안석물포함.","13,000,000 원"
752,화신공원묘원,개방형 봉안묘(24기형),"사용료, 10년관리비,봉안석물포함.","16,000,000 원"
752,화신공원묘원,24기형 봉안묘(구 16평형),"사용료, 10년관리비,봉안석물포함.","25,000,000 원"
753,천주교청파묘원,시신 매장묘(단장),"묘지 작업비(잔디,봉분비)","1,100,000 원"
753,천주교청파묘원,시신매장묘(합장),"묘지 작업비(잔디,봉분비)","1,200,000 원"
753,천주교청파묘원,유골매장묘(단장),"묘지 작업비(잔디,봉분비)","800,000 원"
753,천주교청파묘원,유골매장묘(합장),"묘지 작업비(잔디,봉분비)","900,000 원"
753,천주교청파묘원,가족평장묘지분양,최대안치위수:8위,"15,000,000 원"
753,천주교청파묘원,가족평장안치비,1위안치비,"300,000 원"
753,천주교청파묘원,매장묘 관리비,1년(평당),"10,000 원"
753,천주교청파묘원,가족평장묘 관리비,1년,"80,000 원"
753,천주교청파묘원,시설이용료,편의시설외,"100,000 원"
754,경춘공원묘원,묘지사용료,3.3㎡기준(1평기준),"1,100,000 원"
754,경춘공원묘원,관리비,3.3㎡기준(1평기준),"17,000 원"
754,경춘공원묘원,석재시설물(1),"2단기본형(묘테석,비석, 상석,화병)","5,000,000 원"
754,경춘공원묘원,석재시설물(2),"3단고급형(묘테석,비석, 상석,화병)","7,500,000 원"
754,경춘공원묘원,매장작업비,1구매장기준,"1,000,000 원"
754,경춘공원묘원,묘지사용료,"분양후,1차설묘후에는 반환금없음,가묘일경우,분양당시 분양대금 그대로 반환.",0
754,경춘공원묘원,관리비,"분양과통시에 관리비 적용되며, 사용기한 만큼만 공제후 반환",0
754,경춘공원묘원,"석재시설물(1),(2)",분양후 가묘이더라도 해약후 반환금 없음. 시설물전체 파기,0
755,유달공원묘지,묘지 구단지(1~7),"1기 m² 298,990원*3.3m²*3평","2,960,000 원"
755,유달공원묘지,묘지 구단지(8~9),"1기 m² 298,990원*3.3m²*3평","2,960,000 원"
755,유달공원묘지,묘지 신단지(10~11),"1기 m² 430,304원*3.3m²*3평","4,260,000 원"
755,유달공원묘지,봉안묘지,"1기 1년 44,840원*영구(60년)","2,690,000 원"
755,유달공원묘지,봉안담,"1기 1년 42,090원*영구(60년)","2,525,000 원"
755,유달공원묘지,"벌초, 청소비 등","월 5,500원*12월*5년","330,000 원"
755,유달공원묘지,"벌초, 청소비 등","월 2,833원*12월*5년","170,000 원"
755,유달공원묘지,"관리, 청소비 등","월 1,667원*12월*5년","100,000 원"
755,유달공원묘지,묘지 사용료 반환,반환금액 없음,0
755,유달공원묘지,봉안담 사용료 반환,"1년 이내 50%, 2년 이내 40%, 3년 이내 30%, 4년 이내 20%, 5년 이내 10%, 5년 이상 없음",0
755,유달공원묘지,관리비 반환,"5년, 10년, 15년 기준 이장시 반환",0
756,동산공원묘원,묘지사용료,3.3 ㎡당,"900,000 원"
756,동산공원묘원,묘지관리비,"년, 3.3 ㎡당","15,000 원"
756,동산공원묘원,해약,남은 약정기간 사용료와 관리비 반환,0
757,파주하늘나라공원,묘지 사용료,1평당(3.3m2),"1,521,000 원"
757,파주하늘나라공원,공동관리비,1평/1년 기준,"22,100 원"
757,파주하늘나라공원,합장작업비,1기당,"2,500,000 원"
757,파주하늘나라공원,분상보수,"소(바닥,활개,전지 별도)","300,000 원"
757,파주하늘나라공원,분상보수,"중(바닥,활개,전지 별도)","400,000 원"
757,파주하늘나라공원,분상보수,"대(바닥,활개,전지 별도)","500,000 원"
757,파주하늘나라공원,분상보수,재래봉분,"700,000 원"
757,파주하늘나라공원,묘태재조립,1단특,"300,000 원"
757,파주하늘나라공원,묘태재조립,2단B,"400,000 원"
757,파주하늘나라공원,묘태재조립,2단A,"500,000 원"
757,파주하늘나라공원,묘태재조립,3단,"600,000 원"
757,파주하늘나라공원,축대작업비,1제곱미터,"800,000 원"
757,파주하늘나라공원,개장작업비,1위,"500,000 원"
757,파주하늘나라공원,유골매장비,매장방식에따라 차등 적용,"1,000,000 원"
757,파주하늘나라공원,봉안안치비,1회,"500,000 원"
758,우성공원묘원,VVIP 봉안당 사용료,부부 1~7단 평균,"15,930,000 원"
758,우성공원묘원,VVIP 봉안당 사용료,개인 1~7단 평균,"7,360,000 원"
758,우성공원묘원,VIP 봉안당 사용료,부부 1~7단 평균,"15,210,000 원"
758,우성공원묘원,VIP 봉안당 사용료,개인 1~7단 평균,"6,860,000 원"
758,우성공원묘원,일반 봉안당 사용료,부부 1~9단 평균,"9,330,000 원"
758,우성공원묘원,일반 봉안당 사용료,개인 1~9단 평균,"3,280,000 원"
758,우성공원묘원,종교 봉안당 사용료,부부 1~9단 평균,"9,330,000 원"
758,우성공원묘원,종교 봉안당 사용료,개인 1~9단 평균,"3,280,000 원"
758,우성공원묘원,VVIP/VIP 봉안당 관리비,개인,"50,000 원"
758,우성공원묘원,VVIP/VIP 봉안당 관리비,부부,"90,000 원"
758,우성공원묘원,일반 봉안당 관리비,개인,"40,000 원"
758,우성공원묘원,일반 봉안당 관리비,부부,"80,000 원"
758,우성공원묘원,묘지사용료,1m2 당(2022년 기준),"1,150,000 원"
758,우성공원묘원,연간관리비,1m2당(2022년 기준),"14,500 원"
759,영락공원묘원,년,평,"320,000 원"
759,영락공원묘원,년,평,"10,000 원"
759,영락공원묘원,사용료,평/년,"320,000 원"
759,영락공원묘원,관리비,평/년,"10,000 원"
759,영락공원묘원,1평,평,"350,000 원"
759,영락공원묘원,1평,1년/평,"11,000 원"
759,영락공원묘원,작업비,1기,"500,000 원"
759,영락공원묘원,2평 둘레석,1기,"1,600,000 원"
759,영락공원묘원,2평 상석외석물,1기,"1,270,000 원"
759,영락공원묘원,3평 둘레석,1기,"2,000,000 원"
759,영락공원묘원,3평 상석외석물,1기,"1,755,000 원"
759,영락공원묘원,각자대,1기,"100,000 원"
759,영락공원묘원,묘지사용료,1평,"350,000 원"
759,영락공원묘원,관리비,1평,"11,000 원"
760,경맥백합공원,묘지사용료,1 m2 당,"303,000 원"
760,경맥백합공원,관리비,1 m2 당,"4,500 원"
761,물미묘원,단장,사용료,"640,000 원"
761,물미묘원,단장,사용료-국민기초수급자,"320,000 원"
761,물미묘원,단장,관리비,"300,000 원"
761,물미묘원,합장,사용료,"960,000 원"
761,물미묘원,합장,사용료-국민기초수급자,"480,000 원"
761,물미묘원,합장,관리비,"450,000 원"
762,양양군공설묘원,사용료,단장묘,"359,440 원"
762,양양군공설묘원,관리비,단장묘,"240,000 원"
762,양양군공설묘원,관리비,"단장묘-수급자,독립유공자,국가유공자,유가족","240,000 원"
762,양양군공설묘원,사용료,합장묘,"527,170 원"
762,양양군공설묘원,사용료,"합장묘-수급자,독립유공자,국가유공자,유가족","527,170 원"
762,양양군공설묘원,관리비,합장묘,"360,000 원"
762,양양군공설묘원,관리비,"합장묘-수급자,독립유공자,국가유공자,유가족","360,000 원"
762,양양군공설묘원,사용료,"단장묘-수급자,독립유공자,국가유공자,유가족","259,440 원"
763,광주공원묘원,매장묘  봉안묘,묘지사용료 (3.3 m2),"1,895,100 원"
763,광주공원묘원,묘지관리비,1년간 관리비 (3.3m2),"15,400 원"
763,광주공원묘원,단장묘,"1단미니묘테,60cm비석,60cm화강상석  화병","2,156,000 원"
763,광주공원묘원,단장묘,"1단 1.1*2.1묘테,60cm비석,60cm화강상석, 화병","2,304,500 원"
763,광주공원묘원,합장묘,"각묘테-중,90cm갓비석, 75cm화강상석,화병","4,474,800 원"
763,광주공원묘원,합장묘,"각묘테-대,90cm갓비석,75cm화강상석,화병","4,990,700 원"
763,광주공원묘원,합장묘,"각묘테-특,90cm갓비석,90cm화강상석,화병","7,200,600 원"
763,광주공원묘원,봉안묘 2인,"봉안2인, 60cm피아노비석,60cm화강상석,화병","4,032,600 원"
763,광주공원묘원,봉안묘4인,"봉안4인,75cm화강비석,75cm화강상석,화병","6,103,900 원"
763,광주공원묘원,봉안6인,"봉안6인,75cm화강비석,75cm화강상석,화병","7,604,300 원"
764,봉황공원묘지,사용료,평당,"626,400 원"
764,봉황공원묘지,연간관리비,평당(부가세별도),"12,200 원"
765,칠량자연공원묘원,매장묘(최장 60년),1기당(26.4㎡),"6,000,000 원"
765,칠량자연공원묘원,매장묘(최장 60년),1기당(26.4㎡),"3,000,000 원"
765,칠량자연공원묘원,미래형 봉안묘(기간없음),1기당(33㎡),"10,000,000 원"
765,칠량자연공원묘원,미래형 봉안묘(기간없음),1기당(33㎡)㎡,"3,000,000 원"
765,칠량자연공원묘원,한국형 봉안묘(기간없음),1기당(33㎡),"10,000,000 원"
765,칠량자연공원묘원,한국형 봉안묘(기간없음),1기당(33㎡),"3,000,000 원"
765,칠량자연공원묘원,석실 봉안묘(기간없음),1기당(33㎡),"10,000,000 원"
765,칠량자연공원묘원,석실 봉안묘(기간없음),1기당(33㎡),"3,000,000 원"
765,칠량자연공원묘원,봉안담(기간없음),1위,"800,000 원"
765,칠량자연공원묘원,봉안담(기간없음),1위,"800,000 원"
766,충주공원묘원,사용료,평당,"650,000 원"
766,충주공원묘원,관리비,"연,평당(5년분부과)","12,000 원"
766,충주공원묘원,매장비,일반,"1,400,000 원"
766,충주공원묘원,매장비,특수,"1,700,000 원"
766,충주공원묘원,묘테석,일반,"880,000 원"
766,충주공원묘원,상석,일반,"770,000 원"
766,충주공원묘원,사초비,일반,"300,000 원"
766,충주공원묘원,사초비,일반사초외 특수한경우,"500,000 원"
766,충주공원묘원,개장청소비,본인페기물처리시 비용없음,"300,000 원"
766,충주공원묘원,식당사용료,음식제공은 하지않음,"120,000 원"
767,경주공원묘원,사용료,"287,374원/1㎡(950,000원/1평)","287,374 원"
767,경주공원묘원,관리비,"3,933원/1㎡(13,000원/1평)","3,933 원"
767,경주공원묘원,장례비,3.3058㎡(1평당),"400,000 원"
768,함양군구룡공설공원묘지 봉안묘,평장(관내)  15년간,사용료,"100,000 원"
768,함양군구룡공설공원묘지 봉안묘,평장(관내)  15년간,관리비,"75,000 원"
768,함양군구룡공설공원묘지 봉안묘,평장(관외)  15년간,사용료,"300,000 원"
768,함양군구룡공설공원묘지 봉안묘,평장(관외) 15년간,관리비,"75,000 원"
768,함양군구룡공설공원묘지 봉안묘,봉안탑(관내)  15년간,사용료,"50,000 원"
768,함양군구룡공설공원묘지 봉안묘,봉안탑(관내)  15년간,관리비,"75,000 원"
768,함양군구룡공설공원묘지 봉안묘,봉안탑(관외)  15년간,사용료,"100,000 원"
768,함양군구룡공설공원묘지 봉안묘,봉안탑(관외)  15년간,관리비,"75,000 원"
769,석계공원묘원,묘지 사용료,평당,"950,000 원"
769,석계공원묘원,년간 관리비,평당,"17,000 원"
769,석계공원묘원,1.5평형,매장석물,"2,750,000 원"
769,석계공원묘원,3평형,매장석물,"4,950,000 원"
769,석계공원묘원,5평형,매장석물,"9,050,000 원"
769,석계공원묘원,평장 봉안묘,석물,"2,750,000 원"
769,석계공원묘원,개장정리비,1.5평,"300,000 원"
770,포천 천주교 평화묘원,묘지분양(합장),묘지분양(합장형),"4,470,000 원"
770,포천 천주교 평화묘원,묘지석재비(합장),"묘비, 묘태(합장형)","2,050,000 원"
770,포천 천주교 평화묘원,묘지관리비(합장),묘지관리비(합장형) 15년분,"1,545,000 원"
770,포천 천주교 평화묘원,묘지작업비(합장),"묘지작업비(합장형) 잔디,봉분,외","1,020,000 원"
770,포천 천주교 평화묘원,묘지분양(단장),묘지분양(단장형),"2,980,000 원"
770,포천 천주교 평화묘원,묘지석재비(단장),"묘비, 묘태(단장형)","1,850,000 원"
770,포천 천주교 평화묘원,묘지관리비(단장),묘지관리비(단장형) 15년분,"1,005,000 원"
770,포천 천주교 평화묘원,묘지작업비(단장),"묘지작업비(단장형) 잔디, 봉분 외","920,000 원"
771,평창군공설묘지,공설묘지 사용료,단장-사용료,"747,000 원"
771,평창군공설묘지,공설묘지 사용료,단장-관리비,"240,000 원"
771,평창군공설묘지,공설묘지 사용료,합장-사용료,"1,095,000 원"
771,평창군공설묘지,공설묘지 사용료,합장-관리비,"360,000 원"
772,개나리추모공원,묘지사용료,3.3㎡ / 평,"724,000 원"
772,개나리추모공원,묘지관리비,3.3㎡ / 평 / 년,"14,000 원"
772,개나리추모공원,묘지사용료,3.3㎡ / 평,"1,066,000 원"
772,개나리추모공원,묘지관리비,년,"24,000 원"
773,조양공원,묘지관리,3.3m2당/1년,"12,000 원"
773,조양공원,유연납골,10년간,"280,000 원"
773,조양공원,무연납골,10년간,"50,000 원"
773,조양공원,묘지대,3.3m2당,"1,000,000 원"
773,조양공원,유연납골,1기당,"50,000 원"
773,조양공원,무연납골,1기당,"25,000 원"
774,진천군공설묘지,관내 거주자 단장,30년(15년1회연장가능),"327,000 원"
774,진천군공설묘지,관내 거주자 단장,30년(15년1회연장가능),"201,000 원"
774,진천군공설묘지,관내 거주자 합장,30년(15년1회연장가능),"528,000 원"
774,진천군공설묘지,관내 거주자 합장,30년(15년1회연장가능),"226,000 원"
774,진천군공설묘지,관외 거주자 단장,30년(15년1회연장가능),"425,000 원"
774,진천군공설묘지,관외 거주자 단장,30년(15년1회연장가능),"261,000 원"
774,진천군공설묘지,관외 거주자 합장,30년(15년1회연장가능),"686,000 원"
774,진천군공설묘지,관외 거주자 합장,30년(15년1회연장가능),"294,000 원"
775,태백공원묘원,단장(하절기),매장,"2,273,000 원"
775,태백공원묘원,단장(하절기),"매장-기초수급자,국가유공자","1,650,000 원"
775,태백공원묘원,단장(동절기),매장,"2,493,000 원"
775,태백공원묘원,단장(동절기),"매장-기초수급자,국가유공자","1,870,000 원"
775,태백공원묘원,합장(하절기),매장,"2,844,000 원"
775,태백공원묘원,합장(하절기),"매장-기초수급자,국가유공자","1,930,000 원"
775,태백공원묘원,합장(동절기),매장,"3,064,000 원"
775,태백공원묘원,합장(동절기),"매장-기초수급자,국가유공자","2,150,000 원"
776,천주교소화묘원,20년 매장 사용료(조성비별도),"3,3m2","800,000 원"
776,천주교소화묘원,관리비(년)20년 선납,"3,3m2","10,000 원"
776,천주교소화묘원,봉안 시설,"1기(2구, 부부합장) 20년 사용","3,000,000 원"
776,천주교소화묘원,봉안 시설,"묘원 운영 유지비, 도로보수, 벌초 등 (20년 선납)","1,000,000 원"
777,애향묘지,재외동포묘역 (평장) 이용료,제주자치도에서 출생한 재외동포 및 그 배우자,"30,000 원"
777,애향묘지,재외동포묘역 (평장) 관리비,제주자치도에서 출생한 재외동포 및 그 배우자,"170,000 원"
777,애향묘지,재외동포묘역 (평장) 이용료,제주자치도에서 출생한 재외동포 및 그 배우자,"50,000 원"
777,애향묘지,재외동포묘역 (평장) 관리비,제주자치도에서 출생한 재외동포 및 그 배우자,"250,000 원"
777,애향묘지,재외동포묘역 (봉안묘) 이용료,제주자치도에서 출생한 재외동포 및 그 배우자,"50,000 원"
777,애향묘지,재외동포묘역 (봉안묘) 관리비,제주자치도에서 출생한 재외동포 및 그 배우자,"250,000 원"
777,애향묘지,이북도민묘역 이용료,제주자치도에 거주하는 자 중 군사분계선 이북지역에서 출생한 자(이하 '이북도민'이라 한다) 및 그 배우자,"50,000 원"
778,천주교평내공원묘원,매장묘사용료(분양중지중),9.9㎡(3평),"1,000,000 원"
778,천주교평내공원묘원,매장묘관리비(연),3.3㎡,"6,000 원"
778,천주교평내공원묘원,매장묘사용료(분양중지),9.9㎡,"1,000,000 원"
778,천주교평내공원묘원,매장묘관리비,3.3㎡,"6,000 원"
778,천주교평내공원묘원,장례작업비,1인매장,"500,000 원"
778,천주교평내공원묘원,개장작업비,1인개장,"500,000 원"
778,천주교평내공원묘원,개장작업비,2인(합장)개장,"800,000 원"
779,재림공원묘원,묘지 사용료  (3평  기준),1 평당,"1,250,000 원"
779,재림공원묘원,잔 디,매장시 잔디 식재비,"300,000 원"
779,재림공원묘원,5년 관리비,매장시 5년(1년 4만원)관리비 선납,"200,000 원"
779,재림공원묘원,1년 관리비,5년후 3평 기준,"40,000 원"
779,재림공원묘원,비 석,오석 비석 55*38*10 글자와 설치비 포함,"450,000 원"
779,재림공원묘원,장 대,가로 121 *세로 164 설치비 포함,"340,000 원"
779,재림공원묘원,작업 인건비,"매장시 인력 2명 * 250,000원","500,000 원"
780,백란공원묘원,묘지사용료,3.3 평방미터,"1,600,000 원"
780,백란공원묘원,년간관리비,3.3 평방미터,"22,000 원"
780,백란공원묘원,미사용관리비반환,"유골 이장 개장시 사용료 반환은 없으며, 선납관리비는 미경과일수 해당금액 묘주에게 반환",0
781,영동공원묘원,매장묘지(사용료),평당,"300,000 원"
781,영동공원묘원,매장묘지(관리비),기당,"70,000 원"
781,영동공원묘원,납골묘지(사용료),평당,"650,000 원"
781,영동공원묘원,납골묘지(관리비),10평당,"70,000 원"
781,영동공원묘원,단장,1기,"4,100,000 원"
781,영동공원묘원,합장,1기,"5,100,000 원"
782,매화공원묘지,사용료(단장),15년,"70,000 원"
782,매화공원묘지,매장비(단장),15년,"158,900 원"
782,매화공원묘지,관리비(단장),15년,"153,750 원"
782,매화공원묘지,사용료(합장),15년,"105,000 원"
782,매화공원묘지,매장비(합장),15년,"198,620 원"
782,매화공원묘지,관리비(합장),15년,"208,200 원"
783,천주교세종로묘원,묘지사용료,9.92m2,"900,000 원"
783,천주교세종로묘원,묘지관리비,3.3m2,"5,000 원"
783,천주교세종로묘원,평장묘지분양금액,3.3m2,"7,000,000 원"
783,천주교세종로묘원,평장묘지관리비,3.3m2,"30,000 원"
784,천보묘원(매장),관리비(매장) 3평,10000 원* 평*45Y,"1,350,000 원"
784,천보묘원(매장),관리비(매장) 6평,10000 원* 평*45Y,"2,700,000 원"
784,천보묘원(매장),관리비(납골),210000원/20년,"210,000 원"
785,세종시공설묘지,일반묘지,사용료,"90,000 원"
785,세종시공설묘지,일반묘지,관리료,"110,000 원"
785,세종시공설묘지,일반묘지,비석대,"805,000 원"
785,세종시공설묘지,국가유공자묘지,사용료,0
785,세종시공설묘지,국가유공자묘지,관리료,0
785,세종시공설묘지,국가유공자묘지,비석대,"805,000 원"
786,정선하늘공원,단장(6.3㎡),매장분묘 (정선군민만 가능),"923,000 원"
786,정선하늘공원,합장(8.1㎡),매장분묘 (정선군민만 가능),"1,200,000 원"
786,정선하늘공원,봉안묘(12기 : 10㎡),봉안묘 (정선군민만 가능),"1,476,000 원"
786,정선하늘공원,연장 사용료,단장,"300,000 원"
786,정선하늘공원,연장 사용료,합장,"390,000 원"
786,정선하늘공원,연장 사용료,봉안묘,"480,000 원"
787,청구공원,묘지관리비,평당,"12,000 원"
787,청구공원,묘지사용료,평당,"1,000,000 원"
787,청구공원,봉안당,1기/15년,"1,500,000 원"
787,청구공원,봉안묘,2기형 (6.6m2),"6,000,000 원"
787,청구공원,봉안묘,"2기형(특,6.6m2)","7,000,000 원"
788,천주교안성추모공원(묘원),매장(단장),봉분설치비용 별도,"8,900,000 원"
788,천주교안성추모공원(묘원),매장(합장),봉분설치비용 별도,"17,800,000 원"
788,천주교안성추모공원(묘원),매장,의무관리비 없음,0
788,천주교안성추모공원(묘원),매장사용료(99년 이후),미사용시 원금환불,0
788,천주교안성추모공원(묘원),매장사용료(99년 이전),{(03년도기준금액-예약금액)/2}+예약금액,0
789,광주남동성당 천주교공원묘지,묘지대,5.4m2,"820,000 원"
789,광주남동성당 천주교공원묘지,조성비,묘지사용면적 기준 조성비,"540,000 원"
789,광주남동성당 천주교공원묘지,매장비,신규안장,"600,000 원"
789,광주남동성당 천주교공원묘지,비석대(와비),화강석 가로(72cm)세로(45cm)높이(8cm),"600,000 원"
789,광주남동성당 천주교공원묘지,관리비,1년 관리비 및 벌초대금,"50,000 원"
790,천주교서울대교구 청량리다볼산묘지,평장묘 묘지사용료,3.3m2,"3,500,000 원"
790,천주교서울대교구 청량리다볼산묘지,매장묘지 사용료,3.3m2,"10,000 원"
790,천주교서울대교구 청량리다볼산묘지,평장묘 관리비,3.3m2,"20,000 원"
791,안동추모공원(묘지),서구형 3단,"관리비5년,사용료,조성비,석물(각자비별도)","9,680,000 원"
791,안동추모공원(묘지),서구형 특 3단,"관리비5년,사용료,조성비,석물(각자비별도)","10,580,000 원"
791,안동추모공원(묘지),서구형 특대 3단,"관리비5년,사용료,조성비,석물(각자비별도)","11,980,000 원"
791,안동추모공원(묘지),서구형 특대 합장묘,"관리비5년,사용료,조성비,석물(각자비별도)","13,580,000 원"
792,천자봉공원묘원,묘지사용료,1평당,"890,000 원"
792,천자봉공원묘원,관리비,1평/년,"15,000 원"
793,홍천군공설묘원,분묘- 합장,분묘- 합장,"1,500,000 원"
793,홍천군공설묘원,분묘- 합장,분묘- 합장-국가유공자,0
793,홍천군공설묘원,분묘- 단장,분묘- 단장,"1,125,000 원"
793,홍천군공설묘원,분묘- 단장,분묘- 단장-국가유공자,0
793,홍천군공설묘원,봉안묘,봉안묘,"375,000 원"
794,이천시대월공설공원묘지,묘지사용료,1기당 기준면적 (6.6㎡),"200,000 원"
794,이천시대월공설공원묘지,묘지관리비,1기당 기준면적 (6.6㎡),"250,000 원"
794,이천시대월공설공원묘지,연장사용료,현행금액 징수,"200,000 원"
794,이천시대월공설공원묘지,연장관리비,현행금액 징수,"250,000 원"
795,광대리공설공원묘지,공설공원묘지 사용료(단장),"이용자격:여주시민, 15년","150,000 원"
795,광대리공설공원묘지,공설공원묘지 관리비(단장),"이용자격:여주시민, 15년","150,000 원"
795,광대리공설공원묘지,공설공원묘지 사용료(합장),"이용자격:여주시민, 15년","225,000 원"
795,광대리공설공원묘지,공설공원묘지 관리비(합장),"이용자격:여주시민, 15년","225,000 원"
796,자월리공설묘지,공설묘지 사용료(단장),이용자격:옹진군민 사용기간:15년,"60,000 원"
796,자월리공설묘지,공설묘지 관리비(단장),이용자격:옹진군민 사용기간:15년,"30,000 원"
796,자월리공설묘지,공설묘지 사용료(합장),이용자격:옹진군민 사용기간:15년,"90,000 원"
796,자월리공설묘지,공설묘지 관리비(합장),이용자격:옹진군민 사용기간:15년,"45,000 원"
797,완주군공설공원묘지,공설묘지 사용료,6.6m2/30년,"684,000 원"
797,완주군공설공원묘지,공설묘지 관리비,6.6m2/30년 /1회 연장가능,"1,100,000 원"
797,완주군공설공원묘지,자연장지,50*50 / 40년 / 연장불가,"500,000 원"
797,완주군공설공원묘지,봉안당,10년 / 2회 연장가능,"100,000 원"
798,영락교회공원묘원,장례비,"신장,합장","1,050,000 원"
798,영락교회공원묘원,신장 관리비(일시납),"신장(단장,합예)","1,500,000 원"
798,영락교회공원묘원,합장 관리비(일시납),기존묘에 합장시,"750,000 원"
798,영락교회공원묘원,년 관리비,묘지당,"50,000 원"
799,이천시장호원공설공원묘지,묘지사용료,1기당 기준면적 (6.6㎡),"200,000 원"
799,이천시장호원공설공원묘지,묘지관리비,1기당 기준면적 (6.6㎡),"250,000 원"
799,이천시장호원공설공원묘지,연장사용료,현행금액 징수,"200,000 원"
799,이천시장호원공설공원묘지,연장관리비,현행금액 징수,"250,000 원"
800,연평리공설묘지,공설묘지 사용료(단장),이용자격:옹진군민 사용기간:15년,"60,000 원"
800,연평리공설묘지,공설묘지 관리비(단장),이용자격:옹진군민 사용기간:15년,"30,000 원"
800,연평리공설묘지,공설묘지 사용료(합장),이용자격:옹진군민 사용기간:15년,"90,000 원"
800,연평리공설묘지,공설묘지 관리비(합장),이용자격:옹진군민 사용기간:15년,"45,000 원"
801,진리공설묘지,공설묘지 사용료(단장),이용자격:옹진군민 사용기간:15년,"60,000 원"
801,진리공설묘지,공설묘지 관리비(단장),이용자격:옹진군민 사용기간:15년,"30,000 원"
801,진리공설묘지,공설묘지 사용료(합장),이용자격:옹진군민 사용기간:15년,"90,000 원"
801,진리공설묘지,공설묘지 관리비(합장),이용자격:옹진군민 사용기간:15년,"45,000 원"
802,이천시설성공설공원묘지,묘지사용료,1기당 기준면적(6.6㎡),"200,000 원"
802,이천시설성공설공원묘지,묘지관리비,1기당 기준면적(6.6㎡),"250,000 원"
802,이천시설성공설공원묘지,연장사용료,현행금액 징수,"200,000 원"
802,이천시설성공설공원묘지,연장관리비,현행금액 징수,"250,000 원"
803,이천시백사공설공원묘지,묘지사용료,1기당 기준면적 (6.6㎡),"200,000 원"
803,이천시백사공설공원묘지,묘지관리비,1기당 기준면적 (6.6㎡),"250,000 원"
803,이천시백사공설공원묘지,연장사용료,현행금액 징수,"200,000 원"
803,이천시백사공설공원묘지,연장관리비,현행금액 징수,"250,000 원"
804,이작리공설묘지,공설묘지 사용료(단장),이용자격:옹진군민 사용기간:15년,"60,000 원"
804,이작리공설묘지,공설묘지 관리비(단장),이용자격:옹진군민 사용기간:15년,"30,000 원"
804,이작리공설묘지,공설묘지 사용료(합장),이용자격:옹진군민 사용기간:15년,"90,000 원"
804,이작리공설묘지,공설묘지 관리비(합장),이용자격:옹진군민 사용기간:15년,"45,000 원"
805,신세계공원묘원,묘지사용료,평당가(3.3㎡/평),"800,000 원"
805,신세계공원묘원,관리비,년/평당가(3.3㎡/평),"11,000 원"
805,신세계공원묘원,봉안묘(부부단),"시설비 및 사용료(관리비,각자비별도)","6,900,000 원"
805,신세계공원묘원,평장묘(1기),"시설비 및 관리비5년선납, 봉안비","3,000,000 원"
806,광주구천주교공원묘원,묘지매장,"묘사용권(1.8평) 매장비,묘비","1,650,000 원"
806,광주구천주교공원묘원,관리비,15년관리비,"300,000 원"
806,광주구천주교공원묘원,평장묘,1인용(15년관리비포함),"1,000,000 원"
806,광주구천주교공원묘원,평장묘,2인용(15년관리비포함),"1,700,000 원"
807,대청리공설묘지,공설묘지 사용료(단장),이용자격:옹진군민 사용기간:15년,"60,000 원"
807,대청리공설묘지,공설묘지 관리비(단장),이용자격:옹진군민 사용기간:15년,"30,000 원"
807,대청리공설묘지,공설묘지 사용료(합장),이용자격:옹진군민 사용기간:15년,"90,000 원"
807,대청리공설묘지,공설묘지 관리비(합장),이용자격:옹진군민 사용기간:15년,"45,000 원"
808,점봉리공설공원묘지,공설공원묘지 사용료(단장),"이용자격:여주시민, 15년","150,000 원"
808,점봉리공설공원묘지,공설공원묘지 관리비(단장),"이용자격:여주시민, 15년","150,000 원"
808,점봉리공설공원묘지,공설공원묘지 사용료(합장),"이용자격:여주시민, 15년","225,000 원"
808,점봉리공설공원묘지,공설공원묘지 관리비(합장),"이용자격:여주시민, 15년","225,000 원"
809,대성공원묘원,사용료(5평),합장가능 평당 490만원,"2,450,000 원"
809,대성공원묘원,사용료(6평),합장가능 평당 49만원,"2,940,000 원"
809,대성공원묘원,관리비(5평),합장가능 평당 년 16천원,"80,000 원"
809,대성공원묘원,관리비(6평),합장가능 평당 년 16천원,"96,000 원"
810,진촌리공설묘지,공설묘지 사용료(단장),이용자격:옹진군민 사용기간:15년,"60,000 원"
810,진촌리공설묘지,공설묘지 관리비(단장),이용자격:옹진군민 사용기간:15년,"30,000 원"
810,진촌리공설묘지,공설묘지 사용료(합장),이용자격:옹진군민 사용기간:15년,"90,000 원"
810,진촌리공설묘지,공설묘지 관리비(합장),이용자격:옹진군민 사용기간:15년,"45,000 원"
811,청북공설묘지,공설묘지 사용료(단장),1기당 기준면적 (10㎡) / 15년,"451,000 원"
811,청북공설묘지,공설묘지 관리비(단장),1기당 기준면적 (10㎡) / 15년,"199,000 원"
811,청북공설묘지,공설묘지 사용료(합장),1기당 기준면적 (10㎡) / 15년,"676,000 원"
811,청북공설묘지,공설묘지 관리비(합장),1기당 기준면적 (10㎡) / 15년,"299,000 원"
812,남양주시공설묘지,묘지사용료(단장),분묘1기당 기준면적(6.6㎡),"15,400 원"
812,남양주시공설묘지,묘지관리비(단장),분묘1기당 기준면적(6.6㎡),"16,300 원"
812,남양주시공설묘지,묘지사용료(힙장),분묘1기당 기준면적(9.9㎡),"23,100 원"
812,남양주시공설묘지,묘지사용료(합장),분묘1기당 기준면적(9.9㎡),"24,000 원"
813,선재리공설묘지,공설묘지 사용료(단장),이용자격:옹진군민 사용기간:15년,"60,000 원"
813,선재리공설묘지,공설묘지 관리비(단장),이용자격:옹진군민 사용기간:15년,"30,000 원"
813,선재리공설묘지,공설묘지 사용료(합장),이용자격:옹진군민 사용기간:15년,"90,000 원"
813,선재리공설묘지,공설묘지 관리비(합장),이용자격:옹진군민 사용기간:15년,"45,000 원"
814,내리공설묘지,공설묘지 사용료(단장),이용자격:옹진군민 사용기간:15년,"60,000 원"
814,내리공설묘지,공설묘지 관리비(단장),이용자격:옹진군민 사용기간:15년,"30,000 원"
814,내리공설묘지,공설묘지 사용료(합장),이용자격:옹진군민 사용기간:15년,"90,000 원"
814,내리공설묘지,공설묘지 관리비(합장),이용자격:옹진군민 사용기간:15년,"45,000 원"
815,처리공설공원묘지,공설공원묘지 사용료(단장),"이용자격:여주시민, 15년","150,000 원"
815,처리공설공원묘지,공설공원묘지 관리비(단장),"이용자격:여주시민, 15년","150,000 원"
815,처리공설공원묘지,공설공원묘지 사용료(합장),"이용자격:여주시민, 15년","225,000 원"
815,처리공설공원묘지,공설공원묘지 관리비(합장),"이용자격:여주시민, 15년","225,000 원"
816,대구시립공원묘지,공설묘지 사용료,"1기당, 30년(1회 15년 연장가능)","360,000 원"
816,대구시립공원묘지,공설묘지 관리비,"1기당, 30년(1회 15년 연장가능)","300,000 원"
816,대구시립공원묘지,봉안평장묘,"1기당, 30년","600,000 원"
816,대구시립공원묘지,합장묘,"1기당, 30년","990,000 원"
817,송탄공설묘지,공설묘지 사용료(단장),1기당 기준면적 (10㎡) / 15년,"451,000 원"
817,송탄공설묘지,공설묘지 관리비(단장),1기당 기준면적 (10㎡) / 15년,"199,000 원"
817,송탄공설묘지,공설묘지 사용료(합장),1기당 기준면적 (10㎡) / 15년,"676,000 원"
817,송탄공설묘지,공설묘지 관리비(합장),1기당 기준면적 (10㎡) / 15년,"299,000 원"
818,장봉리공설묘지,공설묘지 사용료(단장),이용자격:옹진군민 사용기간:15년,"60,000 원"
818,장봉리공설묘지,공설묘지 관리비(단장),이용자격:옹진군민 사용기간:15년,"30,000 원"
818,장봉리공설묘지,공설묘지 사용료(합장),이용자격:옹진군민 사용기간:15년,"90,000 원"
818,장봉리공설묘지,공설묘지 관리비(합장),이용자격:옹진군민 사용기간:15년,"45,000 원"
819,안중공설묘지,공설묘지 사용료(단장),1기당 기준면적 (10㎡) / 15년,"451,000 원"
819,안중공설묘지,공설묘지 관리비(단장),1기당 기준면적 (10㎡) / 15년,"199,000 원"
819,안중공설묘지,공설묘지 사용료(합장),1기당 기준면적 (10㎡) / 15년,"676,000 원"
819,안중공설묘지,공설묘지 관리비(합장),1기당 기준면적 (10㎡) / 15년,"299,000 원"
820,하다리공설공원묘지,공설공원묘지 사용료(단장),"이용자격:여주시민, 15년","150,000 원"
820,하다리공설공원묘지,공설공원묘지 관리비(단장),"이용자격:여주시민, 15년","150,000 원"
820,하다리공설공원묘지,공설공원묘지 사용료(합장),"이용자격:여주시민, 15년","225,000 원"
820,하다리공설공원묘지,공설공원묘지 관리비(합장),"이용자격:여주시민, 15년","225,000 원"
821,신도리공설묘지,공설묘지 사용료(단장),이용자격:옹진군민 사용기간:15년,"60,000 원"
821,신도리공설묘지,공설묘지 관리비(단장),이용자격:옹진군민 사용기간:15년,"30,000 원"
821,신도리공설묘지,공설묘지 사용료(합장),이용자격:옹진군민 사용기간:15년,"90,000 원"
821,신도리공설묘지,공설묘지 관리비(합장),이용자격:옹진군민 사용기간:15년,"45,000 원"
822,오산시공설묘지,묘지사용료,1기당 기준명적 (6.6㎡) / 15년,"45,000 원"
822,오산시공설묘지,묘지관리비,1기당 기준명적 (6.6㎡) / 15년,"15,000 원"
822,오산시공설묘지,연장사용료,"기존사용료(45,000) x 10년/15년","30,000 원"
822,오산시공설묘지,연장관리비,"기존관리비(15,000) x 10년/15년","10,000 원"
823,가톨릭 군위묘원,사용료,사용기간 30년,"2,000,000 원"
823,가톨릭 군위묘원,관리비,30년분,"1,000,000 원"
823,가톨릭 군위묘원,용역비 기타,기타용역비 기타,"900,000 원"
824,충효공원묘원,묘지사용료,3.3㎡,"1,500,000 원"
824,충효공원묘원,묘지관리비,3.3㎡,"15,000 원"
825,남양주시공설묘지2,묘지사용료(단장),분묘1기당 기준면적(6.6㎡),"15,400 원"
825,남양주시공설묘지2,묘지관리비(단장),분묘1기당 기준면적(6.6㎡),"16,300 원"
825,남양주시공설묘지2,묘지사용료(단장),분묘1기당 기준면적(9.9㎡),"23,100 원"
825,남양주시공설묘지2,묘지관리비(단장),분묘1기당 기준면적(9.9㎡),"24,400 원"
826,횡성군공설묘지,묘지사용료,합장기준,"361,140 원"
826,횡성군공설묘지,묘지사용료,"합장기준-수급자,국가유공자",0
826,횡성군공설묘지,묘지관리비,합장기준,"360,000 원"
826,횡성군공설묘지,묘지관리비,"합장기준-수급자,국가유공자",0
827,모도리공설묘지,공설묘지 사용료(단장),이용자격:옹진군민 사용기간:15년,"60,000 원"
827,모도리공설묘지,공설묘지 관리비(단장),이용자격:옹진군민 사용기간:15년,"30,000 원"
827,모도리공설묘지,공설묘지 사용료(합장),이용자격:옹진군민 사용기간:15년,"90,000 원"
827,모도리공설묘지,공설묘지 관리비(합장),이용자격:옹진군민 사용기간:15년,"45,000 원"
828,화교화원,묘지사용료,"242,057원 /㎡    800,000원 3.3 ㎡ ,30년","800,000 원"
828,화교화원,묘지관리비,"3,630 원/㎡,  12,000원/3.3㎡","12,000 원"
829,남해추모누리 묘지,매장묘역 사용료,사용자격:남해군민 사용기간:30년 1회연장가능,"860,000 원"
829,남해추모누리 묘지,매장묘역 관리비,사용자격:남해군민 사용기간:30년 1회연장가능,"600,000 원"
829,남해추모누리 묘지,매장묘역 석물대,사용자격:남해군민,"1,460,000 원"
830,남부권공설묘지,묘지 사용료,이용자격:당진시민 사용기간:15년 3회연장가능,"1,524,000 원"
830,남부권공설묘지,묘지 관리비,이용자격:당진시민 사용기간:15년 3회연장가능,"538,400 원"
830,남부권공설묘지,잔디값,이용자격:당진시민 사용기간:15년 3회연장가능,"49,600 원"
831,양평군공설공원묘지,묘지사용료,1기당 기준면적 (6.6㎡),"295,000 원"
831,양평군공설공원묘지,묘지관리비,1기당 기준면적 (6.6㎡),"150,000 원"
831,양평군공설공원묘지,연장관리비,1년 기준,"10,000 원"
832,해방교회공원묘원,없음,없음,없음
833,솔뫼공설묘지,묘지 사용료,이용자격:당진시민 사용기간:15년 3회연장가능,"592,100 원"
833,솔뫼공설묘지,묘지 관리비,이용자격:당진시민 사용기간:15년 3회연장가능,"384,000 원"
833,솔뫼공설묘지,잔디값,이용자격:당진시민 사용기간:15년 3회연장가능,"49,600 원"
834,동명가족묘지,공설묘지 사용료,"1㎡당, 30년(1회 15년 연장가능)","20,000 원"
834,동명가족묘지,공설묘지 관리비,"1기당, 30년(1회 15년 연장가능)","160,000 원"
834,동명가족묘지,합장묘,"1기당, 30년","990,000 원"
835,성서공동묘지,공설묘지 사용료,"1㎡당, 30년(1회 15년 연장가능)","20,000 원"
835,성서공동묘지,공설묘지 관리비,"1기당, 30년(1회 15년 연장가능)","160,000 원"
835,성서공동묘지,합장묘,"1기당, 30년","990,000 원"
836,석문공설묘지,묘지 사용료,이용자격:당진시민 사용기간:15년 3회 연장가능,"591,200 원"
836,석문공설묘지,묘지 관리비,이용자격:당진시민 사용기간:15년 3회 연장가능,"33,200 원"
836,석문공설묘지,잔디값,이용자격:당진시민 사용기간:15년 3회 연장가능,"6,200 원"
837,영락공원묘지,묘지 사용료,"이용자격: 사망일 30일전 광주광역시에 주소를 두고 거주한 자 , 사용기간:15년,10년단위 3회연장가능","1,405,000 원"
837,영락공원묘지,묘지 수수료,"이용자격: 사망일 30일전 광주광역시에 주소를 두고 거주한 자 , 사용기간:15년,10년단위 3회연장가능","271,000 원"
837,영락공원묘지,묘지 관리비,"이용자격: 사망일 30일전 광주광역시에 주소를 두고 거주한 자 , 사용기간:15년,10년단위 3회연장가능","150,000 원"
838,춘천공원묘원,묘지관리비,평당,"15,000 원"
838,춘천공원묘원,사용료,평당,"150,000 원"
839,정주동산,매장(1기당),,"1,200,000 원"
839,정주동산,납골(1기당),,"600,000 원"
839,정주동산,관리비(년관리비),,"40,000 원"
840,천주교서울대교구중림동,묘지사용료,1평당,"1,000,000 원"
840,천주교서울대교구중림동,15년 관리비,1평당,"200,000 원"
840,천주교서울대교구중림동,묘지반환금,묘지받은년도기준금액으로 반환,0
841,동명공동묘지,공설묘지 사용료,"1㎡당, 30년(1회 15년 연장가능)","20,000 원"
841,동명공동묘지,공설묘지 관리비,"1기당, 30년(1회 15년 연장가능)","160,000 원"
841,동명공동묘지,합장묘,"1기당, 30년","990,000 원"
842,양우회,묘지,사설,0
843,김해하늘공원(묘지),사용료,3.3 ㎡기준,"1,200,000 원"
843,김해하늘공원(묘지),관리비,3.3㎡/1년기준,"15,000 원"
844,대호지공설묘지,묘지 사용료,이용자격:당진시민 사용기간:15년 3회연장가능,"693,600 원"
844,대호지공설묘지,묘지 관리비,이용자격:당진시민 사용기간:15년 3회연장가능,"351,200 원"
844,대호지공설묘지,잔디값,이용자격:당진시민 사용기간:15년 3회연장가능,"49,600 원"
845,인천호남향우회,묘지안장료,,0
845,인천호남향우회,묘지관리비,,0
845,인천호남향우회,묘지사용,만장,0
846,꽃동네낙원묘지,꽃동네 가족 안장 비용,,
846,꽃동네낙원묘지,꽃동네 가족 관리 비용,,0
847,천주교 대구대교구청 성직자묘지,사용료,분양하는 사설묘지 아님.,0
847,천주교 대구대교구청 성직자묘지,관리비,분양하는 사설묘지 아님.,0
848,김포공원법인묘지(풍무),"매장묘, 봉안묘",사용료(평당),"700,000 원"
848,김포공원법인묘지(풍무),"매장묘, 봉안묘",1년 관리비(평당),"7,000 원"
849,가조공설공원묘지,사용료,15년간,"300,000 원"
849,가조공설공원묘지,관리비,15년간,"200,000 원"
850,내촌면 제4공설묘지,공설묘지 사용료,"이용자격: 사망 당시 포천시에 주소를 두고 6개월 이상 거주한 자, 사용기간:15년  3회연장가능","40,000 원"
850,내촌면 제4공설묘지,공설묘지 관리비,"이용자격: 사망 당시 포천시에 주소를 두고 6개월 이상 거주한 자, 사용기간:15년  3회연장가능","50,000 원"
851,가납리공설묘지,공설묘지 사용료,"이용자격:1년이상  양주시에 거주한 시민, 사용기간 :15년","26,000 원"
851,가납리공설묘지,공설묘지 관리비,"이용자격:1년이상  양주시에 거주한 시민, 사용기간 :15년","9,000 원"
852,창수면제2공설묘지,공설묘지 사용료,"이용자격: 사망 당시 포천시에 주소를 두고 6개월 이상 거주한 자, 사용기간:15년  3회연장가능","40,000 원"
852,창수면제2공설묘지,공설묘지 관리비,"이용자격: 사망 당시 포천시에 주소를 두고 6개월 이상 거주한 자, 사용기간:15년  3회연장가능","50,000 원"
853,속초공원묘지,공설묘지 사용료,관내(㎡당),"2,220,000 원"
853,속초공원묘지,공설묘지 사용료,관외(㎡당),"4,440,000 원"
854,주안공설묘지,비조성묘지 사용료,비조성묘지 4.95㎡당,"3,600 원"
854,주안공설묘지,비조성묘지 관리비,비조성묘지 4.95㎡당,"17,800 원"
855,낙원공원 의정부묘원,묘지사용료,평당가,"736,860 원"
855,낙원공원 의정부묘원,묘지관리비,평당가,"9,260 원"
856,신안리공설묘지,묘지 사용료,"15년 사용, 2회연장가능","90,000 원"
856,신안리공설묘지,묘지 관리비,"15년 사용, 2회연장가능","100,000 원"
857,왕길공설묘지,비조성묘지 사용료,비조성묘지 4.95㎡당,"3,600 원"
857,왕길공설묘지,비조성묘지 관리비,비조성묘지 4.95㎡당,"17,800 원"
858,고성군 공설묘원,개인,최초신청시30년(5.0*2.0m),"1,170,000 원"
858,고성군 공설묘원,합장,최총신청시30년(6.0*2.5m),"1,950,000 원"
859,내리공설묘지(화도면),공설묘지 사용료,"이용자격 : 강화군민, 15년","15,000 원"
859,내리공설묘지(화도면),공설묘지 관리비,"이용자격 : 강화군민, 15년","15,000 원"
860,영북면 제1공설묘지,공설묘지 사용료,"이용자격: 사망 당시 포천시에 주소를 두고 6개월 이상 거주한 자, 사용기간:15년  3회연장가능","40,000 원"
860,영북면 제1공설묘지,공설묘지 관리비,"이용자격: 사망 당시 포천시에 주소를 두고 6개월 이상 거주한 자, 사용기간:15년  3회연장가능","50,000 원"
861,가산면 제2공설묘지,공설묘지 사용료,"이용자격: 사망 당시 포천시에 주소를 두고 6개월 이상 거주한 자, 사용기간:15년  3회연장가능","40,000 원"
861,가산면 제2공설묘지,공설묘지 관리비,"이용자격: 사망 당시 포천시에 주소를 두고 6개월 이상 거주한 자, 사용기간:15년  3회연장가능","50,000 원"
862,내리교회묘지,비조성묘지 사용료,비조성묘지 4.95㎡당,"3,600 원"
862,내리교회묘지,비조성묘지 관리비,비조성묘지 4.95㎡당,"17,800 원"
863,광석리공설묘지,공설묘지 사용료,"이용자격:1년이상  양주시에 거주한 시민, 사용기간 :15년","26,000 원"
863,광석리공설묘지,공설묘지 관리비,"이용자격:1년이상  양주시에 거주한 시민, 사용기간 :15년","9,000 원"
864,삼하리공설묘지,공설묘지 사용료,"이용자격:1년이상  양주시에 거주한 시민, 사용기간 :15년","26,000 원"
864,삼하리공설묘지,공설묘지 관리비,"이용자격:1년이상  양주시에 거주한 시민, 사용기간 :15년","9,000 원"
865,화현면공설묘지,공설묘지 사용료,"이용자격: 사망 당시 포천시에 주소를 두고 6개월 이상 거주한 자, 사용기간:15년  3회연장가능","40,000 원"
865,화현면공설묘지,공설묘지 관리비,"이용자격: 사망 당시 포천시에 주소를 두고 6개월 이상 거주한 자, 사용기간:15년  3회연장가능","50,000 원"
866,황방리공설묘지,공설묘지 사용료,"이용자격:1년이상  양주시에 거주한 시민, 사용기간 :15년","26,000 원"
866,황방리공설묘지,공설묘지 관리비,"이용자격:1년이상  양주시에 거주한 시민, 사용기간 :15년","9,000 원"
867,어둔동공설묘지,공설묘지 사용료,"이용자격:1년이상  양주시에 거주한 시민, 사용기간 :15년","26,000 원"
867,어둔동공설묘지,공설묘지 관리비,"이용자격:1년이상  양주시에 거주한 시민, 사용기간 :15년","9,000 원"
868,인산리공설묘지,공설묘지 사용료,"이용자격 : 강화군민, 15년","15,000 원"
868,인산리공설묘지,공설묘지 관리비,"이용자격 : 강화군민, 15년","15,000 원"
869,통일촌공설묘지,공설묘지 사용료,"이용자격:파주시민, 15년","95,000 원"
869,통일촌공설묘지,공설묘지 관리비,"이용자격:파주시민, 15년","150,000 원"
870,고제공설공원묘지,묘지 사용료,이용자격:해당면 주민 사용기간:15년,"100,000 원"
870,고제공설공원묘지,묘지 관리비,이용자격:해당면 주민 사용기간:15년,"100,000 원"
871,천부교추모공원,토지사용료,3.3 m2,0
871,천부교추모공원,묘지 관리비,3.3 m2,0
872,천주교서울대교구유지재단(포천묘원),1평당 매장묘,9.9*9.9  (1평 묘지사용허가료),"1,000,000 원"
872,천주교서울대교구유지재단(포천묘원),1평당,9.9*9.9 (1평 관리비),"7,000 원"
873,구암리공설묘지,공설묘지 사용료,"이용자격:1년이상  양주시에 거주한 시민, 사용기간 :15년","26,000 원"
873,구암리공설묘지,공설묘지 관리비,"이용자격:1년이상  양주시에 거주한 시민, 사용기간 :15년","9,000 원"
874,일동면공설묘지,공설묘지 사용료,"이용자격: 사망 당시에 주민등록상 포천시에 주소를 두고 6개월 이상 거주한 시민, 사용기간:15년  3회연장가능","40,000 원"
874,일동면공설묘지,공설묘지 관리비,"이용자격: 사망 당시에 주민등록상 포천시에 주소를 두고 6개월 이상 거주한 시민, 사용기간:15년  3회연장가능","50,000 원"
875,송전공설묘지,합장,6.6m2 사용료 합장만가능/15년/관내주민,"200,000 원"
875,송전공설묘지,합장,6.6m2 관리비 합장만가능/15년/관내주민,"150,000 원"
876,관인면 제2공설묘지,공설묘지 사용료,"이용자격: 사망 당시 포천시에 주소를 두고 6개월 이상 거주한 자, 사용기간:15년  3회연장가능","40,000 원"
876,관인면 제2공설묘지,공설묘지 관리비,"이용자격: 사망 당시 포천시에 주소를 두고 6개월 이상 거주한 자, 사용기간:15년  3회연장가능","50,000 원"
877,영중면 제1공설묘지,공설묘지 사용료,"이용자격: 사망 당시 포천시에 주소를 두고 6개월 이상 거주한 자, 사용기간:15년  3회연장가능","40,000 원"
877,영중면 제1공설묘지,공설묘지 관리비,"이용자격: 사망 당시 포천시에 주소를 두고 6개월 이상 거주한 자, 사용기간:15년  3회연장가능","50,000 원"
878,월평공설공원묘지,공설공원묘지 사용료,이용자격:해당면 주민 사용기간:15년,"300,000 원"
878,월평공설공원묘지,공설공원묘지 관리비,이용자격:해당면 주민 사용기간:15년,"200,000 원"
879,탄현공설묘지,공설묘지 사용료,"이용자격:파주시민, 15년","95,000 원"
879,탄현공설묘지,공설묘지 관리비,"이용자격:파주시민, 15년","150,000 원"
880,신북면제4공동묘지,공설묘지 사용료,"이용자격: 사망 당시 포천시에 주소를 두고 6개월 이상 거주한 자, 사용기간:15년  3회연장가능","40,000 원"
880,신북면제4공동묘지,공설묘지 관리비,"이용자격: 사망 당시 포천시에 주소를 두고 6개월 이상 거주한 자, 사용기간:15년  3회연장가능","50,000 원"
881,영암군덕진공설묘지,묘지 사용료,1기당 10평방미터,"90,000 원"
881,영암군덕진공설묘지,묘지 관리비,"1기당 10평방미터 , 유효기간은 5년이면 영구적으로 납부시는 15만원","25,000 원"
882,도림공설묘지,비조성묘지 사용료,비조성묘지 4.95㎡당,"3,600 원"
882,도림공설묘지,비조성묘지 관리비,비조성묘지 4.95㎡당,"17,800 원"
883,신북면제2공동묘지,공설묘지 사용료,"이용자격: 사망 당시 포천시에 주소를 두고 6개월 이상 거주한 자, 사용기간:15년  3회연장가능","40,000 원"
883,신북면제2공동묘지,공설묘지 관리비,"이용자격: 사망 당시 포천시에 주소를 두고 6개월 이상 거주한 자, 사용기간:15년  3회연장가능","50,000 원"
884,마전동공설묘지,공설묘지 사용료,"이용자격:1년이상  양주시에 거주한 시민, 사용기간 :15년","26,000 원"
884,마전동공설묘지,공설묘지 관리비,"이용자격:1년이상  양주시에 거주한 시민, 사용기간 :15년","9,000 원"
885,정왕공설묘지,묘지 사용료,이용자격:시흥시민 사용기간:15년 3회연장가능,"45,000 원"
885,정왕공설묘지,묘지 관리비,이용자격:시흥시민 사용기간:15년 3회연장가능,"15,000 원"
886,장수공설묘지,비조성묘지 사용료,비조성묘지 4.95㎡당,"3,600 원"
886,장수공설묘지,비조성묘지 관리비,비조성묘지 4.95㎡당,"17,800 원"
887,옥계공설묘지,묘지 사용료,1m2 기준/30년,"24,000 원"
887,옥계공설묘지,묘지 관리비,1m2 기준/30년,"2,000 원"
888,소흘읍제2공설묘지,공설묘지 사용료,"이용자격: 사망 당시 포천시에 주소를 두고 6개월 이상 거주한 자, 사용기간:15년  3회연장가능","40,000 원"
888,소흘읍제2공설묘지,공설묘지 관리비,"이용자격: 사망 당시에 주민등록상 포천시에 주소를 두고 6개월 이상 거주한 시민, 사용기간:15년  3회연장가능","50,000 원"
889,영북면 제2공설묘지,공설묘지 사용료,"이용자격: 사망 당시 포천시에 주소를 두고 6개월 이상 거주한 자, 사용기간:15년  3회연장가능","40,000 원"
889,영북면 제2공설묘지,공설묘지 관리비,"이용자격: 사망 당시 포천시에 주소를 두고 6개월 이상 거주한 자, 사용기간:15년  3회연장가능","50,000 원"
890,영중면 제2공설묘지,공설묘지 사용료,"이용자격: 사망 당시 포천시에 주소를 두고 6개월 이상 거주한 자, 사용기간:15년  3회연장가능","40,000 원"
890,영중면 제2공설묘지,공설묘지 관리비,"이용자격: 사망 당시 포천시에 주소를 두고 6개월 이상 거주한 자, 사용기간:15년  3회연장가능","50,000 원"
891,화천공설묘지,묘지등의 사용료,"분묘 관리비, 사용료 (㎡당/15년간)","110,000 원"
891,화천공설묘지,묘지등의 사용료,잔디비용(기당),"30,000 원"
892,천주교성환공원묘지,사용료,공용포함 3평,"958,000 원"
892,천주교성환공원묘지,관리비,공용포함 3평,"459,000 원"
893,전곡읍공설묘지,공설묘지 사용료,이용자격:연천군민 사용기간:15년 3회연장가능,"15,400 원"
893,전곡읍공설묘지,공설묘지 관리비,이용자격:연천군민 사용기간:15년 3회연장가능,"16,300 원"
894,월곳리공설묘지,공설묘지 사용료,"이용자격 : 강화군민, 15년","15,000 원"
894,월곳리공설묘지,공설묘지 관리비,"이용자격 : 강화군민, 15년","15,000 원"
895,옥천군공설묘지,묘지 사용료,"1기당 5m2, 15년 사용가능","180,000 원"
895,옥천군공설묘지,묘지 관리비,"1기당 5m2, 15년 사용가능","120,000 원"
896,주문공설묘지,공설묘지 사용료,"이용자격 : 강화군민, 15년","15,000 원"
896,주문공설묘지,공설묘지 관리비,"이용자격 : 강화군민, 15년","15,000 원"
897,송호리공설묘지,묘지 사용료,15년 사용 2회연장가능,"90,000 원"
897,송호리공설묘지,묘지 관리비,15년 사용 2회연장가능,"100,000 원"
898,외포리공설묘지,공설묘지 사용료,"이용자격 : 강화군민, 15년","15,000 원"
898,외포리공설묘지,공설묘지 관리비,"이용자격 : 강화군민, 15년","15,000 원"
899,신상공설묘지,공설묘지 사용료,"1기당 3.3m2,1등지:5만원 이하, 2등지:3만원이하, 3등지:1만원 이하","10,000 원"
899,신상공설묘지,공설묘지 관리비,"1기당 3.3m2, 2,000원~3,000원","2,000 원"
900,온수리공설묘지,공설묘지 사용료,"이용자격 : 강화군민, 15년","15,000 원"
900,온수리공설묘지,공설묘지 관리비,"이용자격 : 강화군민, 15년","15,000 원"
901,양구군공설묘지,묘지,단장1단,"366,120 원"
901,양구군공설묘지,묘지,합장1단,"536,970 원"
902,연천읍공설묘지,공설묘지 사용료,이용자격:연천군민 사용기간:15년 3회연장가능,"15,400 원"
902,연천읍공설묘지,공설묘지 관리,이용자격:연천군민 사용기간:15년 3회연장가능,"16,300 원"
903,천주교양산공원묘지,사용료,천주교인에 한함,0
903,천주교양산공원묘지,관리비,천주교인에 한함,"40,000 원"
904,안흥동공설묘지,묘지사용료,1기당 기준면적 (3.9㎡) / 15년,"132,000 원"
904,안흥동공설묘지,묘지관리비,1기당 기준면적 (3.9㎡) / 15년,"96,000 원"
905,도하리공설묘지,공설묘지 사용료,"이용자격:1년이상  양주시에 거주한 시민, 사용기간 :15년","26,000 원"
905,도하리공설묘지,공설묘지 관리비,"이용자격:1년이상  양주시에 거주한 시민, 사용기간 :15년","9,000 원"
906,동부공설묘지,공설묘지 사용료(봉분),이용자격:제주도민 사용기간:15년 3회연장가능,"200,000 원"
906,동부공설묘지,공설묘지 사용료(평장),이용자격:제주도민 사용기간:15년 3회연장가능,"100,000 원"
907,부안용산공설묘지,묘지 사용료,1기당 기준면적 (10㎡) / 15년,"90,000 원"
907,부안용산공설묘지,묘지 관리비,1기당 기준면적 (10㎡) / 15년,"30,000 원"
908,군내면 제2공설묘지,공설묘지 사용료,"이용자격: 사망 당시 포천시에 주소를 두고 6개월 이상 거주한 자, 사용기간:15년  3회연장가능","40,000 원"
908,군내면 제2공설묘지,공설묘지 관리비,"이용자격: 사망 당시 포천시에 주소를 두고 6개월 이상 거주한 자, 사용기간:15년  3회연장가능","50,000 원"
909,원주공원묘원,사용료,평,"1,500,000 원"
909,원주공원묘원,관리비,"년,평","15,000 원"
910,덕도리공설묘지,공설묘지 사용료,"이용자격:1년이상  양주시에 거주한 시민, 사용기간 :15년","26,000 원"
910,덕도리공설묘지,공설묘지 관리비,"이용자격:1년이상  양주시에 거주한 시민, 사용기간 :15년","9,000 원"
911,하패리공설묘지,공설묘지 사용료,"이용자격:1년이상  양주시에 거주한 시민, 사용기간 :15년","26,000 원"
911,하패리공설묘지,공설묘지 관리비,"이용자격:1년이상  양주시에 거주한 시민, 사용기간 :15년","9,000 원"
912,초원지공설묘지,공설묘지 사용료,"이용자격: 사망 당시 김포시에 주민등록상의 주소를 두고 6개월 이상 계속하여 거주한 자, 사용기간:15년 3회연장 가능","487,500 원"
912,초원지공설묘지,공설묘지 관리비,"이용자격: 사망 당시 김포시에 주민등록상의 주소를 두고 6개월 이상 계속하여 거주한 자, 사용기간:15년 3회연장 가능","162,500 원"
913,하늘공원(부곡동공설공원묘지),묘지사용료,1기당 (6.6㎡ 이하),"253,000 원"
913,하늘공원(부곡동공설공원묘지),묘지관리비,1기당 (6.6㎡ 이하),"403,000 원"
914,경신리공설묘지,공설묘지 사용료,"이용자격:1년이상  양주시에 거주한 시민, 사용기간 :15년","26,000 원"
914,경신리공설묘지,공설묘지 관리비,"이용자격:1년이상  양주시에 거주한 시민, 사용기간 :15년","9,000 원"
915,사곡동공설묘지,묘지사용료,1기당 기준면적 (6.6㎡) / 15년,"50,000 원"
915,사곡동공설묘지,묘지관리비,1기당 기준면적 (6.6㎡) / 15년,"50,000 원"
916,관인면공설묘지,공설묘지 사용료,"이용자격: 사망 당시에 주민등록상 포천시에 주소를 두고 6개월 이상 거주한 시민, 사용기간:15년  3회연장가능","40,000 원"
916,관인면공설묘지,공설묘지 관리비,"이용자격: 사망 당시 포천시에 주소를 두고 6개월 이상 거주한 자, 사용기간:15년  3회연장가능","50,000 원"
917,문형리공설묘지,묘지사용료,1기당 기준면적 (6.6㎡),"60,000 원"
917,문형리공설묘지,묘지관리비,1기당 기준면적 (6.6㎡),"63,000 원"
918,부안수동공설묘지,묘지 사용료,1기당 기준면적 (10㎡) / 15년,"90,000 원"
918,부안수동공설묘지,묘지 관리비,1기당 기준면적 (10㎡) / 15년,"30,000 원"
919,가산면 제3공설묘지,공설묘지 사용료,"이용자격: 사망 당시 포천시에 주소를 두고 6개월 이상 거주한 자, 사용기간:15년  3회연장가능","40,000 원"
919,가산면 제3공설묘지,공설묘지 관리비,"이용자격: 사망 당시에 주민등록상 포천시에 주소를 두고 6개월 이상 거주한 시민, 사용기간:15년  3회연장가능","50,000 원"
920,영덕군삼계공설묘지,묘지 사용료,"3.3m2당, 1등지:2만5천원 2등지:1만5천원  3등지:5천원","25,000 원"
920,영덕군삼계공설묘지,묘지 관리비,1기당,"2,000 원"
921,아산주진공설묘지,묘지 사용료,1기당 기준면적 (10㎡) / 15년,"90,000 원"
921,아산주진공설묘지,묘지 관리비,1기당 기준면적 (10㎡) / 15년,"30,000 원"
922,상리공설묘지,공설묘지 사용료,"이용자격 : 강화군민, 15년","15,000 원"
922,상리공설묘지,공설묘지 관리비,"이용자격 : 강화군민, 15년","15,000 원"
923,성주군공설묘지,묘지 사용료,"평당 3.3m2/ 1등지:5만원이하,2등지:3만원이하,3등지:1만원이하","50,000 원"
923,성주군공설묘지,묘지 관리비,"기당/1년 2,000원~3,000원","3,000 원"
924,거창공설공원묘지,공설공원묘지 사용료,이용자격:해당읍 주민 사용기간:15년,"300,000 원"
924,거창공설공원묘지,공설공원묘지 관리비,이용자격:해당읍 주민 사용기간:15년,"200,000 원"
925,왕길조성묘지,왕길조성묘지 사용료,조성묘지 4.95㎡당,"15,400 원"
925,왕길조성묘지,왕길조성묘지 관리비,조성묘지 4.95㎡당,"48,900 원"
926,월롱면공설묘지,공설묘지 사용료,"이용자격:파주시민, 15년","95,000 원"
926,월롱면공설묘지,공설묘지 관리비,"이용자격:파주시민, 15년","150,000 원"
927,상수리공설묘지,공설묘지 사용료,"이용자격:1년이상  양주시에 거주한 시민, 사용기간 :15년","26,000 원"
927,상수리공설묘지,공설묘지 관리비,"이용자격:1년이상  양주시에 거주한 시민, 사용기간 :15년","9,000 원"
928,우고리공설묘지,공설묘지 사용료,"이용자격:1년이상  양주시에 거주한 시민, 사용기간 :15년","26,000 원"
928,우고리공설묘지,공설묘지 관리비,"이용자격:1년이상  양주시에 거주한 시민, 사용기간 :15년","9,000 원"
929,가산면 제4공설묘지,공설묘지 사용료,"이용자격: 사망 당시 포천시에 주소를 두고 6개월 이상 거주한 자, 사용기간:15년  3회연장가능","40,000 원"
929,가산면 제4공설묘지,공설묘지 관리비,"이용자격: 사망 당시에 주민등록상 포천시에 주소를 두고 6개월 이상 거주한 시민, 사용기간:15년  3회연장가능","50,000 원"
930,창수면제1공설묘지,공설묘지 사용료,"이용자격: 사망 당시 포천시에 주소를 두고 6개월 이상 거주한 자, 사용기간:15년  3회연장가능","40,000 원"
930,창수면제1공설묘지,공설묘지 관리비,"이용자격: 사망 당시 포천시에 주소를 두고 6개월 이상 거주한 자, 사용기간:15년  3회연장가능","50,000 원"
931,사천시공설묘지,공설묘지 사용료,공설묘지는 공공사업으로 이장되어야 할 분묘 등에 한하여 사용할 수 있음,"30,000 원"
931,사천시공설묘지,공설묘지 수수료,공설묘지는 공공사업으로 이장되어야 할 분묘 등에 한하여 사용할 수 있음,"23,000 원"
932,봉양동공설묘지,공설묘지 사용료,"이용자격:1년이상  양주시에 거주한 시민, 사용기간 :15년","26,000 원"
932,봉양동공설묘지,공설묘지 관리비,"이용자격:1년이상  양주시에 거주한 시민, 사용기간 :15년","9,000 원"
933,한산리공설묘지,공설묘지 사용료,"이용자격:1년이상  양주시에 거주한 시민, 사용기간 :15년","26,000 원"
933,한산리공설묘지,공설묘지 관리비,"이용자격:1년이상  양주시에 거주한 시민, 사용기간 :15년","9,000 원"
934,하일리공설묘지,공설묘지 사용료,"이용자격 : 강화군민, 15년","15,000 원"
934,하일리공설묘지,공설묘지 관리비,"이용자격 : 강화군민, 15년","15,000 원"
935,북상공설공원묘지,공설공원묘지 사용료,이용자격:북상면 주민 사용기간:15년,"300,000 원"
935,북상공설공원묘지,공설공원묘지 관리비,이용자격:북상면 주민 사용기간:15년,"200,000 원"
936,가톨릭 범물묘원,사용료,신규분양 없음(만장),0
936,가톨릭 범물묘원,관리비,관리비 없음,0
937,금광공설묘지,묘지사용료,1기당 기본면적 6.6㎡ / 15년,"50,000 원"
937,금광공설묘지,뇨지관리비,1기당 기본면적 6.6㎡ / 15년,"50,000 원"
938,답곡리공설묘지,묘지 사용료,이용자격:연천군민 사용기간:15년 3회연장 가능,"187,000 원"
938,답곡리공설묘지,묘지 관리비,이용자격:연천군민 사용기간:15년 3회연장 가능,"113,000 원"
939,미법리공설묘지,공설묘지 사용료,"이용자격 : 강화군민, 15년","15,000 원"
939,미법리공설묘지,공설묘지 관리비,"이용자격 : 강화군민, 15년","15,000 원"
940,모란공원(묘지),묘 지,㎡당 연간사용료,"430,500 원"
940,모란공원(묘지),묘 지,㎡당 연간관리비,"3,636 원"
941,덕포리공설묘지,공설묘지 사용료,"이용자격 : 강화군민, 15년","15,000 원"
941,덕포리공설묘지,공설묘지 관리비,"이용자격 : 강화군민, 15년","15,000 원"
942,대곡공설묘지,비조성묘지 사용료,비조성묘지 4.95㎡당,"3,600 원"
942,대곡공설묘지,비조성묘지 관리비,비조성묘지 4.95㎡당,"17,800 원"
943,신북면제5공동묘지,공설묘지 사용료,"이용자격: 사망 당시 포천시에 주소를 두고 6개월 이상 거주한 자, 사용기간:15년  3회연장가능","40,000 원"
943,신북면제5공동묘지,공설묘지 관리비,"이용자격: 사망 당시 포천시에 주소를 두고 6개월 이상 거주한 자, 사용기간:15년  3회연장가능","50,000 원"
944,상신공설공원묘지,묘지사용료,1기 (10㎡ 이하),"80,000 원"
944,상신공설공원묘지,묘지관리비,1기 (10㎡ 이하),"120,000 원"
945,신림덕화공설묘지,묘지 사용료,1기당 기준면적 (10㎡) / 15년,"90,000 원"
945,신림덕화공설묘지,묘지 관리비,1기당 기준면적 (10㎡) / 15년,"30,000 원"
946,소흘읍제3공설묘지,공설묘지 사용료,"이용자격: 사망 당시 포천시에 주소를 두고 6개월 이상 거주한 자, 사용기간:15년  3회연장가능","40,000 원"
946,소흘읍제3공설묘지,공설묘지 관리비,"이용자격: 사망 당시에 주민등록상 포천시에 주소를 두고 6개월 이상 거주한 시민, 사용기간:15년  3회연장가능","50,000 원"
947,삼상리공설묘지,공설묘지 사용료,"이용자격:1년이상  양주시에 거주한 시민, 사용기간 :15년","26,000 원"
947,삼상리공설묘지,공설묘지 관리비,"이용자격:1년이상  양주시에 거주한 시민, 사용기간 :15년","9,000 원"
948,가북공설공원묘지,공설공원묘지 사용료,이용자격:해당면 주민 사용기간:15년,"300,000 원"
948,가북공설공원묘지,공설공원묘지 관리,이용자격:해당면 주민 사용기간:15년,"200,000 원"
949,망월묘지공원,묘원 사용료(16.7.1. 부터 변경),"사용료+수수료 포함,30년 사용","3,081,000 원"
949,망월묘지공원,묘원 관리비(16.7.1. 부터 변경),"1기당, 30년","300,000 원"
950,용암리공설묘지,공설묘지 사용료,"이용자격:1년이상  양주시에 거주한 시민, 사용기간 :15년","26,000 원"
950,용암리공설묘지,공설묘지 관리비,"이용자격:1년이상  양주시에 거주한 시민, 사용기간 :15년","9,000 원"
951,의령군공설묘지,공설묘지 사용료,1구당 8.25m2/15년,"300,000 원"
951,의령군공설묘지,공설묘지 관리비,1구당 8.25m2/15년,"150,000 원"
952,포내공설묘지,공설묘지 사용료,"이용자격: 사망 당시 김포시에 주민등록상의 주소를 두고 6개월 이상 계속하여 거주한 자, 사용기간:15년 3회연장 가능","487,500 원"
952,포내공설묘지,공설묘지 관리비,"이용자격: 사망 당시 김포시에 주민등록상의 주소를 두고 6개월 이상 계속하여 거주한 자, 사용기간:15년 3회연장 가능","162,500 원"
953,내유동공동묘지,공동묘지 사용료(일반),"이용자격: 6개월이상 고양시에 거주한 고양시민, 사용기간: 30년 1회연장가능","10,000 원"
953,내유동공동묘지,공동묘지 사용료(합장),"이용자격: 6개월이상 거주한 고양시민, 사용기간 30년 1회연장가능","5,000 원"
954,내촌면 제3공설묘지,공설묘지 사용료,"이용자격: 사망 당시 포천시에 주소를 두고 6개월 이상 거주한 자, 사용기간:15년  3회연장가능","40,000 원"
954,내촌면 제3공설묘지,공설묘지 관리비,"이용자격: 사망 당시 포천시에 주소를 두고 6개월 이상 거주한 자, 사용기간:15년  3회연장가능","50,000 원"
955,신북면제6공동묘지,공설묘지 사용료,"이용자격: 사망 당시 포천시에 주소를 두고 6개월 이상 거주한 자, 사용기간:15년  3회연장가능","40,000 원"
955,신북면제6공동묘지,공설묘지 관리비,"이용자격: 사망 당시 포천시에 주소를 두고 6개월 이상 거주한 자, 사용기간:15년  3회연장가능","50,000 원"
956,장흥리공설묘지,공설묘지 사용료,"이용자격 : 강화군민, 15년","15,000 원"
956,장흥리공설묘지,공설묘지 관리비,"이용자격 : 강화군민, 15년","15,000 원"
957,금산공원묘원,묘지사용료,30년/3.3㎡(평당),"900,000 원"
957,금산공원묘원,관리비,년/3.3㎡(평당),"13,000 원"
958,장계공설묘지,묘지 사용료,"1기당 10m2, 15년","100,000 원"
958,장계공설묘지,묘지 관리비,"1기당 10m2, 15년","100,000 원"
959,군내면 제1공설묘지,공설묘지 사용료,"이용자격: 사망 당시 포천시에 주소를 두고 6개월 이상 거주한 자, 사용기간:15년  3회연장가능","40,000 원"
959,군내면 제1공설묘지,공설묘지 관리비,"이용자격: 사망 당시 포천시에 주소를 두고 6개월 이상 거주한 자, 사용기간:15년  3회연장가능","50,000 원"
960,창수면제3공설묘지,공설묘지 사용료,"이용자격: 사망 당시 포천시에 주소를 두고 6개월 이상 거주한 자, 사용기간:15년  3회연장가능","40,000 원"
960,창수면제3공설묘지,공설묘지 관리비,"이용자격: 사망 당시 포천시에 주소를 두고 6개월 이상 거주한 자, 사용기간:15년  3회연장가능","50,000 원"
961,회정동공설묘지,공설묘지 사용료,"이용자격:1년이상  양주시에 거주한 시민, 사용기간 :15년","26,000 원"
961,회정동공설묘지,공설묘지 관리비,"이용자격:1년이상  양주시에 거주한 시민, 사용기간 :15년","9,000 원"
962,신산리공설묘지,공설묘지 사용료,"이용자격:1년이상  양주시에 거주한 시민, 사용기간 :15년","26,000 원"
962,신산리공설묘지,공설묘지 관리비,"이용자격:1년이상  양주시에 거주한 시민, 사용기간 :15년","9,000 원"
963,남상공설공원묘지,공설공원묘지 사용료,이용자격:해당면 주민 사용기간:15년,"300,000 원"
963,남상공설공원묘지,공설공원묘지 관리비,이용자격:해당면 주민 사용기간:15년,"200,000 원"
964,운연 공설묘지,비조성묘지 사용료,비조성묘지 4.95㎡당,"3,600 원"
964,운연 공설묘지,비조성묘지 관리비,비조성묘지 4.95㎡당,"17,800 원"
965,두곡리공설묘지,공설묘지 사용료,"이용자격:1년이상  양주시에 거주한 시민, 사용기간 :15년","26,000 원"
965,두곡리공설묘지,공설묘지 관리비,"이용자격:1년이상  양주시에 거주한 시민, 사용기간 :15년","9,000 원"
966,유치공설공원묘지,묘지 사용료,"1기당 4.95m2, 30년","500,000 원"
966,유치공설공원묘지,묘지 관리비,"1기당 4.95m2, 30년","500,000 원"
967,양오리공설묘지,공설묘지 사용료,"이용자격 : 강화군민, 15년","15,000 원"
967,양오리공설묘지,공설묘지 관리비,"이용자격 : 강화군민, 15년","15,000 원"
968,신서면공설묘지,묘지 사용료,이용자격:연천군민 사용기간:15년 3회연장가능,"15,400 원"
968,신서면공설묘지,묘지 관리비,이용자격:연천군민 사용기간:15년 3회연장가능,"16,300 원"
969,연정리공설묘지,묘지 사용료,"15년 사용, 2회연장가능","90,000 원"
969,연정리공설묘지,묘지 관리비,"15년 사용, 2회연장가능","100,000 원"
970,신월리공설묘지,묘지사용료,1기당 기준면적(6.6㎡),"60,000 원"
970,신월리공설묘지,묘지관리비,1기당 기준면적(6.6㎡),"63,000 원"
971,선단동공설묘지,공설묘지 사용료,"이용자격: 사망 당시에 주민등록상 포천시에 주소를 두고 6개월 이상 거주한 시민, 사용기간:15년  3회연장가능","40,000 원"
971,선단동공설묘지,공설묘지 관리비,"이용자격: 사망 당시에 주민등록상 포천시에 주소를 두고 6개월 이상 거주한 시민, 사용기간:15년  3회연장가능","50,000 원"
972,무장고라공설묘지,묘지 사용료,1기당 기준면적 (10㎡) / 15년,"90,000 원"
972,무장고라공설묘지,묘지 관리비,1기당 기준면적 (10㎡) / 15년,"30,000 원"
973,신북면제1공동묘지,공설묘지 사용료,"이용자격: 사망 당시 포천시에 주소를 두고 6개월 이상 거주한 자, 사용기간:15년  3회연장가능","40,000 원"
973,신북면제1공동묘지,공설묘지 관리비,"이용자격: 사망 당시 포천시에 주소를 두고 6개월 이상 거주한 자, 사용기간:15년  3회연장가능","50,000 원"
974,신암리공설묘지,공설묘지 사용료,"이용자격:1년이상  양주시에 거주한 시민, 사용기간 :15년","26,000 원"
974,신암리공설묘지,공설묘지 관리비,"이용자격:1년이상  양주시에 거주한 시민, 사용기간 :15년","9,000 원"
975,복지리공설묘지,공설묘지 사용료,"이용자격:1년이상  양주시에 거주한 시민, 사용기간 :15년","26,000 원"
975,복지리공설묘지,공설묘지 관리비,"이용자격:1년이상  양주시에 거주한 시민, 사용기간 :15년","9,000 원"
976,수산공설묘지,비조성묘지 사용료,비조성묘지 4.95㎡당,"3,600 원"
976,수산공설묘지,비조성묘지 관리비,비조성묘지 4.95㎡당,"17,800 원"
977,양택리공설묘지(봉안묘),공설묘지 사용료,"이용자격: 사망 당시 김포시에 주민등록상의 주소를 두고 6개월 이상 계속하여 거주한 자, 사용기간:15년 3회연장 가능","487,500 원"
977,양택리공설묘지(봉안묘),공설묘지 관리비,"이용자격: 사망 당시 김포시에 주민등록상의 주소를 두고 6개월 이상 계속하여 거주한 자, 사용기간:15년 3회연장 가능","162,500 원"
978,동산리공설묘지,공설묘지 사용료,"이용자격 : 강화군민, 15년","15,000 원"
978,동산리공설묘지,공설묘지 관리비,"이용자격 : 강화군민, 15년","15,000 원"
979,내촌면 제2공설묘지,공설묘지 사용료,"이용자격: 사망 당시 포천시에 주소를 두고 6개월 이상 거주한 자, 사용기간:15년  3회연장가능","40,000 원"
979,내촌면 제2공설묘지,공설묘지 관리비,"이용자격: 사망 당시에 주민등록상 포천시에 주소를 두고 6개월 이상 거주한 시민, 사용기간:15년  3회연장가능","50,000 원"
980,군남면공설묘지,묘지 사용료,이용자격:연천군민 사용기간:15년 3회연장가능,"15,400 원"
980,군남면공설묘지,묘지 관리비,이용자격:연천군민 사용기간:15년 3회연장가능,"16,300 원"
981,대전공원묘원,묘지사용료(6평),"평당1,050,000원","6,300,000 원"
981,대전공원묘원,관리비(6평),"15년× 평당25,000원","2,250,000 원"
982,유양동공설묘지,공설묘지 사용료,"이용자격:1년이상  양주시에 거주한 시민, 사용기간 :15년","26,000 원"
982,유양동공설묘지,공설묘지 관리비,"이용자격:1년이상  양주시에 거주한 시민, 사용기간 :15년","9,000 원"
983,김포공원법인묘지(대곶),"매장묘, 봉안묘",사용료(평당),"700,000 원"
983,김포공원법인묘지(대곶),"매장묘, 봉안묘",1년 관리비(평당),"7,000 원"
984,장정리공설묘지,공설묘지 사용료,"이용자격 : 강화군민, 15년","15,000 원"
984,장정리공설묘지,공설묘지 관리비,"이용자격 : 강화군민, 15년","15,000 원"
985,비암리공설묘지,공설묘지 사용료,"이용자격:1년이상  양주시에 거주한 시민, 사용기간 :15년","26,000 원"
985,비암리공설묘지,공설묘지 관리비,"이용자격:1년이상  양주시에 거주한 시민, 사용기간 :15년","9,000 원"
986,군산시공설묘지,공설묘지 사용료,"1기당, 15년","445,000 원"
986,군산시공설묘지,공설묘지 관리비,"1기당, 15년","55,000 원"
987,교산리공설묘지(저수지),공설묘지 사용료,"이용자격 : 강화군민, 15년","15,000 원"
987,교산리공설묘지(저수지),공설묘지 관리비,"이용자격 : 강화군민, 15년","15,000 원"
988,여산공설묘지,묘지 사용료 및 관리비,"5m2,15년","400,000 원"
988,여산공설묘지,연장료,"5m2,10년","300,000 원"
989,순천시립공원묘지,매장(관내),사용자격:사망일 현재 순천시에 주민등록을 1년이상 두고 있는 사람 (15년씩 3회연장가능),"515,000 원"
989,순천시립공원묘지,매장(관외),"사용자격:사망자 직계,존.비속 및 배우자가 주민등록상 순천시인 경우,사망자 등록기준지가 순천시인 경우(15년씩 3회연장가능)","800,000 원"
990,익산시공설묘지,묘지 사용료 및 관리비,"5m2,15년","450,000 원"
990,익산시공설묘지,연장료,"5m2,10년","300,000 원"
991,파평공설묘지,공설묘지 사용료,"이용자격:파주시민, 15년","95,000 원"
991,파평공설묘지,공설묘지 관리비,"이용자격:파주시민, 15년","150,000 원"
992,죽변화성리공설묘지,묘지 사용료,이용자격:울진군민,"25,000 원"
992,죽변화성리공설묘지,묘지 관리비,이용자격:울진군민,"2,000 원"
993,안양공원묘원,평당,1평,"798,700 원"
993,안양공원묘원,년간,평당,"11,000 원"
994,동해면장기공설공원묘원,묘지 사용료,1기당 기준명적 (6.6㎡) / 15년,"400,000 원"
994,동해면장기공설공원묘원,묘지 관리비,1기당 기준명적 (6.6㎡) / 15년,"150,000 원"
995,장화리공설묘지,공설묘지 사용료,"이용자격 : 강화군민, 15년","15,000 원"
995,장화리공설묘지,공설묘지 관리비,"이용자격 : 강화군민, 15년","15,000 원"
996,웅양공설공원묘지,공설공원묘지 사용료,이용자격:해당면 주민 사용기간:15년,"300,000 원"
996,웅양공설공원묘지,공설공원묘지 관리비,이용자격:해당면 주민 사용기간:15년,"200,000 원"
997,석우리공설묘지,공설묘지 사용료,"이용자격:1년이상  양주시에 거주한 시민, 사용기간 :15년","26,000 원"
997,석우리공설묘지,공설묘지 관리비,"이용자격:1년이상  양주시에 거주한 시민, 사용기간 :15년","9,000 원"
998,광사동공설묘지,공설묘지 사용료,"이용자격:1년이상  양주시에 거주한 시민, 사용기간 :15년","26,000 원"
998,광사동공설묘지,공설묘지 관리비,"이용자격:1년이상  양주시에 거주한 시민, 사용기간 :15년","9,000 원"
999,가산면 제1공설묘지,공설묘지 사용료,"이용자격: 사망 당시 포천시에 주소를 두고 6개월 이상 거주한 자, 사용기간:15년  3회연장가능","40,000 원"
999,가산면 제1공설묘지,공설묘지 관리비,"이용자격: 사망 당시 포천시에 주소를 두고 6개월 이상 거주한 자, 사용기간:15년  3회연장가능","50,000 원"
1000,오상리공설묘지,공설묘지 사용료,"이용자격 : 강화군민, 15년","15,000 원"
1000,오상리공설묘지,공설묘지 관리비,"이용자격 : 강화군민, 15년","15,000 원"
1001,성석동공설묘지,공설묘지 사용료(일반),이용자격:6개월이상 고양시에 거주한 고양시민 사용기간:30년 1회연장가능,"35,000 원"
1001,성석동공설묘지,공설묘지 사용료(합장),이용자격:6개월이상 고양시에 거주한 고양시민 사용기간:30년 1회연장가능,"47,500 원"
1002,군내면 제3공설묘지,공설묘지 사용료,"이용자격: 사망 당시 포천시에 주소를 두고 6개월 이상 거주한 자, 사용기간:15년  3회연장가능","40,000 원"
1002,군내면 제3공설묘지,공설묘지 관리비,"이용자격: 사망 당시 포천시에 주소를 두고 6개월 이상 거주한 자, 사용기간:15년  3회연장가능","50,000 원"
1003,입암리공설묘지,공설묘지 사용료,"이용자격:1년이상  양주시에 거주한 시민, 사용기간 :15년","26,000 원"
1003,입암리공설묘지,공설묘지 관리비,"이용자격:1년이상  양주시에 거주한 시민, 사용기간 :15년","9,000 원"
1004,방성리공설묘지,공설묘지 사용료,"이용자격:1년이상  양주시에 거주한 시민, 사용기간 :15년","26,000 원"
1004,방성리공설묘지,공설묘지 관리비,"이용자격:1년이상  양주시에 거주한 시민, 사용기간 :15년","9,000 원"
1005,북양공설공원묘지,묘지사용료,1기 (10㎡ 이하),"80,000 원"
1005,북양공설공원묘지,묘지관리비,1기 (10㎡ 이하),"120,000 원"
1006,신북면제3공동묘지,공설묘지 사용료,"이용자격: 사망 당시에 주민등록상 포천시에 주소를 두고 6개월 이상 거주한 시민, 사용기간:15년  3회연장가능","40,000 원"
1006,신북면제3공동묘지,공설묘지 관리비,"이용자격: 사망 당시에 주민등록상 포천시에 주소를 두고 6개월 이상 거주한 시민, 사용기간:15년  3회연장가능","50,000 원"
1007,구리시공설묘지,공설묘지 사용료,"1기당 6.6m2 , 15년","120,000 원"
1007,구리시공설묘지,공설묘지 관리비,"1기당 6.6m2 , 15년","80,000 원"
1008,당산리공설묘지,공설묘지 사용료,*강화군민만 이용가능/사용료:15000원 관리비:15000원,"30,000 원"
1009,진안군 후방산 공설묘지,묘지 사용료,1기당,"60,000 원"
1010,천주교나주성당공원묘지,공설묘지 사용료,이용자격:나주시민 사용기간:15년 사용료:3.3m2당 1만원,"10,000 원"
1011,학의동공설묘지,이용금지,봉안시설 및 자연장지 이용 가능,0
1012,석포리공설묘지,공설묘지 사용료,*강화군민만 이용가능/사용료:15000원 관리비:15000원,"30,000 원"
1013,성산읍공설묘지,공설묘지 사용료,이용자격:제주도민 사용기간:15년 3회연장가능,"50,000 원"
1014,망월리공설묘지,공설묘지 사용료,*강화군민만 이용가능/사용료:15000원 관리비:15000원,"30,000 원"
1015,신정리공설묘지,공설묘지 사용료,*강화군민만 이용가능/사용료:15000원 관리비:15000원,"30,000 원"
1016,하도리공설묘지,공설묘지 사용료,*강화군민만 이용가능/사용료:15000원 관리비:15000원,"30,000 원"
1018,상효동공설묘지,공설묘지 사용료,이용자격:제주도민 사용기간:15년 3회연장가능,"100,000 원"
1019,합성동공설묘지,일반인 사용불가,공설묘지는 무연고 및 연고자를 알 수 없는 행려사망자의 사체에 한정하여 매장을 허가 할 수 있다.,0
1020,남평공설묘지,공설묘지 사용료,이용자격:나주시민 사용기간:15년 사용료:3.3m2당 1만원,"10,000 원"
1021,구례군시범공동묘지,공설묘지 사용료,1기당 10m2/15년,"200,000 원"
1022,도장리공설묘지,공설묘지 사용료,*강화군민만 이용가능/사용료:15000원 관리비:15000원,"30,000 원"
1023,부활동산종교,공설묘지 사용료,이용자격:나주시민 사용기간:15년 사용료:3.3m2당 1만원,"10,000 원"
1024,서검리공설묘지,공설묘지 사용료,*강화군민만 이용가능/사용료:15000원 관리비:15000원,"30,000 원"
1026,국화리공설묘지,공설묘지 사용료,*강화군민만 이용가능/사용료:15000원 관리비:15000원,"30,000 원"
1027,길정리공설묘지,공설묘지 사용료,*강화군민만 이용가능/사용료:15000원 관리비:15000원,"30,000 원"
1028,송월교회묘지,없음,없음,없음
1029,두운리공동묘지,공설묘지 사용료,*강화군민만 이용가능/사용료:15000원 관리비:15000원,"30,000 원"
1030,북성리공설묘지,공설묘지 사용료,*강화군민만 이용가능/사용료:15000원 관리비:15000원,"30,000 원"
1031,지석리공설묘지,공설묘지 사용료,*강화군민만 이용가능/사용료:15000원 관리비:15000원,"30,000 원"
1032,다도공설묘지,공설묘지 사용료,이용자격:나주시민 사용기간:15년 사용료:3.3m2당 1만원,"10,000 원"
1033,남원읍공설묘지,공설묘지 사용료,이용자격:제주도민 사용기간:15년 3회연장가능,"50,000 원"
1034,색달동공설묘지,공설묘지 사용료,이용자격:제주도민 사용기간:15년 3회연장가능,"100,000 원"
1035,고능리공동묘지,공설묘지 사용료,*강화군민만 이용가능/사용료:15000원 관리비:15000원,"30,000 원"
1036,봉소리공설묘지,공설묘지 사용료,*강화군민만 이용가능/사용료:15000원 관리비:15000원,"30,000 원"
1037,충해공원묘지,묘지사용료,사용수수료 및 관리비,"400,000 원"
1038,상용리공설묘지,공설묘지 사용료,*강화군민만 이용가능/사용료:15000원 관리비:15000원,"30,000 원"
1039,이창공설묘지,공설묘지 사용료,이용자격:나주시민 사용기간:15년 사용료:3.3m2당 1만원,"10,000 원"
1040,황청리공설묘지,공설묘지 사용료,*강화군민만 이용가능/사용료:15000원 관리비:15000원,"30,000 원"
1041,하늘의문(당하동),묘지사용료,2001년 만장에 따른 사용불가,0
1042,덕하1리공설묘지,공설묘지 사용료,*강화군민만 이용가능/사용료:15000원 관리비:15000원,"30,000 원"
1043,영산공설묘지,공설묘지 사용료,이용자격:나주시민 사용기간:15년 사용료:3.3m2당 1만원,"10,000 원"
1044,창리공설묘지,공설묘지 사용료,*강화군민만 이용가능/사용료:15000원 관리비:15000원,"30,000 원"
1045,천도교 무봉공원,묘지 사용료,1기(3평기준),"1,000,000 원"
1046,공산공설묘지,공설묘지 사용료,이용자격:나주시민 사용기간:15년 사용료:3.3m2당 1만원,"10,000 원"
1047,가평읍공설묘지,1기당,사용료 12만5천원 관리비(연간) 8만원,"205,000 원"
1048,영강공설묘지,공설묘지 사용료,이용자격:나주시민 사용기간:15년 사용료:3.3m2당 1만원,"10,000 원"
1049,보성공설묘지,만장,만장 (관리만 하고있음),0
1050,북면공설묘지,1기당,사용료:12만5천원 관리비(연간):8만원,"205,000 원"
1051,서귀포시 표선면 공설묘지,공설묘지 사용료,이용자격:제주도민 사용기간:15년 3회연장가능,"50,000 원"
1052,세지공설묘지,공설묘지 사용료,이용자격:나주시민 사용기간:15년 사용료:3.3m2당 1만원,"10,000 원"
1053,완도군추모공원,묘지 사용료,2015.11월 만장,"274,900 원"
1054,고천리공설묘지,공설묘지 사용료,*강화군민만 이용가능/사용료:15000원 관리비:15000원,"30,000 원"
1055,덕성리공동묘지,공설묘지 사용료,*강화군민만 이용가능/사용료:15000원 관리비:15000원,"30,000 원"
1056,장흥공설공원묘지,묘지 사용료,"1기당 4.95m2, 30년","1,000,000 원"
1057,매음리공설묘지,공설묘지 사용료,*강화군민만 이용가능/사용료:15000원 관리비:15000원,"30,000 원"
1058,정읍시공설묘지,공설묘지 사용료,3.6평형(공유면적 포함) 15년,"344,400 원"
1059,석모리공설묘지,공설묘지 사용료,*강화군민만 이용가능/사용료:15000원 관리비:15000원,"30,000 원"
1060,신현리공동묘지,공설묘지 사용료,*강화군민만 이용가능/사용료:15000원 관리비:15000원,"30,000 원"
1061,인화리공설묘지,공설묘지 사용료,*강화군민만 이용가능/사용료:15000원 관리비:15000원,"30,000 원"
1062,왕곡공설묘지,공설묘지 사용료,이용자격:나주시민 사용기간:15년 사용료:3.3m2당 1만원,"10,000 원"
1063,서산시희망공원(묘지),매장묘지,"이용자격:사망일 현재 서산시에 주소를 두고 3개월 이상 거주한자 사용기간:15년, 10년씩 3회연장가능","450,000 원"
1064,동강공설묘지,공설묘지 사용료,이용자격:나주시민 사용기간:15년 사용료:3.3m2당 1만원,"10,000 원"
1065,송월공설묘지,공설묘지 사용료,이용자격:나주시민 사용기간:15년 사용료:3.3m2당 1만원,"10,000 원"
1066,삼동암공동묘지,공설묘지 사용료,*강화군민만 이용가능/사용료:15000원 관리비:15000원,"30,000 원"
1067,남산리공설묘지,공설묘지 사용료,*강화군민만 이용가능/사용료:15000원 관리비:15000원,"30,000 원"
1068,내곡리묘지,1982.12 만장(1998.8 매장 중단),비조성(관리비 없음),0
1069,봉황공설묘지,공설묘지 사용료,이용자격:나주시민 사용기간:15년 사용료:3.3m2당 1만원,"10,000 원"
1070,하늘의문(마전동),묘지 사용료,2001년 만장에 따른 사용불가,0
1071,숭뇌리공설묘지,공설묘지 사용료,*강화군민만 이용가능/사용료:15000원 관리비:15000원,"30,000 원"
1072,길직1리공설묘지,공설묘지 사용료,*강화군민만 이용가능/사용료:15000원 관리비:15000원,"30,000 원"
1073,청평면공설묘지,1기당,사용료:12만5천원 관리비(연간):8만원,"205,000 원"
1074,어승생공설묘지,공설묘지 사용료,이용자격:제주도민 사용기간:15년 3회연장가능,"200,000 원"
1075,조천읍공설묘지,공설묘지 사용료,이용자격:제주도민 사용기간:15년 3회연장가능,"200,000 원"
1076,길직2리공설묘지,공설묘지 사용료,*강화군민만 이용가능/사용료:15000원 관리비:15000원,"30,000 원"
1077,애월읍공설묘지,공설묘지 사용료,이용자격:제주도민 사용기간:15년 3회연장가능,"200,000 원"
1078,넙성리공동묘지,공설묘지 사용료,*강화군민만 이용가능/사용료:15000원 관리비:15000원,"30,000 원"
1079,오전동공설묘지,이용금지,봉안시설 및 자연장지 이용 가능,0
1080,부근리공설묘지,공설묘지 사용료,*강화군민만 이용가능/사용료:15000원 관리비:15000원,"30,000 원"
1081,(양산)광주구천주교공원묘원,관리비,"연 20,000원","20,000 원"
1082,초지리공설묘지,공설묘지 사용료,*강화군민만 이용가능/사용료:15000원 관리비:15000원,"30,000 원"
1083,금남공설묘지,공설묘지 사용료,이용자격:나주시민 사용기간:15년 사용료:3.3m2당 1만원,"10,000 원"
1084,문평공설묘지,공설묘지 사용료,이용자격:나주시민 사용기간:15년 사용료:3.3m2당 1만원,"10,000 원"
1085,삼거리공설묘지,공설묘지 사용료,*강화군민만 이용가능/사용료:15000원 관리비:15000원,"30,000 원"
1086,벽제리묘지,1991.5 만장(1998.8 매장 중단),비조성(관리비 없음),0
1087,신삼리공설묘지,공설묘지 사용료,*강화군민만 이용가능/사용료:15000원 관리비:15000원,"30,000 원"
1088,다시공설묘지,공설묘지 사용료,이용자격:나주시민 사용기간:15년 사용료:3.3m2당 1만원,"10,000 원"
1089,반남공설묘지,공설묘지 사용료,이용자격:나주시민 사용기간:15년 사용료:3.3m2당 1만원,"10,000 원"
1090,볼음공설묘지,공설묘지 사용료,*강화군민만 이용가능/사용료:15000원 관리비:15000원,"30,000 원"
1091,동검리공설묘지,공설묘지 사용료,*강화군민만 이용가능/사용료:15000원 관리비:15000원,"30,000 원"
1092,대정읍공설묘지,관내(1인),,"50,000 원"
1093,성북공설묘지,공설묘지 사용료,이용자격:나주시민 사용기간:15년 사용료:3.3m2당 1만원,"10,000 원"
1094,말도공설묘지,공설묘지 사용료,*강화군민만 이용가능 / 사용료:15000원 관리비:15000원,"30,000 원"
1095,하면공설묘지,1기당,사용료:12만5천원 관리비(연간):8만원,"205,000 원"
1096,구좌읍공설묘지,공설묘지 사용료,이용자격:제주도민 사용기간:15년 3회연장가능,"200,000 원"
1097,임실군공설묘지,묘지 사용료,"30년(임실군민만 이용가능,무료)",0
1098,아차공설묘지,공설묘지 사용료,*강화군민만 이용가능/사용료:15000원 관리비:15000원,"30,000 원"
1099,사기리공설묘지,공설묘지 사용료,*강화군민만 이용가능/사용료:15000원 관리비:15000원,"30,000 원"
1100,삼흥리공설묘지,공설묘지 사용료,*강화군민만 이용가능/사용료:15000원 관리비:15000원,"30,000 원"
1101,설악면공설묘지,1기당,사용료:12만5천원 관리비(연간):8만원,"205,000 원"
1102,산포공설묘지,공설묘지 사용료,이용자격:나주시민 사용기간:15년 사용료:3.3m2당 1만원,"10,000 원"
1103,상면공설묘지,1기당,사용료:12만5천원 관리비(연간):8만원,"205,000 원"
1104,용담송풍망향의공설묘지,묘지 사용료,1기당,"60,000 원"
1105,삼성리공동묘지,공설묘지 사용료,*강화군민만 이용가능/사용료:15000원 관리비:15000원,"30,000 원"
1106,교산리공설묘지(별립산),공설묘지 사용료,*강화군민만 이용가능/사용료:15000원 관리비:15000원,"30,000 원"
1107,안덕면공설묘지,공설묘지 사용료,이용자격:제주도민 사용기간:15년 3회연장가능,"50,000 원"
1108,선두리공설묘지,공설묘지 사용료,*강화군민만 이용가능/사용료:15000원 관리비:15000원,"30,000 원"
1109,서부공설묘지,공설묘지 사용료,이용자격:제주도민 사용기간:15년 3회연장가능,"200,000 원"
1110,우도면공설묘지,공설묘지 사용료,이용자격:제주도민 사용기간:15년 3회연장가능,"200,000 원"
1111,상창리공동묘지,없음,없음,없음
1112,천주교법인묘지,없음,없음,없음
1113,충주천주교회성요셉공원묘원,없음,없음,없음
1114,광명시공설묘지(광명동),없음,없음,없음
1115,사계리공동묘지,없음,없음,없음
1116,상모리공동묘지,없음,없음,없음
1117,대정읍7리공동묘지,없음,없음,없음
1118,시흥리공동묘지,없음,없음,없음
1119,신도리공동묘지,없음,없음,없음
1120,광명시공설묘지(노온사동),없음,없음,없음
1121,청송리제2공동묘지,없음,없음,없음
1122,대구화교협회묘지,없음,없음,없음
1123,대구공원,없음,없음,없음
1124,광평리공동묘지,없음,없음,없음
1125,가파리공동묘지,없음,없음,없음
1126,정자공원묘원,없음,없음,없음
1127,표선면성읍리공동묘지,없음,없음,없음
1128,금천공설묘지,없음,없음,없음
1129,무릉2리공동묘지,없음,없음,없음
1130,남원1리공동묘지,없음,없음,없음
1131,청송리제4공동묘지,없음,없음,없음
1132,영암군신북공설묘지,없음,없음,없음
1133,신세계공원,없음,없음,없음
1134,노안공설묘지,없음,없음,없음
1135,창원천주교공원묘원,없음,없음,없음
1136,홍성공원묘지,없음,없음,없음
1137,하예동공동묘지,없음,없음,없음
1138,청송리제5공동묘지,없음,없음,없음
1139,위미2리공동묘지,없음,없음,없음
1140,청송리제6공동묘지,없음,없음,없음
1141,영암군시종공설묘지,없음,없음,없음
1142,광명시공설묘지(일직동),없음,없음,없음
1143,대평리공동묘지,없음,없음,없음
1144,서광리공동묘지,없음,없음,없음
1145,강정동공동묘지,없음,없음,없음
1146,영락리공동묘지,없음,없음,없음
1147,"신도2,3리공동묘지",없음,없음,없음
1148,무릉1리공동묘지,없음,없음,없음
1149,성읍리공동묘지,없음,없음,없음
1150,상효공설묘지,없음,없음,없음
1151,서귀읍무연공동묘지,없음,없음,없음
1152,천주교청계묘원,없음,없음,없음
1153,양평군공설공원묘지,없음,없음,없음
1154,삼성공원묘원,없음,없음,없음
1155,천주교중림동성당묘지,없음,없음,없음
1156,조수천주교묘지,없음,없음,없음
1157,법환동공동묘지,없음,없음,없음
1158,모슬포천주교공동묘지,없음,없음,없음
1159,신례리공동묘지,없음,없음,없음
1160,광명시공설묘지(가학동),없음,없음,없음
1161,신광교회 묘지,없음,없음,없음
1162,기)천주교혜화동성당포천묘원,없음,없음,없음
1163,광릉추모공원,없음,없음,없음
1164,조천장로교회묘지,없음,없음,없음
1165,상전면 망향 공설묘지,없음,없음,없음
1166,기계유씨진월종친회 문중묘지,없음,없음,없음
1167,천주교하늘묘원,없음,없음,없음
1168,신도1리공동묘지,없음,없음,없음
1169,대포동공동묘지,없음,없음,없음
1170,광명시공설묘지(하안동),없음,없음,없음
1171,청송리제1공동묘지,없음,없음,없음
1172,영암군금정공설묘지,없음,없음,없음
1173,영암군학산공설묘지,없음,없음,없음
1174,최자실금식원,없음,없음,없음
1175,고려공원법인묘지,없음,없음,없음
1176,서호동공동묘지,없음,없음,없음
1177,토평동공동묘지,없음,없음,없음
1178,수산리공동묘지,없음,없음,없음
1179,남원읍무연공동묘지,없음,없음,없음
1180,동광리공동묘지,없음,없음,없음
1181,태흥2리공동묘지,없음,없음,없음
1182,고성리공동묘지,없음,없음,없음
1183,예수장로회제주교회묘지,없음,없음,없음
1184,신효동공동묘지,없음,없음,없음
1185,광명시공설묘지(소하동),없음,없음,없음
1186,세화1리공동묘지,없음,없음,없음
1187,하천리공동묘지,없음,없음,없음
1188,화순감산리공동묘지,없음,없음,없음
1189,경산공원,없음,없음,없음
1190,포항공원묘원,없음,없음,없음
1191,천아오름공원묘지,없음,없음,없음
1192,청암교회(청암동산),없음,없음,없음
1193,성산읍무연공동묘지,없음,없음,없음
1194,안덕면무연공동묘지,없음,없음,없음
1195,서광동리공동묘지,없음,없음,없음
1196,토산리공동묘지,없음,없음,없음
1197,천주교돈암동성당묘지,없음,없음,없음
1198,신동아교회묘지,없음,없음,없음
1199,신흥리공동묘지,없음,없음,없음
1200,회수동공동묘지,없음,없음,없음
1201,천주교바다의별공원묘지,없음,없음,없음
1202,영암군군서공설묘지,없음,없음,없음
1203,상예동공동묘지,없음,없음,없음
1204,의귀리공동묘지,없음,없음,없음
1205,도순동공동묘지,없음,없음,없음
1206,하원동공동묘지,없음,없음,없음
1207,수망리공동묘지,없음,없음,없음
1208,대정읍무연공동묘지,없음,없음,없음
1209,성읍1리공동묘지,없음,없음,없음
1210,천주교가덕공원묘지,없음,없음,없음
1211,초동교회공원묘원,없음,없음,없음
1212,전주공원묘원,없음,없음,없음
1213,천주교김천공원묘지,없음,없음,없음
1214,위미1리공동묘지,없음,없음,없음
1215,삼덕교회동산,없음,없음,없음
1216,천주교용호동공원묘지,없음,없음,없음
1217,화순리공동묘지,없음,없음,없음
1218,신산리공동묘지,없음,없음,없음
1219,모슬포교회공동묘지,없음,없음,없음
1220,인천지구황해도민묘지,없음,없음,없음
1221,천주교길음동성당묘지,없음,없음,없음
1222,구미시선산공설묘지,없음,없음,없음
1223,중문면무연공동묘지,없음,없음,없음
1224,대정읍5개리공동묘지,없음,없음,없음
1225,표선리공동묘지,없음,없음,없음
1226,은광교회,없음,없음,없음
1227,표선면무연공동묘지,없음,없음,없음
1228,호근동공동묘지,없음,없음,없음
1229,창천리공동묘지,없음,없음,없음
1230,가시리공동묘지,없음,없음,없음
1231,중문동공동묘지,없음,없음,없음
1232,색달동공동묘지,없음,없음,없음
1233,서소문교회동산,없음,없음,없음
1234,은광교회묘지,없음,없음,없음
1235,덕수리공동묘지,없음,없음,없음
1236,신현교회,없음,없음,없음
1237,하효동공동묘지,없음,없음,없음
1238,대구중부교회묘지,없음,없음,없음
1239,보성리공동묘지,없음,없음,없음
1240,감산리공동묘지,없음,없음,없음
1241,가평읍 제2공설묘지,없음,없음,없음
1242,안양시안산공설묘지,없음,없음,없음
1243,천주교방학동묘원,없음,없음,없음
1244,인천기독교장로회묘지,없음,없음,없음
1245,온평리공동묘지,없음,없음,없음
1246,삼달리공동묘지,없음,없음,없음