id,시설명,parkId,운영,종교,필터,img분석,운영_old,개인단/부부단,관내/관외,제목,설명,가격
1,(재)낙원추모공원,1,공설,,"봉안당, 수목장, 공원묘지",공원묘지,공원묘지,,,평장묘 개장작업비,"(공임), (1명당), 유골함 비용 별도",200000
1,(재)낙원추모공원,1,공설,,"봉안당, 수목장, 공원묘지",공원묘지,공원묘지,,,추가 평장작업비,,400000
1,(재)낙원추모공원,1,공설,,"봉안당, 수목장, 공원묘지",공원묘지,공원묘지,,,각자대매장,평장 구분없이 통합하여 사용,400000
1,(재)낙원추모공원,1,공설,,"봉안당, 수목장, 공원묘지",공원묘지,공원묘지,,,봉분 설치비,,500000
1,(재)낙원추모공원,1,공설,,"봉안당, 수목장, 공원묘지",공원묘지,공원묘지,,,봉분수선,1년 1회 A/S 보장,500000
1,(재)낙원추모공원,1,공설,,"봉안당, 수목장, 공원묘지",공원묘지,공원묘지,,,평장상석,.5자걸방석 제외 2.5자걸방석 제외,700000
1,(재)낙원추모공원,1,공설,,"봉안당, 수목장, 공원묘지",공원묘지,공원묘지,,,장례진행비각자대,"매장신고대행, 의전 진행 포함",700000
1,(재)낙원추모공원,1,공설,,"봉안당, 수목장, 공원묘지",공원묘지,공원묘지,,,처음 평장작업비,처음 평장작업비,1000000
1,(재)낙원추모공원,1,공설,,"봉안당, 수목장, 공원묘지",공원묘지,공원묘지,,,매장묘 개장작업비,화장 제외 시,1000000
1,(재)낙원추모공원,1,공설,,"봉안당, 수목장, 공원묘지",공원묘지,공원묘지,,,매장작업비유골함,일 경우,1500000
1,(재)낙원추모공원,1,공설,,"봉안당, 수목장, 공원묘지",공원묘지,공원묘지,,,가봉분 작업비 A일반봉분,가봉분 작업비 A일반봉분,1500000
1,(재)낙원추모공원,1,공설,,"봉안당, 수목장, 공원묘지",공원묘지,공원묘지,,,단형봉분(15전묘테),추가 1,1500000
1,(재)낙원추모공원,1,공설,,"봉안당, 수목장, 공원묘지",공원묘지,공원묘지,,,단형봉분(30전묘테),추가 1단형봉분(30전묘테) 추가,1500000
1,(재)낙원추모공원,1,공설,,"봉안당, 수목장, 공원묘지",공원묘지,공원묘지,,,가봉분 작업비 B앞면조각봉분 이상,,1800000
1,(재)낙원추모공원,1,공설,,"봉안당, 수목장, 공원묘지",공원묘지,공원묘지,,,석봉분,/3평형/자바라형,1800000
1,(재)낙원추모공원,1,공설,,"봉안당, 수목장, 공원묘지",공원묘지,공원묘지,,,가봉분 작업비 C원형봉분,가봉분 작업비 C원형봉분,2000000
1,(재)낙원추모공원,1,공설,,"봉안당, 수목장, 공원묘지",공원묘지,공원묘지,,,봉분,"단형 (2,3평기초) 1기, 2단형 (2,3평기초) 1기",3000000
1,(재)낙원추모공원,1,공설,,"봉안당, 수목장, 공원묘지",공원묘지,공원묘지,,,단형봉분,"단형봉분(2,3평기초) 1기 추가 2단형봉분(2,3평기초) 1기 추가",4500000
1,(재)낙원추모공원,1,공설,,"봉안당, 수목장, 공원묘지",공원묘지,공원묘지,,,"단형봉분, 4단형봉분","(3평기초판석) 1기, (3평기초판석) 1기",6000000
1,(재)낙원추모공원,1,공설,,"봉안당, 수목장, 공원묘지",공원묘지,공원묘지,,,앞면조각봉분A,"(단형) 1기 추가, (3단형) 1기 추가",7000000
1,(재)낙원추모공원,1,공설,,"봉안당, 수목장, 공원묘지",공원묘지,공원묘지,,,앞면조각봉분B,"(단형) 1기 추가, (4단형) 1기 추가",8000000
1,(재)낙원추모공원,1,공설,,"봉안당, 수목장, 공원묘지",공원묘지,공원묘지,,,정원형 평장,"위(추), 2위(추)",9500000
1,(재)낙원추모공원,1,공설,,"봉안당, 수목장, 공원묘지",공원묘지,공원묘지,,,"앞면조각봉분C(3단형), 앞면조각봉분C(단형)",1기 추가,11000000
1,(재)낙원추모공원,1,공설,,"봉안당, 수목장, 공원묘지",공원묘지,공원묘지,,,"앞면조각봉분D(단형), 앞면조각봉분D(4단형)",1기 추가사용하지 않는 모델,12000000
1,(재)낙원추모공원,1,공설,,"봉안당, 수목장, 공원묘지",공원묘지,공원묘지,,,평장E,평장E,15000000
1,(재)낙원추모공원,1,공설,,"봉안당, 수목장, 공원묘지",공원묘지,공원묘지,,,"정원형 평장위, 정원형 평장2위",단품,17500000
1,(재)낙원추모공원,1,공설,,"봉안당, 수목장, 공원묘지",공원묘지,공원묘지,,,"평장위동백14, 평장2위동백14",에만 판매,18000000
1,(재)낙원추모공원,1,공설,,"봉안당, 수목장, 공원묘지",공원묘지,공원묘지,개인단,,개인 매장묘,(3평형),20275000
1,(재)낙원추모공원,1,공설,,"봉안당, 수목장, 공원묘지",공원묘지,공원묘지,,,정원형 평장E,"(백합가), (백합3가)",25000000
1,(재)낙원추모공원,1,공설,,"봉안당, 수목장, 공원묘지",공원묘지,공원묘지,부부단,,부부 매장묘 ,(6평형),31150000
1,(재)낙원추모공원,1,공설,,"봉안당, 수목장, 공원묘지",공원묘지,봉안당,개인단,,식당이용료(일반),1인 기준,15000
1,(재)낙원추모공원,1,공설,,"봉안당, 수목장, 공원묘지",공원묘지,봉안당,개인단,,식사(일반식),1인 기준,15000
1,(재)낙원추모공원,1,공설,,"봉안당, 수목장, 공원묘지",공원묘지,봉안당,개인단,,식당이용료(특식),1인 기준,18000
1,(재)낙원추모공원,1,공설,,"봉안당, 수목장, 공원묘지",공원묘지,봉안당,개인단,,식사(갈비탕),1인 기준,18000
1,(재)낙원추모공원,1,공설,,"봉안당, 수목장, 공원묘지",공원묘지,봉안당,,,철쭉식재(EA),철쭉 1개당 원,20000
1,(재)낙원추모공원,1,공설,,"봉안당, 수목장, 공원묘지",공원묘지,봉안당,,,천막대여동,1일,55000
1,(재)낙원추모공원,1,공설,,"봉안당, 수목장, 공원묘지",공원묘지,봉안당,,,나무제거 / 전지,나무에 따라 차등 적용,55000
1,(재)낙원추모공원,1,공설,,"봉안당, 수목장, 공원묘지",공원묘지,봉안당,,,나무식재,나무에 따라 차등 적용,66000
1,(재)낙원추모공원,1,공설,,"봉안당, 수목장, 공원묘지",공원묘지,봉안당,,,걸방석,.3/2.5자 걸방석 2.3/2.5자,100000
1,(재)낙원추모공원,1,공설,,"봉안당, 수목장, 공원묘지",공원묘지,봉안당,,,석화분,"EA, 2EA",100000
1,(재)낙원추모공원,1,공설,,"봉안당, 수목장, 공원묘지",공원묘지,봉안당,개인단,,추가각자대인,추가/삭제 마다 추가/삭제 마다,110000
1,(재)낙원추모공원,1,공설,,"봉안당, 수목장, 공원묘지",공원묘지,봉안당,,,유골함(한지)규격 (18*18),,110000
1,(재)낙원추모공원,1,공설,,"봉안당, 수목장, 공원묘지",공원묘지,봉안당,,,분묘수선석물수선 명칭변경,"단수에 따라 적용 분묘수선석물수선, 명칭변경 / 단수에 따라 적용",150000
1,(재)낙원추모공원,1,공설,,"봉안당, 수목장, 공원묘지",공원묘지,봉안당,,,조경유지비년분,조경유지비5년분,150000
1,(재)낙원추모공원,1,공설,불교,"봉안당, 수목장, 공원묘지",공원묘지,봉안당,,,개토제 또는 산신제 (택)1회 기준,개토제 또는 산신제 (택1)1회 기준,150000
1,(재)낙원추모공원,1,공설,,"봉안당, 수목장, 공원묘지",공원묘지,봉안당,,,월석 각자대,월석 각자대,200000
1,(재)낙원추모공원,1,공설,,"봉안당, 수목장, 공원묘지",공원묘지,봉안당,,,팔각 유골함(한지)규격(*18*19),/ 향균 기능 팔각 유골함(한지)규격(18*18*19) / 향균 기능,220000
1,(재)낙원추모공원,1,공설,,"봉안당, 수목장, 공원묘지",공원묘지,봉안당,,,리모델링 추가설치(경계석),"리모델링, 추가설치(경계석)",300000
1,(재)낙원추모공원,1,공설,,"봉안당, 수목장, 공원묘지",공원묘지,봉안당,,,"구판(자, 와비2자)",,300000
1,(재)낙원추모공원,1,공설,,"봉안당, 수목장, 공원묘지",공원묘지,봉안당,,,야간 작업비,기존 작업비에 추가 야간 작업비기존 작업비에 추가,300000
1,(재)낙원추모공원,1,공설,,"봉안당, 수목장, 공원묘지",공원묘지,봉안당,,,의전 서비스,회 기준 의전 서비스 회 기준,300000
1,(재)낙원추모공원,1,공설,,"봉안당, 수목장, 공원묘지",공원묘지,봉안당,,,메탈포토A(일반형),메탈포토A(일반형),330000
1,(재)낙원추모공원,1,공설,,"봉안당, 수목장, 공원묘지",공원묘지,봉안당,,,메탈포토B(L자형),메탈포토B(L자형),330000
1,(재)낙원추모공원,1,공설,,"봉안당, 수목장, 공원묘지",공원묘지,봉안당,가족단,,가족표석,가족표석,400000
1,(재)낙원추모공원,1,공설,,"봉안당, 수목장, 공원묘지",공원묘지,봉안당,,,월석(거창)비석,교체 시 사용 월석(거창)비석 교체 시 사용,400000
1,(재)낙원추모공원,1,공설,,"봉안당, 수목장, 공원묘지",공원묘지,봉안당,,,카멜리아 표석비석,교체 시 사용,400000
1,(재)낙원추모공원,1,공설,,"봉안당, 수목장, 공원묘지",공원묘지,봉안당,,,청여 표석비석,교체 시 사용 청여 표석비석 교체 시 사용,400000
1,(재)낙원추모공원,1,공설,,"봉안당, 수목장, 공원묘지",공원묘지,봉안당,,,구판,"(.5자, 와지 2.3자), (3.5자, 와지 2.3자)",400000
1,(재)낙원추모공원,1,공설,,"봉안당, 수목장, 공원묘지",공원묘지,봉안당,부부단,,사각 원형석실(부부)1인 석실,"사각, 원형석실(부부)1인 석실",400000
1,(재)낙원추모공원,1,공설,,"봉안당, 수목장, 공원묘지",공원묘지,봉안당,,,삼향로,,400000
1,(재)낙원추모공원,1,공설,,"봉안당, 수목장, 공원묘지",공원묘지,봉안당,,,메탈포토C(다각형),,440000
1,(재)낙원추모공원,1,공설,,"봉안당, 수목장, 공원묘지",공원묘지,봉안당,,,월석(고흥)비석,교체 시 사용,500000
1,(재)낙원추모공원,1,공설,,"봉안당, 수목장, 공원묘지",공원묘지,봉안당,,,충곽/탈관비작업비,재료비,500000
1,(재)낙원추모공원,1,공설,,"봉안당, 수목장, 공원묘지",공원묘지,봉안당,,,경계석(전),,500000
1,(재)낙원추모공원,1,공설,,"봉안당, 수목장, 공원묘지",공원묘지,봉안당,,,특삼향로,특삼향로,500000
1,(재)낙원추모공원,1,공설,,"봉안당, 수목장, 공원묘지",공원묘지,봉안당,,,성경책,,600000
1,(재)낙원추모공원,1,공설,,"봉안당, 수목장, 공원묘지",공원묘지,봉안당,,,개장정리비(소),개장정리비(소),700000
1,(재)낙원추모공원,1,공설,,"봉안당, 수목장, 공원묘지",공원묘지,봉안당,,,구판,"(.5자 특, 2.5자 와비), (3.5자 특, 2.5자 와비)",700000
1,(재)낙원추모공원,1,공설,,"봉안당, 수목장, 공원묘지",공원묘지,봉안당,,,상석,".3 세트고흥석, 2.3 세트고흥석",800000
1,(재)낙원추모공원,1,공설,,"봉안당, 수목장, 공원묘지",공원묘지,봉안당,,,비석,"자 (오석), 3자 (오석)",800000
1,(재)낙원추모공원,1,공설,,"봉안당, 수목장, 공원묘지",공원묘지,봉안당,부부단,,부부와비,부부와비,800000
1,(재)낙원추모공원,1,공설,,"봉안당, 수목장, 공원묘지",공원묘지,봉안당,부부단,,수목형 표석,"아이리스카멜리아,플라타너스,낙원평장,다알리아추억/사랑/하늘 정원(세우는 형태), 부부표석",800000
1,(재)낙원추모공원,1,공설,,"봉안당, 수목장, 공원묘지",공원묘지,봉안당,,,와비,"자 (오석), 2자 (오석)",900000
1,(재)낙원추모공원,1,공설,,"봉안당, 수목장, 공원묘지",공원묘지,봉안당,,,개장정리비(특수단형 이상),,1000000
1,(재)낙원추모공원,1,공설,,"봉안당, 수목장, 공원묘지",공원묘지,봉안당,,,"상석 .5 세트, 상석 2.5 세트","거창석, 고흥석",1100000
1,(재)낙원추모공원,1,공설,,"봉안당, 수목장, 공원묘지",공원묘지,봉안당,,,와비,".3자 (오석), 2.3자 (오석)",1100000
1,(재)낙원추모공원,1,공설,,"봉안당, 수목장, 공원묘지",공원묘지,봉안당,,,갓(.5자),,1100000
1,(재)낙원추모공원,1,공설,,"봉안당, 수목장, 공원묘지",공원묘지,봉안당,,,상석 .7 세트걸방석,포함 상석 2.7 세트걸방석 포함,1300000
1,(재)낙원추모공원,1,공설,,"봉안당, 수목장, 공원묘지",공원묘지,봉안당,,,와비,".5자(오석), 2.5자(오석)",1300000
1,(재)낙원추모공원,1,공설,,"봉안당, 수목장, 공원묘지",공원묘지,봉안당,,,유골함(봉안당전용)규격,"(.5 * 15.5), (21.5 * 15.5)",1320000
1,(재)낙원추모공원,1,공설,,"봉안당, 수목장, 공원묘지",공원묘지,봉안당,,,석곽 / 석관,석곽 / 석관,1400000
1,(재)낙원추모공원,1,공설,,"봉안당, 수목장, 공원묘지",공원묘지,봉안당,,,비석,".5자 (오석), 3.5자 (오석)",1500000
1,(재)낙원추모공원,1,공설,,"봉안당, 수목장, 공원묘지",공원묘지,봉안당,,,판석,판석,1500000
1,(재)낙원추모공원,1,공설,,"봉안당, 수목장, 공원묘지",공원묘지,봉안당,,,리모델링 추가설치,담장석,1800000
1,(재)낙원추모공원,1,공설,,"봉안당, 수목장, 공원묘지",공원묘지,봉안당,,,석등,석등,2000000
1,(재)낙원추모공원,1,공설,,"봉안당, 수목장, 공원묘지",공원묘지,봉안당,개인단,,리모델링 작업비,"(인), (1인)",2700000
1,(재)낙원추모공원,1,공설,,"봉안당, 수목장, 공원묘지",공원묘지,봉안당,,,다알리아(단품),,3500000
1,(재)낙원추모공원,1,공설,,"봉안당, 수목장, 공원묘지",공원묘지,봉안당,,,클로버(단품),클로버(단품),3500000
1,(재)낙원추모공원,1,공설,,"봉안당, 수목장, 공원묘지",공원묘지,봉안당,,,아이리스(단품)," 대, 소",4100000
1,(재)낙원추모공원,1,공설,,"봉안당, 수목장, 공원묘지",공원묘지,봉안당,,,리모델링 작업비,"(인), (1인)",4200000
1,(재)낙원추모공원,1,공설,,"봉안당, 수목장, 공원묘지",공원묘지,봉안당,,,플라타너스(단품),,5100000
1,(재)낙원추모공원,1,공설,,"봉안당, 수목장, 공원묘지",공원묘지,봉안당,,,"청여, 청여2","(2~4위), (2~4위)",11900000
1,(재)낙원추모공원,1,공설,,"봉안당, 수목장, 공원묘지",공원묘지,봉안당,,,담장형 평장묘,"동백, 동백4",12500000
1,(재)낙원추모공원,1,공설,,"봉안당, 수목장, 공원묘지",공원묘지,봉안당,,,담장형 월석평장묘,(동백) 최대 4위 (동백6) 최대 4위,14000000
1,(재)낙원추모공원,1,공설,,"봉안당, 수목장, 공원묘지",공원묘지,봉안당,,,청여,"청여 (4~8위), 청여2 (4~8위)",14900000
1,(재)낙원추모공원,1,공설,,"봉안당, 수목장, 공원묘지",공원묘지,봉안당,,,담장형 월석평장묘,"(동백) 최대 6위, (동백6) 최대 6위",15000000
1,(재)낙원추모공원,1,공설,,"봉안당, 수목장, 공원묘지",공원묘지,봉안당,,,청여,(4~8위)신설 청여1 (4~8위)신설,17200000
1,(재)낙원추모공원,1,공설,,"봉안당, 수목장, 공원묘지",공원묘지,봉안당,,,"청여, 청여2",(6~12위),17900000
1,(재)낙원추모공원,1,공설,,"봉안당, 수목장, 공원묘지",공원묘지,봉안당,,,청여 청여1,(6~12위)신설,20200000
1,(재)낙원추모공원,1,공설,,"봉안당, 수목장, 공원묘지",공원묘지,봉안당,부부단,,프리미엄 부부 평장묘,( 담장시설 ),21800000
1,(재)낙원추모공원,1,공설,,"봉안당, 수목장, 공원묘지",공원묘지,봉안당,,,청여 청여1,(8~16위)신설,23200000
1,(재)낙원추모공원,1,공설,,"봉안당, 수목장, 공원묘지",공원묘지,봉안당,가족단,,프리미엄 가족 평장묘 ( 담장시설 ),,28950000
1,(재)낙원추모공원,1,공설,,"봉안당, 수목장, 공원묘지",공원묘지,봉안당,,,정원형 고흥위,(백합3가),30000000
1,(재)낙원추모공원,1,공설,,"봉안당, 수목장, 공원묘지",공원묘지,봉안당,,,사용료,1평형 기준,30000000
1,(재)낙원추모공원,1,공설,,"봉안당, 수목장, 공원묘지",공원묘지,봉안당,부부단,,프리미엄 부부 매장묘,(~12평형)(담장시설),64650000
1,(재)낙원추모공원,1,공설,,"봉안당, 수목장, 공원묘지",공원묘지,수목장,,,바닥 잔디(평형),,100000
1,(재)낙원추모공원,1,공설,,"봉안당, 수목장, 공원묘지",공원묘지,수목장,부부단,,수목형 표석,"아이리스카멜리아,플라타너스,낙원평장,다알리아추억/사랑/하늘 정원(세우는 형태), 부부표석",800000
1,(재)낙원추모공원,1,공설,,"봉안당, 수목장, 공원묘지",공원묘지,수목장,부부단,,부부 수목형 평장묘,,8500000
1,(재)낙원추모공원,1,공설,,"봉안당, 수목장, 공원묘지",공원묘지,기타(관리비),,,관리비평형,1년 기준 관리비1평형/1년 기준,250000
2,(재)실로암공원묘원,2,사설,불교,"공원묘지, 봉안당",공원묘지,공원묘지,,,경계석비,"1m, m",145000
2,(재)실로암공원묘원,2,사설,불교,"공원묘지, 봉안당",공원묘지,공원묘지,,,개장작업비평장,"소형석도홍, 소형,석도홍",200000
2,(재)실로암공원묘원,2,사설,불교,"공원묘지, 봉안당",공원묘지,공원묘지,,,좌대(소),,246675
2,(재)실로암공원묘원,2,사설,불교,"공원묘지, 봉안당",공원묘지,공원묘지,,,좌대(대),,286000
2,(재)실로암공원묘원,2,사설,불교,"공원묘지, 봉안당",공원묘지,공원묘지,,,와비좌대,,286000
2,(재)실로암공원묘원,2,사설,불교,"공원묘지, 봉안당",공원묘지,공원묘지,,,월석(소),,328900
2,(재)실로암공원묘원,2,사설,불교,"공원묘지, 봉안당",공원묘지,공원묘지,,,화병(소),,328900
2,(재)실로암공원묘원,2,사설,불교,"공원묘지, 봉안당",공원묘지,공원묘지,,,각자대특수마크,금액추가,330000
2,(재)실로암공원묘원,2,사설,불교,"공원묘지, 봉안당",공원묘지,공원묘지,,,개장정리비,,400000
2,(재)실로암공원묘원,2,사설,불교,"공원묘지, 봉안당",공원묘지,공원묘지,,,안치료,안치료,400000
2,(재)실로암공원묘원,2,사설,불교,"공원묘지, 봉안당",공원묘지,공원묘지,,,매장작업비함,,400000
2,(재)실로암공원묘원,2,사설,불교,"공원묘지, 봉안당",공원묘지,공원묘지,,,월석(대),,429000
2,(재)실로암공원묘원,2,사설,불교,"공원묘지, 봉안당",공원묘지,공원묘지,,,화병(대),,429000
2,(재)실로암공원묘원,2,사설,불교,"공원묘지, 봉안당",공원묘지,공원묘지,,,삼향로,삼향로 삼향로,429000
2,(재)실로암공원묘원,2,사설,불교,"공원묘지, 봉안당",공원묘지,공원묘지,,,봉분수선비,,500000
2,(재)실로암공원묘원,2,사설,불교,"공원묘지, 봉안당",공원묘지,공원묘지,,,상석애석,(.3) (2.3),500500
2,(재)실로암공원묘원,2,사설,불교,"공원묘지, 봉안당",공원묘지,공원묘지,,,북석,,572000
2,(재)실로암공원묘원,2,사설,불교,"공원묘지, 봉안당",공원묘지,공원묘지,,,성경책,,572000
2,(재)실로암공원묘원,2,사설,불교,"공원묘지, 봉안당",공원묘지,공원묘지,,,봉분설치비일반,,600000
2,(재)실로암공원묘원,2,사설,불교,"공원묘지, 봉안당",공원묘지,공원묘지,,,입주비석도홍 평장,입주비석도홍 평장,620000
2,(재)실로암공원묘원,2,사설,불교,"공원묘지, 봉안당",공원묘지,공원묘지,,,상석애석,(.5) (2.5),643500
2,(재)실로암공원묘원,2,사설,불교,"공원묘지, 봉안당",공원묘지,공원묘지,,,갓석(소),,672100
2,(재)실로암공원묘원,2,사설,불교,"공원묘지, 봉안당",공원묘지,공원묘지,,,갓석(대),,757900
2,(재)실로암공원묘원,2,사설,불교,"공원묘지, 봉안당",공원묘지,공원묘지,,,개장작업비,개장작업비,800000
2,(재)실로암공원묘원,2,사설,불교,"공원묘지, 봉안당",공원묘지,공원묘지,,,매장작업비,,800000
2,(재)실로암공원묘원,2,사설,불교,"공원묘지, 봉안당",공원묘지,공원묘지,,,상석애석,"(.0), (3.0)",822250
2,(재)실로암공원묘원,2,사설,불교,"공원묘지, 봉안당",공원묘지,공원묘지,,,비석,"(.0), (3.0)",822250
2,(재)실로암공원묘원,2,사설,불교,"공원묘지, 봉안당",공원묘지,공원묘지,,,와비,(.3) (2.3),822250
2,(재)실로암공원묘원,2,사설,불교,"공원묘지, 봉안당",공원묘지,공원묘지,,,와비,(.5) (2.5),1001000
2,(재)실로암공원묘원,2,사설,불교,"공원묘지, 봉안당",공원묘지,공원묘지,,,둘레석(소),,1001000
2,(재)실로암공원묘원,2,사설,불교,"공원묘지, 봉안당",공원묘지,공원묘지,,,상석청석,"상석청석(.5), 상석청석(2.5)",1100000
2,(재)실로암공원묘원,2,사설,불교,"공원묘지, 봉안당",공원묘지,공원묘지,,,봉분설치비특수,,1100000
2,(재)실로암공원묘원,2,사설,불교,"공원묘지, 봉안당",공원묘지,공원묘지,,,비석,"(.7), (3.7)",1144000
2,(재)실로암공원묘원,2,사설,불교,"공원묘지, 봉안당",공원묘지,공원묘지,,,석관,,1155000
2,(재)실로암공원묘원,2,사설,불교,"공원묘지, 봉안당",공원묘지,공원묘지,,,상석오석,"(.0), (3.0)",1287000
2,(재)실로암공원묘원,2,사설,불교,"공원묘지, 봉안당",공원묘지,공원묘지,,,상석오석,(.3) (3.3),1430000
2,(재)실로암공원묘원,2,사설,불교,"공원묘지, 봉안당",공원묘지,공원묘지,,,비석,(.0) (4.0),1430000
2,(재)실로암공원묘원,2,사설,불교,"공원묘지, 봉안당",공원묘지,공원묘지,,,둘레석,단 1단,1480050
2,(재)실로암공원묘원,2,사설,불교,"공원묘지, 봉안당",공원묘지,공원묘지,,,둘레석,단 2단,2631200
2,(재)실로암공원묘원,2,사설,불교,"공원묘지, 봉안당",공원묘지,공원묘지,,,둘레석 청,"단 소, 3단 소",5005000
2,(재)실로암공원묘원,2,사설,불교,"공원묘지, 봉안당",공원묘지,공원묘지,,,평장2위세트,"(.5평형), (2.5평형)",5273180
2,(재)실로암공원묘원,2,사설,불교,"공원묘지, 봉안당",공원묘지,공원묘지,,,둘레석 청,"단 대, 3단 대",5434000
2,(재)실로암공원묘원,2,사설,불교,"공원묘지, 봉안당",공원묘지,공원묘지,,,원형둘레석,,5720000
2,(재)실로암공원묘원,2,사설,불교,"공원묘지, 봉안당",공원묘지,공원묘지,개인단,,"매장묘(.5평형/단봉), 매장묘(2.5평형/단봉)","사용료, 5년관리비, 매장작업비, 봉분설치비, 1인석물비용 1회 각자대포함 총계",12000000
2,(재)실로암공원묘원,2,사설,불교,"공원묘지, 봉안당",공원묘지,공원묘지,개인단,,매장묘(평형/단봉),"사용료, 5년관리비, 매장작업비, 봉분설치비, 1인석물비용 1회 각자대포함",15339000
2,(재)실로암공원묘원,2,사설,불교,"공원묘지, 봉안당",공원묘지,공원묘지,개인단,,매장묘(.5평형/쌍봉),"사용료, 5년관리비, 매장작업비, 봉분설치비, 1인석물비용 1회 각자대포함",18000000
2,(재)실로암공원묘원,2,사설,불교,"공원묘지, 봉안당",공원묘지,공원묘지,,,묘지사용료,"평, 1평",21600000
2,(재)실로암공원묘원,2,사설,불교,"공원묘지, 봉안당",공원묘지,공원묘지,개인단,,매장묘(평형/쌍봉),"사용료, 5년관리비, 매장작업비, 봉분설치비, 1인석물비용 1회 각자대포함",23823000
2,(재)실로암공원묘원,2,사설,불교,"공원묘지, 봉안당",공원묘지,공원묘지,,,천판,,150000
2,(재)실로암공원묘원,2,사설,불교,"공원묘지, 봉안당",공원묘지,공원묘지,,,비석좌대,"기, 9기 4기, 9기",185000
2,(재)실로암공원묘원,2,사설,불교,"공원묘지, 봉안당",공원묘지,공원묘지,,,소형평장와비,소형평장와비,341000
2,(재)실로암공원묘원,2,사설,불교,"공원묘지, 봉안당",공원묘지,공원묘지,,,비석(신형),4기 비석(신형),736000
2,(재)실로암공원묘원,2,사설,불교,"공원묘지, 봉안당",공원묘지,공원묘지,,,비석(신형),9기 비석(신형),786500
2,(재)실로암공원묘원,2,사설,불교,"공원묘지, 봉안당",공원묘지,공원묘지,,,구형 비석,9기 구형 비석,858000
2,(재)실로암공원묘원,2,사설,불교,"공원묘지, 봉안당",공원묘지,공원묘지,,,구형 비석,6기 구형 비석,1001000
2,(재)실로암공원묘원,2,사설,불교,"공원묘지, 봉안당",공원묘지,봉안당,,,봉안묘 신형,"(위 세트), (2위 세트)",15200000
2,(재)실로암공원묘원,2,사설,불교,"공원묘지, 봉안당",공원묘지,봉안당,,,봉안묘,"(위 세트)신형, (4위 세트)신형",19200000
2,(재)실로암공원묘원,2,사설,불교,"공원묘지, 봉안당",공원묘지,봉안당,,,봉안묘 신형,"(위 세트), (6위 세트)",24000000
2,(재)실로암공원묘원,2,사설,불교,"공원묘지, 봉안당",공원묘지,봉안당,,,봉안묘,"(위 세트)신형, (9위 세트)신형",28000000
2,(재)실로암공원묘원,2,사설,불교,"공원묘지, 봉안당",공원묘지,봉안당,,,봉안묘,"위 세트, 16위 세트",35000000
2,(재)실로암공원묘원,2,사설,불교,"공원묘지, 봉안당",공원묘지,기타(관리비),,,관리비,1평/1년,160000
3,(재)삼덕공원묘원,3,사설,,"봉안당, 공원묘지",공원묘지,공원묘지,,,봉분수선비,형태별 차등부과,450000
3,(재)삼덕공원묘원,3,사설,,"봉안당, 공원묘지",공원묘지,공원묘지,,,봉분작업비사각봉분작업,형태별 차등부과,500000
3,(재)삼덕공원묘원,3,사설,,"봉안당, 공원묘지",공원묘지,공원묘지,,,매장작업비(화장),기당 (토지개토작업 및 안장비용),550000
3,(재)삼덕공원묘원,3,사설,,"봉안당, 공원묘지",공원묘지,공원묘지,,,가묘매장작업비(화장),기당/1기당 (토지개토작업 및 안장비용),600000
3,(재)삼덕공원묘원,3,사설,,"봉안당, 공원묘지",공원묘지,공원묘지,,,매장작업비,(생장)1기당(토지개토작업 및 안장비용),1000000
3,(재)삼덕공원묘원,3,사설,,"봉안당, 공원묘지",공원묘지,공원묘지,,,봉분작업비사각대형/원형봉분작업,,1000000
3,(재)삼덕공원묘원,3,사설,,"봉안당, 공원묘지",공원묘지,공원묘지,,,가묘매장작업비,(생장)기당(토지개토작업 및 안장비용),1100000
3,(재)삼덕공원묘원,3,사설,,"봉안당, 공원묘지",공원묘지,공원묘지,,,석관매장용,석관매장용,1200000
3,(재)삼덕공원묘원,3,사설,,"봉안당, 공원묘지",공원묘지,공원묘지,개인단,,시설물위평장세트,1위,2500000
3,(재)삼덕공원묘원,3,사설,,"봉안당, 공원묘지",공원묘지,공원묘지,가족단,,"시설물가족위, 시설물가족2위",평장형,7000000
3,(재)삼덕공원묘원,3,사설,,"봉안당, 공원묘지",공원묘지,공원묘지,가족단,,시설물가족,"위(평장형), 2위(평장형)",9600000
3,(재)삼덕공원묘원,3,사설,,"봉안당, 공원묘지",공원묘지,공원묘지,,,시설물위조각매장세트,6위,10900000
3,(재)삼덕공원묘원,3,사설,,"봉안당, 공원묘지",공원묘지,공원묘지,가족단,,"시설물가족위, 시설물가족2위",평장형,12200000
3,(재)삼덕공원묘원,3,사설,,"봉안당, 공원묘지",공원묘지,공원묘지,,,묘지사용료,평형1 1평형1,16000000
3,(재)삼덕공원묘원,3,사설,,"봉안당, 공원묘지",공원묘지,봉안당,,,봉안묘안치작업,"기이하, 18기이하, 판재안치",200000
3,(재)삼덕공원묘원,3,사설,,"봉안당, 공원묘지",공원묘지,봉안당,,,각자작업봉안묘판재각자/평장묘각자,(기당),200000
3,(재)삼덕공원묘원,3,사설,,"봉안당, 공원묘지",공원묘지,봉안당,,,봉안묘안치작업,"기이상, 18기이상, 평장묘",300000
3,(재)삼덕공원묘원,3,사설,,"봉안당, 공원묘지",공원묘지,봉안당,,,석관봉안용,,350000
3,(재)삼덕공원묘원,3,사설,,"봉안당, 공원묘지",공원묘지,봉안당,부부단,,시설물부부봉안묘,,4200000
3,(재)삼덕공원묘원,3,사설,,"봉안당, 공원묘지",공원묘지,기타,,,나무제거(그루당),1m 미만 및 이상으로 차등부과,30000
3,(재)삼덕공원묘원,3,사설,,"봉안당, 공원묘지",공원묘지,기타,,,석물이동설치 작업,(A형)이동설치작업,100000
3,(재)삼덕공원묘원,3,사설,,"봉안당, 공원묘지",공원묘지,기타,,,비석해체/재설치작업,(小中),150000
3,(재)삼덕공원묘원,3,사설,,"봉안당, 공원묘지",공원묘지,기타,,,석재향로小,석재향로小,150000
3,(재)삼덕공원묘원,3,사설,,"봉안당, 공원묘지",공원묘지,기타(관리비),,,관리비평형,년간 관리비1평형 / 년간,190000
3,(재)삼덕공원묘원,3,사설,,"봉안당, 공원묘지",공원묘지,기타,,,각자작업친환경추가안치각자,,200000
3,(재)삼덕공원묘원,3,사설,,"봉안당, 공원묘지",공원묘지,기타,,,비석해체/재설치작업,大갓비석,200000
3,(재)삼덕공원묘원,3,사설,,"봉안당, 공원묘지",공원묘지,기타,,,석물이동설치 작업,(B형)이동설치작업,200000
3,(재)삼덕공원묘원,3,사설,,"봉안당, 공원묘지",공원묘지,기타,,,시설물화병,(ea) (2ea),250000
3,(재)삼덕공원묘원,3,사설,,"봉안당, 공원묘지",공원묘지,기타,,,석물이동설치 작업,(C형)이동설치작업,300000
3,(재)삼덕공원묘원,3,사설,,"봉안당, 공원묘지",공원묘지,기타,,,개장정리비,"평형미만, 3평형미만, 형태별 차등부과",350000
3,(재)삼덕공원묘원,3,사설,,"봉안당, 공원묘지",공원묘지,기타,,,충관비,충관비,350000
3,(재)삼덕공원묘원,3,사설,,"봉안당, 공원묘지",공원묘지,기타,,,개장정리비,"평형이상, 3평형이상",500000
3,(재)삼덕공원묘원,3,사설,,"봉안당, 공원묘지",공원묘지,기타,,,시설물상석(소),,550000
3,(재)삼덕공원묘원,3,사설,,"봉안당, 공원묘지",공원묘지,기타,,,개장정리비,"평형이상 원둘레, 6평형이상 원둘레",600000
3,(재)삼덕공원묘원,3,사설,,"봉안당, 공원묘지",공원묘지,기타,,,시설물상석(중),,650000
3,(재)삼덕공원묘원,3,사설,,"봉안당, 공원묘지",공원묘지,기타,,,시설물비석(소),시설물비석(소),650000
3,(재)삼덕공원묘원,3,사설,,"봉안당, 공원묘지",공원묘지,기타,,,시설물향로석셋트,,700000
3,(재)삼덕공원묘원,3,사설,,"봉안당, 공원묘지",공원묘지,기타,,,시설물비석(중),시설물비석(중),750000
3,(재)삼덕공원묘원,3,사설,,"봉안당, 공원묘지",공원묘지,기타,,,시설물상석(대),시설물상석(대),950000
3,(재)삼덕공원묘원,3,사설,,"봉안당, 공원묘지",공원묘지,기타,,,시설물비석(대),,1500000
3,(재)삼덕공원묘원,3,사설,,"봉안당, 공원묘지",공원묘지,기타,,,시설물상석,"(고흥석.0)+부속, (고흥석3.0)+부속",1600000
3,(재)삼덕공원묘원,3,사설,,"봉안당, 공원묘지",공원묘지,기타,,,흙봉작업비,".5평형, 1.5평형",1900000
3,(재)삼덕공원묘원,3,사설,,"봉안당, 공원묘지",공원묘지,기타,,,흙봉작업비,"평형이상, 3평형이상",2200000
3,(재)삼덕공원묘원,3,사설,,"봉안당, 공원묘지",공원묘지,기타,,,시설물춘일/장명등,시설물춘일/장명등,2200000
3,(재)삼덕공원묘원,3,사설,,"봉안당, 공원묘지",공원묘지,기타,,,시설물갓비석세트,시설물갓비석세트,2300000
3,(재)삼덕공원묘원,3,사설,,"봉안당, 공원묘지",공원묘지,기타,,,흙봉작업비,.5평형~6평형 이상 대형(크기별상이~) 3.5평형~6평형 이상 대형(크기별상이~),2400000
3,(재)삼덕공원묘원,3,사설,,"봉안당, 공원묘지",공원묘지,기타,,,둘래석가사,둘래석가사,2500000
3,(재)삼덕공원묘원,3,사설,,"봉안당, 공원묘지",공원묘지,기타,,,시설물용호망두,,2700000
3,(재)삼덕공원묘원,3,사설,,"봉안당, 공원묘지",공원묘지,기타,,,둘레석,"둘레석단, 둘레석2단",2800000
3,(재)삼덕공원묘원,3,사설,,"봉안당, 공원묘지",공원묘지,기타,,,둘레석,"단, 2단",3000000
3,(재)삼덕공원묘원,3,사설,,"봉안당, 공원묘지",공원묘지,기타,,,둘레석흑사각,둘레석흑사각,3300000
3,(재)삼덕공원묘원,3,사설,,"봉안당, 공원묘지",공원묘지,기타,,,둘레석아자형,둘레석아자형,3800000
3,(재)삼덕공원묘원,3,사설,,"봉안당, 공원묘지",공원묘지,기타,,,둘레석조각둘레석(무궁화),,4600000
3,(재)삼덕공원묘원,3,사설,,"봉안당, 공원묘지",공원묘지,기타,,,둘레석원형(기본형),,5600000
3,(재)삼덕공원묘원,3,사설,,"봉안당, 공원묘지",공원묘지,기타,,,둘레석좌청우백/무궁화(大)신형,,6000000
3,(재)삼덕공원묘원,3,사설,,"봉안당, 공원묘지",공원묘지,기타,,,둘레석원형(조각),,7200000
3,(재)삼덕공원묘원,3,사설,,"봉안당, 공원묘지",공원묘지,기타,,,시설물위사각돌뚜껑세트,"기본, 12",9900000
4,재단법인울산공원묘원,4,사설,,"공원묘지, 봉안당",공원묘지,공원묘지,,,경계석 설치비,"(M당)자제비, 운반 및 설치비용 포함, 부가세 포함",110000
4,재단법인울산공원묘원,4,사설,,"공원묘지, 봉안당",공원묘지,공원묘지,,,향로석,1개운반 및 설치비용 포함,330000
4,재단법인울산공원묘원,4,사설,,"공원묘지, 봉안당",공원묘지,공원묘지,,,개석 尺 및 3尺 운반 및 설치,"비용 포함, 부가세 포함",440000
4,재단법인울산공원묘원,4,사설,,"공원묘지, 봉안당",공원묘지,공원묘지,,,화병 조(2개),"운반 및 설치비용 포함, 부가세 포함",440000
4,재단법인울산공원묘원,4,사설,,"공원묘지, 봉안당",공원묘지,공원묘지,,,개장정리비,부가세 포함,1100000
4,재단법인울산공원묘원,4,사설,,"공원묘지, 봉안당",공원묘지,공원묘지,,,봉분작업비/봉수선,"(1평~2평)부가세 포함, 작업환경에 따라 추가비용 발생",1150000
4,재단법인울산공원묘원,4,사설,,"공원묘지, 봉안당",공원묘지,공원묘지,,,개장비,부가세 포함,1200000
4,재단법인울산공원묘원,4,사설,,"공원묘지, 봉안당",공원묘지,공원묘지,,,봉분작업비/봉수선(평~4평),"부가세 포함, 작업환경에 따라 추가비용 발생",1300000
4,재단법인울산공원묘원,4,사설,,"공원묘지, 봉안당",공원묘지,공원묘지,,,매장작업비부가세 포함,,1450000
4,재단법인울산공원묘원,4,사설,,"공원묘지, 봉안당",공원묘지,공원묘지,,,봉분작업비/봉수선,"(평~6평)/(5평~6평)부가세 포함, 작업환경에 따라 추가비용 발생",1450000
4,재단법인울산공원묘원,4,사설,,"공원묘지, 봉안당",공원묘지,공원묘지,,,혼유석(상석),".3尺, 부가세 포함 / 2.3尺, 부가세 포함",2200000
4,재단법인울산공원묘원,4,사설,,"공원묘지, 봉안당",공원묘지,공원묘지,,,신도비,".5尺각자비 별도, 운반 및 설치비용 포함, 부가세 포함, 2.5尺각자비 별도",2200000
4,재단법인울산공원묘원,4,사설,,"공원묘지, 봉안당",공원묘지,공원묘지,,,석곽/석관,부가세 포함,2200000
4,재단법인울산공원묘원,4,사설,,"공원묘지, 봉안당",공원묘지,공원묘지,,,혼유석(상석),"(.5尺)부가세 포함, (2.5尺)부가세 포함",2750000
4,재단법인울산공원묘원,4,사설,,"공원묘지, 봉안당",공원묘지,공원묘지,,,오석혼유석(상석),"(.3尺)부가세 포함, (2.3尺)부가세 포함",2750000
4,재단법인울산공원묘원,4,사설,,"공원묘지, 봉안당",공원묘지,공원묘지,,,와비 .5尺각자비,"별도, 운반 및 설치비용 포함, 부가세 포함",2750000
4,재단법인울산공원묘원,4,사설,,"공원묘지, 봉안당",공원묘지,공원묘지,,,혼유석(상석),"(.7尺)부가세 포함, (2.7尺)부가세 포함",3300000
4,재단법인울산공원묘원,4,사설,,"공원묘지, 봉안당",공원묘지,공원묘지,,,오석혼유석(상석),(.5尺)부가세 포함 (2.5尺)부가세 포함,3300000
4,재단법인울산공원묘원,4,사설,,"공원묘지, 봉안당",공원묘지,공원묘지,,,신도비,".7尺각자비 별도, 운반 및 설치비용 포함, 부가세 포함",3300000
4,재단법인울산공원묘원,4,사설,,"공원묘지, 봉안당",공원묘지,공원묘지,,,와비 2.7尺각자비,"별도, 운반 및 설치비용 포함, 부가세 포함",3300000
4,재단법인울산공원묘원,4,사설,,"공원묘지, 봉안당",공원묘지,공원묘지,,,오석혼유석(상석),(.7尺)부가세 포함 (2.7尺)부가세 포함,3960000
4,재단법인울산공원묘원,4,사설,,"공원묘지, 봉안당",공원묘지,공원묘지,,,(매장)단묘 둘레석,"(리모델링)석물비용 및 설치비용 포함, 부가세 포함",4400000
4,재단법인울산공원묘원,4,사설,,"공원묘지, 봉안당",공원묘지,공원묘지,,,단묘 일반 둘레석(리모델링),"(매장) 석물비용 및 설치비용 포함, 부가세 포함",8800000
4,재단법인울산공원묘원,4,사설,,"공원묘지, 봉안당",공원묘지,공원묘지,,,위형 평장묘(리모델링),"화장비용 별도, 석물비용 및 설치비용 포함, 부가세 포함",11800000
4,재단법인울산공원묘원,4,사설,,"공원묘지, 봉안당",공원묘지,공원묘지,,,위형 평장묘(리모델링),"화장비용 별도, 석물비용 및 설치비용 포함, 부가세 포함",14000000
4,재단법인울산공원묘원,4,사설,,"공원묘지, 봉안당",공원묘지,공원묘지,,,위형 평장묘(리모델링),"화장비용 별도, 석물비용 및 설치비용 포함, 부가세 포함",16200000
4,재단법인울산공원묘원,4,사설,,"공원묘지, 봉안당",공원묘지,공원묘지,,,(매장)단묘 고급 둘레석,"(리모델링)석물비용 및 설치비용 포함, 부가세 포함",16500000
4,재단법인울산공원묘원,4,사설,,"공원묘지, 봉안당",공원묘지,공원묘지,,,위형 평장묘(리모델링),"화장비용 별도, 석물비용 및 설치비용 포함, 부가세 포함",18400000
4,재단법인울산공원묘원,4,사설,,"공원묘지, 봉안당",공원묘지,공원묘지,,,일반매장묘(.5평),"묘지사용료, 5년 관리비, 매장작업비, 봉분작업비, 석물비용 포함(위치에 따라 추가금 발생), 부가세 포함",22520000
4,재단법인울산공원묘원,4,사설,,"공원묘지, 봉안당",공원묘지,공원묘지,,,일반매장묘(평),"묘지사용료, 5년 관리비, 매장작업비, 봉분작업비, 석물비용 포함(위치에 따라 추가금 발생), 부가세 포함",32400000
4,재단법인울산공원묘원,4,사설,,"공원묘지, 봉안당",공원묘지,공원묘지,,,일반매장묘(평),"묘지사용료, 5년 관리비, 매장작업비, 봉분작업비, 석물비용 포함(위치에 따라 추가금 발생), 부가세 포함",40500000
4,재단법인울산공원묘원,4,사설,,"공원묘지, 봉안당",공원묘지,공원묘지,,,사용료,1평/30년 기준,49500000
4,재단법인울산공원묘원,4,사설,,"공원묘지, 봉안당",공원묘지,공원묘지,부부단,,부부매장묘(평),"묘지사용료, 5년 관리비, 매장작업비, 봉분작업비, 석물비용 포함(위치에 따라 추가금 발생), 부가세 포함",75440000
4,재단법인울산공원묘원,4,사설,,"공원묘지, 봉안당",공원묘지,공원묘지,,,고급매장묘(평),"묘지사용료, 5년 관리비, 매장작업비, 봉분작업비, 석물비용 포함(위치에 따라 추가금 발생), 부가세 포함",88860000
4,재단법인울산공원묘원,4,사설,,"공원묘지, 봉안당",공원묘지,공원묘지,부부단,,부부매장묘(평),"묘지사용료, 5년 관리비, 매장작업비, 봉분작업비, 석물비용 포함(위치에 따라 추가금 발생), 부가세 포함",105760000
4,재단법인울산공원묘원,4,사설,,"공원묘지, 봉안당",공원묘지,공원묘지,부부단,,부부매장묘(평),"묘지사용료, 5년 관리비, 매장작업비, 봉분작업비, 석물비용 포함(위치에 따라 추가금 발생), 부가세 포함",121560000
4,재단법인울산공원묘원,4,사설,,"공원묘지, 봉안당",공원묘지,공원묘지,,,고급매장묘(4평),"묘지사용료, 5년 관리비, 매장작업비, 봉분작업비, 석물비용 포함(위치에 따라 추가금 발생), 부가세 포함",140300000
4,재단법인울산공원묘원,4,사설,,"공원묘지, 봉안당",공원묘지,공원묘지,,,고급매장묘(4평),"묘지사용료, 5년 관리비, 매장작업비, 봉분작업비, 석물비용 포함(위치에 따라 추가금 발생), 부가세 포함",162700000
4,재단법인울산공원묘원,4,사설,,"공원묘지, 봉안당",공원묘지,봉안당,,,안치작업비,(평장.봉안)부가세 포함,900000
4,재단법인울산공원묘원,4,사설,,"공원묘지, 봉안당",공원묘지,봉안당,,,위형 봉안묘(리모델링),"화장비용 별도, 석물비용 및 설치비용 포함, 부가세 포함",14000000
4,재단법인울산공원묘원,4,사설,,"공원묘지, 봉안당",공원묘지,봉안당,,,위형 봉안묘(리모델링),"화장비용 별도, 석물비용 및 설치비용 포함, 부가세 포함",16200000
4,재단법인울산공원묘원,4,사설,,"공원묘지, 봉안당",공원묘지,봉안당,,,위형 봉안묘(리모델링),"화장비용 별도, 석물비용 및 설치비용 포함, 부가세 포함",18400000
4,재단법인울산공원묘원,4,사설,,"공원묘지, 봉안당",공원묘지,봉안당,,,위형 봉안묘(리모델링),"화장비용 별도, 석물비용 및 설치비용 포함, 부가세 포함",21700000
4,재단법인울산공원묘원,4,사설,,"공원묘지, 봉안당",공원묘지,봉안당,,,봉안/평장묘,"(평/1평) 묘지사용료, 5년 관리비, 매장작업비, 봉분작업비, 석물비용 포함(위치에 따라 추가금 발생), 부가세 포함",23200000
4,재단법인울산공원묘원,4,사설,,"공원묘지, 봉안당",공원묘지,봉안당,,,위형 봉안묘(리모델링),"화장비용 별도, 석물비용 및 설치비용 포함, 부가세 포함",25000000
4,재단법인울산공원묘원,4,사설,,"공원묘지, 봉안당",공원묘지,봉안당,,,봉안/평장묘,"(.5평), (1.5평), 묘지사용료, 5년 관리비, 매장작업비, 봉분작업비, 석물비용 포함(위치에 따라 추가금 발생), 부가세 포함",25600000
4,재단법인울산공원묘원,4,사설,,"공원묘지, 봉안당",공원묘지,봉안당,,,봉안/평장묘,"(평)묘지사용료, 5년 관리비, 매장작업비, 봉분작업비, 석물비용 포함(위치에 따라 추가금 발생), 부가세 포함",32400000
4,재단법인울산공원묘원,4,사설,,"공원묘지, 봉안당",공원묘지,봉안당,,,위형 봉안묘(리모델링),"화장비용 별도, 석물비용 및 설치비용 포함, 부가세 포함",36000000
4,재단법인울산공원묘원,4,사설,,"공원묘지, 봉안당",공원묘지,봉안당,,,봉안/평장묘(평)묘지사용료,"5년 관리비, 매장작업비, 봉분작업비, 석물비용 포함(위치에 따라 추가금 발생), 부가세 포함",40500000
4,재단법인울산공원묘원,4,사설,,"공원묘지, 봉안당",공원묘지,봉안당,,,위형 봉안묘(리모델링),"화장비용 별도, 석물비용 및 설치비용 포함, 부가세 포함",47000000
4,재단법인울산공원묘원,4,사설,,"공원묘지, 봉안당",공원묘지,봉안당,,,봉안/평장묘(1평) 묘지사용료,"5년 관리비, 매장작업비, 봉분작업비, 석물비용 포함(위치에 따라 추가금 발생), 부가세 포함",66640000
4,재단법인울산공원묘원,4,사설,,"공원묘지, 봉안당",공원묘지,봉안당,,,봉안/평장묘(1평),"묘지사용료, 5년 관리비, 매장작업비, 봉분작업비, 석물비용 포함(위치에 따라 추가금 발생), 부가세 포함",96960000
4,재단법인울산공원묘원,4,사설,,"공원묘지, 봉안당",공원묘지,봉안당,,,봉안/평장묘,"묘지사용료 (평/1평), 5년 관리비, 매장작업비, 봉분작업비, 석물비용 포함(위치에 따라 추가금 발생), 부가세 포함",112760000
4,재단법인울산공원묘원,4,사설,,"공원묘지, 봉안당",공원묘지,기타(관리비),,,관리비1평,1년 기준,460000
5,진주내동공원묘원,5,사설,무관,"공원묘지, 봉안당","봉안당, 공원묘지",공원묘지,,,묘지 관리비,평형/1년기준 1평형/1년기준,170000
5,진주내동공원묘원,5,사설,무관,"공원묘지, 봉안당","봉안당, 공원묘지",공원묘지,,,시설물걸방석북석,"시설물걸방석,북석",1100000
5,진주내동공원묘원,5,사설,무관,"공원묘지, 봉안당","봉안당, 공원묘지",공원묘지,,,시설물화병,"(조), (1조)",1100000
5,진주내동공원묘원,5,사설,무관,"공원묘지, 봉안당","봉안당, 공원묘지",공원묘지,,,시설물경계석(평당),,1500000
5,진주내동공원묘원,5,사설,무관,"공원묘지, 봉안당","봉안당, 공원묘지",공원묘지,,,시설물,시설물2자상석,3000000
5,진주내동공원묘원,5,사설,무관,"공원묘지, 봉안당","봉안당, 공원묘지",공원묘지,,,시설물,시설물5자상석,3300000
5,진주내동공원묘원,5,사설,무관,"공원묘지, 봉안당","봉안당, 공원묘지",공원묘지,,,둘레석묘테,둘레석묘테1,4000000
5,진주내동공원묘원,5,사설,무관,"공원묘지, 봉안당","봉안당, 공원묘지",공원묘지,,,시설물.5자거비,시설물2.5자거비,4500000
5,진주내동공원묘원,5,사설,무관,"공원묘지, 봉안당","봉안당, 공원묘지",공원묘지,,,시설물자거비,시설물3자거비,4900000
5,진주내동공원묘원,5,사설,무관,"공원묘지, 봉안당","봉안당, 공원묘지",공원묘지,,,시설물향로석세트, 시설물향로석세트1,5500000
5,진주내동공원묘원,5,사설,무관,"공원묘지, 봉안당","봉안당, 공원묘지",공원묘지,,,시설물,".5자와비, 2.5자와비",6000000
5,진주내동공원묘원,5,사설,무관,"공원묘지, 봉안당","봉안당, 공원묘지",공원묘지,,,묘지 사용료,1평기준,8500000
5,진주내동공원묘원,5,사설,무관,"공원묘지, 봉안당","봉안당, 공원묘지",공원묘지,,,시설물자상석,시설물2자상석,9900000
5,진주내동공원묘원,5,사설,무관,"공원묘지, 봉안당","봉안당, 공원묘지",공원묘지,,,시설물자와비,시설물3자와비,9900000
5,진주내동공원묘원,5,사설,무관,"공원묘지, 봉안당","봉안당, 공원묘지",공원묘지,,,둘레석구평장,둘레석구평장1,17280000
5,진주내동공원묘원,5,사설,무관,"공원묘지, 봉안당","봉안당, 공원묘지",공원묘지,,,둘레석,2단,20000000
5,진주내동공원묘원,5,사설,무관,"공원묘지, 봉안당","봉안당, 공원묘지",공원묘지,,,둘레석민무늬,둘레석민무늬1,24228000
5,진주내동공원묘원,5,사설,무관,"공원묘지, 봉안당","봉안당, 공원묘지",공원묘지,,,둘레석신평장,둘레석신평장1,29180000
5,진주내동공원묘원,5,사설,무관,"공원묘지, 봉안당","봉안당, 공원묘지",공원묘지,,,둘레석아자형,둘레석아자형,34228000
5,진주내동공원묘원,5,사설,무관,"공원묘지, 봉안당","봉안당, 공원묘지",공원묘지,,,둘레석청룡백호,,44228000
5,진주내동공원묘원,5,사설,무관,"공원묘지, 봉안당","봉안당, 공원묘지",봉안당,,,봉안당 관리비일반단,봉안당 관리비일반단,500000
5,진주내동공원묘원,5,사설,무관,"공원묘지, 봉안당","봉안당, 공원묘지",봉안당,,,봉안당 관리비특별단,vip단,800000
5,진주내동공원묘원,5,사설,무관,"공원묘지, 봉안당","봉안당, 공원묘지",봉안당,,,봉안당(일반실),"일반단단 1, 일반단8단 1",15000000
5,진주내동공원묘원,5,사설,무관,"공원묘지, 봉안당","봉안당, 공원묘지",봉안당,,,봉안당(일반실),"일반단특별단8단 일반단1,특별단8단",20000000
5,진주내동공원묘원,5,사설,무관,"공원묘지, 봉안당","봉안당, 공원묘지",봉안당,,,봉안당(일반실),"일반단단,7단,특별단1단,vip8단",30000000
5,진주내동공원묘원,5,사설,무관,"공원묘지, 봉안당","봉안당, 공원묘지",봉안당,,,봉안당(일반실),"일반단단,6단,특별단2단,7단,vip1단",40000000
5,진주내동공원묘원,5,사설,무관,"공원묘지, 봉안당","봉안당, 공원묘지",봉안당,,,봉안당(특별실),일반단단,40000000
5,진주내동공원묘원,5,사설,무관,"공원묘지, 봉안당","봉안당, 공원묘지",봉안당,,,봉안당(일반실)일반단단,"특별단3단,vip2단",50000000
5,진주내동공원묘원,5,사설,무관,"공원묘지, 봉안당","봉안당, 공원묘지",봉안당,,,봉안당(특별실),일반단단 일반단7단,50000000
5,진주내동공원묘원,5,사설,무관,"공원묘지, 봉안당","봉안당, 공원묘지",봉안당,,,봉안당(일반실),"vip단,7단 / vip3단,7단",60000000
5,진주내동공원묘원,5,사설,무관,"공원묘지, 봉안당","봉안당, 공원묘지",봉안당,,,봉안당(특별실),"일반단단,6단1 일반단2단,6단1",60000000
5,진주내동공원묘원,5,사설,무관,"공원묘지, 봉안당","봉안당, 공원묘지",봉안당,,,봉안당(일반실)특별단,"단,6단,vip3단7단",70000000
5,진주내동공원묘원,5,사설,무관,"공원묘지, 봉안당","봉안당, 공원묘지",봉안당,,,봉안당(특별실),일반단단5단1,70000000
5,진주내동공원묘원,5,사설,무관,"공원묘지, 봉안당","봉안당, 공원묘지",봉안당,,,봉안당(일반실),"vip단,7단",80000000
5,진주내동공원묘원,5,사설,무관,"공원묘지, 봉안당","봉안당, 공원묘지",봉안당,,,봉안당,(특별실)일반단단1 (특별실)일반단7단1,80000000
5,진주내동공원묘원,5,사설,무관,"공원묘지, 봉안당","봉안당, 공원묘지",봉안당,,,봉안당(일반실),"특별단단,vip4단,특별단5단,vip4단",90000000
5,진주내동공원묘원,5,사설,무관,"공원묘지, 봉안당","봉안당, 공원묘지",봉안당,,,봉안당(일반실),"vip단,7단",100000000
5,진주내동공원묘원,5,사설,무관,"공원묘지, 봉안당","봉안당, 공원묘지",봉안당,,,봉안당(특별실),"특별단단1, 특별단7단1",100000000
5,진주내동공원묘원,5,사설,무관,"공원묘지, 봉안당","봉안당, 공원묘지",봉안당,,,봉안당(특별실),특별단6단,110000000
5,진주내동공원묘원,5,사설,무관,"공원묘지, 봉안당","봉안당, 공원묘지",봉안당,,,봉안당(특별실),특별단1단,120000000
5,진주내동공원묘원,5,사설,무관,"공원묘지, 봉안당","봉안당, 공원묘지",봉안당,,,봉안당(특별실),봉안당(특별실)특별단5단,130000000
5,진주내동공원묘원,5,사설,무관,"공원묘지, 봉안당","봉안당, 공원묘지",봉안당,,,봉안당(특별실)특별단단,vip6단,140000000
5,진주내동공원묘원,5,사설,무관,"공원묘지, 봉안당","봉안당, 공원묘지",봉안당,,,봉안당(특별실),"특별단단,vip1단",150000000
5,진주내동공원묘원,5,사설,무관,"공원묘지, 봉안당","봉안당, 공원묘지",봉안당,,,봉안당(특별실),"특별단단,vip2단",160000000
5,진주내동공원묘원,5,사설,무관,"공원묘지, 봉안당","봉안당, 공원묘지",봉안당,,,봉안당(특별실),"vip단,5단, vip3단,5단",170000000
5,진주내동공원묘원,5,사설,무관,"공원묘지, 봉안당","봉안당, 공원묘지",봉안당,,,봉안당(특별실)vip,"단, 3단, 5단, 1",180000000
6,신불산공원묘원,6,사설,무관,"공원묘지, 봉안당",공원묘지,공원묘지,,,각자 비용이름 추가,,55000
6,신불산공원묘원,6,사설,무관,"공원묘지, 봉안당",공원묘지,공원묘지,,,각자 비용별세일 추가,각자 비용별세일 추가,121000
6,신불산공원묘원,6,사설,무관,"공원묘지, 봉안당",공원묘지,공원묘지,,,월석,개 1개,154000
6,신불산공원묘원,6,사설,무관,"공원묘지, 봉안당",공원묘지,공원묘지,,,묘지 공동관리비,1평/1년 기준,170000
6,신불산공원묘원,6,사설,무관,"공원묘지, 봉안당",공원묘지,공원묘지,,,단향로개,단향로1개,198000
6,신불산공원묘원,6,사설,무관,"공원묘지, 봉안당",공원묘지,공원묘지,,,석주개당,,198000
6,신불산공원묘원,6,사설,무관,"공원묘지, 봉안당",공원묘지,공원묘지,,,경계석미터당,경계석미터당,198000
6,신불산공원묘원,6,사설,무관,"공원묘지, 봉안당",공원묘지,공원묘지,,,무지좌대,개 1개,264000
6,신불산공원묘원,6,사설,무관,"공원묘지, 봉안당",공원묘지,공원묘지,,,혼유석,개 1개,286000
6,신불산공원묘원,6,사설,무관,"공원묘지, 봉안당",공원묘지,공원묘지,,,북석,소조 소1,297000
6,신불산공원묘원,6,사설,무관,"공원묘지, 봉안당",공원묘지,공원묘지,,,각자 비용외비,,330000
6,신불산공원묘원,6,사설,무관,"공원묘지, 봉안당",공원묘지,공원묘지,,,광택꽃병,"조, 1조",341000
6,신불산공원묘원,6,사설,무관,"공원묘지, 봉안당",공원묘지,공원묘지,,,북석 대조,북석 대,374000
6,신불산공원묘원,6,사설,무관,"공원묘지, 봉안당",공원묘지,공원묘지,,,각자 비용합비,,407000
6,신불산공원묘원,6,사설,무관,"공원묘지, 봉안당",공원묘지,공원묘지,,,조각삼향로,"1개, 개",517000
6,신불산공원묘원,6,사설,무관,"공원묘지, 봉안당",공원묘지,공원묘지,,,연꽃좌대,개 1개,638000
6,신불산공원묘원,6,사설,무관,"공원묘지, 봉안당",공원묘지,공원묘지,,,조각꽃병,"조, 1조",682000
6,신불산공원묘원,6,사설,무관,"공원묘지, 봉안당",공원묘지,공원묘지,,,화강상석,".5자, 2.5자",759000
6,신불산공원묘원,6,사설,무관,"공원묘지, 봉안당",공원묘지,공원묘지,,,오석비석,".5자, 2.5자",759000
6,신불산공원묘원,6,사설,무관,"공원묘지, 봉안당",공원묘지,공원묘지,,,갓석,개 1개,847000
6,신불산공원묘원,6,사설,무관,"공원묘지, 봉안당",공원묘지,공원묘지,,,연꽃와비좌대,"1개, 개",924000
6,신불산공원묘원,6,사설,무관,"공원묘지, 봉안당",공원묘지,공원묘지,,,오석비석,"자, 3자",946000
6,신불산공원묘원,6,사설,무관,"공원묘지, 봉안당",공원묘지,공원묘지,,,와비,".5자, 2.5자",1100000
6,신불산공원묘원,6,사설,무관,"공원묘지, 봉안당",공원묘지,공원묘지,,,오석비석,".5자, 2.5자",1122000
6,신불산공원묘원,6,사설,무관,"공원묘지, 봉안당",공원묘지,공원묘지,,,갓비석,"7자, 3.7자",1199000
6,신불산공원묘원,6,사설,무관,"공원묘지, 봉안당",공원묘지,공원묘지,,,화강상석,"자, 3자",1309000
6,신불산공원묘원,6,사설,무관,"공원묘지, 봉안당",공원묘지,공원묘지,,,석문조,석문1조,1353000
6,신불산공원묘원,6,사설,무관,"공원묘지, 봉안당",공원묘지,공원묘지,,,사각묘테석,1단1세트,1496000
6,신불산공원묘원,6,사설,무관,"공원묘지, 봉안당",공원묘지,공원묘지,,,타원묘테석,1세트,1496000
6,신불산공원묘원,6,사설,무관,"공원묘지, 봉안당",공원묘지,공원묘지,,,평토작업비,평토 및 바닥 다지기 작업비용/평 기준,1500000
6,신불산공원묘원,6,사설,무관,"공원묘지, 봉안당",공원묘지,공원묘지,,,사각묘테석,1단1세트,1859000
6,신불산공원묘원,6,사설,무관,"공원묘지, 봉안당",공원묘지,공원묘지,,,사각묘테석,단1세트 1단1세트,4059000
6,신불산공원묘원,6,사설,무관,"공원묘지, 봉안당",공원묘지,공원묘지,,,"개장정리비, 개장 후 원상복구 작업비용",".5평,2평,2.5평 / 1.5평,2평,2.5평",4200000
6,신불산공원묘원,6,사설,무관,"공원묘지, 봉안당",공원묘지,공원묘지,,,봉분작업비흙,운반 및 봉분 작업비용,5000000
6,신불산공원묘원,6,사설,무관,"공원묘지, 봉안당",공원묘지,공원묘지,,,재봉작업,".5평, 사각묘테석 봉분 1.5평, 사각묘테석 봉분",5000000
6,신불산공원묘원,6,사설,무관,"공원묘지, 봉안당",공원묘지,공원묘지,,,개장정리비,"평, 3평, 3.5평, 4평, 4.5평 / 개장 후 원상복구 작업비용",5200000
6,신불산공원묘원,6,사설,무관,"공원묘지, 봉안당",공원묘지,공원묘지,,,재봉작업,".0평, 타원묘테석 봉분 3.0평, 타원묘테석 봉분",5500000
6,신불산공원묘원,6,사설,무관,"공원묘지, 봉안당",공원묘지,공원묘지,,,조각묘테석,단1세트 3단1세트,5544000
6,신불산공원묘원,6,사설,무관,"공원묘지, 봉안당",공원묘지,공원묘지,,,개장정리비평,"5.5평,6평 / 개장 후 원상복구 작업비용",6200000
6,신불산공원묘원,6,사설,무관,"공원묘지, 봉안당",공원묘지,공원묘지,,,묘지 임대사용료,"평 기준, 1평 기준",10700000
6,신불산공원묘원,6,사설,무관,"공원묘지, 봉안당",공원묘지,봉안당,,,각자 비용봉안묘 뚜껑,각자 비용봉안묘 뚜껑,110000
7,예산군추모공원,7,공설,무관,봉안당,공원묘지,봉안당,,관내,단장묘 조경비,예산군에 계속 3년이상 주민등록이 되어 있는 자,300000
7,예산군추모공원,7,공설,무관,봉안당,공원묘지,봉안당,,관내,단장묘 조경비예산군,"월이상 3년미만 주민등록이 되어 있는자, 6월이상 등록기준지가 되어 있는자",300000
7,예산군추모공원,7,공설,무관,봉안당,공원묘지,봉안당,,관내,회차1구 조경비예산군,계속 3년이상 주민등록이 되어 있는 자,300000
7,예산군추모공원,7,공설,무관,봉안당,공원묘지,봉안당,,관내,회차1구 조경비예산군,"6월이상 3년미만 주민등록이 되어 있는자, 6월이상 등록기준지가 되어 있는자",300000
7,예산군추모공원,7,공설,무관,봉안당,공원묘지,봉안당,,관내,주민등록이 되어 있는 자,회차2구 조경비예산군에 계속 3년이상,300000
7,예산군추모공원,7,공설,무관,봉안당,공원묘지,봉안당,,관내,회차2구 조경비예산군,"6월이상 3년미만 주민등록이 되어 있는자, 6월이상 등록기준지가 되어 있는자",300000
7,예산군추모공원,7,공설,무관,봉안당,공원묘지,봉안당,가족단,관내,가족봉안묘 조경비,예산군에 계속 년이상 주민등록이 되어 있는 자 / 예산군에 계속 3년이상 주민등록이 되어 있는 자,300000
7,예산군추모공원,7,공설,무관,봉안당,공원묘지,봉안당,가족단,관내,가족봉안묘 조경비예산군,"월이상 3년미만 주민등록이 되어 있는자, 6월이상 등록기준지가 되어 있는자",300000
7,예산군추모공원,7,공설,무관,봉안당,공원묘지,봉안당,가족단,,가족봉안묘,조경비예산군 이외 사용자,300000
7,예산군추모공원,7,공설,무관,봉안당,공원묘지,봉안당,,,기타비용,"회차 1구, 2회차 1구",7150000
7,예산군추모공원,7,공설,무관,봉안당,공원묘지,봉안당,가족단,관내,가족봉안묘 관리비,예산군에 계속 년이상 주민등록이 되어 있는 자,9300000
7,예산군추모공원,7,공설,무관,봉안당,공원묘지,봉안당,,관내,단장묘 사용료,예산군에 계속 3년이상 주민등록이 되어 있는 자,14190000
7,예산군추모공원,7,공설,무관,봉안당,공원묘지,봉안당,,관내,단장묘,기타비용예산군에 계속 년이상 주민등록이 되어 있는 자 기타비용예산군에 계속 3년이상 주민등록이 되어 있는 자,20500000
7,예산군추모공원,7,공설,무관,봉안당,공원묘지,봉안당,,관내,단장묘 기타비용예산군,"월이상 3년미만 주민등록이 되어 있는자, 6월이상 등록기준지가 되어 있는자",20500000
7,예산군추모공원,7,공설,무관,봉안당,공원묘지,봉안당,,관내,회차1구,기타비용예산군에 계속 3년이상 주민등록이 되어 있는 자,22150000
7,예산군추모공원,7,공설,무관,봉안당,공원묘지,봉안당,,관내,회차1구 기타비용예산군,"6월이상 3년미만 주민등록이 되어 있는자, 6월이상 등록기준지가 되어 있는자",22150000
7,예산군추모공원,7,공설,무관,봉안당,공원묘지,봉안당,,관내,회차2구 기타비용예산군,에 계속 3년이상 주민등록이 되어 있는 자1,22900000
7,예산군추모공원,7,공설,무관,봉안당,공원묘지,봉안당,,관내,회차2구 기타비용예산군,"6월이상 3년미만 주민등록이 되어 있는자, 6월이상 등록기준지가 되어 있는자",22900000
7,예산군추모공원,7,공설,무관,봉안당,공원묘지,봉안당,,관내,회차1구 사용료,예산군에 계속 3년이상 주민등록이 되어 있는 자,23940000
7,예산군추모공원,7,공설,무관,봉안당,공원묘지,봉안당,,관내,회차2구 사용료,예산군에 계속 3년이상 주민등록이 되어 있는 자,23940000
7,예산군추모공원,7,공설,무관,봉안당,공원묘지,봉안당,가족단,관내,가족봉안묘 사용료,예산군에 계속 3년이상 주민등록이 되어 있는 자,23940000
7,예산군추모공원,7,공설,무관,봉안당,공원묘지,봉안당,가족단,관내,가족봉안묘 관리비예산군,"6월이상 3년미만 주민등록이 되어 있는자, 6월이상 등록기준지가 되어 있는자",27900000
7,예산군추모공원,7,공설,무관,봉안당,공원묘지,봉안당,,관내,단장묘 사용료예산군,"월이상 3년미만 주민등록이 되어 있는자, 6월이상 등록기준지가 되어 있는자",36180000
7,예산군추모공원,7,공설,무관,봉안당,공원묘지,봉안당,가족단,,가족봉안묘 관리비예산군 이외 사용자,가족봉안묘 관리비예산군 이외 사용자,38790000
7,예산군추모공원,7,공설,무관,봉안당,공원묘지,봉안당,가족단,관내,가족봉안묘,기타비용예산군에 계속 년이상 주민등록이 되어 있는 자,54600000
7,예산군추모공원,7,공설,무관,봉안당,공원묘지,봉안당,가족단,관내,가족봉안묘,"기타비용예산군 월이상 3년미만 주민등록이 되어 있는자, 6월이상 등록기준지가 되어 있는자",54600000
7,예산군추모공원,7,공설,무관,봉안당,공원묘지,봉안당,가족단,,가족봉안묘 기타비용예산군 이외 사용자,,54600000
7,예산군추모공원,7,공설,무관,봉안당,공원묘지,봉안당,,관내,회차1구 사용료예산군,"6월이상 3년미만 주민등록이 되어 있는자, 6월이상 등록기준지가 되어 있는자",61030000
7,예산군추모공원,7,공설,무관,봉안당,공원묘지,봉안당,,관내,회차2구 사용료예산군,"6월이상 3년미만 주민등록이 되어 있는자, 6월이상 등록기준지가 되어 있는자",61030000
7,예산군추모공원,7,공설,무관,봉안당,공원묘지,봉안당,가족단,관내,가족봉안묘 사용료예산군,"월이상 3년미만 주민등록이 되어 있는자, 6월이상 등록기준지가 되어 있는자",71800000
7,예산군추모공원,7,공설,무관,봉안당,공원묘지,봉안당,가족단,,가족봉안묘 사용료,예산군 이외 사용자,94810000
7,예산군추모공원,7,공설,무관,봉안당,공원묘지,기타(관리비),,관내,단장묘 관리비예산,군에 계속 3년이상 주민등록이 되어 있는 자,5520000
7,예산군추모공원,7,공설,무관,봉안당,공원묘지,기타(관리비),,관내,회차1구 관리비예산군,에 계속 3년이상 주민등록이 되어 있는 자,9300000
7,예산군추모공원,7,공설,무관,봉안당,공원묘지,기타(관리비),,관내,회차3구 관리비예산군,에 계속 3년이상 주민등록이 되어 있는 자,9300000
7,예산군추모공원,7,공설,무관,봉안당,공원묘지,기타(관리비),,관내,단장묘 관리비예산군,"6월이상 3년미만 주민등록이 되어 있는자, 6월이상 등록기준지가 되어 있는자",14070000
7,예산군추모공원,7,공설,무관,봉안당,공원묘지,기타(관리비),,관내,회차1구 관리비예산군,"6월이상 3년미만 주민등록이 되어 있는자, 6월이상 등록기준지가 되어 있는자",23710000
7,예산군추모공원,7,공설,무관,봉안당,공원묘지,기타(관리비),,관내,회차2구 관리비예산군,"6월이상 3년미만 주민등록이 되어 있는자, 6월이상 등록기준지가 되어 있는자",23710000
7,예산군추모공원,7,공설,무관,봉안당,공원묘지,기타(관리비),,,단장묘 관리비예산군 이외 사용자,단장묘 관리비예산군 이외 사용자1,26230000
7,예산군추모공원,7,공설,무관,봉안당,공원묘지,기타(관리비),,,회차1구 관리비예산군,이외 사용자,38310000
7,예산군추모공원,7,공설,무관,봉안당,공원묘지,기타(관리비),,,회차2구 관리비예산군 이외 사용자,1회차2구 관리비예산군 이외 사용자,38310000
8,(재)대지공원묘원,8,사설,무관,"공원묘지, 봉안당",공원묘지,공원묘지,,,석물(형/301형)단장용,1단(화병),90000
8,(재)대지공원묘원,8,사설,무관,"공원묘지, 봉안당",공원묘지,공원묘지,,,석물 단장용,"1단(상석) (형, 301형)",110000
8,(재)대지공원묘원,8,사설,무관,"공원묘지, 봉안당",공원묘지,공원묘지,,,석물(형/503형)단장용,3단(화병),145000
8,(재)대지공원묘원,8,사설,무관,"공원묘지, 봉안당",공원묘지,공원묘지,,,묘지관리비,".3㎡ / 평 / 년, 3.3㎡ / 평 / 년",170000
8,(재)대지공원묘원,8,사설,무관,"공원묘지, 봉안당",공원묘지,공원묘지,,,석물 단장용,"3단(상석), (형), (503형)",284000
8,(재)대지공원묘원,8,사설,무관,"공원묘지, 봉안당",공원묘지,공원묘지,,,석물 단장용,"1단(비석) (형, 301형)",330000
8,(재)대지공원묘원,8,사설,무관,"공원묘지, 봉안당",공원묘지,공원묘지,,,비석비석,301 (750*230*90),490000
8,(재)대지공원묘원,8,사설,무관,"공원묘지, 봉안당",공원묘지,공원묘지,,,상석,"503상석,602상석상석(700*550*150) 502상석,503상석,602상석상석(700*550*150)",580000
8,(재)대지공원묘원,8,사설,무관,"공원묘지, 봉안당",공원묘지,공원묘지,,,비석,"503비석,602,비석비석(600*420*110) 502비석,503비석,602,비석비석(600*420*110)",660000
8,(재)대지공원묘원,8,사설,무관,"공원묘지, 봉안당",공원묘지,공원묘지,,,석물,(형)합장용 3단(상석) (803형)합장용 3단(상석),705000
8,(재)대지공원묘원,8,사설,무관,"공원묘지, 봉안당",공원묘지,공원묘지,,,석물,"(형)단장용 3단(비석), (503형)단장용 3단(비석)",710000
8,(재)대지공원묘원,8,사설,무관,"공원묘지, 봉안당",공원묘지,공원묘지,,,석물,"(형)단장용 1단 (둘레석), (301형)단장용 1단 (둘레석)",792000
8,(재)대지공원묘원,8,사설,무관,"공원묘지, 봉안당",공원묘지,공원묘지,,,석물,(형)합장용 3단(상석) (803형)합장용 3단(상석),839000
8,(재)대지공원묘원,8,사설,무관,"공원묘지, 봉안당",공원묘지,공원묘지,,,비석,102비석비석(750*470*130),900000
8,(재)대지공원묘원,8,사설,무관,"공원묘지, 봉안당",공원묘지,공원묘지,,,묘테둘레석,(1990*850*300)1단 301(1990*850*300)1단,980000
8,(재)대지공원묘원,8,사설,무관,"공원묘지, 봉안당",공원묘지,공원묘지,,,석물 합장용 3단(비석),"(형), (803형)",1082000
8,(재)대지공원묘원,8,사설,무관,"공원묘지, 봉안당",공원묘지,공원묘지,,,상석상석,803 (850*600*150),1100000
8,(재)대지공원묘원,8,사설,무관,"공원묘지, 봉안당",공원묘지,공원묘지,,,상석상석,102 (960*600*200),1200000
8,(재)대지공원묘원,8,사설,무관,"공원묘지, 봉안당",공원묘지,공원묘지,,,석물,(형)합장용 3단(비석) (803형)합장용 3단(비석),1312000
8,(재)대지공원묘원,8,사설,무관,"공원묘지, 봉안당",공원묘지,공원묘지,,,묘테묘테,(2100*1100*430)2단,1600000
8,(재)대지공원묘원,8,사설,무관,"공원묘지, 봉안당",공원묘지,공원묘지,,,묘테묘테,(2100*1100*560)3단,2300000
8,(재)대지공원묘원,8,사설,무관,"공원묘지, 봉안당",공원묘지,공원묘지,,,석물,"(형)단장용 3단 (둘레석), (503형)단장용 3단 (둘레석)",2337000
8,(재)대지공원묘원,8,사설,무관,"공원묘지, 봉안당",공원묘지,공원묘지,,,갓비갓비석,4자,2500000
8,(재)대지공원묘원,8,사설,무관,"공원묘지, 봉안당",공원묘지,공원묘지,,,석물합장용,"3단, (둘레석), (형), (602형)",2546000
8,(재)대지공원묘원,8,사설,무관,"공원묘지, 봉안당",공원묘지,공원묘지,,,석물 합장용,"(형) 3단(둘레석), (803형) 3단(둘레석)",2554000
8,(재)대지공원묘원,8,사설,무관,"공원묘지, 봉안당",공원묘지,공원묘지,,,묘테묘테,(2100*1400*560)3단,2600000
8,(재)대지공원묘원,8,사설,무관,"공원묘지, 봉안당",공원묘지,공원묘지,,,묘테묘테,(2100*1400*560)3단,2600000
8,(재)대지공원묘원,8,사설,무관,"공원묘지, 봉안당",공원묘지,공원묘지,,,석물합장용,"3단, (둘레석), (형), (602형)",2784000
8,(재)대지공원묘원,8,사설,무관,"공원묘지, 봉안당",공원묘지,공원묘지,,,묘테묘테,(2220*1440*600)3단,2900000
8,(재)대지공원묘원,8,사설,무관,"공원묘지, 봉안당",공원묘지,공원묘지,,,묘지사용료,".3㎡ / 평, 3.3㎡ / 평",12000000
8,(재)대지공원묘원,8,사설,무관,"공원묘지, 봉안당",공원묘지,봉안당,,,대지 납골 2기,"위, 2위",3000000
8,(재)대지공원묘원,8,사설,무관,"공원묘지, 봉안당",공원묘지,봉안당,,,대지납골4기,"대지위납골4기, 대지4위납골4기",5000000
8,(재)대지공원묘원,8,사설,무관,"공원묘지, 봉안당",공원묘지,봉안당,,,대지위납골10기,대지10위납골10기,6000000
8,(재)대지공원묘원,8,사설,무관,"공원묘지, 봉안당",공원묘지,봉안당,,,대지위납골,대지위납골12기 대지12위납골12기,10000000
8,(재)대지공원묘원,8,사설,무관,"공원묘지, 봉안당",공원묘지,봉안당,,,대지위납골16기,대지16위납골16기,11000000
8,(재)대지공원묘원,8,사설,무관,"공원묘지, 봉안당",공원묘지,봉안당,,,대지위납골24기,대지24위납골24기,13000000
9,재단법인선산공원묘원,9,사설,,"공원묘지, 봉안당, 수목장","공원묘지, 봉안당",공원묘지,,,묘지관리비평당 관리비(년납),,130000
9,재단법인선산공원묘원,9,사설,,"공원묘지, 봉안당, 수목장","공원묘지, 봉안당",공원묘지,,,석물비해미석,"(Kg), (1Kg)",350000
9,재단법인선산공원묘원,9,사설,,"공원묘지, 봉안당, 수목장","공원묘지, 봉안당",공원묘지,,,석물비경계석,"(M,영주석,무광), (1M,영주석,무광)",750000
9,재단법인선산공원묘원,9,사설,,"공원묘지, 봉안당, 수목장","공원묘지, 봉안당",공원묘지,,,석물비각자비 기본,추가시 별도,800000
9,재단법인선산공원묘원,9,사설,,"공원묘지, 봉안당, 수목장","공원묘지, 봉안당",공원묘지,,,석물비화병,"고급형,수연마",1000000
9,재단법인선산공원묘원,9,사설,,"공원묘지, 봉안당, 수목장","공원묘지, 봉안당",공원묘지,,,석물비와비,"中,45cm,오석,대석포함",5000000
9,재단법인선산공원묘원,9,사설,,"공원묘지, 봉안당, 수목장","공원묘지, 봉안당",공원묘지,,,석물비비석,"cm,오석,수연마",6000000
9,재단법인선산공원묘원,9,사설,,"공원묘지, 봉안당, 수목장","공원묘지, 봉안당",공원묘지,,,석물비와비,"大,60cm,대석포함,오석",7000000
9,재단법인선산공원묘원,9,사설,,"공원묘지, 봉안당, 수목장","공원묘지, 봉안당",공원묘지,,,묘지관리비평당 관리비,"(영구납)년납 기준, (영구납)60년납 기준",7800000
9,재단법인선산공원묘원,9,사설,,"공원묘지, 봉안당, 수목장","공원묘지, 봉안당",공원묘지,,,석물비기본형set,"(비석,상석,향로석,화병1)",10000000
9,재단법인선산공원묘원,9,사설,,"공원묘지, 봉안당, 수목장","공원묘지, 봉안당",공원묘지,,,석물비상석,"cm,영주석,수연마,고급향로석",10000000
9,재단법인선산공원묘원,9,사설,,"공원묘지, 봉안당, 수목장","공원묘지, 봉안당",공원묘지,,,석물비C형둘레석,"영주석,수연마",13000000
9,재단법인선산공원묘원,9,사설,,"공원묘지, 봉안당, 수목장","공원묘지, 봉안당",공원묘지,,,묘지사용료,영구사용계약,15000000
9,재단법인선산공원묘원,9,사설,,"공원묘지, 봉안당, 수목장","공원묘지, 봉안당",공원묘지,,,석물비B형둘레석,영주석수연마,15000000
9,재단법인선산공원묘원,9,사설,,"공원묘지, 봉안당, 수목장","공원묘지, 봉안당",공원묘지,,,석물비석등,"치등롱쌍,영주석,수연마",15000000
9,재단법인선산공원묘원,9,사설,,"공원묘지, 봉안당, 수목장","공원묘지, 봉안당",공원묘지,,,석물비A형둘레석,"단분형, 수연마, 영주석, 영주석수연마",23000000
9,재단법인선산공원묘원,9,사설,,"공원묘지, 봉안당, 수목장","공원묘지, 봉안당",공원묘지,,,묘지사용료,묘지사용료영구사용계약(전체묘역의 10%),25000000
9,재단법인선산공원묘원,9,사설,,"공원묘지, 봉안당, 수목장","공원묘지, 봉안당",공원묘지,,,석물비A형둘레석,"(영주석수연마,합장형)",25000000
9,재단법인선산공원묘원,9,사설,,"공원묘지, 봉안당, 수목장","공원묘지, 봉안당",공원묘지,,,묘지사용료영구사용계약,"(전체묘역의 %), (전체묘역의 10%)",30000000
9,재단법인선산공원묘원,9,사설,,"공원묘지, 봉안당, 수목장","공원묘지, 봉안당",공원묘지,,,묘지사용료영구사용계약,전체묘역의 % 1,50000000
9,재단법인선산공원묘원,9,사설,,"공원묘지, 봉안당, 수목장","공원묘지, 봉안당",봉안당,개인단,,납골묘 장례비안치식,"위기준, 1위기준",3000000
9,재단법인선산공원묘원,9,사설,,"공원묘지, 봉안당, 수목장","공원묘지, 봉안당",봉안당,,,선산납골당 사용료무연고,"년, 10년",3000000
9,재단법인선산공원묘원,9,사설,,"공원묘지, 봉안당, 수목장","공원묘지, 봉안당",봉안당,개인단,,납골묘 장례비매장식,(위기준) (1위기준),4300000
9,재단법인선산공원묘원,9,사설,,"공원묘지, 봉안당, 수목장","공원묘지, 봉안당",봉안당,개인단,,납골묘,설치공사비위용 설치공사비 설치공사비1위용,9500000
9,재단법인선산공원묘원,9,사설,,"공원묘지, 봉안당, 수목장","공원묘지, 봉안당",봉안당,,,선산납골당 사용료유연고,"/30년, /년",10000000
9,재단법인선산공원묘원,9,사설,,"공원묘지, 봉안당, 수목장","공원묘지, 봉안당",봉안당,개인단,,석물비위용 납골묘,1위용 납골묘,10900000
9,재단법인선산공원묘원,9,사설,,"공원묘지, 봉안당, 수목장","공원묘지, 봉안당",봉안당,,,분묘설치비평묘,합장시 추가부담,13000000
9,재단법인선산공원묘원,9,사설,,"공원묘지, 봉안당, 수목장","공원묘지, 봉안당",봉안당,,,납골묘,설치공사비위용 설치공사비1위용,13400000
9,재단법인선산공원묘원,9,사설,,"공원묘지, 봉안당, 수목장","공원묘지, 봉안당",봉안당,,,분묘설치비,"3평묘, 평묘 (합장시 추가부담)",15000000
9,재단법인선산공원묘원,9,사설,,"공원묘지, 봉안당, 수목장","공원묘지, 봉안당",봉안당,,,분묘설치비평묘,(합장시 추가부담),17000000
9,재단법인선산공원묘원,9,사설,,"공원묘지, 봉안당, 수목장","공원묘지, 봉안당",봉안당,,,석물비위용 납골묘,석물비2위용 ,20400000
9,재단법인선산공원묘원,9,사설,,"공원묘지, 봉안당, 수목장","공원묘지, 봉안당",수목장,개인단,,자연장 장례비산골장,(위기준)1 (1위기준)1,6000000
9,재단법인선산공원묘원,9,사설,,"공원묘지, 봉안당, 수목장","공원묘지, 봉안당",수목장,개인단,,자연장 장례비잔디장,(위기준) (1위기준),10000000
9,재단법인선산공원묘원,9,사설,,"공원묘지, 봉안당, 수목장","공원묘지, 봉안당",수목장,개인단,,자연장 장례비화초장,(위기준 연산홍 10주포함),12000000
10,재단법인 솥발산공원묘원,10,사설,,"공원묘지, 봉안당",공원묘지,공원묘지,,,묘지공동관리비,.3㎡ 년간공동관리비1 3.3㎡ 년간공동관리비1,200000
10,재단법인 솥발산공원묘원,10,사설,,"공원묘지, 봉안당",공원묘지,공원묘지,,,상석 고흥석 A급,".5尺 (부가세 별도), 2.5尺 (부가세 별도)",300000
10,재단법인 솥발산공원묘원,10,사설,,"공원묘지, 봉안당",공원묘지,공원묘지,,,"혼유북석,받침 set3.0 상석 부속석물",(부가세 별도),300000
10,재단법인 솥발산공원묘원,10,사설,,"공원묘지, 봉안당",공원묘지,공원묘지,,,비석석각인비,(.5~3.5자)고인기준(4자 비석 이상 글자수에 따라 견적)기본 각인(부가세 별도) (2.5~3.5자)고인기준(4자 비석 이상 글자수에 따라 견적)기본 각인(부가세 별도),300000
10,재단법인 솥발산공원묘원,10,사설,,"공원묘지, 봉안당",공원묘지,공원묘지,,,오비석(중국산),".5尺, 2.5尺, (부가세 별도), 각자비 별도",500000
10,재단법인 솥발산공원묘원,10,사설,,"공원묘지, 봉안당",공원묘지,공원묘지,,,묘지사초작업기본금액,"평수 및 봉분크기, 작업난이도에 따라 상이",600000
10,재단법인 솥발산공원묘원,10,사설,,"공원묘지, 봉안당",공원묘지,공원묘지,,,상석 고흥석 A급,".0尺, 3.0尺 (부가세 별도)",800000
10,재단법인 솥발산공원묘원,10,사설,,"공원묘지, 봉안당",공원묘지,공원묘지,,,오비석(중국산),"尺, 3尺 (부가세 별도), 각자비 별도",900000
10,재단법인 솥발산공원묘원,10,사설,,"공원묘지, 봉안당",공원묘지,공원묘지,,,상석 애석(영주석),".0尺 (부가세 별도), 3.0尺 (부가세 별도)",950000
10,재단법인 솥발산공원묘원,10,사설,,"공원묘지, 봉안당",공원묘지,공원묘지,,,오비석(중국산),".5尺 (부가세 별도), 각자비 별도 / 2.5尺 (부가세 별도), 각자비 별도",1300000
10,재단법인 솥발산공원묘원,10,사설,,"공원묘지, 봉안당",공원묘지,공원묘지,,,매장작업비(기),"기본작업비(인건비,봉분설치 외), 작업난이도(일수)에 따라 추가징수",1500000
10,재단법인 솥발산공원묘원,10,사설,,"공원묘지, 봉안당",공원묘지,공원묘지,,,장례(매장 외)장비대 및 부대비용,장례형태평수에 따라 상이부가세 별도,1500000
10,재단법인 솥발산공원묘원,10,사설,,"공원묘지, 봉안당",공원묘지,공원묘지,,,상석 오석(중국산),".0尺, 3.0尺 (부가세 별도)",1650000
10,재단법인 솥발산공원묘원,10,사설,,"공원묘지, 봉안당",공원묘지,공원묘지,,,오비석(중국산),"尺, 3尺, (부가세 별도), 각자비 별도",1900000
10,재단법인 솥발산공원묘원,10,사설,,"공원묘지, 봉안당",공원묘지,공원묘지,개인단,,평장 개인형 set,"개인형 부속석물일체, 작업비",2900000
10,재단법인 솥발산공원묘원,10,사설,,"공원묘지, 봉안당",공원묘지,공원묘지,,,묘지 사각둘레석,(전남 고흥석 A급) 단/2단 / 1.5평~2.5평 설치규격(부가세 별도),3100000
10,재단법인 솥발산공원묘원,10,사설,,"공원묘지, 봉안당",공원묘지,공원묘지,,,묘지 사각둘레석,(전남 고흥석 A급)단 / 3평 이상 설치규격(부가세 별도) (전남 고흥석 A급)3단 / 3평 이상 설치규격(부가세 별도),3500000
10,재단법인 솥발산공원묘원,10,사설,,"공원묘지, 봉안당",공원묘지,공원묘지,,,평장 합장형 set,"합장형 부속석물일체, 작업비, 각자비(부가세포함)",3850000
10,재단법인 솥발산공원묘원,10,사설,,"공원묘지, 봉안당",공원묘지,공원묘지,,,기본석물비,".5평형(매장), 1.5평형(매장), 묘지둘레석, 비석, 상석 외 기본석물 (부가세 별도)",4250000
10,재단법인 솥발산공원묘원,10,사설,,"공원묘지, 봉안당",공원묘지,공원묘지,,,.5평형(매장) 기본석물비,"묘지둘레석, 비석, 상석 외 기본석물 (부가세 별도)",4500000
10,재단법인 솥발산공원묘원,10,사설,,"공원묘지, 봉안당",공원묘지,공원묘지,,,기본석물비,".5평형(매장), 1.5평형(매장). 묘지둘레석, 비석, 상석 외 기본석물 (부가세 별도)",5500000
10,재단법인 솥발산공원묘원,10,사설,,"공원묘지, 봉안당",공원묘지,공원묘지,,,개장정리비,묘지형태에 따라 상이(~70),7000000
10,재단법인 솥발산공원묘원,10,사설,,"공원묘지, 봉안당",공원묘지,공원묘지,,,묘지 사각둘레석,"(전남 고흥석 A급)단 3면 무궁화 조각(최고급형, 부가세 별도)",11000000
10,재단법인 솥발산공원묘원,10,사설,,"공원묘지, 봉안당",공원묘지,공원묘지,,,묘지임대사용료,.3㎡ 3.3㎡,14000000
10,재단법인 솥발산공원묘원,10,사설,,"공원묘지, 봉안당",공원묘지,공원묘지,,,장례작업비(인건비)기본매장 작업비용,"※경계석 설치,평탄작업 등 작업난이도(일수)에 따라 추가징수",15000000
10,재단법인 솥발산공원묘원,10,사설,,"공원묘지, 봉안당",공원묘지,봉안당,,,봉안료추가 봉안료,비석각인비(부가세 별도),500000
10,재단법인 솥발산공원묘원,10,사설,,"공원묘지, 봉안당",공원묘지,봉안당,,,장례작업비(인건비)매장 외 작업비용(평장 봉안묘),기본 ※작업 난이도에 따라 작업비 추가 징수,5000000
10,재단법인 솥발산공원묘원,10,사설,,"공원묘지, 봉안당",공원묘지,봉안당,가족단,,호(6기형)가족봉안묘,"석물설치비용봉안묘,비석,상석,향로,꽃병set",12150000
10,재단법인 솥발산공원묘원,10,사설,,"공원묘지, 봉안당",공원묘지,봉안당,가족단,,호(16기형)가족봉안묘,"석물설치비용봉안묘,비석,상석,향로,꽃병set (부가세별도)",20200000
10,재단법인 솥발산공원묘원,10,사설,,"공원묘지, 봉안당",공원묘지,봉안당,가족단,,호(20기형)가족봉안묘 석물설치비용,"봉안묘,비석,상석,향로,꽃병set (부가세별도)",24300000
10,재단법인 솥발산공원묘원,10,사설,,"공원묘지, 봉안당",공원묘지,봉안당,가족단,,호(24기형)가족봉안묘,"석물설치비용봉안묘,비석,상석,향로,꽃병set (부가세별도)",35600000
11,재단법인 로엠(묘지),11,사설,,"공원묘지, 봉안당",공원묘지,공원묘지,개인단,,갈비탕,1인,10000
11,재단법인 로엠(묘지),11,사설,,"공원묘지, 봉안당",공원묘지,공원묘지,,,비석각자비(大),글자당,14000
11,재단법인 로엠(묘지),11,사설,,"공원묘지, 봉안당",공원묘지,공원묘지,,,각자공임비(와비),건 1건,66000
11,재단법인 로엠(묘지),11,사설,,"공원묘지, 봉안당",공원묘지,공원묘지,,,비석각자비,"(마크무늬)1개당, (마크,무늬)1개당",66000
11,재단법인 로엠(묘지),11,사설,,"공원묘지, 봉안당",공원묘지,공원묘지,,,석물경보수,"건, 1건",88000
11,재단법인 로엠(묘지),11,사설,,"공원묘지, 봉안당",공원묘지,공원묘지,,,천막설치비,1개,150000
11,재단법인 로엠(묘지),11,사설,,"공원묘지, 봉안당",공원묘지,공원묘지,,,석물준중보수,1건,220000
11,재단법인 로엠(묘지),11,사설,,"공원묘지, 봉안당",공원묘지,공원묘지,,,개장석물폐기,"건, 1건",490000
11,재단법인 로엠(묘지),11,사설,,"공원묘지, 봉안당",공원묘지,공원묘지,,,석물해체및조립,건 1건,880000
11,재단법인 로엠(묘지),11,사설,,"공원묘지, 봉안당",공원묘지,공원묘지,,,안장작업비(매장묘),"건, 1건",1500000
11,재단법인 로엠(묘지),11,사설,,"공원묘지, 봉안당",공원묘지,공원묘지,,,개장작업비,(단장묘) 1건,1880000
11,재단법인 로엠(묘지),11,사설,,"공원묘지, 봉안당",공원묘지,공원묘지,,,개장작업비(합장묘),건 1건,2300000
11,재단법인 로엠(묘지),11,사설,,"공원묘지, 봉안당",공원묘지,공원묘지,,,묘지사용료,1㎡,3329000
11,재단법인 로엠(묘지),11,사설,,"공원묘지, 봉안당",공원묘지,봉안당,,,안장작업비,(봉안묘)1건,250000
11,재단법인 로엠(묘지),11,사설,,"공원묘지, 봉안당",공원묘지,기타(관리비),,,연간관리비,㎡당,70000
11,재단법인 로엠(묘지),11,사설,,"공원묘지, 봉안당",공원묘지,기타(관리비),,,"평안단일반형1세트, 평안1단일반형1세트",(사용료및관리비 별도),4300000
11,재단법인 로엠(묘지),11,사설,,"공원묘지, 봉안당",공원묘지,기타(관리비),,,평안단일반형1세트,사용료및관리비 별도,5600000
11,재단법인 로엠(묘지),11,사설,,"공원묘지, 봉안당",공원묘지,기타(관리비),,,"평안단고급형1세트, 평안3단고급형1세트",사용료및관리비 별도,6400000
11,재단법인 로엠(묘지),11,사설,,"공원묘지, 봉안당",공원묘지,기타(관리비),,,공작단일반형1세트,사용료및관리비 별도,6500000
11,재단법인 로엠(묘지),11,사설,,"공원묘지, 봉안당",공원묘지,기타(관리비),,,공작단일반형1세트,사용료및관리비 별도,7300000
11,재단법인 로엠(묘지),11,사설,,"공원묘지, 봉안당",공원묘지,기타(관리비),,,공작단일반형1세트,사용료및관리비 별도,8300000
11,재단법인 로엠(묘지),11,사설,,"공원묘지, 봉안당",공원묘지,기타(관리비),,,"공작단고급형1세트, 공작2단고급형1세트",(사용료및관리비 별도),9000000
11,재단법인 로엠(묘지),11,사설,,"공원묘지, 봉안당",공원묘지,기타(관리비),,,공작단고급형1세트,사용료및관리비 별도,10400000
12,(재)화산추모공원(묘지),12,공설,,"봉안당, 공원묘지","봉안당, 공원묘지, 수목장",공원묘지,,,단장묘,"평형, 6평형, 매장비19.8㎡, 1",4500000
12,(재)화산추모공원(묘지),12,공설,,"봉안당, 공원묘지","봉안당, 공원묘지, 수목장",공원묘지,,,합장묘(평형) ,(9평형) 매장비,7500000
12,(재)화산추모공원(묘지),12,공설,,"봉안당, 공원묘지","봉안당, 공원묘지, 수목장",공원묘지,,,합장묘(평형) ,(9평형) 관리비,26000000
12,(재)화산추모공원(묘지),12,공설,,"봉안당, 공원묘지","봉안당, 공원묘지, 수목장",공원묘지,,,합장묘(평형) 사용료29.7㎡,(9평형) 사용료,79000000
12,(재)화산추모공원(묘지),12,공설,,"봉안당, 공원묘지","봉안당, 공원묘지, 수목장",공원묘지,,,봉분단장묘,(평형) 석물1200x2200x550,0
12,(재)화산추모공원(묘지),12,공설,,"봉안당, 공원묘지","봉안당, 공원묘지, 수목장",공원묘지,,,봉분합장묘,"평형, 9평형, 석물1600x2200x550",0
12,(재)화산추모공원(묘지),12,공설,,"봉안당, 공원묘지","봉안당, 공원묘지, 수목장",공원묘지,,,석물합장묘,"(평형) 석물1550x2200x1140, (9평형) 석물1550x2200x1140",0
12,(재)화산추모공원(묘지),12,공설,,"봉안당, 공원묘지","봉안당, 공원묘지, 수목장",봉안당,,,봉안비최초,봉안 및 이장봉안시 무료,220000
12,(재)화산추모공원(묘지),12,공설,,"봉안당, 공원묘지","봉안당, 공원묘지, 수목장",봉안당,,,봉안묘,기(4.5평형)봉안비14.8㎡1 12기(4.5평형)봉안비14.8㎡1,2500000
12,(재)화산추모공원(묘지),12,공설,,"봉안당, 공원묘지","봉안당, 공원묘지, 수목장",봉안당,,,봉안묘기,(6평형)봉안비19.8㎡ 봉안묘24기(6평형)봉안비19.8㎡,2500000
12,(재)화산추모공원(묘지),12,공설,,"봉안당, 공원묘지","봉안당, 공원묘지, 수목장",봉안당,,,봉안묘기,(9평형)봉안비29.7㎡1,2500000
12,(재)화산추모공원(묘지),12,공설,,"봉안당, 공원묘지","봉안당, 공원묘지, 수목장",봉안당,,,봉안묘,기(15평형)봉안비49.5㎡ 60기(15평형)봉안비49.5㎡,2500000
12,(재)화산추모공원(묘지),12,공설,,"봉안당, 공원묘지","봉안당, 공원묘지, 수목장",봉안당,,,봉안묘기,3평형 관리비9.9㎡ 봉안묘6기(3평형) 관리비9.9㎡,8600000
12,(재)화산추모공원(묘지),12,공설,,"봉안당, 공원묘지","봉안당, 공원묘지, 수목장",봉안당,,,봉안묘기,(4.5평형)관리비14.8㎡ 봉안묘12기(4.5평형)관리비14.8㎡,13000000
12,(재)화산추모공원(묘지),12,공설,,"봉안당, 공원묘지","봉안당, 공원묘지, 수목장",봉안당,,,봉안묘,"기(6평형)관리비19.8㎡, 24기(6평형)관리비19.8㎡",17300000
12,(재)화산추모공원(묘지),12,공설,,"봉안당, 공원묘지","봉안당, 공원묘지, 수목장",봉안당,,,봉안묘기,(9평형)관리비29.7㎡1,26000000
12,(재)화산추모공원(묘지),12,공설,,"봉안당, 공원묘지","봉안당, 공원묘지, 수목장",봉안당,,,봉안묘,"기, 6기 (3평형) 사용료 9.9㎡ 1",26300000
12,(재)화산추모공원(묘지),12,공설,,"봉안당, 공원묘지","봉안당, 공원묘지, 수목장",봉안당,,,"봉안묘기, 봉안묘12기",(4.5평형) 사용료 14.8㎡,39500000
12,(재)화산추모공원(묘지),12,공설,,"봉안당, 공원묘지","봉안당, 공원묘지, 수목장",봉안당,,,봉안묘기,(15평형)관리비49.5㎡1,43400000
12,(재)화산추모공원(묘지),12,공설,,"봉안당, 공원묘지","봉안당, 공원묘지, 수목장",봉안당,,,단장묘,(평형) 사용료19.8㎡ (6평형) 사용료19.8㎡,52700000
12,(재)화산추모공원(묘지),12,공설,,"봉안당, 공원묘지","봉안당, 공원묘지, 수목장",봉안당,,,봉안묘,"기, 24기, (6평형), 사용료, 19.8㎡, 1",52700000
12,(재)화산추모공원(묘지),12,공설,,"봉안당, 공원묘지","봉안당, 공원묘지, 수목장",봉안당,,,봉안묘,36기 (9평형) 사용료 29.7㎡,79000000
12,(재)화산추모공원(묘지),12,공설,,"봉안당, 공원묘지","봉안당, 공원묘지, 수목장",봉안당,,,봉안묘기,(15평형)사용료49.5㎡,131800000
12,(재)화산추모공원(묘지),12,공설,,"봉안당, 공원묘지","봉안당, 공원묘지, 수목장",봉안당,,,봉안묘기(3평형),석물900x900x980,0
12,(재)화산추모공원(묘지),12,공설,,"봉안당, 공원묘지","봉안당, 공원묘지, 수목장",봉안당,,,봉안묘기,(4.5평형)석물1200x1300x1055,0
12,(재)화산추모공원(묘지),12,공설,,"봉안당, 공원묘지","봉안당, 공원묘지, 수목장",봉안당,,,석물단장묘,(평형) 석물1200x2050x1070 (6평형) 석물1200x2050x1070,0
12,(재)화산추모공원(묘지),12,공설,,"봉안당, 공원묘지","봉안당, 공원묘지, 수목장",봉안당,,,봉안묘기,(6평형)석물1200x2020x1055,0
12,(재)화산추모공원(묘지),12,공설,,"봉안당, 공원묘지","봉안당, 공원묘지, 수목장",봉안당,,,봉안묘,기(9평형)석물1600x2130x1125,0
12,(재)화산추모공원(묘지),12,공설,,"봉안당, 공원묘지","봉안당, 공원묘지, 수목장",봉안당,,,"봉안묘기, 봉안묘60기",(15평형)석물2400x2000x1300,2400
12,(재)화산추모공원(묘지),12,공설,,"봉안당, 공원묘지","봉안당, 공원묘지, 수목장",기타(관리비),,,단장묘,(평형)/(6평형) 관리비19.8㎡,17300000
13,(재)서울공원묘원,13,사설,무관,공원묘지,"봉안당, 공원묘지",정보없음,,정보없음,정보없음,자동 추출 실패 (푸터 텍스트),
14,(재)자하연 일산(묘지),14,사설,,"봉안당, 수목장",공원묘지,봉안당,,,"매장묘, 봉안묘",1년 관리비(평당),270000
14,(재)자하연 일산(묘지),14,사설,,"봉안당, 수목장",공원묘지,봉안당,,,매장묘 봉안묘사용료,(평당),19500000
14,(재)자하연 일산(묘지),14,사설,,"봉안당, 수목장",공원묘지,봉안당,개인단,,봉안담 개인단(단)사용료,5년관리비,20000000
14,(재)자하연 일산(묘지),14,사설,,"봉안당, 수목장",공원묘지,봉안당,개인단,,봉안담 개인단(단)사용료,5년관리비,25000000
14,(재)자하연 일산(묘지),14,사설,,"봉안당, 수목장",공원묘지,봉안당,부부단,,봉안담 부부단(단),사용료(5년관리비),30000000
14,(재)자하연 일산(묘지),14,사설,,"봉안당, 수목장",공원묘지,봉안당,개인단,,봉안담 개인단(단)사용료,5년관리비,40000000
14,(재)자하연 일산(묘지),14,사설,,"봉안당, 수목장",공원묘지,봉안당,개인단,,봉안담 개인단(단)사용료,5년관리비,40000000
14,(재)자하연 일산(묘지),14,사설,,"봉안당, 수목장",공원묘지,봉안당,부부단,,봉안담 부부단(단),사용료(5년관리비),40000000
14,(재)자하연 일산(묘지),14,사설,,"봉안당, 수목장",공원묘지,봉안당,개인단,,봉안담 개인단(단)사용료,5년관리비,45000000
14,(재)자하연 일산(묘지),14,사설,,"봉안당, 수목장",공원묘지,봉안당,개인단,,봉안담 개인단(단)사용료,5년관리비,45000000
14,(재)자하연 일산(묘지),14,사설,,"봉안당, 수목장",공원묘지,봉안당,부부단,,봉안담 부부단(단),사용료(5년관리비),55000000
14,(재)자하연 일산(묘지),14,사설,,"봉안당, 수목장",공원묘지,봉안당,부부단,,봉안담 부부단(단),사용료(5년관리비),55000000
14,(재)자하연 일산(묘지),14,사설,,"봉안당, 수목장",공원묘지,봉안당,부부단,,봉안담 부부단(단),사용료(5년관리비),70000000
14,(재)자하연 일산(묘지),14,사설,,"봉안당, 수목장",공원묘지,봉안당,부부단,,봉안담 부부단(단),사용료(5년관리비),70000000
14,(재)자하연 일산(묘지),14,사설,,"봉안당, 수목장",공원묘지,봉안당,,,봉안 탑형사용료,"1기, 2기 (5년관리비)",175000000
14,(재)자하연 일산(묘지),14,사설,,"봉안당, 수목장",공원묘지,봉안당,,,봉안 탑형사용료,"기 (5년관리비)1, 2기 (5년관리비)1",195000000
14,(재)자하연 일산(묘지),14,사설,,"봉안당, 수목장",공원묘지,봉안당,,,봉안 탑형사용료,기 (5년관리비)1,195000000
14,(재)자하연 일산(묘지),14,사설,,"봉안당, 수목장",공원묘지,봉안당,,,봉안 탑형사용료,"기 (5년관리비)1, 2기 (5년관리비)1",215000000
14,(재)자하연 일산(묘지),14,사설,,"봉안당, 수목장",공원묘지,봉안당,,,봉안위사용료,5년관리비,325000000
14,(재)자하연 일산(묘지),14,사설,,"봉안당, 수목장",공원묘지,봉안당,,,봉안위사용료,5년관리비,355000000
14,(재)자하연 일산(묘지),14,사설,,"봉안당, 수목장",공원묘지,봉안당,,,봉안위사용료,5년관리비,390000000
14,(재)자하연 일산(묘지),14,사설,,"봉안당, 수목장",공원묘지,수목장,,,평장 기 자연장사용료,5년관리비,145000000
14,(재)자하연 일산(묘지),14,사설,,"봉안당, 수목장",공원묘지,수목장,,,평장 자연장,기 (동향)사용료(5년관리비)1,180000000
14,(재)자하연 일산(묘지),14,사설,,"봉안당, 수목장",공원묘지,수목장,,,평장 자연장 (서향),기 사용료 1,190000000
14,(재)자하연 일산(묘지),14,사설,,"봉안당, 수목장",공원묘지,수목장,,,봉안위(자연장)사용료,5년관리비,240000000
14,(재)자하연 일산(묘지),14,사설,,"봉안당, 수목장",공원묘지,수목장,,,평장 기 자연장 (북향),사용료(5년관리비)1,245000000
14,(재)자하연 일산(묘지),14,사설,,"봉안당, 수목장",공원묘지,수목장,,,평장 기 자연장 (남향),사용료(5년관리비),265000000
14,(재)자하연 일산(묘지),14,사설,,"봉안당, 수목장",공원묘지,수목장,,,봉안위(자연장)사용료,5년관리비 1,300000000
15,(재)이화공원묘원,15,사설,무관,공원묘지,공원묘지,공원묘지,,,돌화병,"조(2개), 1조(2개)",140000
15,(재)이화공원묘원,15,사설,무관,공원묘지,공원묘지,공원묘지,,,천주교상석(오석),2,210000
15,(재)이화공원묘원,15,사설,무관,공원묘지,공원묘지,공원묘지,,,개장정리비,기당 1기당,300000
15,(재)이화공원묘원,15,사설,무관,공원묘지,공원묘지,공원묘지,,,묘지보수비사각,묘지보수비사각,300000
15,(재)이화공원묘원,15,사설,무관,공원묘지,공원묘지,공원묘지,,,비석석각인비,비석석각인비,300000
15,(재)이화공원묘원,15,사설,무관,공원묘지,공원묘지,공원묘지,,,묘지보수비원형,묘지보수비원형,350000
15,(재)이화공원묘원,15,사설,무관,공원묘지,공원묘지,공원묘지,,,북석세트,북석1세트,400000
15,(재)이화공원묘원,15,사설,무관,공원묘지,공원묘지,공원묘지,,,원형둘레석공통,,720000
15,(재)이화공원묘원,15,사설,무관,공원묘지,공원묘지,공원묘지,,,사각둘레석,"단, 2단",840000
15,(재)이화공원묘원,15,사설,무관,공원묘지,공원묘지,공원묘지,,,사각둘레석,"단, 2단",960000
15,(재)이화공원묘원,15,사설,무관,공원묘지,공원묘지,공원묘지,,,시설물향로석셋트,,1100000
15,(재)이화공원묘원,15,사설,무관,공원묘지,공원묘지,공원묘지,,,신부좌대,1300,1300000
15,(재)이화공원묘원,15,사설,무관,공원묘지,공원묘지,공원묘지,,,망두석,,1330000
15,(재)이화공원묘원,15,사설,무관,공원묘지,공원묘지,공원묘지,,,석관,,1400000
15,(재)이화공원묘원,15,사설,무관,공원묘지,공원묘지,공원묘지,,,매장용역비,"기당, 1기당",1440000
15,(재)이화공원묘원,15,사설,무관,공원묘지,공원묘지,공원묘지,,,신부와비,,1480000
15,(재)이화공원묘원,15,사설,무관,공원묘지,공원묘지,공원묘지,,,상석,"고흥석, 2",5230000
15,(재)이화공원묘원,15,사설,무관,공원묘지,공원묘지,공원묘지,,,표석(고흥석),2,5230000
15,(재)이화공원묘원,15,사설,무관,공원묘지,공원묘지,공원묘지,,,표석(오석),2,5260000
15,(재)이화공원묘원,15,사설,무관,공원묘지,공원묘지,공원묘지,,,천주교상석(오석),2,5570000
15,(재)이화공원묘원,15,사설,무관,공원묘지,공원묘지,공원묘지,,,표석와비(오석),2,5590000
15,(재)이화공원묘원,15,사설,무관,공원묘지,공원묘지,공원묘지,,,묘지사용료평당,묘지사용료평당1,7000000
15,(재)이화공원묘원,15,사설,무관,공원묘지,공원묘지,공원묘지,,,천주교상석(오석),2,7960000
15,(재)이화공원묘원,15,사설,무관,공원묘지,공원묘지,기타(관리비),,,관리비평당/1년,"년, 15년",120000
16,김해공원묘원,16,사설,무관,"공원묘지, 봉안당",공원묘지,공원묘지,,,꽃병(소),,60000
16,김해공원묘원,16,사설,무관,"공원묘지, 봉안당",공원묘지,공원묘지,,,향로(소),,70000
16,김해공원묘원,16,사설,무관,"공원묘지, 봉안당",공원묘지,공원묘지,,,향로(대),향로(대)향로(대) 향로(대)향로(대),110000
16,김해공원묘원,16,사설,무관,"공원묘지, 봉안당",공원묘지,공원묘지,,,꽃병(대)병(대),,120000
16,김해공원묘원,16,사설,무관,"공원묘지, 봉안당",공원묘지,공원묘지,,,묘지관리비평형,1년기준,160000
16,김해공원묘원,16,사설,무관,"공원묘지, 봉안당",공원묘지,공원묘지,,,상석(소)상석(소) 상석(소)상석(소),,600000
16,김해공원묘원,16,사설,무관,"공원묘지, 봉안당",공원묘지,공원묘지,,,비석(소),,600000
16,김해공원묘원,16,사설,무관,"공원묘지, 봉안당",공원묘지,공원묘지,,,상석(중),,700000
16,김해공원묘원,16,사설,무관,"공원묘지, 봉안당",공원묘지,공원묘지,,,비석(중),,700000
16,김해공원묘원,16,사설,무관,"공원묘지, 봉안당",공원묘지,공원묘지,,,상석(대),상석(대)상석(대) 상석(대)상석(대),800000
16,김해공원묘원,16,사설,무관,"공원묘지, 봉안당",공원묘지,공원묘지,,,비석(대),,800000
16,김해공원묘원,16,사설,무관,"공원묘지, 봉안당",공원묘지,공원묘지,,,오비석,(.5자)(2.5자) (2.5자)(2.5자),900000
16,김해공원묘원,16,사설,무관,"공원묘지, 봉안당",공원묘지,공원묘지,,,오비석,(자)(3자) (3자)(3자),1000000
16,김해공원묘원,16,사설,무관,"공원묘지, 봉안당",공원묘지,공원묘지,,,민짜둘레석,민짜둘레석민짜둘레석 민짜둘레석민짜둘레석,1600000
16,김해공원묘원,16,사설,무관,"공원묘지, 봉안당",공원묘지,공원묘지,,,흑민짜둘레석흑민짜둘레석,흑민짜둘레석흑민짜둘레석,1800000
16,김해공원묘원,16,사설,무관,"공원묘지, 봉안당",공원묘지,공원묘지,,,흑단둘레석(중),흑3단둘레석(중),2800000
16,김해공원묘원,16,사설,무관,"공원묘지, 봉안당",공원묘지,공원묘지,,,흑3단둘레석(대),흑단둘레석(대),2900000
16,김해공원묘원,16,사설,무관,"공원묘지, 봉안당",공원묘지,공원묘지,,,1.5평 1기셋트,.5평 1기셋트,5600000
16,김해공원묘원,16,사설,무관,"공원묘지, 봉안당",공원묘지,공원묘지,부부단,,부부평장,,6000000
16,김해공원묘원,16,사설,무관,"공원묘지, 봉안당",공원묘지,공원묘지,,,평 1기셋트2평 1기셋트,2평 1기셋트2평 1기셋트,7200000
16,김해공원묘원,16,사설,무관,"공원묘지, 봉안당",공원묘지,공원묘지,,,묘지사용료,"평형기준, 1평형기준",8300000
16,김해공원묘원,16,사설,무관,"공원묘지, 봉안당",공원묘지,공원묘지,,,2기셋트,"1.5평, .5평 (가묘포함)",8500000
16,김해공원묘원,16,사설,무관,"공원묘지, 봉안당",공원묘지,공원묘지,,,1기셋트,3평,8900000
16,김해공원묘원,16,사설,무관,"공원묘지, 봉안당",공원묘지,공원묘지,,,2기셋트(가묘포함),"평, 2평",11600000
16,김해공원묘원,16,사설,무관,"공원묘지, 봉안당",공원묘지,공원묘지,,,3평 2기셋트(가묘포함),평 2기셋트(가묘포함),13900000
16,김해공원묘원,16,사설,무관,"공원묘지, 봉안당",공원묘지,봉안당,,,납골묘지,기납골묘지 4기,9500000
16,김해공원묘원,16,사설,무관,"공원묘지, 봉안당",공원묘지,봉안당,,,납골묘지,기납골묘지 10기,16200000
17,파주하늘나라공원,17,사설,무관,"공원묘지, 봉안당",공원묘지,공원묘지,,,석화병,,1130000
17,파주하늘나라공원,17,사설,무관,"공원묘지, 봉안당",공원묘지,공원묘지,,,화강유골평비석,,1600000
17,파주하늘나라공원,17,사설,무관,"공원묘지, 봉안당",공원묘지,공원묘지,,,입비,입비,1720000
17,파주하늘나라공원,17,사설,무관,"공원묘지, 봉안당",공원묘지,공원묘지,,,분상보수소,"(바닥,활개,전지 별도)",5000000
17,파주하늘나라공원,17,사설,무관,"공원묘지, 봉안당",공원묘지,공원묘지,,,분상보수중,"바닥활개,전지 별도",5000000
17,파주하늘나라공원,17,사설,무관,"공원묘지, 봉안당",공원묘지,공원묘지,,,묘테재조립단특,묘테재조립1단특,5000000
17,파주하늘나라공원,17,사설,무관,"공원묘지, 봉안당",공원묘지,공원묘지,,,묘테재조립,"단, 2단",6000000
17,파주하늘나라공원,17,사설,무관,"공원묘지, 봉안당",공원묘지,공원묘지,,,묘테재조립단A,묘테재조립2단A,6000000
17,파주하늘나라공원,17,사설,무관,"공원묘지, 봉안당",공원묘지,공원묘지,개인단,,개장작업비1위,개장작업비위,6000000
17,파주하늘나라공원,17,사설,무관,"공원묘지, 봉안당",공원묘지,공원묘지,,,묘테재조립,"단특, 1단특",7000000
17,파주하늘나라공원,17,사설,무관,"공원묘지, 봉안당",공원묘지,공원묘지,,,분상보수대,"(바닥활개,전지 별도)",10000000
17,파주하늘나라공원,17,사설,무관,"공원묘지, 봉안당",공원묘지,공원묘지,,,분상보수재래봉분,분상보수재래봉분,10000000
17,파주하늘나라공원,17,사설,무관,"공원묘지, 봉안당",공원묘지,공원묘지,,,축대작업비,제곱미터 축대작업비1제곱미터,10000000
17,파주하늘나라공원,17,사설,무관,"공원묘지, 봉안당",공원묘지,공원묘지,,,묘테,"단, 1단",12500000
17,파주하늘나라공원,17,사설,무관,"공원묘지, 봉안당",공원묘지,공원묘지,,,단 묘테,1단 묘테,13500000
17,파주하늘나라공원,17,사설,무관,"공원묘지, 봉안당",공원묘지,공원묘지,,,묘테,"단, 1단",15500000
17,파주하늘나라공원,17,사설,무관,"공원묘지, 봉안당",공원묘지,공원묘지,,,묘지 사용료,평당(3.3m2),17820000
17,파주하늘나라공원,17,사설,무관,"공원묘지, 봉안당",공원묘지,공원묘지,,,유골매장비매장방식에따라 차등 적용,유골매장비매장방식에따라 차등 적용,20000000
17,파주하늘나라공원,17,사설,무관,"공원묘지, 봉안당",공원묘지,공원묘지,,,합장작업비,기당1 1기당1,30000000
17,파주하늘나라공원,17,사설,무관,"공원묘지, 봉안당",공원묘지,공원묘지,,,피와비,. 2.,31720000
17,파주하늘나라공원,17,사설,무관,"공원묘지, 봉안당",공원묘지,공원묘지,,,입비,입비,51600000
17,파주하늘나라공원,17,사설,무관,"공원묘지, 봉안당",공원묘지,공원묘지,,,평장상석,.5자걸방석 제외 2.5자걸방석 제외,51760000
17,파주하늘나라공원,17,사설,무관,"공원묘지, 봉안당",공원묘지,공원묘지,,,피와비,.3172 .3172,51840000
17,파주하늘나라공원,17,사설,무관,"공원묘지, 봉안당",공원묘지,공원묘지,,,갓비석,갓비석,0
17,파주하늘나라공원,17,사설,무관,"공원묘지, 봉안당",공원묘지,봉안당,,,봉안안치비,"봉안안치비회, 봉안안치비1회",5000000
17,파주하늘나라공원,17,사설,무관,"공원묘지, 봉안당",공원묘지,기타(관리비),,,묘지 공동관리비,1평/1년 기준,252000
18,보령시모란공원,18,사설,,공원묘지,공원묘지,공원묘지,,관내,단장A,(관내 거주자)A형(m2/18m2)/석물+매장비=안장시,22160000
18,보령시모란공원,18,사설,,공원묘지,공원묘지,공원묘지,,,단장A(관내 거주자)A형,(m2)/석물+매장비=안장시1 (18m2)/석물+매장비=안장시1,22160000
18,보령시모란공원,18,사설,,공원묘지,공원묘지,공원묘지,,관내,단장B(관내 거주자)B형,(25m2)/석물+매장비=안장시,24860000
18,보령시모란공원,18,사설,,공원묘지,공원묘지,공원묘지,,,단장B(관내 거주자)B형,(m2)/석물+매장비,24860000
18,보령시모란공원,18,사설,,공원묘지,공원묘지,공원묘지,,관내,합장A(관내 거주자)합A형,(m2)/석물+매장비=안장시 (30m2)/석물+매장비=안장시,28100000
18,보령시모란공원,18,사설,,공원묘지,공원묘지,공원묘지,,,합장A(관내 거주자)합A형,(m2)/석물+매장비=안장시 (30m2)/석물+매장비=안장시,28100000
18,보령시모란공원,18,사설,,공원묘지,공원묘지,공원묘지,,관내,합장B(관내 거주자)합B형,"(m2), (36m2)/석물+매장비=안장시",28100000
18,보령시모란공원,18,사설,,공원묘지,공원묘지,공원묘지,,,합장B(관내 거주자)합B형,"(m2)/석물+매장비=안장시, (36m2)/석물+매장비=안장시",28100000
18,보령시모란공원,18,사설,,공원묘지,공원묘지,공원묘지,,관내,합장C(관내 거주자)합C형,(42m2)/석물+매장비,28100000
18,보령시모란공원,18,사설,,공원묘지,공원묘지,공원묘지,,,합장C(관내 거주자)합C형,(m2)/석물+매장비,28100000
18,보령시모란공원,18,사설,,공원묘지,공원묘지,공원묘지,,관외,합장A 합A형,"(개월미만거주,관외자(기사용 신청자))(30m2)/연장시",60000000
18,보령시모란공원,18,사설,,공원묘지,공원묘지,공원묘지,,관외,합장B,"(3개월미만거주,관외자(기사용 신청자))합B형(36m2)/연장시 관리비",72000000
18,보령시모란공원,18,사설,,공원묘지,공원묘지,공원묘지,,관외,합장C 합C형,"(3개월미만거주,관외자(기사용 신청자)) (42m2) /연장시",84000000
18,보령시모란공원,18,사설,,공원묘지,공원묘지,공원묘지,,관내,합장A 합A형,"관내 거주자, m2/30m2, 사용료+관리비=계약시",90000000
18,보령시모란공원,18,사설,,공원묘지,공원묘지,공원묘지,,관내,합장B(관내 거주자)합B형,(36m2)/사용료+관리비=계약시,108000000
18,보령시모란공원,18,사설,,공원묘지,공원묘지,공원묘지,,관내,합장C(관내 거주자)합C형,(m2)/사용료+관리비=계약시,126000000
18,보령시모란공원,18,사설,,공원묘지,공원묘지,기타(관리비),,관외,단장A,"(개월미만거주,관외자(기사용 신청자))A형(18m2)/연장시",36000000
18,보령시모란공원,18,사설,,공원묘지,공원묘지,기타(관리비),,관외,"단장B(개월미만거주,관외자(기사용 신청자))B형(25m2)",/연장시 관리비,50000000
18,보령시모란공원,18,사설,,공원묘지,공원묘지,기타(관리비),,관내,단장A,(관내 거주자)A형(18m2)/사용료+관리비=계약시,54000000
18,보령시모란공원,18,사설,,공원묘지,공원묘지,기타(관리비),,관내,단장B,(관내 거주자)B형(m2)/사용료+관리비=계약시 단장B(관내 거주자)B형(25m2)/사용료+관리비=계약시,75000000
18,보령시모란공원,18,사설,,공원묘지,공원묘지,기타(관리비),,,단장A(관내 거주자)A형,(m2)/사용료+관리비=계약시,99000000
18,보령시모란공원,18,사설,,공원묘지,공원묘지,기타(관리비),,,단장B,(관내 거주자)B형(m2)/사용료+관리비=계약시 단장B(관내 거주자)B형(25m2)/사용료+관리비=계약시,137500000
18,보령시모란공원,18,사설,,공원묘지,공원묘지,기타(관리비),,,합장A 합A형,"관내 거주자, m2/30m2, 사용료+관리비=계약시",165000000
18,보령시모란공원,18,사설,,공원묘지,공원묘지,기타(관리비),,,합장B(관내 거주자)합B형,(36m2)/사용료+관리비=계약시,198000000
18,보령시모란공원,18,사설,,공원묘지,공원묘지,기타(관리비),,,합장C(관내 거주자),합C형(42m2)/사용료+관리비=계약시,231000000
19,(재)남양공원묘원,19,사설,무관,공원묘지,공원묘지,공원묘지,,,단향로일반,단향로일반,48000
19,(재)남양공원묘원,19,사설,무관,공원묘지,공원묘지,공원묘지,,,삼향로단,3단,96000
19,(재)남양공원묘원,19,사설,무관,공원묘지,공원묘지,공원묘지,,,화병소,화병소,110000
19,(재)남양공원묘원,19,사설,무관,공원묘지,공원묘지,공원묘지,,,화병대,화병대,198000
19,(재)남양공원묘원,19,사설,무관,공원묘지,공원묘지,공원묘지,,,기본오석,".2자, 2.2자",484000
19,(재)남양공원묘원,19,사설,무관,공원묘지,공원묘지,공원묘지,,,기본오석,".2자, 2.2자",847000
19,(재)남양공원묘원,19,사설,무관,공원묘지,공원묘지,공원묘지,,,애석,애석3,858000
19,(재)남양공원묘원,19,사설,무관,공원묘지,공원묘지,공원묘지,,,오석와비,"오석와비, 오석와비3",1210000
19,(재)남양공원묘원,19,사설,무관,공원묘지,공원묘지,공원묘지,,,서구식E,서구식E,1210000
19,(재)남양공원묘원,19,사설,무관,공원묘지,공원묘지,공원묘지,,,서구식C,서구식C1,1452000
19,(재)남양공원묘원,19,사설,무관,공원묘지,공원묘지,공원묘지,,,원형둘레석A,24,1452000
19,(재)남양공원묘원,19,사설,무관,공원묘지,공원묘지,공원묘지,,,원형둘레석A,자 25자,1694000
19,(재)남양공원묘원,19,사설,무관,공원묘지,공원묘지,공원묘지,,,기본형애석,기본형애석2,2363000
19,(재)남양공원묘원,19,사설,무관,공원묘지,공원묘지,공원묘지,,,기본오석,".2자, 2.2자",2484000
19,(재)남양공원묘원,19,사설,무관,공원묘지,공원묘지,공원묘지,,,원형둘레석A,자 25자,2500000
19,(재)남양공원묘원,19,사설,무관,공원묘지,공원묘지,공원묘지,,,서구식A,서구식A,2530000
19,(재)남양공원묘원,19,사설,무관,공원묘지,공원묘지,공원묘지,,,애석.,애석3.,5584000
19,(재)남양공원묘원,19,사설,무관,공원묘지,공원묘지,공원묘지,,,기본오석,".2자, 2.2자",5605000
19,(재)남양공원묘원,19,사설,무관,공원묘지,공원묘지,공원묘지,,,오석와비,오석와비3,5968000
19,(재)남양공원묘원,19,사설,무관,공원묘지,공원묘지,공원묘지,,,기본오석,".2자, 2.2자",5990000
19,(재)남양공원묘원,19,사설,무관,공원묘지,공원묘지,공원묘지,,,애석,애석3,7726000
19,(재)남양공원묘원,19,사설,무관,공원묘지,공원묘지,공원묘지,,,기본오석,".2자, 2.2자",7726000
19,(재)남양공원묘원,19,사설,무관,공원묘지,공원묘지,공원묘지,,,묘지 사용료,1평기준,9500000
19,(재)남양공원묘원,19,사설,무관,공원묘지,공원묘지,공원묘지,,,애석,애석3,31089000
19,(재)남양공원묘원,19,사설,무관,공원묘지,공원묘지,기타(관리비),,,관리비평기준,관리비평기준,130000
20,목련공원묘원,20,사설,무관,"공원묘지, 봉안당, 수목장","공원묘지, 수목장",공원묘지,,,묘지 관리비,.3㎡당1 3.3㎡당1,190000
20,목련공원묘원,20,사설,무관,"공원묘지, 봉안당, 수목장","공원묘지, 수목장",공원묘지,,,묘지 사용료,".3㎡당, 3.3㎡당",12000000
20,목련공원묘원,20,사설,무관,"공원묘지, 봉안당, 수목장","공원묘지, 수목장",공원묘지,,,표준 평장묘* 석물,"석물설치비, 묘지사용료, 5년관리비, 최초안치비가 포함된 금액입니다.",51000000
20,목련공원묘원,20,사설,무관,"공원묘지, 봉안당, 수목장","공원묘지, 수목장",공원묘지,,,고급 평장묘* 석물,"석물설치비, 묘지사용료, 5년관리비, 최초안치비가 포함된 금액입니다.",92000000
20,목련공원묘원,20,사설,무관,"공원묘지, 봉안당, 수목장","공원묘지, 수목장",공원묘지,부부단,,부부 위 '마음' (1.5평),"석물, 석물설치비, 묘지사용료, 5년관리비, 최초안치비가 포함된 금액입니다.",99000000
20,목련공원묘원,20,사설,무관,"공원묘지, 봉안당, 수목장","공원묘지, 수목장",공원묘지,,,단장 (평)*,"석물, 석물설치비, 묘지사용료, 5년관리비, 최초안치비가 포함된 금액입니다.",105000000
20,목련공원묘원,20,사설,무관,"공원묘지, 봉안당, 수목장","공원묘지, 수목장",공원묘지,,,모노 위 '황등석' (1.5평),"석물, 석물설치비, 묘지사용료, 5년관리비, 최초안치비가 포함된 금액입니다.",109000000
20,목련공원묘원,20,사설,무관,"공원묘지, 봉안당, 수목장","공원묘지, 수목장",공원묘지,,,모노 위 '오석' (1.5평),"석물, 석물설치비, 묘지사용료, 5년관리비, 최초안치비가 포함된 금액입니다.",119000000
20,목련공원묘원,20,사설,무관,"공원묘지, 봉안당, 수목장","공원묘지, 수목장",공원묘지,가족단,,가족 위형 (1.5평),"석물, 석물설치비, 묘지사용료, 5년관리비, 최초안치비가 포함된 금액입니다.",125000000
20,목련공원묘원,20,사설,무관,"공원묘지, 봉안당, 수목장","공원묘지, 수목장",공원묘지,,,정원형 평장묘* 석물,"석물설치비, 묘지사용료, 5년관리비, 최초안치비가 포함된 금액입니다.",129000000
20,목련공원묘원,20,사설,무관,"공원묘지, 봉안당, 수목장","공원묘지, 수목장",공원묘지,가족단,,가족 위형 (2평),"석물, 석물설치비, 묘지사용료, 5년관리비, 최초안치비가 포함된 금액입니다.",152000000
20,목련공원묘원,20,사설,무관,"공원묘지, 봉안당, 수목장","공원묘지, 수목장",공원묘지,,,복합형 단장 (평)*,"석물, 석물설치비, 묘지사용료, 5년관리비, 최초안치비가 포함된 금액입니다.",176000000
20,목련공원묘원,20,사설,무관,"공원묘지, 봉안당, 수목장","공원묘지, 수목장",공원묘지,,,합장 (평)*,"석물, 석물설치비, 묘지사용료, 5년관리비, 최초안치비가 포함된 금액입니다.",189000000
20,목련공원묘원,20,사설,무관,"공원묘지, 봉안당, 수목장","공원묘지, 수목장",공원묘지,가족단,,가족 위형 (3평),"석물, 석물설치비, 묘지사용료, 5년관리비, 최초안치비가 포함된 금액입니다.",192000000
20,목련공원묘원,20,사설,무관,"공원묘지, 봉안당, 수목장","공원묘지, 수목장",공원묘지,,,쌍묘 (평)*,"석물, 석물설치비, 묘지사용료, 5년관리비, 최초안치비가 포함된 금액입니다.",195000000
20,목련공원묘원,20,사설,무관,"공원묘지, 봉안당, 수목장","공원묘지, 수목장",공원묘지,가족단,,가족 위형 (4평),"석물, 석물설치비, 묘지사용료, 5년관리비, 최초안치비가 포함된 금액입니다.",218000000
20,목련공원묘원,20,사설,무관,"공원묘지, 봉안당, 수목장","공원묘지, 수목장",공원묘지,가족단,,가족 위형 (5평),"석물, 석물설치비, 묘지사용료, 5년관리비, 최초안치비가 포함된 금액입니다.",256000000
20,목련공원묘원,20,사설,무관,"공원묘지, 봉안당, 수목장","공원묘지, 수목장",공원묘지,가족단,,가족 위 '투영' (5평)*,"석물, 석물설치비, 묘지사용료, 5년관리비, 최초안치비가 포함된 금액입니다.",256000000
20,목련공원묘원,20,사설,무관,"공원묘지, 봉안당, 수목장","공원묘지, 수목장",공원묘지,,,복합형 쌍묘 (평)*,"석물, 석물설치비, 묘지사용료, 5년관리비, 최초안치비가 포함된 금액입니다.",296000000
20,목련공원묘원,20,사설,무관,"공원묘지, 봉안당, 수목장","공원묘지, 수목장",봉안당,개인단,,개인형 봉안담*,관리비용: 개인단 년 관리비용: 개인단 5년,23000000
20,목련공원묘원,20,사설,무관,"공원묘지, 봉안당, 수목장","공원묘지, 수목장",봉안당,부부단,,부부형 봉안담*,관리비용: 부부단 년 관리비용: 부부단 5년,45000000
20,목련공원묘원,20,사설,무관,"공원묘지, 봉안당, 수목장","공원묘지, 수목장",봉안당,개인단,,개인형 봉안묘 (0.5평),"석물, 석물설치비, 묘지사용료, 5년관리비, 최초안치비가 포함된 금액입니다.",55000000
20,목련공원묘원,20,사설,무관,"공원묘지, 봉안당, 수목장","공원묘지, 수목장",수목장,개인단,,수목장 개인묘* 표지석,"사용료, 2년관리비가 포함된 금액입니다.",30000000
20,목련공원묘원,20,사설,무관,"공원묘지, 봉안당, 수목장","공원묘지, 수목장",수목장,부부단,,수목장 부부묘*,"표지석 사용료, 2년관리비가 포함된 금액입니다.",44000000
20,목련공원묘원,20,사설,무관,"공원묘지, 봉안당, 수목장","공원묘지, 수목장",수목장,가족단,,수목장 가족묘,"표지석 사용료, 2년관리비가 포함된 금액입니다.",105000000
21,물미묘원,21,공설,무관,"공원묘지, 봉안당",공원묘지,공원묘지,,관내,단장석물설치비,단장석물설치비,100000
21,물미묘원,21,공설,무관,"공원묘지, 봉안당",공원묘지,공원묘지,,관내,합장석물설치비,합장석물설치비,100000
21,물미묘원,21,공설,무관,"공원묘지, 봉안당",공원묘지,공원묘지,,관내,단장매장비,,480000
21,물미묘원,21,공설,무관,"공원묘지, 봉안당",공원묘지,공원묘지,,관내,합장매장비,합장매장비,580000
21,물미묘원,21,공설,무관,"공원묘지, 봉안당",공원묘지,공원묘지,,관내,단장석물비,단장석물비,1129000
21,물미묘원,21,공설,무관,"공원묘지, 봉안당",공원묘지,공원묘지,,관내,합장석물비,합장석물비,1366000
21,물미묘원,21,공설,무관,"공원묘지, 봉안당",공원묘지,공원묘지,,관내,단장사용료,"신일리,신일4리주민,신일2리,신일4리주민",2868000
21,물미묘원,21,공설,무관,"공원묘지, 봉안당",공원묘지,공원묘지,,,단장사용료,"국민기초수급자병역명문가,장기기증",3200000
21,물미묘원,21,공설,무관,"공원묘지, 봉안당",공원묘지,공원묘지,,관내,합장사용료,"신일리,신일4리주민 합장사용료-신일2리,신일4리주민",4308000
21,물미묘원,21,공설,무관,"공원묘지, 봉안당",공원묘지,공원묘지,,,합장관리비,,4500000
21,물미묘원,21,공설,무관,"공원묘지, 봉안당",공원묘지,공원묘지,,,합장사용료,"국민기초수급자, 병역명문가, 장기기증",4800000
21,물미묘원,21,공설,무관,"공원묘지, 봉안당",공원묘지,공원묘지,,관내,단장사용료-주천면주민,단장사용료-주천면주민,6214000
21,물미묘원,21,공설,무관,"공원묘지, 봉안당",공원묘지,공원묘지,,,단장사용료,"신일리,신일4리주민; 신일2리,신일4리주민",6400000
21,물미묘원,21,공설,무관,"공원묘지, 봉안당",공원묘지,공원묘지,,관내,합장사용료-주천면주민,합장사용료-주천면주민,9334000
21,물미묘원,21,공설,무관,"공원묘지, 봉안당",공원묘지,공원묘지,,,합장사용료,"신일리,신일4리주민; 신일2리,신일4리주민",9600000
21,물미묘원,21,공설,무관,"공원묘지, 봉안당",공원묘지,봉안당,개인단,관내,개인단사용료,"신일리,신일4리주민, 신일2리,신일4리주민",1800000
21,물미묘원,21,공설,무관,"공원묘지, 봉안당",공원묘지,봉안당,개인단,관내,개인단사용료,"국민기초수급자,병역명문가,장기기증",3000000
21,물미묘원,21,공설,무관,"공원묘지, 봉안당",공원묘지,봉안당,부부단,관내,부부단사용료,"신일리,신일4리주민, 신일2리,신일4리주민",3600000
21,물미묘원,21,공설,무관,"공원묘지, 봉안당",공원묘지,봉안당,개인단,관내,개인단사용료,주천면주민,3900000
21,물미묘원,21,공설,무관,"공원묘지, 봉안당",공원묘지,봉안당,개인단,관내,개인단사용료,"신일리,신일4리주민, 신일2리,신일4리주민",6000000
21,물미묘원,21,공설,무관,"공원묘지, 봉안당",공원묘지,봉안당,부부단,관내,부부단사용료,"국민기초수급자,병역명문가,장기기증",6000000
21,물미묘원,21,공설,무관,"공원묘지, 봉안당",공원묘지,봉안당,부부단,관내,부부단사용료-주천면주민,,7800000
21,물미묘원,21,공설,무관,"공원묘지, 봉안당",공원묘지,봉안당,부부단,관내,부부단사용료,"신일리,신일4리주민 신일2리,신일4리주민",12000000
21,물미묘원,21,공설,무관,"공원묘지, 봉안당",공원묘지,기타(관리비),,,단장관리비,단장관리비,3000000
22,천주교안성추모공원(묘원),22,사설,천주교,"봉안당, 공원묘지",공원묘지,공원묘지,,,비석받침고급합장,중국,13000
22,천주교안성추모공원(묘원),22,사설,천주교,"봉안당, 공원묘지",공원묘지,공원묘지,,,향로고급합장,중국,100000
22,천주교안성추모공원(묘원),22,사설,천주교,"봉안당, 공원묘지",공원묘지,공원묘지,,,화병고급합장,중국,100000
22,천주교안성추모공원(묘원),22,사설,천주교,"봉안당, 공원묘지",공원묘지,공원묘지,,,상석고급합장,중국,560000
22,천주교안성추모공원(묘원),22,사설,천주교,"봉안당, 공원묘지",공원묘지,공원묘지,,,비석고급합장,중국,560000
22,천주교안성추모공원(묘원),22,사설,천주교,"봉안당, 공원묘지",공원묘지,공원묘지,,,묘테석고급합장,"중국 묘테석고급합장, 중국",2100000
22,천주교안성추모공원(묘원),22,사설,천주교,"봉안당, 공원묘지",공원묘지,공원묘지,,,매장(단장)봉분설치비용,별도,89000000
22,천주교안성추모공원(묘원),22,사설,천주교,"봉안당, 공원묘지",공원묘지,공원묘지,,,매장(합장)봉분설치비용 별도,매장(합장)봉분설치비용 별도,178000000
22,천주교안성추모공원(묘원),22,사설,천주교,"봉안당, 공원묘지",공원묘지,봉안당,,,비석받침고급단장,중국,13000
22,천주교안성추모공원(묘원),22,사설,천주교,"봉안당, 공원묘지",공원묘지,봉안당,,,상석기본단장,중국,100000
22,천주교안성추모공원(묘원),22,사설,천주교,"봉안당, 공원묘지",공원묘지,봉안당,,,향로고급단장,중국,100000
22,천주교안성추모공원(묘원),22,사설,천주교,"봉안당, 공원묘지",공원묘지,봉안당,,,화병고급단장,중국,100000
22,천주교안성추모공원(묘원),22,사설,천주교,"봉안당, 공원묘지",공원묘지,봉안당,,,향로기본단장,"중국, 중국",100000
22,천주교안성추모공원(묘원),22,사설,천주교,"봉안당, 공원묘지",공원묘지,봉안당,,,화병기본단장,중국,100000
22,천주교안성추모공원(묘원),22,사설,천주교,"봉안당, 공원묘지",공원묘지,봉안당,,,비석기본단장,중국,290000
22,천주교안성추모공원(묘원),22,사설,천주교,"봉안당, 공원묘지",공원묘지,봉안당,,,묘테석기본단장,중국,401000
22,천주교안성추모공원(묘원),22,사설,천주교,"봉안당, 공원묘지",공원묘지,봉안당,,,상석고급단장,중국,560000
22,천주교안성추모공원(묘원),22,사설,천주교,"봉안당, 공원묘지",공원묘지,봉안당,,,비석고급단장,중국,560000
22,천주교안성추모공원(묘원),22,사설,천주교,"봉안당, 공원묘지",공원묘지,봉안당,,,묘테석고급단장,중국,1850000
23,함양하늘공원(묘지),23,사설,무관,"공원묘지, 수목장",공원묘지,공원묘지,개인단,,식사비,1인,12000
23,함양하늘공원(묘지),23,사설,무관,"공원묘지, 수목장",공원묘지,공원묘지,,,나무함,개 1개,30000
23,함양하늘공원(묘지),23,사설,무관,"공원묘지, 수목장",공원묘지,공원묘지,,,산신제상상,산신제상1상,100000
23,함양하늘공원(묘지),23,사설,무관,"공원묘지, 수목장",공원묘지,공원묘지,,,명패비,개당,150000
23,함양하늘공원(묘지),23,사설,무관,"공원묘지, 수목장",공원묘지,공원묘지,,,오석개,오석1개,300000
23,함양하늘공원(묘지),23,사설,무관,"공원묘지, 수목장",공원묘지,공원묘지,,,각자비,"개당, 1개당",300000
23,함양하늘공원(묘지),23,사설,무관,"공원묘지, 수목장",공원묘지,공원묘지,,,평장묘 관리비,년 1년,430000
23,함양하늘공원(묘지),23,사설,무관,"공원묘지, 수목장",공원묘지,공원묘지,,,제사상상,제사상1상,500000
23,함양하늘공원(묘지),23,사설,무관,"공원묘지, 수목장",공원묘지,공원묘지,,,봉분보수봉분당,봉분보수봉분당,500000
23,함양하늘공원(묘지),23,사설,무관,"공원묘지, 수목장",공원묘지,공원묘지,,,매장묘 관리비,1년,1300000
23,함양하늘공원(묘지),23,사설,무관,"공원묘지, 수목장",공원묘지,공원묘지,,,평장묘 조성비,"기당, 1기당",1600000
23,함양하늘공원(묘지),23,사설,무관,"공원묘지, 수목장",공원묘지,공원묘지,,,매장묘 조성비,기당 1기당,3000000
23,함양하늘공원(묘지),23,사설,무관,"공원묘지, 수목장",공원묘지,공원묘지,,,평장묘 안장비,1기당1,5000000
23,함양하늘공원(묘지),23,사설,무관,"공원묘지, 수목장",공원묘지,공원묘지,,,매장묘 안장비,기당 1기당,11000000
23,함양하늘공원(묘지),23,사설,무관,"공원묘지, 수목장",공원묘지,공원묘지,,,평장묘 토지사용료,,12700000
23,함양하늘공원(묘지),23,사설,무관,"공원묘지, 수목장",공원묘지,공원묘지,,,평장묘 조성비,"기당, 1기당",16000000
23,함양하늘공원(묘지),23,사설,무관,"공원묘지, 수목장",공원묘지,공원묘지,,,매장묘 조성비,"기당, 1기당",30000000
23,함양하늘공원(묘지),23,사설,무관,"공원묘지, 수목장",공원묘지,공원묘지,,,매장묘,토지사용료1기당1,65000000
23,함양하늘공원(묘지),23,사설,무관,"공원묘지, 수목장",공원묘지,수목장,,,수목장 관리비,년1 수목장 관리비1년,1000000
23,함양하늘공원(묘지),23,사설,무관,"공원묘지, 수목장",공원묘지,수목장,,,수목장 조성비,1기당,1600000
23,함양하늘공원(묘지),23,사설,무관,"공원묘지, 수목장",공원묘지,수목장,,,수목장 안장비,1기당,5000000
23,함양하늘공원(묘지),23,사설,무관,"공원묘지, 수목장",공원묘지,수목장,,,수목조성비,"기당1, 1기당1",26000000
23,함양하늘공원(묘지),23,사설,무관,"공원묘지, 수목장",공원묘지,수목장,,,수목장 토지사용료,기당1 1기당1,38000000
24,(재)하늘나라공원 포천묘원,24,사설,,공원묘지,봉안당,공원묘지,,,화석분(꽃병)조,2개/화강석/중국,240000
24,(재)하늘나라공원 포천묘원,24,사설,,공원묘지,봉안당,공원묘지,,,비석,".8/평오석와비/중국, 1.8/평오석와비/중국",550000
24,(재)하늘나라공원 포천묘원,24,사설,,공원묘지,봉안당,공원묘지,,,오석비석,"비석.5, 비석2.5, 중국",600000
24,(재)하늘나라공원 포천묘원,24,사설,,공원묘지,봉안당,공원묘지,,,비석,".0, 2.0, 오석와비, 중국",600000
24,(재)하늘나라공원 포천묘원,24,사설,,공원묘지,봉안당,공원묘지,,,오석비석,비석.0/중국 비석3.0/중국,700000
24,(재)하늘나라공원 포천묘원,24,사설,,공원묘지,봉안당,공원묘지,,,"비석.3, 비석2.3","오석와비, 중국",700000
24,(재)하늘나라공원 포천묘원,24,사설,,공원묘지,봉안당,공원묘지,,,상석,".5/화강석/중국, 2.5/화강석/중국",800000
24,(재)하늘나라공원 포천묘원,24,사설,,공원묘지,봉안당,공원묘지,,,비석,"모델 .5 및 2.5, 오석와비, 중국산",800000
24,(재)하늘나라공원 포천묘원,24,사설,,공원묘지,봉안당,공원묘지,,,석물재조립비,단 특묘테 1단 특묘테,1000000
24,(재)하늘나라공원 포천묘원,24,사설,,공원묘지,봉안당,공원묘지,,,석물재조립비 합장묘테,"1단, 2단",1200000
24,(재)하늘나라공원 포천묘원,24,사설,,공원묘지,봉안당,공원묘지,,,석물재조립비,"단묘테, 3단묘테",1500000
24,(재)하늘나라공원 포천묘원,24,사설,,공원묘지,봉안당,공원묘지,,,분상보수작업비평당,분상보수작업비평당,1800000
24,(재)하늘나라공원 포천묘원,24,사설,,공원묘지,봉안당,공원묘지,,,석물재조리비화강둘레석,석물재조리비화강둘레석,2000000
24,(재)하늘나라공원 포천묘원,24,사설,,공원묘지,봉안당,공원묘지,,,묘테단(합장),화강석/중국 묘테1단(합장)/화강석/중국,2500000
24,(재)하늘나라공원 포천묘원,24,사설,,공원묘지,봉안당,공원묘지,,,평장형묘테,평장형단묘테(100x10x10),2500000
24,(재)하늘나라공원 포천묘원,24,사설,,공원묘지,봉안당,공원묘지,,,"묘테단(합장), 묘테1단(합장)",화강석/중국,3500000
24,(재)하늘나라공원 포천묘원,24,사설,,공원묘지,봉안당,공원묘지,,,유골매장작업비유골합장,"기당1, 1기당1",8000000
24,(재)하늘나라공원 포천묘원,24,사설,,공원묘지,봉안당,공원묘지,,,토지사용료,"년 사용, 15년 사용",9620000
24,(재)하늘나라공원 포천묘원,24,사설,,공원묘지,봉안당,공원묘지,,,축대작업비평당,,10000000
24,(재)하늘나라공원 포천묘원,24,사설,,공원묘지,봉안당,공원묘지,,,시신매장작업비,"기당1, 1기당1",19000000
24,(재)하늘나라공원 포천묘원,24,사설,,공원묘지,봉안당,공원묘지,,,재래식유골매장비 재래식유골합장,1기,19000000
24,(재)하늘나라공원 포천묘원,24,사설,,공원묘지,봉안당,기타(관리비),,,묘지관리비평당 관리비(년납),,14700
24,(재)하늘나라공원 포천묘원,24,사설,,공원묘지,봉안당,기타(관리비),,,공동관리비평당,공동관리비평당,147000
25,금릉공원묘원,25,사설,무관,"공원묘지, 봉안당",공원묘지,공원묘지,,,조화_대,조화_대,10000
25,금릉공원묘원,25,사설,무관,"공원묘지, 봉안당",공원묘지,공원묘지,,,조화_특대,조화_특대,15000
25,금릉공원묘원,25,사설,무관,"공원묘지, 봉안당",공원묘지,공원묘지,,,목함,"*20/중국산, 20*20/중국산",25000
25,금릉공원묘원,25,사설,무관,"공원묘지, 봉안당",공원묘지,공원묘지,,,제례실 사용료,제례실 사용료,50000
25,금릉공원묘원,25,사설,무관,"공원묘지, 봉안당",공원묘지,공원묘지,,,묘지 관리비㎡/년,15년 선납,60600
25,금릉공원묘원,25,사설,무관,"공원묘지, 봉안당",공원묘지,공원묘지,,,식당사용료,,100000
25,금릉공원묘원,25,사설,무관,"공원묘지, 봉안당",공원묘지,공원묘지,,,위패오석,중국산,110000
25,금릉공원묘원,25,사설,무관,"공원묘지, 봉안당",공원묘지,공원묘지,,,유골함도자기,국산,242000
25,금릉공원묘원,25,사설,무관,"공원묘지, 봉안당",공원묘지,공원묘지,,,석물_기평장,석물_기평장 석물_1기평장,1804000
25,금릉공원묘원,25,사설,무관,"공원묘지, 봉안당",공원묘지,공원묘지,,,석물_화강석일반세트,석물_화강석일반세트,4334000
25,금릉공원묘원,25,사설,무관,"공원묘지, 봉안당",공원묘지,공원묘지,,,석물,"기평장, 1기평장",4521000
25,금릉공원묘원,25,사설,무관,"공원묘지, 봉안당",공원묘지,공원묘지,,,묘지 사용료㎡,,7280000
25,금릉공원묘원,25,사설,무관,"공원묘지, 봉안당",공원묘지,공원묘지,,,석물_화강석고급세트,석물_화강석고급세트,8525000
25,금릉공원묘원,25,사설,무관,"공원묘지, 봉안당",공원묘지,공원묘지,,,석물_고흥석고급세트,,9812000
25,금릉공원묘원,25,사설,무관,"공원묘지, 봉안당",공원묘지,공원묘지,,,석물_오석고급세트,석물_오석고급세트,18018000
25,금릉공원묘원,25,사설,무관,"공원묘지, 봉안당",공원묘지,봉안당,,,석물_기납골,6기납골,26092000
25,금릉공원묘원,25,사설,무관,"공원묘지, 봉안당",공원묘지,봉안당,,,석물,"기납골, 6기납골",27027000
25,금릉공원묘원,25,사설,무관,"공원묘지, 봉안당",공원묘지,봉안당,,,석물_기납골,석물_6기납골,38247000
25,금릉공원묘원,25,사설,무관,"공원묘지, 봉안당",공원묘지,봉안당,,,석물,"기납골, 6기납골",56925000
25,금릉공원묘원,25,사설,무관,"공원묘지, 봉안당",공원묘지,봉안당,,,석물_기납골,석물_6기납골,105809000
26,(재)경춘공원묘원,26,사설,무관,"공원묘지, 봉안당, 수목장",공원묘지,공원묘지,,,글자 각인비용/ 비석글자비용,"외부업체 별도비용 발생(大小)1 외부업체 별도비용 발생(大,小)1",80000
26,(재)경춘공원묘원,26,사설,무관,"공원묘지, 봉안당, 수목장",공원묘지,공원묘지,,,매장묘,"(단)2기, (2단)2기",9000000
26,(재)경춘공원묘원,26,사설,무관,"공원묘지, 봉안당, 수목장",공원묘지,공원묘지,,,매장작업비,매장기준,10000000
26,(재)경춘공원묘원,26,사설,무관,"공원묘지, 봉안당, 수목장",공원묘지,공원묘지,,,매장묘,"(단)2기, (2단)2기",12000000
26,(재)경춘공원묘원,26,사설,무관,"공원묘지, 봉안당, 수목장",공원묘지,공원묘지,,,묘지사용료,".3㎡기준(1평기준/사용후 소멸), 3.3㎡기준(1평기준/사용후 소멸)",13000000
26,(재)경춘공원묘원,26,사설,무관,"공원묘지, 봉안당, 수목장",공원묘지,봉안당,부부단,,부부형봉안묘,"1기, 2기",6500000
26,(재)경춘공원묘원,26,사설,무관,"공원묘지, 봉안당, 수목장",공원묘지,봉안당,가족단,,봉안가족묘,"경춘기, 경춘88기",15000000
26,(재)경춘공원묘원,26,사설,무관,"공원묘지, 봉안당, 수목장",공원묘지,봉안당,가족단,,봉안가족묘,"경춘88기, 경춘기",16000000
26,(재)경춘공원묘원,26,사설,무관,"공원묘지, 봉안당, 수목장",공원묘지,봉안당,가족단,,봉안가족묘,"경춘88기, 경춘기",16500000
26,(재)경춘공원묘원,26,사설,무관,"공원묘지, 봉안당, 수목장",공원묘지,봉안당,가족단,,봉안가족묘,-경춘매장2+봉안12기 -경춘6매장2+봉안12기,21500000
26,(재)경춘공원묘원,26,사설,무관,"공원묘지, 봉안당, 수목장",공원묘지,봉안당,가족단,,봉안가족묘,"경춘88기, 경춘기",22500000
26,(재)경춘공원묘원,26,사설,무관,"공원묘지, 봉안당, 수목장",공원묘지,봉안당,가족단,,봉안가족묘,"경춘기, 경춘88기",22500000
26,(재)경춘공원묘원,26,사설,무관,"공원묘지, 봉안당, 수목장",공원묘지,봉안당,가족단,,봉안가족묘,"경춘기, 경춘88기",29000000
26,(재)경춘공원묘원,26,사설,무관,"공원묘지, 봉안당, 수목장",공원묘지,봉안당,가족단,,봉안가족묘,"경춘기, 경춘88기",33000000
26,(재)경춘공원묘원,26,사설,무관,"공원묘지, 봉안당, 수목장",공원묘지,봉안당,가족단,,봉안가족묘,"경춘기, 경춘88기",40000000
26,(재)경춘공원묘원,26,사설,무관,"공원묘지, 봉안당, 수목장",공원묘지,수목장,,,평장형자연장기,평장형자연장6기,6900000
26,(재)경춘공원묘원,26,사설,무관,"공원묘지, 봉안당, 수목장",공원묘지,기타(관리비),,,관리비,".3㎡기준(1평/1년기준), 3.3㎡기준(1평/1년기준)",180000
27,우성공원묘원,27,사설,무관,"공원묘지, 수목장",공원묘지,공원묘지,,,각자비(중)비석글씨 중자/자당,각자비(중)비석글씨 중자/자당,20000
27,우성공원묘원,27,사설,무관,"공원묘지, 수목장",공원묘지,공원묘지,,,각자비(대)비석글씨 대자,/자당,25000
27,우성공원묘원,27,사설,무관,"공원묘지, 수목장",공원묘지,공원묘지,,,화병(화강석),설치비 포함,100000
27,우성공원묘원,27,사설,무관,"공원묘지, 수목장",공원묘지,공원묘지,,,향로석(화강석),설치비 포함,100000
27,우성공원묘원,27,사설,무관,"공원묘지, 수목장",공원묘지,공원묘지,,,상석(화강석),".7자부속(걸방석, 북석), 설치비 포함 2.7자부속(걸방석, 북석), 설치비 포함",1000000
27,우성공원묘원,27,사설,무관,"공원묘지, 수목장",공원묘지,공원묘지,,,월석(입)비(오석) 자받침석,"글자(100자 이내), 설치비 포함",1000000
27,우성공원묘원,27,사설,무관,"공원묘지, 수목장",공원묘지,공원묘지,,,피와비(오석) 자받침석,"글자(100자 이내), 설치비 포함, 2자받침석",1000000
27,우성공원묘원,27,사설,무관,"공원묘지, 수목장",공원묘지,공원묘지,,,갓비석(오석),".7자갓, 받침석, 각자비(100자 이내), 설치비 포함",2500000
27,우성공원묘원,27,사설,무관,"공원묘지, 수목장",공원묘지,공원묘지,,,단장묘테화강석,"1단, 2단, 설치비 포함",3000000
27,우성공원묘원,27,사설,무관,"공원묘지, 수목장",공원묘지,공원묘지,,,합장묘테화강석,"1단 또는 2단 선택 가능, 설치비 포함",3500000
27,우성공원묘원,27,사설,무관,"공원묘지, 수목장",공원묘지,공원묘지,,,토지사용료,.3㎡(평) 3.3㎡(평),6930000
27,우성공원묘원,27,사설,무관,"공원묘지, 수목장",공원묘지,공원묘지,,,단장묘단장묘테두리,"비석, 상석, 화병, 향로석",25000000
27,우성공원묘원,27,사설,무관,"공원묘지, 수목장",공원묘지,공원묘지,,,합장묘합장묘테두리,"비석, 상석, 화병, 향로석, 설치비",30000000
27,우성공원묘원,27,사설,무관,"공원묘지, 수목장",공원묘지,공원묘지,,,쌍분묘단장묘테두리,"벌, 비석, 상석, 설치비, 향로석, 화병",40000000
27,우성공원묘원,27,사설,무관,"공원묘지, 수목장",공원묘지,수목장,,,봉분잔디 교체/단장묘재래봉분,특수묘테,50000
27,우성공원묘원,27,사설,무관,"공원묘지, 수목장",공원묘지,수목장,,,봉분잔디 교체/합장묘재래봉분,특수묘테 비용추가,100000
27,우성공원묘원,27,사설,무관,"공원묘지, 수목장",공원묘지,수목장,,,매장비(시신 개장유골),"광중작업, 매장작업, 봉분작업, 잔디식재",2000000
27,우성공원묘원,27,사설,무관,"공원묘지, 수목장",공원묘지,기타(관리비),,,관리비,"1년/3.3㎡(평), 년2회/제초제 살포 및 벌초",200000
28,(재)화신공원묘원,28,사설,무관,"봉안당, 공원묘지",공원묘지,공원묘지,,,A형 (구 평형),"관리비10년기준, 제초비 10년분(330000)포함-제초비는 매장일부터 적용",6600000
28,(재)화신공원묘원,28,사설,무관,"봉안당, 공원묘지",공원묘지,공원묘지,,,B형 (구 평형),"관리비10년기준, 제초비 10년분포함-제초비는 매장일부터 적용",7700000
28,(재)화신공원묘원,28,사설,무관,"봉안당, 공원묘지",공원묘지,공원묘지,,,C형 (구 평형),"관리비10년기준, 제초비 10년분포함-제초비는 매장일부터 적용",8800000
28,(재)화신공원묘원,28,사설,무관,"봉안당, 공원묘지",공원묘지,공원묘지,,,A형 매장묘(구 평형),"사용료공원조성비,석축및조경비,법인운영비 포함",18000000
28,(재)화신공원묘원,28,사설,무관,"봉안당, 공원묘지",공원묘지,공원묘지,,,B형 매장묘(구 평형),"사용료공원조성비,석축및조경비,법인운영비 포함",27000000
28,(재)화신공원묘원,28,사설,무관,"봉안당, 공원묘지",공원묘지,공원묘지,,,C형 매장묘(구 평형),"사용료공원조성비,석축및조경비,법인운영비 포함",36000000
28,(재)화신공원묘원,28,사설,무관,"봉안당, 공원묘지",공원묘지,공원묘지,,,A형 매장묘(구 평형),"분양금액사용료,관리비10년(제초비포함),용역비, 석물비용 포함.(합장사용시 추가)",48000000
28,(재)화신공원묘원,28,사설,무관,"봉안당, 공원묘지",공원묘지,공원묘지,,,B형 매장묘(구 평형),"분양금액사용료,관리비10년(제초비포함),용역비, 석물비용 포함.(합장사용시 추가)",68000000
28,(재)화신공원묘원,28,사설,무관,"봉안당, 공원묘지",공원묘지,공원묘지,,,C형 매장묘(구 평형),"분양금액사용료,관리비10년(제초비포함),용역비, 석물비용 포함.(합장사용시 추가)",85000000
28,(재)화신공원묘원,28,사설,무관,"봉안당, 공원묘지",공원묘지,공원묘지,,,D형 매장묘(구 평형 특수묘),"분양금액사용료,관리비10년(제초비포함),용역비, 석물비용 포함.(합장사용시 100만원 추가)",135000000
28,(재)화신공원묘원,28,사설,무관,"봉안당, 공원묘지",공원묘지,봉안당,,,평장형납골묘,관리비년기준(1년 ) 관리비15년기준(1년 ),4950000
28,(재)화신공원묘원,28,사설,무관,"봉안당, 공원묘지",공원묘지,봉안당,,,개방형납골묘,"(기형)-관리비10년 기준(1년), (18기형)-관리비10년 기준(1년)",7200000
28,(재)화신공원묘원,28,사설,무관,"봉안당, 공원묘지",공원묘지,봉안당,,,개방형납골묘,"24기형, 기형, 관리비10년 기준1",9600000
28,(재)화신공원묘원,28,사설,무관,"봉안당, 공원묘지",공원묘지,봉안당,,,평장형봉안묘,"사용료,15년관리비,봉안석물포함(합장시 추가)",27000000
28,(재)화신공원묘원,28,사설,무관,"봉안당, 공원묘지",공원묘지,봉안당,부부단,,부부형봉안묘(A형-구평형),"사용료, 10년관리비,봉안석물포함. 평형변경시 비용추가.",50000000
28,(재)화신공원묘원,28,사설,무관,"봉안당, 공원묘지",공원묘지,봉안당,,,기형 봉안묘(A형-구4평형),"사용료, 10년관리비,봉안석물포함. (평형 및 기수변경 가능)",80000000
28,(재)화신공원묘원,28,사설,무관,"봉안당, 공원묘지",공원묘지,봉안당,,,개방형 봉안묘(기형),"사용료, 10년관리비,봉안석물포함",130000000
28,(재)화신공원묘원,28,사설,무관,"봉안당, 공원묘지",공원묘지,봉안당,,,개방형 봉안묘(기형),"사용료, 10년관리비,봉안석물포함.",160000000
28,(재)화신공원묘원,28,사설,무관,"봉안당, 공원묘지",공원묘지,봉안당,,,기형 봉안묘(구 16평형),"사용료, 10년관리비,봉안석물포함.",250000000
29,청파동성당 청파묘원,29,사설,천주교,"공원묘지, 수목장",공원묘지,공원묘지,,,매장묘 관리비,1년(평당),100000
29,청파동성당 청파묘원,29,사설,천주교,"공원묘지, 수목장",공원묘지,공원묘지,가족단,,가족평장묘 동판 비문(이름),"cm x 7cm, 25cm x 7cm",350000
29,청파동성당 청파묘원,29,사설,천주교,"공원묘지, 수목장",공원묘지,공원묘지,가족단,,가족평장묘 비문,가족평장묘 비문,400000
29,청파동성당 청파묘원,29,사설,천주교,"공원묘지, 수목장",공원묘지,공원묘지,,,상석,".5척76cm x 51.5cm x15cm, 2.5척76cm x 51.5cm x15cm",550000
29,청파동성당 청파묘원,29,사설,천주교,"공원묘지, 수목장",공원묘지,공원묘지,,,비석 외장용,"cm x 43cm x 12cm, 60cm x 43cm x 12cm",650000
29,청파동성당 청파묘원,29,사설,천주교,"공원묘지, 수목장",공원묘지,공원묘지,,,상석,".0척/3.0척, 90cm x 60cm x 18cm",750000
29,청파동성당 청파묘원,29,사설,천주교,"공원묘지, 수목장",공원묘지,공원묘지,,,비석 합장용,"cm x 45cm x12cm, 70cm x 45cm x12cm",750000
29,청파동성당 청파묘원,29,사설,천주교,"공원묘지, 수목장",공원묘지,공원묘지,,,단묘테 단장,(설치비포함)150cm x213cm x25cm,750000
29,청파동성당 청파묘원,29,사설,천주교,"공원묘지, 수목장",공원묘지,공원묘지,가족단,,가족평장묘,관리비,800000
29,청파동성당 청파묘원,29,사설,천주교,"공원묘지, 수목장",공원묘지,공원묘지,,,단묘톄 합장(설치비포함),167cm x 213cm x25cm,850000
29,청파동성당 청파묘원,29,사설,천주교,"공원묘지, 수목장",공원묘지,공원묘지,,,시설이용료편의시설외,시설이용료편의시설외,1000000
29,청파동성당 청파묘원,29,사설,천주교,"공원묘지, 수목장",공원묘지,공원묘지,,,단묘테 단장,(설치비포함)151cm x 197cm x 50cm,1400000
29,청파동성당 청파묘원,29,사설,천주교,"공원묘지, 수목장",공원묘지,공원묘지,,,단묘테 단장,(설치비포함)167 x 197cm x 50cm,1500000
29,청파동성당 청파묘원,29,사설,천주교,"공원묘지, 수목장",공원묘지,공원묘지,가족단,,가족평장안치비,위안치비1 가족평장안치비1위안치비,4000000
29,청파동성당 청파묘원,29,사설,천주교,"공원묘지, 수목장",공원묘지,공원묘지,가족단,,가족평장묘지분양,최대안치위수:8위,150000000
29,청파동성당 청파묘원,29,사설,천주교,"공원묘지, 수목장",공원묘지,수목장,,,유골매장묘,"(단장)묘지 작업비(잔디봉분비) (단장)묘지 작업비(잔디,봉분비)",9000000
29,청파동성당 청파묘원,29,사설,천주교,"공원묘지, 수목장",공원묘지,수목장,,,유골매장묘(합장)묘지,"작업비(잔디봉분비), 작업비(잔디,봉분비)",10000000
29,청파동성당 청파묘원,29,사설,천주교,"공원묘지, 수목장",공원묘지,수목장,,,시신 매장묘,"(단장)묘지 작업비(잔디,봉분비)",13000000
29,청파동성당 청파묘원,29,사설,천주교,"공원묘지, 수목장",공원묘지,수목장,,,시신매장묘(합장)묘지,"작업비 (잔디봉분비, 잔디,봉분비)",14000000
30,(재)풍산공원묘원,30,사설,무관,"공원묘지, 봉안당",공원묘지,공원묘지,,,묘지사용료㎡당,묘지사용료㎡당,2221220
30,(재)풍산공원묘원,30,사설,무관,"공원묘지, 봉안당",공원묘지,공원묘지,,,합장형 재단운영관리비,"(년), (15년), 23.1㎡, 15년",18585000
30,(재)풍산공원묘원,30,사설,무관,"공원묘지, 봉안당",공원묘지,공원묘지,,,합장형 재단운영관리비,"(년)29.7㎡, 15년 (15년)29.7㎡, 15년",23895000
30,(재)풍산공원묘원,30,사설,무관,"공원묘지, 봉안당",공원묘지,공원묘지,,,단장형 사용료,".8㎡, 15년; 19.8㎡, 15년",43980000
30,(재)풍산공원묘원,30,사설,무관,"공원묘지, 봉안당",공원묘지,공원묘지,,,합장형 사용료,".1㎡, 15년 23.1㎡, 15년",51310000
30,(재)풍산공원묘원,30,사설,무관,"공원묘지, 봉안당",공원묘지,공원묘지,,,합장형 사용료,".7㎡, 15년",65970000
30,(재)풍산공원묘원,30,사설,무관,"공원묘지, 봉안당",공원묘지,봉안당,,,"풍산호, 풍산8호","(2위)6.6㎡, 사용료,15년관리비, 조경비, 방습공사,봉안석물",60000000
30,(재)풍산공원묘원,30,사설,무관,"공원묘지, 봉안당",공원묘지,봉안당,,,"풍산호(4위)9.9㎡, 풍산7호(4위)9.9㎡","사용료,15년관리비, 조경비, 방습공사,봉안석물, 사용료,15년관리비, 조경비, 방습공사,봉안석물",80000000
30,(재)풍산공원묘원,30,사설,무관,"공원묘지, 봉안당",공원묘지,봉안당,,,"풍산6호, 풍산호","(8위)13.2㎡, 15년관리비, 방습공사, 봉안석물, 사용료, 조경비",110000000
30,(재)풍산공원묘원,30,사설,무관,"공원묘지, 봉안당",공원묘지,봉안당,,,풍산호(12위)16.5㎡,"15년관리비, 방습공사, 봉안석물, 사용료, 조경비",120000000
30,(재)풍산공원묘원,30,사설,무관,"공원묘지, 봉안당",공원묘지,봉안당,,,풍산호(24위)23.1㎡,"사용료,15년관리비, 조경비, 방습공사,봉안석물",160000000
30,(재)풍산공원묘원,30,사설,무관,"공원묘지, 봉안당",공원묘지,봉안당,,,풍산호(24위)23.1㎡,"사용료,15년관리비, 조경비, 방습공사,봉안석물",170000000
30,(재)풍산공원묘원,30,사설,무관,"공원묘지, 봉안당",공원묘지,봉안당,,,풍산호(36위)33㎡,"사용료,15년관리비, 조경비, 방습공사,봉안석물",220000000
30,(재)풍산공원묘원,30,사설,무관,"공원묘지, 봉안당",공원묘지,봉안당,,,풍산호(36위)33㎡,"사용료,15년관리비, 조경비, 방습공사,봉안석물",330000000
30,(재)풍산공원묘원,30,사설,무관,"공원묘지, 봉안당",공원묘지,봉안당,,,풍산특호(36위)39.6㎡,"사용료,15년관리비, 조경비, 방습공사,봉안석물",420000000
30,(재)풍산공원묘원,30,사설,무관,"공원묘지, 봉안당",공원묘지,봉안당,,,풍산특호,"(52위)49.5㎡, 사용료,15년관리비, 조경비, 방습공사,봉안석물",15
30,(재)풍산공원묘원,30,사설,무관,"공원묘지, 봉안당",공원묘지,기타(관리비),,,연간 관리비㎡당,"년, 1년",53640
30,(재)풍산공원묘원,30,사설,무관,"공원묘지, 봉안당",공원묘지,기타(관리비),,,단장형 재단운영관리비,"(년)19.8㎡, 15년1 (15년)19.8㎡, 15년1",15930000
31,청파동성당 평화묘원,31,사설,천주교,공원묘지,공원묘지,공원묘지,,,매장묘 관리비,1년(평당),100000
31,청파동성당 평화묘원,31,사설,천주교,공원묘지,공원묘지,공원묘지,,,기존비석 묘비명 추가합장단장,구분없이,300000
31,청파동성당 평화묘원,31,사설,천주교,공원묘지,공원묘지,공원묘지,가족단,,가족평장묘,"위1년, 4위1년",400000
31,청파동성당 평화묘원,31,사설,천주교,공원묘지,공원묘지,공원묘지,,,상석,".5척(화병,설치비포함)750cm*450cm*150cm/중국산 2.5척(화병,설치비포함)750cm*450cm*150cm/중국산",550000
31,청파동성당 평화묘원,31,사설,천주교,공원묘지,공원묘지,공원묘지,,,비석 외장,".0척(글씨,설치비포함)600cm*420cm*100cm/국내산",650000
31,청파동성당 평화묘원,31,사설,천주교,공원묘지,공원묘지,공원묘지,,,비석 합장,".3척(글씨,설치비포함)700cm*450cm*150cm/국내산, 2.3척(글씨,설치비포함)700cm*450cm*150cm/국내산",750000
31,청파동성당 평화묘원,31,사설,천주교,공원묘지,공원묘지,공원묘지,,,단묘테 단장,(설치비포함)1350cm*2160cm*240cm/국내산,750000
31,청파동성당 평화묘원,31,사설,천주교,공원묘지,공원묘지,공원묘지,가족단,,가족평장묘,위1년 4위1년,800000
31,청파동성당 평화묘원,31,사설,천주교,공원묘지,공원묘지,공원묘지,,,단 묘테 합장,(설치비포함)1650cm*2160cm*240cm/국내산,850000
31,청파동성당 평화묘원,31,사설,천주교,공원묘지,공원묘지,공원묘지,,,시설이용료편의시설외,(개*매장 작업시 적용),1000000
31,청파동성당 평화묘원,31,사설,천주교,공원묘지,공원묘지,공원묘지,,,묘테 단장,"단 (설치비포함)1350cm*2160cm*450cm/국내산, 2단 (설치비포함)1350cm*2160cm*450cm/국내산",1400000
31,청파동성당 평화묘원,31,사설,천주교,공원묘지,공원묘지,공원묘지,,,단/2단 묘테 합장(설치비포함),1650cm*2160cm*450cm/국내산,1500000
31,청파동성당 평화묘원,31,사설,천주교,공원묘지,공원묘지,공원묘지,,,개장 폐기물석물,"묘테비석,상석, 묘테,비석,상석",5000000
31,청파동성당 평화묘원,31,사설,천주교,공원묘지,공원묘지,공원묘지,,,유골개장(단장)합장,추가(폐기물처리 별도),6000000
31,청파동성당 평화묘원,31,사설,천주교,공원묘지,공원묘지,공원묘지,,,시신개장(단장)합장,"만 추가, 40만 추가 (폐기물처리 별도)",7000000
31,청파동성당 평화묘원,31,사설,천주교,공원묘지,공원묘지,공원묘지,,,유골 매장묘,(단*합장)묘지작업비(비석조각포함),12000000
31,청파동성당 평화묘원,31,사설,천주교,공원묘지,공원묘지,공원묘지,가족단,,가족 평장 묘지 1인,"안치료묘지작업비(비문조각, 신주비문제작포함)",12500000
31,청파동성당 평화묘원,31,사설,천주교,공원묘지,공원묘지,공원묘지,,,시신 매장묘 묘지작업비,"단*합장, 비석조각포함",16000000
32,(재)호정공원(묘지),32,사설,,공원묘지,"공원묘지, 봉안당",공원묘지,,,횡대,횡대,100000
32,(재)호정공원(묘지),32,사설,,공원묘지,"공원묘지, 봉안당",공원묘지,,,화병,화병,100000
32,(재)호정공원(묘지),32,사설,,공원묘지,"공원묘지, 봉안당",공원묘지,,,각자비 대자당,,130000
32,(재)호정공원(묘지),32,사설,,공원묘지,"공원묘지, 봉안당",공원묘지,,,분상보수 수리,분상보수 수리 분상보수 수리,300000
32,(재)호정공원(묘지),32,사설,,공원묘지,"공원묘지, 봉안당",공원묘지,,,단묘테 수리,1단묘테 수리,300000
32,(재)호정공원(묘지),32,사설,,공원묘지,"공원묘지, 봉안당",공원묘지,,,특묘테 수리,"단/특묘테 수리, 2단/특묘테 수리",400000
32,(재)호정공원(묘지),32,사설,,공원묘지,"공원묘지, 봉안당",공원묘지,,,화강석관,,500000
32,(재)호정공원(묘지),32,사설,,공원묘지,"공원묘지, 봉안당",공원묘지,,,유골매장 안장비,,1500000
32,(재)호정공원(묘지),32,사설,,공원묘지,"공원묘지, 봉안당",공원묘지,,,유골매장 안장비,,3000000
32,(재)호정공원(묘지),32,사설,,공원묘지,"공원묘지, 봉안당",공원묘지,,,묘지사용료㎡,묘지사용료1㎡,8200300
32,(재)호정공원(묘지),32,사설,,공원묘지,"공원묘지, 봉안당",공원묘지,,,단장묘지사용료,"석물비, 작업비 / 안장비 별도",155000000
32,(재)호정공원(묘지),32,사설,,공원묘지,"공원묘지, 봉안당",공원묘지,,,매장 단묘지사용료,"석물비, 작업비 / 안장비 별도",180500000
32,(재)호정공원(묘지),32,사설,,공원묘지,"공원묘지, 봉안당",공원묘지,,,매장 1단묘지사용료,"석물비, 작업비 / 안장비 별도",195500000
32,(재)호정공원(묘지),32,사설,,공원묘지,"공원묘지, 봉안당",공원묘지,,,"매장 특묘지사용료 석물비, 작업비",안장비 별도,229500000
32,(재)호정공원(묘지),32,사설,,공원묘지,"공원묘지, 봉안당",기타(관리비),,,관리비㎡당 연간관리비,관리비1㎡당 연간관리비,62900
33,(주)광림공원 동산공원묘원(묘지),33,사설,기독교,"수목장, 공원묘지","공원묘지, 봉안당",공원묘지,,,매장묘 단장석물,"고급형 기준,석물종류에 따라 가격 변동",55740000
33,(주)광림공원 동산공원묘원(묘지),33,사설,기독교,"수목장, 공원묘지","공원묘지, 봉안당",공원묘지,,,매장묘 단장석물,고급형 기준석물종류에 따라 가격 변동,55740000
33,(주)광림공원 동산공원묘원(묘지),33,사설,기독교,"수목장, 공원묘지","공원묘지, 봉안당",공원묘지,,,매장묘 단장대지사용료,"단지, 11단지",68350000
33,(주)광림공원 동산공원묘원(묘지),33,사설,기독교,"수목장, 공원묘지","공원묘지, 봉안당",공원묘지,,,매장묘 합장석물,고급형 기준석물종류에 따라 가격 변동,87430000
33,(주)광림공원 동산공원묘원(묘지),33,사설,기독교,"수목장, 공원묘지","공원묘지, 봉안당",공원묘지,,,매장묘 합장석물,"고급형 기준,석물종류에 따라 가격 변동",87430000
33,(주)광림공원 동산공원묘원(묘지),33,사설,기독교,"수목장, 공원묘지","공원묘지, 봉안당",공원묘지,,,매장묘 합장대지사용료,"(11단지), (단지)",102530000
33,(주)광림공원 동산공원묘원(묘지),33,사설,기독교,"수목장, 공원묘지","공원묘지, 봉안당",공원묘지,,,매장묘 단장대지사용료,"단지, 11단지",103240000
33,(주)광림공원 동산공원묘원(묘지),33,사설,기독교,"수목장, 공원묘지","공원묘지, 봉안당",공원묘지,,,매장묘 합장대지사용료,"(11단지), (단지)",154880000
33,(주)광림공원 동산공원묘원(묘지),33,사설,기독교,"수목장, 공원묘지","공원묘지, 봉안당",수목장,,,장례식사밥,"국, 반찬",12000
33,(주)광림공원 동산공원묘원(묘지),33,사설,기독교,"수목장, 공원묘지","공원묘지, 봉안당",수목장,,,전주한지 유골함종교별,전주한지 유골함종교별,90000
33,(주)광림공원 동산공원묘원(묘지),33,사설,기독교,"수목장, 공원묘지","공원묘지, 봉안당",수목장,,,제사음식실속형,제사음식실속형,150000
33,(주)광림공원 동산공원묘원(묘지),33,사설,기독교,"수목장, 공원묘지","공원묘지, 봉안당",수목장,,,안동한지 유골함종교별,안동한지 유골함종교별,220000
33,(주)광림공원 동산공원묘원(묘지),33,사설,기독교,"수목장, 공원묘지","공원묘지, 봉안당",수목장,,,실크 유골함종교별,,290000
33,(주)광림공원 동산공원묘원(묘지),33,사설,기독교,"수목장, 공원묘지","공원묘지, 봉안당",수목장,,,제사음식표준형,제사음식표준형,300000
33,(주)광림공원 동산공원묘원(묘지),33,사설,종교무관,"수목장, 공원묘지","공원묘지, 봉안당",수목장,,,실크벨벳 유골함종교무관,,350000
33,(주)광림공원 동산공원묘원(묘지),33,사설,기독교,"수목장, 공원묘지","공원묘지, 봉안당",수목장,,,제사음식고급형,제사음식고급형,500000
34,삼척시추모공원 묘지 제1단지,34,공설,,"봉안당, 공원묘지",공원묘지,공원묘지,,,매장비 평형,"(6.75㎡)동절기.(하절기동절기 동일요금), 2평형",3700000
34,삼척시추모공원 묘지 제1단지,34,공설,,"봉안당, 공원묘지",공원묘지,공원묘지,,,매장비,평형 (9.9㎡)1구당 (하절기동절기 동일요금)1 3평형 (9.9㎡)1구당 (하절기동절기 동일요금)1,3700000
34,삼척시추모공원 묘지 제1단지,34,공설,,"봉안당, 공원묘지",공원묘지,공원묘지,,,매장비 3평형,(9.9㎡)2구당 ( 상 동 ),7400000
34,삼척시추모공원 묘지 제1단지,34,공설,불교,"봉안당, 공원묘지",공원묘지,봉안당,,,석물비 화강암,"평형, 2평형",940000
34,삼척시추모공원 묘지 제1단지,34,공설,불교,"봉안당, 공원묘지",공원묘지,봉안당,,,석물비 화강암,"평형, 2평형",982000
34,삼척시추모공원 묘지 제1단지,34,공설,,"봉안당, 공원묘지",공원묘지,봉안당,,,석물비,평형오 석 평형오 석,1118000
34,삼척시추모공원 묘지 제1단지,34,공설,,"봉안당, 공원묘지",공원묘지,봉안당,,,석물비,"평형오, 2평형오",1160000
34,삼척시추모공원 묘지 제1단지,34,공설,,"봉안당, 공원묘지",공원묘지,봉안당,,,사용료 평형,(6.75㎡)30년 사용료,5720000
34,삼척시추모공원 묘지 제1단지,34,공설,,"봉안당, 공원묘지",공원묘지,봉안당,,,사용료 3평형,(9.9㎡)30년,8390000
34,삼척시추모공원 묘지 제1단지,34,공설,,"봉안당, 공원묘지",공원묘지,봉안당,,,석물비,평형오석 석물비 2평형오석,11180000
34,삼척시추모공원 묘지 제1단지,34,공설,,"봉안당, 공원묘지",공원묘지,봉안당,,,석물비,"평형오석, 석물비 평형오석",11600000
34,삼척시추모공원 묘지 제1단지,34,공설,,"봉안당, 공원묘지",공원묘지,기타(관리비),,,관리비 평형,"(6.75㎡)30년 관리비, 2평형 (6.75㎡)30년 관리비",4800000
34,삼척시추모공원 묘지 제1단지,34,공설,,"봉안당, 공원묘지",공원묘지,기타(관리비),,,관리비 평형 관리비 3평형,(9.9㎡)30년 관리비,7200000
35,(재)동산공원묘원,35,사설,무관,"공원묘지, 봉안당",공원묘지,공원묘지,,,고령토포당,사각묘형묘-명당토20포사용,20000
35,(재)동산공원묘원,35,사설,무관,"공원묘지, 봉안당",공원묘지,공원묘지,,,묘지관리비년,3.3 ㎡당,150000
35,(재)동산공원묘원,35,사설,무관,"공원묘지, 봉안당",공원묘지,공원묘지,,,설치비평당,"(.3㎡), (3.3㎡)",400000
35,(재)동산공원묘원,35,사설,무관,"공원묘지, 봉안당",공원묘지,공원묘지,,,석등개당,,750000
35,(재)동산공원묘원,35,사설,무관,"공원묘지, 봉안당",공원묘지,공원묘지,,,평장묘기2.4㎡,평장묘1기2.4㎡,1050000
35,(재)동산공원묘원,35,사설,무관,"공원묘지, 봉안당",공원묘지,공원묘지,,,사자상한쌍,사자상한쌍,1200000
35,(재)동산공원묘원,35,사설,무관,"공원묘지, 봉안당",공원묘지,공원묘지,,,평장묘,기4.8㎡ 2기4.8㎡,2100000
35,(재)동산공원묘원,35,사설,무관,"공원묘지, 봉안당",공원묘지,공원묘지,,,사각묘,"㎡, 12㎡",3500000
35,(재)동산공원묘원,35,사설,무관,"공원묘지, 봉안당",공원묘지,공원묘지,,,원형묘(합장),"㎡, 18㎡",3700000
35,(재)동산공원묘원,35,사설,무관,"공원묘지, 봉안당",공원묘지,공원묘지,,,묘지사용료,.3 ㎡당 3.3 ㎡당,9000000
35,(재)동산공원묘원,35,사설,무관,"공원묘지, 봉안당",공원묘지,봉안당,,,봉안담,"사용료설치비,관리비(10년)포함",1300000
35,(재)동산공원묘원,35,사설,무관,"공원묘지, 봉안당",공원묘지,봉안당,,,봉안묘,기2.4㎡ 1기2.4㎡,2000000
35,(재)동산공원묘원,35,사설,무관,"공원묘지, 봉안당",공원묘지,봉안당,,,봉안묘,기4.8㎡2기4.8㎡,2800000
35,(재)동산공원묘원,35,사설,무관,"공원묘지, 봉안당",공원묘지,봉안당,가족단,,가족봉안묘,".2㎡ (8기), 19.2㎡ (8기)",7500000
36,유달공원묘지,36,사설,무관,"봉안당, 수목장, 공원묘지",공원묘지,공원묘지,,,일반 비석묘표석,"만원, 상석 , 돌꽃병 일반 비석묘표석 , 상석 , 돌꽃병 ",600000
36,유달공원묘지,36,사설,무관,"봉안당, 수목장, 공원묘지",공원묘지,공원묘지,,,관리 청소비 등월,"*12월*5년100,0001 관리, 청소비 등월 *12월*5년100,0001",1000000
36,유달공원묘지,36,사설,무관,"봉안당, 수목장, 공원묘지",공원묘지,공원묘지,,,묘테 둘래석묘둘래석,"상석, 비석, 돌꽃병",1680000
36,유달공원묘지,36,사설,무관,"봉안당, 수목장, 공원묘지",공원묘지,공원묘지,,,벌초 청소비 등,월 *12월*5년,1700000
36,유달공원묘지,36,사설,무관,"봉안당, 수목장, 공원묘지",공원묘지,공원묘지,,,단 둘래석묘둘래석,"상석, 비석, 돌꽃병 3단 둘래석묘둘래석, 상석, 비석, 돌꽃병",2380000
36,유달공원묘지,36,사설,무관,"봉안당, 수목장, 공원묘지",공원묘지,공원묘지,,,벌초 청소비 등월,"*12월*5년330,0001 벌초, 청소비 등월 *12월*5년330,0001",3300000
36,유달공원묘지,36,사설,무관,"봉안당, 수목장, 공원묘지",공원묘지,공원묘지,,,묘지 구단지(1~7)1기 m²,,29600000
36,유달공원묘지,36,사설,무관,"봉안당, 수목장, 공원묘지",공원묘지,공원묘지,,,묘지 구단지(～9)1기,m² *3.3m²*3평 1 묘지 구단지(8～9)1기 m² *3.3m²*3평1,29600000
36,유달공원묘지,36,사설,무관,"봉안당, 수목장, 공원묘지",공원묘지,공원묘지,,,묘지 신단지,(~11)1기 m² *3.3m²*3평 (10~11)1기 m² *3.3m²*3평,42600000
36,유달공원묘지,36,사설,무관,"봉안당, 수목장, 공원묘지",공원묘지,봉안당,,,봉안담 표찰대표찰,"개, 1개",75000
36,유달공원묘지,36,사설,무관,"봉안당, 수목장, 공원묘지",공원묘지,봉안당,,,봉안담1기,"1년, 영구(60년)",25250000
36,유달공원묘지,36,사설,무관,"봉안당, 수목장, 공원묘지",공원묘지,봉안당,,,봉안묘지기 1년,*영구(60년) 봉안묘지1기 1년 *영구(60년),26900000
36,유달공원묘지,36,사설,무관,"봉안당, 수목장, 공원묘지",공원묘지,수목장,,,일반 비석묘글자대,잔디대,310000
36,유달공원묘지,36,사설,무관,"봉안당, 수목장, 공원묘지",공원묘지,수목장,,,둘래석묘글자대,잔디대,330000
37,(재)지평선전북공원묘원(묘지),37,사설,,공원묘지,공원묘지,공원묘지,,,석관,,200000
37,(재)지평선전북공원묘원(묘지),37,사설,,공원묘지,공원묘지,공원묘지,,,유골함(한지)규격 (18*18),,250000
37,(재)지평선전북공원묘원(묘지),37,사설,,공원묘지,공원묘지,공원묘지,,,추가매장비재설치비,"추가매장비,재설치비",750000
37,(재)지평선전북공원묘원(묘지),37,사설,,공원묘지,공원묘지,공원묘지,,,"매장호단장, 매장1호단장","(상석,비석,1회설치비 포함)4평",4800000
37,(재)지평선전북공원묘원(묘지),37,사설,,공원묘지,공원묘지,공원묘지,,,매장호합장,"상석,비석,1회설치비포함, 5평",6000000
37,(재)지평선전북공원묘원(묘지),37,사설,,공원묘지,공원묘지,공원묘지,,,매장호쌍장,"(상석,비석,1회설치비포함)8평",9600000
37,(재)지평선전북공원묘원(묘지),37,사설,,공원묘지,공원묘지,공원묘지,,,매장호단장,"(상석,비석,1회설치비포함)8평",9600000
37,(재)지평선전북공원묘원(묘지),37,사설,,공원묘지,공원묘지,공원묘지,,,매장호합장,"(상석,비석,1회설치비포함)10평",12000000
37,(재)지평선전북공원묘원(묘지),37,사설,,공원묘지,공원묘지,공원묘지,,,묘지사용료(장미묘역),.3㎡ 3.3㎡,12000000
37,(재)지평선전북공원묘원(묘지),37,사설,,공원묘지,공원묘지,공원묘지,,,묘지사용료(개나리묘역),.3㎡1 3.3㎡1,13000000
37,(재)지평선전북공원묘원(묘지),37,사설,,공원묘지,공원묘지,공원묘지,,,묘지사용료(개나리묘역),.3㎡1 3.3㎡1,14000000
37,(재)지평선전북공원묘원(묘지),37,사설,,공원묘지,공원묘지,공원묘지,,,묘지사용료(매화묘역),.3㎡1 3.3㎡1,15000000
37,(재)지평선전북공원묘원(묘지),37,사설,,공원묘지,공원묘지,공원묘지,,,매장호쌍장,"(상석,비석,1회설치비포함)14평",16800000
37,(재)지평선전북공원묘원(묘지),37,사설,,공원묘지,공원묘지,기타(관리비),,,관리비평 /1년,관리비1평 /1년,150000
38,(재)진달래문화재단,38,재단,무관,"공원묘지, 봉안당",공원묘지,공원묘지,,,묘지사용 관리비평당(년),,210000
38,(재)진달래문화재단,38,재단,무관,"공원묘지, 봉안당",공원묘지,공원묘지,,,평장 6위 set,"(비석,상석,화병,향로)6평 5년 관리비 포함,(각자비 별도)",195000000
38,(재)진달래문화재단,38,재단,무관,"공원묘지, 봉안당",공원묘지,공원묘지,,,평장 6위 set,"(비석,상석,화병,향로)6평 5년 관리비 포함,(각자비 별도)",219300000
38,(재)진달래문화재단,38,재단,무관,"공원묘지, 봉안당",공원묘지,공원묘지,,,평장 12위 set,"(비석,상석,화병,향로) 8평 5년 관리비 포함, (각자비 별도)",257400000
38,(재)진달래문화재단,38,재단,무관,"공원묘지, 봉안당",공원묘지,공원묘지,,,합장형 set,"(단대묘테,비석,상석,화병,향로)8평 5년 관리비 포함,(각자비 별도) (4단대묘테,비석,상석,화병,향로)8평 5년 관리비 포함,(각자비 별도)",277500000
38,(재)진달래문화재단,38,재단,무관,"공원묘지, 봉안당",공원묘지,공원묘지,,,평장 위 set,"(비석,상석,화병,향로)8평 5년 관리비 포함,(각자비 별도)",303400000
38,(재)진달래문화재단,38,재단,무관,"공원묘지, 봉안당",공원묘지,공원묘지,,,쌍분형 set,"(비석상석,화병,향로)12평 5년 관리비 포함,(각자비 별도)",399700000
38,(재)진달래문화재단,38,재단,무관,"공원묘지, 봉안당",공원묘지,봉안당,,,봉안묘 위 set,"(비석,상석,화병,향로)3평 5년 관리비 포함,(각자비 별도)",103150000
38,(재)진달래문화재단,38,재단,무관,"공원묘지, 봉안당",공원묘지,봉안당,,,봉안묘 4위 set,"(비석,상석,화병,향로)4평 5년 관리비 포함,(각자비 별도)",169200000
38,(재)진달래문화재단,38,재단,무관,"공원묘지, 봉안당",공원묘지,봉안당,,,봉안묘 위 set,"(비석,상석,화병,향로)6평 5년 관리비 포함,(각자비 별도)",211300000
38,(재)진달래문화재단,38,재단,무관,"공원묘지, 봉안당",공원묘지,봉안당,,,봉안묘 8위 set,"비석, 상석, 화병, 향로 포함, 6평, 5년 관리비 포함, 각자비 별도",251300000
38,(재)진달래문화재단,38,재단,무관,"공원묘지, 봉안당",공원묘지,봉안당,,,봉안묘 위 set,"(비석,상석,화병,향로)6평 5년 관리비 포함,(각자비 별도)",281300000
38,(재)진달래문화재단,38,재단,무관,"공원묘지, 봉안당",공원묘지,봉안당,,,봉안묘 위 set,"(비석,상석,화병,향로)8평 5년 관리비 포함,(각자비 별도)",395400000
38,(재)진달래문화재단,38,재단,무관,"공원묘지, 봉안당",공원묘지,기타(관리비),,,단장형 set,"(단소묘테/3단소묘테,비석,상석,화병,향로)6평 5년 관리비 포함,(각자비 별도)",214500000
38,(재)진달래문화재단,38,재단,무관,"공원묘지, 봉안당",공원묘지,기타(관리비),,,복합묘 +16위 set,"(비석,상석,화병,향로)8평 5년 관리비 포함,(각자비 별도)",404400000
38,(재)진달래문화재단,38,재단,무관,"공원묘지, 봉안당",공원묘지,기타(관리비),,,복합묘 +24위 set,"(비석,상석,화병,향로)8평 5년 관리비 포함,(각자비 별도)",416400000
39,(재)석계공원묘원,39,사설,무관,"봉안당, 공원묘지, 수목장","공원묘지, 봉안당, 수목장",공원묘지,,,"개장정리비, 개장 후 원상복구 작업비용",".5평,2평,2.5평 / 1.5평,2평,2.5평",4000000
39,(재)석계공원묘원,39,사설,무관,"봉안당, 공원묘지, 수목장","공원묘지, 봉안당, 수목장",공원묘지,,,매장묘기본형 set,".5평, 1.5평",4400000
39,(재)석계공원묘원,39,사설,무관,"봉안당, 공원묘지, 수목장","공원묘지, 봉안당, 수목장",공원묘지,,,개장정리비,5평 초과 4평 미만,5000000
39,(재)석계공원묘원,39,사설,무관,"봉안당, 공원묘지, 수목장","공원묘지, 봉안당, 수목장",공원묘지,,,매장묘고급형 set,".5평, 1.5평",5500000
39,(재)석계공원묘원,39,사설,무관,"봉안당, 공원묘지, 수목장","공원묘지, 봉안당, 수목장",공원묘지,,,개장정리비,"이상600,0001 개장정리비4평 이상",6000000
39,(재)석계공원묘원,39,사설,무관,"봉안당, 공원묘지, 수목장","공원묘지, 봉안당, 수목장",공원묘지,,,매장묘고급형 set,".5평, 1.5평",7700000
39,(재)석계공원묘원,39,사설,무관,"봉안당, 공원묘지, 수목장","공원묘지, 봉안당, 수목장",공원묘지,,,묘지 사용료,평당(3.3m2),13500000
39,(재)석계공원묘원,39,사설,무관,"봉안당, 공원묘지, 수목장","공원묘지, 봉안당, 수목장",봉안당,,,평장형 납골묘 기본형,"기, 2기",3850000
39,(재)석계공원묘원,39,사설,무관,"봉안당, 공원묘지, 수목장","공원묘지, 봉안당, 수목장",봉안당,,,평장형 납골묘 고급형,"기, 2기",6500000
39,(재)석계공원묘원,39,사설,무관,"봉안당, 공원묘지, 수목장","공원묘지, 봉안당, 수목장",봉안당,가족단,,가족 납골묘,"기, 4기",8250000
39,(재)석계공원묘원,39,사설,무관,"봉안당, 공원묘지, 수목장","공원묘지, 봉안당, 수목장",봉안당,,,평장형 납골묘,"1기, 2기, 최고급형",9900000
39,(재)석계공원묘원,39,사설,무관,"봉안당, 공원묘지, 수목장","공원묘지, 봉안당, 수목장",봉안당,가족단,,가족 납골묘,"기 고급형, 4기 고급형",16500000
39,(재)석계공원묘원,39,사설,무관,"봉안당, 공원묘지, 수목장","공원묘지, 봉안당, 수목장",봉안당,가족단,,가족 납골묘,"기, 4기",18700000
39,(재)석계공원묘원,39,사설,무관,"봉안당, 공원묘지, 수목장","공원묘지, 봉안당, 수목장",수목장,,,봉분잔디교체,"년 무상AS1, 1년 무상AS1",4000000
39,(재)석계공원묘원,39,사설,무관,"봉안당, 공원묘지, 수목장","공원묘지, 봉안당, 수목장",기타(관리비),,,년간 관리비평당,년간 관리비평당,200000
40,영락공원묘원,40,사설,무관,"봉안당, 공원묘지",,공원묘지,,,묘지사용료,"평, 1평",3500000
40,영락공원묘원,40,사설,무관,"봉안당, 공원묘지",,봉안당,,,년평,1,100000
40,영락공원묘원,40,사설,무관,"봉안당, 공원묘지",,봉안당,,,평1년,1평1년,110000
40,영락공원묘원,40,사설,무관,"봉안당, 공원묘지",,봉안당,,,각자대기,각자대1기,1000000
40,영락공원묘원,40,사설,무관,"봉안당, 공원묘지",,봉안당,,,년평,년평,3200000
40,영락공원묘원,40,사설,무관,"봉안당, 공원묘지",,봉안당,,,사용료평/년,사용료평/년,3200000
40,영락공원묘원,40,사설,무관,"봉안당, 공원묘지",,봉안당,,,평평,1 1평평,3500000
40,영락공원묘원,40,사설,무관,"봉안당, 공원묘지",,봉안당,,,야간 작업비,기존 작업비에 추가 야간 작업비기존 작업비에 추가,5000000
40,영락공원묘원,40,사설,무관,"봉안당, 공원묘지",,봉안당,,,상석외석물,"평, 1기, 2평",12700000
40,영락공원묘원,40,사설,무관,"봉안당, 공원묘지",,봉안당,,,둘레석,"평 1기 1, 2평 1기",16000000
40,영락공원묘원,40,사설,무관,"봉안당, 공원묘지",,봉안당,,,평 상석외석물,"1기 1,2평 상석외석물 1기",17550000
40,영락공원묘원,40,사설,무관,"봉안당, 공원묘지",,봉안당,,,둘레석,"평 1기, 2평 1기",20000000
40,영락공원묘원,40,사설,무관,"봉안당, 공원묘지",,기타(관리비),,,관리비평/년,,100000
40,영락공원묘원,40,사설,무관,"봉안당, 공원묘지",,기타(관리비),,,관리비평형,1년 기준 관리비1평형/1년 기준,110000
41,(재)자하연포천(묘지),41,사설,,"봉안당, 공원묘지",공원묘지,공원묘지,,,합장묘(기존)묘테,"비석, 상석, 화병, 작업비",300000000
41,(재)자하연포천(묘지),41,사설,,"봉안당, 공원묘지",공원묘지,봉안당,,,매장묘 봉안묘사용료,(평당),15000000
41,(재)자하연포천(묘지),41,사설,,"봉안당, 공원묘지",공원묘지,봉안당,개인단,,봉안묘 위봉안묘본체,"비석, 상석, 화병, 석물조립비",30000000
41,(재)자하연포천(묘지),41,사설,,"봉안당, 공원묘지",공원묘지,봉안당,,,봉안묘 위봉안묘본체,"비석, 상석, 화병, 석물조립비",85000000
41,(재)자하연포천(묘지),41,사설,불교,"봉안당, 공원묘지",공원묘지,봉안당,,,봉안묘 위(탑형),"봉안묘본체, 비석, 상석, 화병, 석물조립비",93880000
41,(재)자하연포천(묘지),41,사설,,"봉안당, 공원묘지",공원묘지,봉안당,,,봉안묘 위(와형)봉안묘본체,"비석, 상석, 화병, 석물조립비",104200000
41,(재)자하연포천(묘지),41,사설,,"봉안당, 공원묘지",공원묘지,봉안당,,,봉안묘 위,"봉안묘본체, 비석, 상석, 화병, 석물조립비",135000000
41,(재)자하연포천(묘지),41,사설,,"봉안당, 공원묘지",공원묘지,봉안당,,,봉안묘 위봉안묘본체,"비석, 상석, 화병, 석물조립비",165000000
41,(재)자하연포천(묘지),41,사설,불교,"봉안당, 공원묘지",공원묘지,봉안당,,,봉안묘 위(탑형),"봉안묘본체, 비석, 상석, 화병, 석물조립비",215000000
41,(재)자하연포천(묘지),41,사설,,"봉안당, 공원묘지",공원묘지,봉안당,,,봉안묘 위(와형)봉안묘본체,"비석, 상석, 화병, 석물조립비",235000000
41,(재)자하연포천(묘지),41,사설,,"봉안당, 공원묘지",공원묘지,봉안당,,,봉안묘 위(와형)봉안묘본체,"비석, 상석, 화병, 석물조립비1",265000000
41,(재)자하연포천(묘지),41,사설,불교,"봉안당, 공원묘지",공원묘지,봉안당,,,봉안묘 위(탑형),"봉안묘본체, 비석, 상석, 화병, 석물조립비",305000000
41,(재)자하연포천(묘지),41,사설,,"봉안당, 공원묘지",공원묘지,기타(관리비),,,관리비,년 관리비(평당) 관리비1년 관리비(평당),250000
42,별그리다(THE HILL),42,사설,무관,공원묘지,"공원묘지, 수목장",공원묘지,,,관리비(합장형),"년 기준(3,5년 선납시 할인율 적용) 1년 기준(3,5년 선납시 할인율 적용)",3900000
42,별그리다(THE HILL),42,사설,무관,공원묘지,"공원묘지, 수목장",공원묘지,,,토지사용료합장형,(㎡)1 (15㎡)1,150000000
42,별그리다(THE HILL),42,사설,무관,공원묘지,"공원묘지, 수목장",공원묘지,,,토지사용료(THE PROUD)합장형,(㎡)1 토지사용료(THE PROUD)합장형(15㎡)1,195000000
42,별그리다(THE HILL),42,사설,무관,공원묘지,"공원묘지, 수목장",공원묘지,,,석물설치비합장형,(㎡)(상세금액 별도) 석물설치비합장형(15㎡)(상세금액 별도),198000000
42,별그리다(THE HILL),42,사설,무관,공원묘지,"공원묘지, 수목장",공원묘지,,,석물설치비(THE PROUD)합장형,(㎡)(상세금액 별도),211200000
42,별그리다(THE HILL),42,사설,무관,공원묘지,"공원묘지, 수목장",기타,,,제사상제사상,주문가능 주문가능,230000
42,별그리다(THE HILL),42,사설,무관,공원묘지,"공원묘지, 수목장",기타,,,"우거지국, 육개장, 북어국","식사식사, 중 택1, 기본찬",412000
42,별그리다(THE HILL),42,사설,무관,공원묘지,"공원묘지, 수목장",기타(관리비),,,관리비(단장형),"년/1년 기준 (3,5년 선납시 할인율 적용)",2600000
42,별그리다(THE HILL),42,사설,무관,공원묘지,"공원묘지, 수목장",기타,,,토지사용료단장형,"10㎡, ㎡",100000000
42,별그리다(THE HILL),42,사설,무관,공원묘지,"공원묘지, 수목장",기타,,,토지사용료,(THE PROUD)단장형(㎡),130000000
42,별그리다(THE HILL),42,사설,무관,공원묘지,"공원묘지, 수목장",기타,,,석물설치비단장형,(㎡)(상세금액 별도) (10㎡)(상세금액 별도),154000000
42,별그리다(THE HILL),42,사설,무관,공원묘지,"공원묘지, 수목장",기타,,,석물설치비(THE PROUD)단장형,(㎡)(상세금액 별도),178200000
43,(재)경맥백합공원,43,사설,무관,"공원묘지, 봉안당",공원묘지,공원묘지,,,꽃병,1 쌍,160000
43,(재)경맥백합공원,43,사설,무관,"공원묘지, 봉안당",공원묘지,공원묘지,,,기본화월석,* 35 * 4 cm 67 * 35 * 4 cm,200000
43,(재)경맥백합공원,43,사설,무관,"공원묘지, 봉안당",공원묘지,공원묘지,,,기본상석,36 * 12 cm 기본상석67 * 36 * 12 cm,450000
43,(재)경맥백합공원,43,사설,무관,"공원묘지, 봉안당",공원묘지,공원묘지,,,기본비석,* 24 * 11 cm 기본비석70 * 24 * 11 cm,600000
43,(재)경맥백합공원,43,사설,무관,"공원묘지, 봉안당",공원묘지,공원묘지,,,"평장2기형, 평장기형",90 * 50 * 50 cm,1650000
43,(재)경맥백합공원,43,사설,무관,"공원묘지, 봉안당",공원묘지,공원묘지,,,상석 (애석)셋트,"* 51 * 18 cm, 81 * 51 * 18 cm",2000000
43,(재)경맥백합공원,43,사설,무관,"공원묘지, 봉안당",공원묘지,공원묘지,,,상석(애석)셋트,"* 60 * 21 cm, 91 * 60 * 21 cm",2100000
43,(재)경맥백합공원,43,사설,무관,"공원묘지, 봉안당",공원묘지,공원묘지,,,원둘레석,"cm, 260 cm",2200000
43,(재)경맥백합공원,43,사설,무관,"공원묘지, 봉안당",공원묘지,공원묘지,,,사각둘레석,"* 133 * 54 cm, 227 * 133 * 54 cm",2400000
43,(재)경맥백합공원,43,사설,무관,"공원묘지, 봉안당",공원묘지,공원묘지,,,묘지사용료,m2 당,3030000
43,(재)경맥백합공원,43,사설,무관,"공원묘지, 봉안당",공원묘지,봉안당,,,납골분묘,기형/2기형 100 * 63 * 60 cm,3700000
43,(재)경맥백합공원,43,사설,무관,"공원묘지, 봉안당",공원묘지,봉안당,,,납골분묘,"4기형, 기형 (106 * 106 * 69 cm)",6200000
43,(재)경맥백합공원,43,사설,무관,"공원묘지, 봉안당",공원묘지,기타(관리비),,,관리비 m2 당,관리비1 m2 당,45000
44,(재)한남공원묘원,44,사설,무관,"공원묘지, 봉안당","봉안당, 공원묘지",공원묘지,,,단묘테 합장용1단묘테,"비석,상석,화병포함",2880000
44,(재)한남공원묘원,44,사설,무관,"공원묘지, 봉안당","봉안당, 공원묘지",공원묘지,,,합장용2단묘테,"단묘테, 2단묘테, 비석, 상석, 화병포함",4080000
44,(재)한남공원묘원,44,사설,무관,"공원묘지, 봉안당","봉안당, 공원묘지",공원묘지,,,단묘테 합장용(신형),"3단묘테,비석,상석 화병포함",6010000
44,(재)한남공원묘원,44,사설,무관,"공원묘지, 봉안당","봉안당, 공원묘지",공원묘지,,,4단묘테,"단묘테 합장용, 갓비석,상석,화병포함",6850000
44,(재)한남공원묘원,44,사설,무관,"공원묘지, 봉안당","봉안당, 공원묘지",봉안당,,,"2위형 봉안묘, 위형 봉안묘","2위봉안묘본체,비석,상석,화병포함",3000000
44,(재)한남공원묘원,44,사설,무관,"공원묘지, 봉안당","봉안당, 공원묘지",봉안당,,,위형 봉안묘4위봉안묘,"본체,비석,상석,화병포함",3500000
44,(재)한남공원묘원,44,사설,무관,"공원묘지, 봉안당","봉안당, 공원묘지",봉안당,,,위형 봉안묘8위봉안묘,"본체,비석,상석,화병포함",5000000
44,(재)한남공원묘원,44,사설,무관,"공원묘지, 봉안당","봉안당, 공원묘지",봉안당,,,매장묘 봉안묘,사용료 (m2),5811900
44,(재)한남공원묘원,44,사설,무관,"공원묘지, 봉안당","봉안당, 공원묘지",봉안당,,,12위형 봉안묘,"12위봉안묘본체, 비석, 상석, 화병포함",6500000
44,(재)한남공원묘원,44,사설,무관,"공원묘지, 봉안당","봉안당, 공원묘지",봉안당,,,위형 봉안묘16위,"봉안묘본체,비석,상석,화병포함",8500000
44,(재)한남공원묘원,44,사설,무관,"공원묘지, 봉안당","봉안당, 공원묘지",봉안당,,,위형 봉안묘,"20위봉안묘본체,비석,상석,화병포함",9600000
44,(재)한남공원묘원,44,사설,무관,"공원묘지, 봉안당","봉안당, 공원묘지",봉안당,,,위형 봉안묘,"24위봉안묘본체,비석,상석,화병포함",10530000
44,(재)한남공원묘원,44,사설,무관,"공원묘지, 봉안당","봉안당, 공원묘지",기타(관리비),,,관리비년간 관리비,(m ) (m2 ),56600
45,충주공원묘원,45,사설,무관,공원묘지,공원묘지,공원묘지,,,식당사용료음식제공은 하지않음,,1200000
45,충주공원묘원,45,사설,무관,공원묘지,공원묘지,공원묘지,,,사초비일반,사초비일반,4000000
45,충주공원묘원,45,사설,무관,공원묘지,공원묘지,공원묘지,,,사초비일반사초외 특수한경우,사초비일반사초외 특수한경우,5000000
45,충주공원묘원,45,사설,무관,공원묘지,공원묘지,공원묘지,,,개장청소비본인페기물처리시 비용없음,개장청소비본인페기물처리시 비용없음,5000000
45,충주공원묘원,45,사설,무관,공원묘지,공원묘지,공원묘지,,,개장청소비(특수묘),본인페기물처리시 비용없음,6000000
45,충주공원묘원,45,사설,무관,공원묘지,공원묘지,공원묘지,,,묘지사용료평당,묘지사용료평당1,6500000
45,충주공원묘원,45,사설,무관,공원묘지,공원묘지,공원묘지,,,묘테석일반,묘테석일반1,8800000
45,충주공원묘원,45,사설,무관,공원묘지,공원묘지,공원묘지,,,상석일반,,8800000
45,충주공원묘원,45,사설,무관,공원묘지,공원묘지,공원묘지,,,매장비일반,매장비일반,14000000
45,충주공원묘원,45,사설,무관,공원묘지,공원묘지,공원묘지,,,매장비특수,매장비특수,17000000
45,충주공원묘원,45,사설,무관,공원묘지,공원묘지,기타(관리비),,,관리비연평당,"(5년분부과) 관리비연,평당",120000
46,동화경모공원(묘지),46,사설,무관,공원묘지,"봉안당, 공원묘지",공원묘지,,,휴일추가비기타,휴일추가비기타,120000
46,동화경모공원(묘지),46,사설,무관,공원묘지,"봉안당, 공원묘지",공원묘지,,,비문각자비용글자 당 비용추가,비문각자비용글자 당 비용추가,200000
46,동화경모공원(묘지),46,사설,무관,공원묘지,"봉안당, 공원묘지",공원묘지,,,석실대리석 등,기당 석실대리석 등,300000
46,동화경모공원(묘지),46,사설,무관,공원묘지,"봉안당, 공원묘지",공원묘지,,,석관대리석 등,"기당 석관대리석 등, 기당",400000
46,동화경모공원(묘지),46,사설,무관,공원묘지,"봉안당, 공원묘지",공원묘지,,,석물해체비대리석 등,,990000
46,동화경모공원(묘지),46,사설,무관,공원묘지,"봉안당, 공원묘지",공원묘지,,,묘지관리비평당/년간,묘지관리비평당/년간,1246700
46,동화경모공원(묘지),46,사설,무관,공원묘지,"봉안당, 공원묘지",공원묘지,,,석실대리석,"기, 6기 등",1500000
46,동화경모공원(묘지),46,사설,무관,공원묘지,"봉안당, 공원묘지",공원묘지,,,매장료 휴일추가비매장/건당,매장료 휴일추가비매장/건당,1800000
46,동화경모공원(묘지),46,사설,무관,공원묘지,"봉안당, 공원묘지",공원묘지,,,석물세트비대리석 등,,1980000
46,동화경모공원(묘지),46,사설,무관,공원묘지,"봉안당, 공원묘지",공원묘지,,,매장료 동시합장시매장,동시합장시 매장료 동시합장시매장/동시합장시,2000000
46,동화경모공원(묘지),46,사설,무관,공원묘지,"봉안당, 공원묘지",공원묘지,,,매장료매장/건당,,11000000
46,동화경모공원(묘지),46,사설,무관,공원묘지,"봉안당, 공원묘지",공원묘지,,,묘지사용료평당,묘지사용료평당1,13333330
47,양양군공설묘원,47,공설,무관,공원묘지,공원묘지,공원묘지,,,매장비단장묘,매장비단장묘,240000
47,양양군공설묘원,47,공설,무관,공원묘지,공원묘지,공원묘지,,,매장비합장묘,매장비합장묘,240000
47,양양군공설묘원,47,공설,무관,공원묘지,공원묘지,공원묘지,,,석물비합장묘,석물비합장묘,240000
47,양양군공설묘원,47,공설,무관,공원묘지,공원묘지,공원묘지,,,석물비단장묘,석물비단장묘,880000
47,양양군공설묘원,47,공설,무관,공원묘지,공원묘지,공원묘지,가족단,,사용료단장묘,"수급자,독립유공자,국가유공자,유가족",2594400
47,양양군공설묘원,47,공설,무관,공원묘지,공원묘지,공원묘지,,,사용료단장묘,"수급자,독립유공자,국가유공자,유가족",3594400
47,양양군공설묘원,47,공설,무관,공원묘지,공원묘지,공원묘지,,,관리비합장묘,관리비합장묘1,3600000
47,양양군공설묘원,47,공설,무관,공원묘지,공원묘지,공원묘지,가족단,,관리비합장묘,"수급자, 독립유공자, 국가유공자, 유가족",3600000
47,양양군공설묘원,47,공설,무관,공원묘지,공원묘지,공원묘지,,,사용료합장묘,사용료합장묘,5271700
47,양양군공설묘원,47,공설,무관,공원묘지,공원묘지,공원묘지,가족단,,사용료합장묘,"수급자,독립유공자,국가유공자,유가족",5271700
47,양양군공설묘원,47,공설,무관,공원묘지,공원묘지,기타(관리비),,,관리비단장묘,관리비단장묘,2400000
47,양양군공설묘원,47,공설,무관,공원묘지,공원묘지,기타(관리비),가족단,,관리비단장묘,"수급자,독립유공자,국가유공자,유가족",2400000
48,대정공원묘원,48,사설,무관,공원묘지,공원묘지,공원묘지,,,묘지관리비,"평 기준 (1년), 1평 기준 (1년)",160000
48,대정공원묘원,48,사설,무관,공원묘지,공원묘지,공원묘지,,,석 주중국산,석 주중국산,350000
48,대정공원묘원,48,사설,무관,공원묘지,공원묘지,공원묘지,,,경계석,"m 중국산, 1m 중국산",350000
48,대정공원묘원,48,사설,무관,공원묘지,공원묘지,공원묘지,,,향 로,중국산,495000
48,대정공원묘원,48,사설,무관,공원묘지,공원묘지,공원묘지,,,꽃 병,개 중국산 2개 중국산,495000
48,대정공원묘원,48,사설,무관,공원묘지,공원묘지,공원묘지,가족단,,비석조각대 (글새김)가족비석,기준,660000
48,대정공원묘원,48,사설,무관,공원묘지,공원묘지,공원묘지,,,둘레석1단+월석,중국산,1320000
48,대정공원묘원,48,사설,무관,공원묘지,공원묘지,공원묘지,,,오석비석,".5(105× 35× 15㎝) 인도산, 3.5(105× 35× 15㎝) 인도산",2420000
48,대정공원묘원,48,사설,무관,공원묘지,공원묘지,공원묘지,,,"오석상석.0, 오석상석3.0",(90× 60× 18㎝) 인도산,2420000
48,대정공원묘원,48,사설,무관,공원묘지,공원묘지,공원묘지,,,"둘레석단, 둘레석3단",국내산 화강암,3850000
48,대정공원묘원,48,사설,무관,공원묘지,공원묘지,공원묘지,,,묘지사용료,"평 기준, 1평 기준",7000000
48,대정공원묘원,48,사설,무관,공원묘지,공원묘지,공원묘지,,,시신매장작업비,1기당,17000000
49,천주교혜화동성당 포천묘원,49,사설,천주교,"수목장, 공원묘지",공원묘지,공원묘지,,,비석글씨,비석에 글씨만 추가할 경우,500000
49,천주교혜화동성당 포천묘원,49,사설,천주교,"수목장, 공원묘지",공원묘지,공원묘지,,,상석(화병포함),".5尺×750mm×480mm, 2.5尺×750mm×480mm",715000
49,천주교혜화동성당 포천묘원,49,사설,천주교,"수목장, 공원묘지",공원묘지,공원묘지,,,피와비석(각인포함),"0.3尺×700mm×450mm, 2.3尺×700mm×450mm",880000
49,천주교혜화동성당 포천묘원,49,사설,천주교,"수목장, 공원묘지",공원묘지,공원묘지,,,단 단장 묘테석,5.0尺×7.2尺×0.8尺,1100000
49,천주교혜화동성당 포천묘원,49,사설,천주교,"수목장, 공원묘지",공원묘지,공원묘지,,,단 합장 묘테석,5.5尺×7.2尺×0.8尺,1320000
49,천주교혜화동성당 포천묘원,49,사설,천주교,"수목장, 공원묘지",공원묘지,공원묘지,,,단장 묘테석,"단, 2단, 5.0尺×7.2尺×1.9尺",2200000
49,천주교혜화동성당 포천묘원,49,사설,천주교,"수목장, 공원묘지",공원묘지,공원묘지,,,"2단 합장 묘테석, 단 합장 묘테석",5.5尺×7.2尺×1.9尺,2310000
49,천주교혜화동성당 포천묘원,49,사설,천주교,"수목장, 공원묘지",공원묘지,공원묘지,,,평당 매장묘9.9*9.9,(1평 묘지사용허가료),10000000
49,천주교혜화동성당 포천묘원,49,사설,천주교,"수목장, 공원묘지",공원묘지,수목장,,,잔디봉분당 비용,,350000
49,천주교혜화동성당 포천묘원,49,사설,천주교,"수목장, 공원묘지",공원묘지,기타(관리비),,,평당9.9*9.9,(1평 관리비),100000
50,광주공원묘원,50,사설,무관,"공원묘지, 봉안당","공원묘지, 봉안당",공원묘지,,,묘지관리비,1년간 관리비 (3.3m2),154000
50,광주공원묘원,50,사설,무관,"공원묘지, 봉안당","공원묘지, 봉안당",공원묘지,,,단장묘단미니묘테,"60cm비석,60cm화강상석 화병2",21560000
50,광주공원묘원,50,사설,무관,"공원묘지, 봉안당","공원묘지, 봉안당",공원묘지,,,단장묘단,"1.1*2.1묘테,60cm비석,60cm화강상석, 화병",23045000
50,광주공원묘원,50,사설,무관,"공원묘지, 봉안당","공원묘지, 봉안당",공원묘지,,,합장묘각묘테,"중,90cm갓비석, 중cm갓비석, 75cm화강상석, 화병",44748000
50,광주공원묘원,50,사설,무관,"공원묘지, 봉안당","공원묘지, 봉안당",공원묘지,,,합장묘각묘테-대,"90cm갓비석, 75cm화강상석, 화병",49907000
50,광주공원묘원,50,사설,무관,"공원묘지, 봉안당","공원묘지, 봉안당",공원묘지,,,합장묘각묘테-특cm갓비석,"90cm화강상석,화병7",72006000
50,광주공원묘원,50,사설,무관,"공원묘지, 봉안당","공원묘지, 봉안당",봉안당,,,매장묘 봉안묘묘지사용료,"(.3 m2), (3.3 m2)",18951000
50,광주공원묘원,50,사설,무관,"공원묘지, 봉안당","공원묘지, 봉안당",봉안당,,,봉안묘,"인봉안2인, 60cm피아노비석,60cm화강상석,화병",40326000
50,광주공원묘원,50,사설,무관,"공원묘지, 봉안당","공원묘지, 봉안당",봉안당,,,봉안묘4인봉안4인,"75cm화강비석,75cm화강상석,화병6",61039000
50,광주공원묘원,50,사설,무관,"공원묘지, 봉안당","공원묘지, 봉안당",봉안당,,,봉안인봉안6인,"75cm화강비석,75cm화강상석,화병7",76043000
51,영모묘원,51,사설,불교,"공원묘지, 봉안당, 수목장","봉안당, 공원묘지",공원묘지,,,비석,㎝x38㎝x12㎝ 53㎝x38㎝x12㎝,200000
51,영모묘원,51,사설,불교,"공원묘지, 봉안당, 수목장","봉안당, 공원묘지",공원묘지,,,석관분묘,바탕을 제외한 모든곳에 개 설치 바탕을 제외한 모든곳에 7개 설치,200000
51,영모묘원,51,사설,불교,"공원묘지, 봉안당, 수목장","봉안당, 공원묘지",공원묘지,,,묘지 선납,"년단위, 10년단위, (1년)",6000000
51,영모묘원,51,사설,불교,"공원묘지, 봉안당, 수목장","봉안당, 공원묘지",공원묘지,부부단,,묘지부부합장묘,추가비용,15000000
51,영모묘원,51,사설,불교,"공원묘지, 봉안당, 수목장","봉안당, 공원묘지",공원묘지,,,묘지,5㎡ / 30년간 사용/상단 묘지구역,150000000
51,영모묘원,51,사설,불교,"공원묘지, 봉안당, 수목장","봉안당, 공원묘지",공원묘지,,,묘지,"㎡, 5㎡ / 30년간 사용 / 하단 묘지구역1",200000000
51,영모묘원,51,사설,불교,"공원묘지, 봉안당, 수목장","봉안당, 공원묘지",봉안당,,,봉안당년단위 선납,"(1년50,000원) 봉안당10년단위 선납(1년50,000원)",5000000
51,영모묘원,51,사설,불교,"공원묘지, 봉안당, 수목장","봉안당, 공원묘지",수목장,,,자연장 30cm*30cm,"표석없음, 관리비없음, 기간은 영구",15000000
52,칠량자연공원묘원,52,사설,무관,"봉안당, 공원묘지",공원묘지,공원묘지,,,매장묘,(최장 년)1기당(26.4㎡) (최장 60년)1기당(26.4㎡),30000000
52,칠량자연공원묘원,52,사설,무관,"봉안당, 공원묘지",공원묘지,공원묘지,,,매장묘,(최장 60년)1기당(26.4㎡)1,60000000
52,칠량자연공원묘원,52,사설,무관,"봉안당, 공원묘지",공원묘지,봉안당,개인단,,봉안담,(기간없음)위,8000000
52,칠량자연공원묘원,52,사설,무관,"봉안당, 공원묘지",공원묘지,봉안당,개인단,,봉안담,(기간없음)위 (기간없음)1위,8000000
52,칠량자연공원묘원,52,사설,무관,"봉안당, 공원묘지",공원묘지,봉안당,,,미래형 봉안묘,(기간없음)기당(33㎡) (기간없음)기당(33㎡),30000000
52,칠량자연공원묘원,52,사설,무관,"봉안당, 공원묘지",공원묘지,봉안당,,,한국형 봉안묘,기간없음 1기당 33㎡,30000000
52,칠량자연공원묘원,52,사설,무관,"봉안당, 공원묘지",공원묘지,봉안당,,,석실 봉안묘,(기간없음)기당(33㎡),30000000
52,칠량자연공원묘원,52,사설,무관,"봉안당, 공원묘지",공원묘지,봉안당,,,미래형 봉안묘,(기간없음)기당(33㎡)㎡,100000000
52,칠량자연공원묘원,52,사설,무관,"봉안당, 공원묘지",공원묘지,봉안당,,,한국형 봉안묘,(기간없음)기당(33㎡) (기간없음)1기당(33㎡),100000000
52,칠량자연공원묘원,52,사설,무관,"봉안당, 공원묘지",공원묘지,봉안당,,,석실 봉안묘,(기간없음)기당(33㎡)1 (기간없음)1기당(33㎡)1,100000000
53,(재)봉황공원묘지,53,사설,무관,공원묘지,공원묘지,공원묘지,,,꽃병국산,,66000
53,(재)봉황공원묘지,53,사설,무관,공원묘지,공원묘지,공원묘지,,,잔듸국산,잔듸국산,100000
53,(재)봉황공원묘지,53,사설,무관,공원묘지,공원묘지,공원묘지,,,석관국산,석관국산,143000
53,(재)봉황공원묘지,53,사설,무관,공원묘지,공원묘지,공원묘지,,,좌대,"*250*200 (국산 황등석), 900*250*200 (국산 황등석)",321000
53,(재)봉황공원묘지,53,사설,무관,공원묘지,공원묘지,공원묘지,,,상석,(국산 황등석) 상석 (국산 황등석),705000
53,(재)봉황공원묘지,53,사설,무관,공원묘지,공원묘지,공원묘지,,,오석국산,오석국산,926000
53,(재)봉황공원묘지,53,사설,무관,공원묘지,공원묘지,공원묘지,,,둘레석,"*180*100(국산 황등석), 1400*180*100(국산 황등석)",1145000
53,(재)봉황공원묘지,53,사설,무관,공원묘지,공원묘지,공원묘지,,,용역비직원,,1194000
53,(재)봉황공원묘지,53,사설,무관,공원묘지,공원묘지,공원묘지,,,묘지사용료평당,묘지사용료평당1,8404000
53,(재)봉황공원묘지,53,사설,무관,공원묘지,공원묘지,기타(관리비),,,연간관리비평당(부가세별도),연간관리비평당(부가세별도),152000
54,(재)우성공원묘원,54,사설,무관,공원묘지,"봉안당, 공원묘지",공원묘지,,,묘지사용료,.3m2 1년 기준 3.3m2 1년 기준,16000000
54,(재)우성공원묘원,54,사설,무관,공원묘지,"봉안당, 공원묘지",공원묘지,개인단,,일반실 개인평균가,일반실 개인평균가,49400000
54,(재)우성공원묘원,54,사설,무관,공원묘지,"봉안당, 공원묘지",공원묘지,개인단,,고급실 개인평균가,고급실 개인평균가,72800000
54,(재)우성공원묘원,54,사설,무관,공원묘지,"봉안당, 공원묘지",공원묘지,부부단,,일반실 부부평균가,,95100000
54,(재)우성공원묘원,54,사설,무관,공원묘지,"봉안당, 공원묘지",공원묘지,부부단,,고급실 부부평균가,고급실 부부평균가,152100000
54,(재)우성공원묘원,54,사설,무관,공원묘지,"봉안당, 공원묘지",기타(관리비),,,연간관리비,.3m2 1년 기준 / 3.3m2 1년 기준,170000
54,(재)우성공원묘원,54,사설,무관,공원묘지,"봉안당, 공원묘지",기타(관리비),개인단,,일반실 개인 관리비,"년 기준, 1년 기준",410000
54,(재)우성공원묘원,54,사설,무관,공원묘지,"봉안당, 공원묘지",기타(관리비),개인단,,고급실 개인 관리비,년 기준,510000
54,(재)우성공원묘원,54,사설,무관,공원묘지,"봉안당, 공원묘지",기타(관리비),부부단,,일반실 부부 관리비,년 기준 1년 기준,820000
54,(재)우성공원묘원,54,사설,무관,공원묘지,"봉안당, 공원묘지",기타(관리비),부부단,,고급실 부부 관리비,1년 기준,920000
55,동해시하늘정원묘지,55,공설,무관,공원묘지,봉안당,공원묘지,,관내,공설묘원 매장비(단장하절기),이용자격:동해시민 사용기간:15년,3600000
55,동해시하늘정원묘지,55,공설,무관,공원묘지,봉안당,공원묘지,,관내,공설묘원 관리비(합장),"이용자격:동해시민 사용기간:년, 15년",3600000
55,동해시하늘정원묘지,55,공설,무관,공원묘지,봉안당,공원묘지,,관내,공설묘원 매장비(합장하절기),이용자격:동해시민 사용기간:15년,3600000
55,동해시하늘정원묘지,55,공설,무관,공원묘지,봉안당,공원묘지,,관내,공설묘원 매장비(단장동절기),이용자격:동해시민 사용기간:15년1,4000000
55,동해시하늘정원묘지,55,공설,무관,공원묘지,봉안당,공원묘지,,관내,공설묘원 매장비(합장동절기),이용자격:동해시민 사용기간:15년,4000000
55,동해시하늘정원묘지,55,공설,무관,공원묘지,봉안당,공원묘지,,관내,공설묘원 사용료(단장),이용자격:동해시민 사용기간:년1 이용자격:동해시민 사용기간:15년1,6600000
55,동해시하늘정원묘지,55,공설,무관,공원묘지,봉안당,공원묘지,,관내,공설묘원 석물비(단장),이용자격:동해시민 사용기간:15년,9380000
55,동해시하늘정원묘지,55,공설,무관,공원묘지,봉안당,공원묘지,,관내,공설묘원 사용료(합장),이용자격:동해시민 사용기간:년 사용기간:15년,9600000
55,동해시하늘정원묘지,55,공설,무관,공원묘지,봉안당,공원묘지,,관내,공설묘원 석물비(합장),"이용자격:동해시민 사용기간:년, 이용자격:동해시민 사용기간:15년",10600000
55,동해시하늘정원묘지,55,공설,무관,공원묘지,봉안당,기타(관리비),,관내,공설묘원 관리비(단장),이용자격:동해시민 사용기간:년 이용자격:동해시민 사용기간:15년,2400000
56,(재)용인공원(묘지),56,사설,,"공원묘지, 봉안당",공원묘지,공원묘지,,,일반묘지,"년, 1년, 평당 단가",250000
56,(재)용인공원(묘지),56,사설,,"공원묘지, 봉안당",공원묘지,공원묘지,,,정명지묘지조성,정명지묘지조성에 대한 원가요소별 산정금액임. 정명지묘지조성에 대한 원가요소별 산정금액임.,26200000
56,(재)용인공원(묘지),56,사설,,"공원묘지, 봉안당",공원묘지,공원묘지,,,매장지묘지조성,원가요소별 산정금액임,31800000
56,(재)용인공원(묘지),56,사설,,"공원묘지, 봉안당",공원묘지,공원묘지,,,천명지묘지조성,에 대한 원가요소별 산정금액임.,53400000
56,(재)용인공원(묘지),56,사설,,"공원묘지, 봉안당",공원묘지,봉안당,,,봉안묘묘지조성,봉안묘묘지조성에 대한 원가요소별 산정금액임.,41700000
56,(재)용인공원(묘지),56,사설,,"공원묘지, 봉안당",공원묘지,기타(관리비),,,조경관리비 청구,조경지조경관리 대상 묘역 추가,250000
57,함안군공설추모공원,57,공설,무관,공원묘지,"봉안당, 공원묘지",공원묘지,,관내,단장-추모공원 평장 관리비,"(관내)기당,최초15년",1000000
57,함안군공설추모공원,57,공설,무관,공원묘지,"봉안당, 공원묘지",공원묘지,,관내,합장-추모공원 평장 관리비,"(관내+관내)기당, 최초15년1",2000000
57,함안군공설추모공원,57,공설,무관,공원묘지,"봉안당, 공원묘지",공원묘지,,관내,단장-추모공원 평장,"사용료(관내)기당,최초15년",2700000
57,함안군공설추모공원,57,공설,무관,공원묘지,"봉안당, 공원묘지",공원묘지,,관외,단장-추모공원 평장 관리비,"(관외)기당,최초15년",3000000
57,함안군공설추모공원,57,공설,무관,공원묘지,"봉안당, 공원묘지",공원묘지,,관내,합장-추모공원 평장 관리비,"(관내+관외)1기당, 최초15년",4000000
57,함안군공설추모공원,57,공설,무관,공원묘지,"봉안당, 공원묘지",공원묘지,,관내,합장-추모공원 평장 사용료,"(관내+관내)기당, 최초15년",4200000
57,함안군공설추모공원,57,공설,무관,공원묘지,"봉안당, 공원묘지",공원묘지,,관외,합장-추모공원 평장 관리비,"(관외+관외)기당, 최초15년",6000000
57,함안군공설추모공원,57,공설,무관,공원묘지,"봉안당, 공원묘지",공원묘지,,관외,단장-추모공원 평장 사용료,"(관외)기당,최초15년",12500000
57,함안군공설추모공원,57,공설,무관,공원묘지,"봉안당, 공원묘지",공원묘지,,관내,합장-추모공원 평장 사용료,"(관내+관외)기당, 최초15년",14000000
57,함안군공설추모공원,57,공설,무관,공원묘지,"봉안당, 공원묘지",공원묘지,,관외,합장-추모공원 평장 사용료,"(관외+관외)기당, 최초15년1",20000000
58,(재)경주공원묘원,58,사설,무관,공원묘지,공원묘지,공원묘지,,,사용료,/1㎡(/1평),3327480
58,(재)경주공원묘원,58,사설,무관,공원묘지,공원묘지,공원묘지,,,보급형보급형(SET),,3500000
58,(재)경주공원묘원,58,사설,무관,공원묘지,공원묘지,공원묘지,,,매장묘(보급형),"둘레석,표석,상석,향로,꽃병(SET)",5000000
58,(재)경주공원묘원,58,사설,무관,공원묘지,공원묘지,공원묘지,,,고급형고급형(SET),고급형고급형(SET),5000000
58,(재)경주공원묘원,58,사설,무관,공원묘지,공원묘지,공원묘지,,,장례비,.3058㎡ 3.3058㎡,5000000
58,(재)경주공원묘원,58,사설,무관,공원묘지,공원묘지,공원묘지,,,구름보급형구름보급형(SET),,6500000
58,(재)경주공원묘원,58,사설,무관,공원묘지,공원묘지,공원묘지,,,매장묘(고급형),"둘레석표석,상석,향로,꽃병(SET)",7500000
58,(재)경주공원묘원,58,사설,무관,공원묘지,공원묘지,공원묘지,,,예술보급형예술보급형(SET),,7500000
58,(재)경주공원묘원,58,사설,무관,공원묘지,공원묘지,기타(관리비),,,관리비,1㎡ (1평),45380
59,남한강공원묘원,59,사설,무관,공원묘지,공원묘지,공원묘지,,,매장 작업비구당,매장 작업비구당,1900000
59,남한강공원묘원,59,사설,무관,공원묘지,공원묘지,공원묘지,,,매장묘 단 합장 외 3종,"1단묘테,비석,상석,화병",2920000
59,남한강공원묘원,59,사설,무관,공원묘지,공원묘지,공원묘지,,,매장묘 3단 합장,"외 3종(소)3단묘테,비석,상석,화병",4320000
59,남한강공원묘원,59,사설,무관,공원묘지,공원묘지,공원묘지,,,매장묘 단 합장 외 3종,"(신)3단묘테,비석,상석,화병",5240000
59,남한강공원묘원,59,사설,무관,공원묘지,공원묘지,공원묘지,,,매장묘 단 합장 외 3종,"(본)3단묘테,비석,상석,화병",6030000
59,남한강공원묘원,59,사설,무관,공원묘지,공원묘지,공원묘지,,,매장묘 단 합장 외 3종(특),"3단묘테,비석,상석,화병",6280000
59,남한강공원묘원,59,사설,무관,공원묘지,공원묘지,공원묘지,,,묘지사용료,".3 m2, 3.3 m2",215770000
59,남한강공원묘원,59,사설,무관,공원묘지,공원묘지,기타(관리비),,,관리비,.3 m2 3.3 m2,2184000
60,(재)조양공원,60,사설,무관,"공원묘지, 봉안당",공원묘지,공원묘지,,,묘지관리,.3m2당/1년 3.3m2당/1년,140000
60,(재)조양공원,60,사설,무관,"공원묘지, 봉안당",공원묘지,공원묘지,,,"오석, 오석2",.575cm,700000
60,(재)조양공원,60,사설,무관,"공원묘지, 봉안당",공원묘지,공원묘지,,,애석,.266cm 애석2.266cm,900000
60,(재)조양공원,60,사설,무관,"공원묘지, 봉안당",공원묘지,공원묘지,,,묘지대,3.3m2당,13000000
60,(재)조양공원,60,사설,무관,"공원묘지, 봉안당",공원묘지,봉안당,,,무연납골,1기당,250000
60,(재)조양공원,60,사설,무관,"공원묘지, 봉안당",공원묘지,봉안당,,,무연납골,년간 10년간,500000
60,(재)조양공원,60,사설,무관,"공원묘지, 봉안당",공원묘지,봉안당,,,유연납골,1기당,500000
60,(재)조양공원,60,사설,무관,"공원묘지, 봉안당",공원묘지,봉안당,,,유연납골,"년간, 10년간",2800000
61,고성군 공설묘원,61,공설,무관,"봉안당, 공원묘지",공원묘지,공원묘지,,,일반분묘 사용료(단장),"년간, 15년간",4478700
61,고성군 공설묘원,61,공설,무관,"봉안당, 공원묘지",공원묘지,공원묘지,,,일반분묘 관리비(합장),"년간, 15년간",6000000
61,고성군 공설묘원,61,공설,무관,"봉안당, 공원묘지",공원묘지,공원묘지,,,일반분묘 사용료(합장),년간 15년간,7464600
61,고성군 공설묘원,61,공설,무관,"봉안당, 공원묘지",공원묘지,봉안당,,,봉안분묘 관리비,".65㎡ (1.5 x 1.1), 1.65㎡ (1.5 x 1.1)",600000
61,고성군 공설묘원,61,공설,무관,"봉안당, 공원묘지",공원묘지,봉안당,,,봉안분묘 사용료,1.65㎡ (1.5 x 1.1),746400
61,고성군 공설묘원,61,공설,무관,"봉안당, 공원묘지",공원묘지,기타(관리비),,,일반분묘 관리비(단장),년간 일반분묘 관리비(단장) 15년간,3600000
62,초동교회공원묘원,62,사설,기독교,"수목장, 공원묘지",봉안당,공원묘지,,,설치 작업비장비 대여,인건비 포함,1500000
62,초동교회공원묘원,62,사설,기독교,"수목장, 공원묘지",봉안당,공원묘지,,,개장작업비(단장묘),개장 및 화장 인계비 포함,1600000
62,초동교회공원묘원,62,사설,기독교,"수목장, 공원묘지",봉안당,공원묘지,,,개장작업비(합장묘),개장 및 화장 인계비 포함,2200000
62,초동교회공원묘원,62,사설,기독교,"수목장, 공원묘지",봉안당,공원묘지,,,단묘기본 석물,"(묘테, 비석, 화병 포함)",3300000
62,초동교회공원묘원,62,사설,기독교,"수목장, 공원묘지",봉안당,공원묘지,,,단묘기본 석물,"(묘테, 비석, 화병 포함)",4500000
62,초동교회공원묘원,62,사설,기독교,"수목장, 공원묘지",봉안당,공원묘지,,,묘지사용료,"평 기준, 1평 기준",13000000
62,초동교회공원묘원,62,사설,기독교,"수목장, 공원묘지",봉안당,수목장,,,묘테 보수묘테,잔디 재정비,500000
62,초동교회공원묘원,62,사설,기독교,"수목장, 공원묘지",봉안당,기타(관리비),,,관리비평,"1년 기준, 관리비1평",250000
63,태백공원묘원,63,공설,무관,공원묘지,공원묘지,공원묘지,,,단장(하절기)매장,"기초수급자,국가유공자",16500000
63,태백공원묘원,63,공설,무관,공원묘지,공원묘지,공원묘지,,,단장(동절기)매장,"기초수급자, 국가유공자",18700000
63,태백공원묘원,63,공설,무관,공원묘지,공원묘지,공원묘지,,,합장(하절기)매장,"기초수급자,국가유공자",19300000
63,태백공원묘원,63,공설,무관,공원묘지,공원묘지,공원묘지,,,합장(동절기)매장,"기초수급자,국가유공자",21500000
63,태백공원묘원,63,공설,무관,공원묘지,공원묘지,공원묘지,,,단장(하절기)매장,"기초수급자,국가유공자",22730000
63,태백공원묘원,63,공설,무관,공원묘지,공원묘지,공원묘지,,,단장(동절기)매장,기초수급자국가유공자,24930000
63,태백공원묘원,63,공설,무관,공원묘지,공원묘지,공원묘지,,,합장(하절기)매장,"기초수급자국가유공자, 기초수급자,국가유공자",28440000
63,태백공원묘원,63,공설,무관,공원묘지,공원묘지,공원묘지,,,합장(동절기)매장,"기초수급자,국가유공자",30640000
64,진천군공설묘지,64,공설,무관,공원묘지,공원묘지,공원묘지,,관내,"관내 거주자 단장년, 관내 거주자 단장30년",(15년1회연장가능),2010000
64,진천군공설묘지,64,공설,무관,공원묘지,공원묘지,공원묘지,,관내,합장,"관내 거주자 (15년 1회 연장 가능), 관내 거주자 (15년 1회 연장 가능)",2260000
64,진천군공설묘지,64,공설,무관,공원묘지,공원묘지,공원묘지,,관외,관외 거주자 단장년,(15년1회연장가능),2610000
64,진천군공설묘지,64,공설,무관,공원묘지,공원묘지,공원묘지,,관외,관외 거주자 합장,"년, 30년 (15년1회연장가능)",2940000
64,진천군공설묘지,64,공설,무관,공원묘지,공원묘지,공원묘지,,관내,관내 거주자 단장년,(15년1회연장가능),3270000
64,진천군공설묘지,64,공설,무관,공원묘지,공원묘지,공원묘지,,관외,관외 거주자 단장년,15년 1회 연장가능,4250000
64,진천군공설묘지,64,공설,무관,공원묘지,공원묘지,공원묘지,,관내,합장,"관내 거주자 (15년 1회 연장 가능), 관내 거주자 (15년 1회 연장 가능)",5280000
64,진천군공설묘지,64,공설,무관,공원묘지,공원묘지,공원묘지,,관외,관외 거주자 합장,"년(15년1회연장가능), 30년(15년1회연장가능)",6860000
65,(재)광주구천주교공원묘원,65,사설,천주교,공원묘지,"봉안당, 공원묘지",공원묘지,,,단장묘 조경비,예산군에 계속 3년이상 주민등록이 되어 있는 자,2000000
65,(재)광주구천주교공원묘원,65,사설,천주교,공원묘지,"봉안당, 공원묘지",공원묘지,,,단장묘(평형),매장비19.8㎡1,3000000
65,(재)광주구천주교공원묘원,65,사설,천주교,공원묘지,"봉안당, 공원묘지",공원묘지,,,비석대와비,비석대와비1,4000000
65,(재)광주구천주교공원묘원,65,사설,천주교,공원묘지,"봉안당, 공원묘지",공원묘지,,,평장묘 조성비,"기당, 1기당",8000000
65,(재)광주구천주교공원묘원,65,사설,천주교,공원묘지,"봉안당, 공원묘지",공원묘지,,,묘지대,3.3m2당,10000000
65,(재)광주구천주교공원묘원,65,사설,천주교,공원묘지,"봉안당, 공원묘지",공원묘지,개인단,,평장분묘1위형,30년 1,40000000
65,(재)광주구천주교공원묘원,65,사설,천주교,공원묘지,"봉안당, 공원묘지",공원묘지,,,평장분묘1위형,30년 1,70000000
65,(재)광주구천주교공원묘원,65,사설,천주교,공원묘지,"봉안당, 공원묘지",기타(관리비),,,평장묘 관리비,년 1년,4000000
66,(재)개나리추모공원,66,사설,무관,"공원묘지, 봉안당",공원묘지,공원묘지,,,묘지관리비,".3㎡ / 평 / 년, 3.3㎡ / 평 / 년",150000
66,(재)개나리추모공원,66,사설,무관,"공원묘지, 봉안당",공원묘지,공원묘지,,,묘지관리비년,3.3 ㎡당,280000
66,(재)개나리추모공원,66,사설,무관,"공원묘지, 봉안당",공원묘지,공원묘지,,,합장형(단묘테세트)둘레석,"피아노와비,상석(3.0자),향로화병외6",6219000
66,(재)개나리추모공원,66,사설,무관,"공원묘지, 봉안당",공원묘지,공원묘지,,,묘지사용료,".3㎡ / 평, 3.3㎡ / 평",7240000
66,(재)개나리추모공원,66,사설,무관,"공원묘지, 봉안당",공원묘지,공원묘지,,,합장형(단묘테세트)둘레석,"피아노와비,상석(3.5자),향로화병외",9899000
66,(재)개나리추모공원,66,사설,무관,"공원묘지, 봉안당",공원묘지,공원묘지,,,묘지사용료,".3㎡ / 평, 3.3㎡ / 평",10660000
66,(재)개나리추모공원,66,사설,무관,"공원묘지, 봉안당",공원묘지,봉안당,,,단장형(단묘테세트)둘레석,"3자오비,상석(3.0자),향로화병외4",4629000
66,(재)개나리추모공원,66,사설,무관,"공원묘지, 봉안당",공원묘지,봉안당,,,단장형(단묘테세트)둘레석,"3자오비,상석(3.0자),향로화병외",6449000
67,금호동성당 천보묘원(묘지),67,사설,천주교,"공원묘지, 수목장, 봉안당",공원묘지,공원묘지,,,화병,화병,110000
67,금호동성당 천보묘원(묘지),67,사설,천주교,"공원묘지, 수목장, 봉안당",공원묘지,공원묘지,,,상석(오석),"가로 cm,세로 420cm,두께 120cm; 가로 600cm,세로 420cm,두께 120cm",484000
67,금호동성당 천보묘원(묘지),67,사설,천주교,"공원묘지, 수목장, 봉안당",공원묘지,공원묘지,,,비석/평가로,"600cm,세로 440cm,두께 120cm",616000
67,금호동성당 천보묘원(묘지),67,사설,천주교,"공원묘지, 수목장, 봉안당",공원묘지,공원묘지,,,단 사각묘테(합장),"가로 2100cm,세로 1800cm,높이 600cm",1617000
67,금호동성당 천보묘원(묘지),67,사설,천주교,"공원묘지, 수목장, 봉안당",공원묘지,공원묘지,,,관리비(매장),평* 평*45Y 3평* 평*45Y,13500000
67,금호동성당 천보묘원(묘지),67,사설,천주교,"공원묘지, 수목장, 봉안당",공원묘지,공원묘지,,,관리비(매장),평* 평*451 3평* 평*451,27000000
67,금호동성당 천보묘원(묘지),67,사설,천주교,"공원묘지, 수목장, 봉안당",공원묘지,봉안당,,,관리비(납골),20년,2100000
67,금호동성당 천보묘원(묘지),67,사설,천주교,"공원묘지, 수목장, 봉안당",공원묘지,수목장,,,봉잔디 봉잔디,,397000
68,전농동성당 평화묘원,68,사설,천주교,"공원묘지, 수목장",공원묘지,공원묘지,,,묘지관리비(단장)묘지관리비(단장형),"년분, 15년분",13500000
68,전농동성당 평화묘원,68,사설,천주교,"공원묘지, 수목장",공원묘지,공원묘지,,,묘지관리비(합장)묘지관리비(합장형),"15년분, 년분",19500000
68,전농동성당 평화묘원,68,사설,천주교,"공원묘지, 수목장",공원묘지,공원묘지,,,묘비 묘태,"묘지석재비(단장), 단장형",20000000
68,전농동성당 평화묘원,68,사설,천주교,"공원묘지, 수목장",공원묘지,공원묘지,,,묘비 묘태,묘지석재비(합장) (합장형),24000000
68,전농동성당 평화묘원,68,사설,천주교,"공원묘지, 수목장",공원묘지,공원묘지,,,묘지분양,(단장) (단장형) 1,30000000
68,전농동성당 평화묘원,68,사설,천주교,"공원묘지, 수목장",공원묘지,공원묘지,,,묘지분양(합장),묘지분양(합장형),50000000
68,전농동성당 평화묘원,68,사설,천주교,"공원묘지, 수목장",공원묘지,수목장,,,묘지작업비(합장)묘지작업비(합장형),"잔디봉분, 잔디, 봉분, 외",14000000
68,전농동성당 평화묘원,68,사설,천주교,"공원묘지, 수목장",공원묘지,수목장,,,묘지작업비(단장),묘지작업비(단장형) 잔디 봉분 외,14000000
69,(재)천주교평내공원묘원,69,사설,천주교,공원묘지,공원묘지,공원묘지,,,매장묘관리비(연),.3㎡ 3.3㎡,60000
69,(재)천주교평내공원묘원,69,사설,천주교,공원묘지,공원묘지,공원묘지,,,매장묘관리비,.3㎡ 3.3㎡,60000
69,(재)천주교평내공원묘원,69,사설,천주교,공원묘지,공원묘지,공원묘지,개인단,,장례작업비,1인매장,5000000
69,(재)천주교평내공원묘원,69,사설,천주교,공원묘지,공원묘지,공원묘지,개인단,,개장작업비,"인개장, 1인개장",5000000
69,(재)천주교평내공원묘원,69,사설,천주교,공원묘지,공원묘지,공원묘지,,,개장작업비,"인(합장)개장, 2인(합장)개장",8000000
69,(재)천주교평내공원묘원,69,사설,천주교,공원묘지,공원묘지,공원묘지,,,매장묘사용료(분양중지중),9.9㎡(3평),10000000
69,(재)천주교평내공원묘원,69,사설,천주교,공원묘지,공원묘지,공원묘지,,,매장묘사용료(분양중지),".9㎡, 9.9㎡",10000000
70,재림공원묘원,70,사설,무관,"공원묘지, 수목장",공원묘지,공원묘지,,,5년 관리비 선납,년 관리비매장시 (1년),2000000
70,재림공원묘원,70,사설,무관,"공원묘지, 수목장",공원묘지,공원묘지,,,작업 인건비,매장시 인력 2명과 사무실 인력 2명,6000000
70,재림공원묘원,70,사설,무관,"공원묘지, 수목장",공원묘지,공원묘지,,,묘지 사용료,(평 기준)1 평당 / (3평 기준)1 평당,12500000
70,재림공원묘원,70,사설,무관,"공원묘지, 수목장",공원묘지,수목장,,,잔 디매장시 잔디 식재비,잔 디매장시 잔디 식재비,3500000
70,재림공원묘원,70,사설,무관,"공원묘지, 수목장",공원묘지,수목장,,,장 대가로,*세로 164 설치비 포함 121 *세로 164 설치비 포함,4000000
70,재림공원묘원,70,사설,무관,"공원묘지, 수목장",공원묘지,수목장,,,비 석오석 비석,"*38*10 글자와 설치비 포함, 55*38*10 글자와 설치비 포함",6000000
70,재림공원묘원,70,사설,무관,"공원묘지, 수목장",공원묘지,기타(관리비),,,년 관리비,5년후 3평 기준,400000
71,(재)신세계공원묘원,71,사설,무관,"공원묘지, 수목장, 봉안당",공원묘지,공원묘지,,,묘지사용료평당가,"(.3㎡/평), (3.3㎡/평)",10000000
71,(재)신세계공원묘원,71,사설,무관,"공원묘지, 수목장, 봉안당",공원묘지,공원묘지,,,평장묘(1기),"시설비 및 사용료(관리비,각자비별도)",40000000
71,(재)신세계공원묘원,71,사설,무관,"공원묘지, 수목장, 봉안당",공원묘지,봉안당,,,평장묘,"(기~4기) 시설비 및 사용료 (관리비, 봉안비, 각자비 별도)",87000000
71,(재)신세계공원묘원,71,사설,무관,"공원묘지, 수목장, 봉안당",공원묘지,봉안당,부부단,,봉안묘(부부단)시설비 및 사용료,"(관리비봉안비,각자비별도) 봉안묘(부부단)시설비 및 사용료(관리비,봉안비,각자비별도)",100000000
71,(재)신세계공원묘원,71,사설,무관,"공원묘지, 수목장, 봉안당",공원묘지,수목장,부부단,,수목장,"(부부목/~2기)사용료 및 관리비(석물, 봉안비,각자비별도)",47500000
71,(재)신세계공원묘원,71,사설,무관,"공원묘지, 수목장, 봉안당",공원묘지,수목장,,,수목장(~4기),"사용료 및 관리비(석물, 봉안비,각자비별도)",94000000
71,(재)신세계공원묘원,71,사설,무관,"공원묘지, 수목장, 봉안당",공원묘지,기타(관리비),,,관리비년/평당가,".3㎡/평, 3.3㎡/평",140000
72,영종공설묘지(신규매장불가),72,공설,무관,공원묘지,공원묘지,공원묘지,,,비조성묘지 사용료,"비조성묘지 .95㎡당, 비조성묘지 4.95㎡당",36000
72,영종공설묘지(신규매장불가),72,공설,무관,공원묘지,공원묘지,공원묘지,,,비조성묘지 관리비비조성묘지,.95㎡당 4.95㎡당,178000
72,영종공설묘지(신규매장불가),72,공설,무관,공원묘지,공원묘지,공원묘지,,,비석받침대,*24 40*24,1020000
72,영종공설묘지(신규매장불가),72,공설,무관,공원묘지,공원묘지,공원묘지,,,좌대 짧은거,"*12, 100*12",1240000
72,영종공설묘지(신규매장불가),72,공설,무관,공원묘지,공원묘지,공원묘지,,,좌대 긴거,"*12, 120*12",1250000
72,영종공설묘지(신규매장불가),72,공설,무관,공원묘지,공원묘지,공원묘지,,,가로*세로*두께,가로*세로*두께,10200000
72,영종공설묘지(신규매장불가),72,공설,무관,공원묘지,공원묘지,공원묘지,,,가로*세로*두께,가로*세로*두께,10300000
73,재단법인 춘천공원묘원,73,사설,,공원묘지,공원묘지,공원묘지,,,현재 묘지관리비평당,,150000
73,재단법인 춘천공원묘원,73,사설,,공원묘지,공원묘지,공원묘지,,,년부터평당,2024년부터평당,170000
74,창원공원묘원(묘지),74,사설,무관,"공원묘지, 봉안당, 수목장","공원묘지, 수목장",공원묘지,,,평장묘사용료,관리비년/석물일체/작업비(각자비용별도),3680000
74,창원공원묘원(묘지),74,사설,무관,"공원묘지, 봉안당, 수목장","공원묘지, 수목장",공원묘지,,,매장묘사용료,"관리비년, 석물일체, 작업비(각자비용별도)",6517900
74,창원공원묘원(묘지),74,사설,무관,"공원묘지, 봉안당, 수목장","공원묘지, 수목장",공원묘지,,,묘지 사용료,1평기준,27000000
74,창원공원묘원(묘지),74,사설,무관,"공원묘지, 봉안당, 수목장","공원묘지, 수목장",봉안당,,,봉안묘사용료/관리비,년/석물일체/작업비(각자비용별도),9044000
74,창원공원묘원(묘지),74,사설,무관,"공원묘지, 봉안당, 수목장","공원묘지, 수목장",수목장,,,수목형사용료/관리비,년/석물일체/작업비(각자비용별도),3170000
74,창원공원묘원(묘지),74,사설,무관,"공원묘지, 봉안당, 수목장","공원묘지, 수목장",기타(관리비),,,관리비평,"1년기준, 1평",200000
75,(재)학명묘원,75,사설,무관,"공원묘지, 봉안당",공원묘지,공원묘지,,,기본표석,"가로cm*세로65cm, 가로22cm*세로65cm",230000
75,(재)학명묘원,75,사설,무관,"공원묘지, 봉안당",공원묘지,공원묘지,,,기본상석가로,"cm*세로40cm, 70cm*세로40cm",300000
75,(재)학명묘원,75,사설,무관,"공원묘지, 봉안당",공원묘지,공원묘지,,,보급형상석,"가로cm*세로48cm, 가로75cm*세로48cm",450000
75,(재)학명묘원,75,사설,무관,"공원묘지, 봉안당",공원묘지,공원묘지,,,묘지사용료평당,묘지사용료평당1,8000000
75,(재)학명묘원,75,사설,무관,"공원묘지, 봉안당",공원묘지,봉안당,,,봉안묘,기(4.5평형)봉안비14.8㎡1 12기(4.5평형)봉안비14.8㎡1,23400000
75,(재)학명묘원,75,사설,무관,"공원묘지, 봉안당",공원묘지,봉안당,,,봉안묘,기(4.5평형)봉안비14.8㎡1 12기(4.5평형)봉안비14.8㎡1,52000000
75,(재)학명묘원,75,사설,무관,"공원묘지, 봉안당",공원묘지,기타(관리비),,,묘지관리비평당 관리비(년납),,120000
76,백란공원묘원,76,사설,무관,공원묘지,공원묘지,공원묘지,,,매장 작업비,"기당 안치비 포함, 1 기당 안치비 포함",3000000
76,백란공원묘원,76,사설,무관,공원묘지,공원묘지,공원묘지,,,단 석물,"1단 묘테, 비석, 상석, 화병 각 1개",3960000
76,백란공원묘원,76,사설,무관,공원묘지,공원묘지,공원묘지,,,단 석물2단 묘테,"비석, 상석, 화병 각 1개",5940000
76,백란공원묘원,76,사설,무관,공원묘지,공원묘지,공원묘지,,,단 석물,"3단 묘테, 비석, 상석, 화병 각 1개",7920000
76,백란공원묘원,76,사설,무관,공원묘지,공원묘지,공원묘지,,,묘지사용료,".3 평방미터, 3.3 평방미터",16000000
76,백란공원묘원,76,사설,무관,공원묘지,공원묘지,기타(관리비),,,년간관리비,.3 평방미터1 3.3 평방미터1,220000
77,애향묘지,77,공설,무관,공원묘지,공원묘지,정보없음,,정보없음,정보없음,자동 추출 실패 (푸터 텍스트),
78,신당동성당 소화묘원,78,사설,천주교,"수목장, 봉안당, 공원묘지",공원묘지,공원묘지,,,매장 사용료,"년 (조성비별도)3,3m2 20년 (조성비별도)3,3m2",28000000
78,신당동성당 소화묘원,78,사설,천주교,"수목장, 봉안당, 공원묘지",공원묘지,봉안당,,,봉안 시설묘원 운영 유지비,"도로보수, 벌초 등 (20년 선납)",10000000
78,신당동성당 소화묘원,78,사설,천주교,"수목장, 봉안당, 공원묘지",공원묘지,봉안당,부부단,,봉안 시설,"기(2구, 부부합장) 20년 사용",30000000
78,신당동성당 소화묘원,78,사설,천주교,"수목장, 봉안당, 공원묘지",공원묘지,수목장,,,단 석물,1. 석물대금 2. 잔디 3. 식대 4. 폐기물 처리 5. 공과잡비,800000
78,신당동성당 소화묘원,78,사설,천주교,"수목장, 봉안당, 공원묘지",공원묘지,수목장,,,단 석물,1. 석물대금 2. 잔디 3. 식대 4. 폐기물 처리 5. 공과잡비,2000000
78,신당동성당 소화묘원,78,사설,천주교,"수목장, 봉안당, 공원묘지",공원묘지,수목장,부부단,,봉안묘 석물,"부부 봉안석물, 인건비, 잔디, 식대, 폐기물 처리, 공과잡비",2700000
78,신당동성당 소화묘원,78,사설,천주교,"수목장, 봉안당, 공원묘지",공원묘지,기타(관리비),,,관리비(년),"년 또는 20년 선납, 3,3m2, 1",2100000
79,오창장미공원,79,공설,무관,공원묘지,봉안당,공원묘지,,,매장비(단장),"년, 15년",1589000
79,오창장미공원,79,공설,무관,공원묘지,봉안당,공원묘지,,,매장비(단장),"년, 15년",1986200
79,오창장미공원,79,공설,무관,공원묘지,봉안당,공원묘지,,,일반분묘 사용료(단장),"년간, 15년간",13026000
79,오창장미공원,79,공설,무관,공원묘지,봉안당,공원묘지,,,일반분묘 사용료(단장),"년간, 15년간",17623500
79,오창장미공원,79,공설,무관,공원묘지,봉안당,기타(관리비),,,일반분묘 관리비(단장),"년간, 15년간",1537500
79,오창장미공원,79,공설,무관,공원묘지,봉안당,기타(관리비),,,일반분묘 관리비(단장),"년간, 15년간",2082000
80,평창군 공설묘지,80,공설,무관,공원묘지,공원묘지,공원묘지,,,석물 및 매장비분묘 단장,"석물 및 매장비(하절기 월~11월), 석물 및 매장비(하절기 3월~11월)",19700000
80,평창군 공설묘지,80,공설,무관,공원묘지,공원묘지,공원묘지,,,공설묘원 사용료분묘 단장,사용료,20000000
80,평창군 공설묘지,80,공설,무관,공원묘지,공원묘지,공원묘지,,,석물 및 매장비,"분묘 단장 (동절기 월~2월), 분묘 단장 (동절기 12월~2월)",20460000
80,평창군 공설묘지,80,공설,무관,공원묘지,공원묘지,공원묘지,,,석물 및 매장비,"분묘 합장 석물 및 매장비(하절기 월~11월), 분묘 합장 석물 및 매장비(하절기 3월~11월)",21400000
80,평창군 공설묘지,80,공설,무관,공원묘지,공원묘지,공원묘지,,,석물 및 매장비분묘 합장 석물 및 매장비,"(동절기 월~2월), (동절기 12월~2월)",22160000
80,평창군 공설묘지,80,공설,무관,공원묘지,공원묘지,공원묘지,,,공설묘지 사용료분묘 합장 사용료,공설묘지 사용료분묘 합장 사용료,30000000
81,충현동산,81,사설,기독교,공원묘지,공원묘지,정보없음,,정보없음,정보없음,자동 추출 실패 (푸터 텍스트),
82,세종시공설묘지,82,공설,무관,공원묘지,공원묘지,공원묘지,,,일반묘지사용료,일반묘지사용료,900000
82,세종시공설묘지,82,공설,무관,공원묘지,공원묘지,공원묘지,,,일반묘지관리료,일반묘지관리료,1100000
82,세종시공설묘지,82,공설,무관,공원묘지,공원묘지,공원묘지,,,일반묘지비석대,일반묘지비석대1,8050000
82,세종시공설묘지,82,공설,무관,공원묘지,공원묘지,공원묘지,,,국가유공자묘지비석대,,8050000
83,대전추모공원 가족묘원,83,공설,,"봉안당, 공원묘지",공원묘지,공원묘지,,,묘지(단장 재계약),기당 / 15년 기한,3630000
83,대전추모공원 가족묘원,83,공설,,"봉안당, 공원묘지",공원묘지,공원묘지,,,묘지(합장 재계약),기당 / 15년 기한,5445000
83,대전추모공원 가족묘원,83,공설,,"봉안당, 공원묘지",공원묘지,봉안당,,관내,봉안(관내)구당,15년 기한,2000000
83,대전추모공원 가족묘원,83,공설,,"봉안당, 공원묘지",공원묘지,봉안당,,관외,봉안(관외)구당,15년 기한,4000000
83,대전추모공원 가족묘원,83,공설,,"봉안당, 공원묘지",공원묘지,봉안당,가족단,,가족묘원(재계약),1기당 / 15년 기한 1,5500000
83,대전추모공원 가족묘원,83,공설,,"봉안당, 공원묘지",공원묘지,기타(관리비),가족단,,가족묘원(관리비),1기당 / 5년단위,5160000
84,매화공원묘지,84,공설,무관,공원묘지,공원묘지,공원묘지,,,일반분묘 사용료(단장),"년간, 15년간",700000
84,매화공원묘지,84,공설,무관,공원묘지,공원묘지,공원묘지,,,일반분묘 사용료(합장),년간 15년간,1050000
84,매화공원묘지,84,공설,무관,공원묘지,공원묘지,공원묘지,,,매장비(단장),"년, 15년",1589000
84,매화공원묘지,84,공설,무관,공원묘지,공원묘지,공원묘지,,,매장비(합장),"년, 15년",1986200
84,매화공원묘지,84,공설,무관,공원묘지,공원묘지,공원묘지,,,일반분묘 관리비(합장),"년간, 15년간",2082000
84,매화공원묘지,84,공설,무관,공원묘지,공원묘지,기타(관리비),,,일반분묘 관리비(단장),년간 일반분묘 관리비(단장)15년간,1537500
85,영동공원묘원,85,사설,무관,"공원묘지, 봉안당",공원묘지,공원묘지,,,매장묘지,(관리비)기당,700000
85,영동공원묘원,85,사설,무관,"공원묘지, 봉안당",공원묘지,공원묘지,,,매장묘지,사용료 평당,3000000
85,영동공원묘원,85,사설,무관,"공원묘지, 봉안당",공원묘지,공원묘지,,,단장기,"4,1기",41000000
85,영동공원묘원,85,사설,무관,"공원묘지, 봉안당",공원묘지,공원묘지,,,유골매장작업비유골합장,"기당1, 1기당1",51000000
85,영동공원묘원,85,사설,무관,"공원묘지, 봉안당",공원묘지,봉안당,,,납골묘지,(관리비)평당 (관리비)10평당,700000
85,영동공원묘원,85,사설,무관,"공원묘지, 봉안당",공원묘지,봉안당,,,납골묘지(사용료)평당,,6500000
86,(재)천주교세종로묘원,86,사설,천주교,공원묘지,공원묘지,공원묘지,,,묘지관리비,.3m 3.3m,250000
86,(재)천주교세종로묘원,86,사설,천주교,공원묘지,공원묘지,공원묘지,,,묘테,"단, 1단, 2150*1530mm",800000
86,(재)천주교세종로묘원,86,사설,천주교,공원묘지,공원묘지,공원묘지,,,묘테,"단, 2단, 2400*1740mm",1500000
86,(재)천주교세종로묘원,86,사설,천주교,공원묘지,공원묘지,공원묘지,,,평장묘지관리비,".3m21, 3.3m21",2666670
86,(재)천주교세종로묘원,86,사설,천주교,공원묘지,공원묘지,공원묘지,,,묘지사용료,.92m21 9.92m21,230000000
86,(재)천주교세종로묘원,86,사설,천주교,공원묘지,공원묘지,공원묘지,,,평장묘지분양금액(합장),.3m1 3.3m1,290000000
87,서라벌공원묘원,87,사설,무관,"공원묘지, 수목장, 봉안당","봉안당, 공원묘지",공원묘지,,,사용료,/1㎡(/1평),3327490
87,서라벌공원묘원,87,사설,무관,"공원묘지, 수목장, 봉안당","봉안당, 공원묘지",공원묘지,,,분묘설치비,"0.3㎡(1평)당, 3.3㎡(1평)당",5000000
87,서라벌공원묘원,87,사설,무관,"공원묘지, 수목장, 봉안당","봉안당, 공원묘지",공원묘지,개인단,,매장묘(일반 개인형/평형)둘레석,"오석표석, 상석, 꽃병, 향로",113250000
87,서라벌공원묘원,87,사설,무관,"공원묘지, 수목장, 봉안당","봉안당, 공원묘지",봉안당,부부단,,봉안묘,"(일반 부부형/.5평형)둘레석. 오석표석, 상석, 꽃병, 향로 (일반 부부형/1.5평형)둘레석. 오석표석, 상석, 꽃병, 향로",68925000
87,서라벌공원묘원,87,사설,무관,"공원묘지, 수목장, 봉안당","봉안당, 공원묘지",수목장,개인단,,자연장 평장묘,"(일반 개인형/평형)표석, 받침대, 꽃병",47700000
87,서라벌공원묘원,87,사설,무관,"공원묘지, 수목장, 봉안당","봉안당, 공원묘지",기타(관리비),,,관리비,1㎡ (1평),45380
88,김해하늘공원(묘지),88,사설,무관,공원묘지,공원묘지,공원묘지,,,사용료,.3 ㎡기준 3.3 ㎡기준,25000000
88,김해하늘공원(묘지),88,사설,무관,공원묘지,공원묘지,기타(관리비),,,관리비,.3㎡/1년기준 3.3㎡/1년기준,180000
89,여수시공설묘지공원,89,공설,무관,공원묘지,,공원묘지,,관내,공설묘지관리비(일반시민),묘지1기당 6.61제곱m/30년,3600000
89,여수시공설묘지공원,89,공설,무관,공원묘지,,공원묘지,,,공설묘지관리비(특례자),묘지기당 6.61제곱m/30년,3600000
89,여수시공설묘지공원,89,공설,무관,공원묘지,,공원묘지,,관내,공설묘지사용료(일반시민),묘지1기당 6.61제곱m/30년1,5400000
89,여수시공설묘지공원,89,공설,무관,공원묘지,,공원묘지,,관내,부대수수료(일반시민)묘지,1기당 6.61제곱m/30년,7020000
89,여수시공설묘지공원,89,공설,무관,공원묘지,,공원묘지,,,부대수수료(특례자)묘지,기당 6.61제곱m/30년,7020000
89,여수시공설묘지공원,89,공설,무관,공원묘지,,공원묘지,,,공설묘지사용료(특례자),묘지기당 6.61제곱m/30년,8100000
90,정선하늘공원,90,공설,무관,"공원묘지, 봉안당",공원묘지,공원묘지,,,연장 사용료단장,,3000000
90,정선하늘공원,90,공설,무관,"공원묘지, 봉안당",공원묘지,공원묘지,,,연장 사용료합장,,3900000
90,정선하늘공원,90,공설,무관,"공원묘지, 봉안당",공원묘지,공원묘지,,관내,단장매장분묘,(.3㎡) (6.3㎡) (정선군민만 가능),9230000
90,정선하늘공원,90,공설,무관,"공원묘지, 봉안당",공원묘지,공원묘지,,관내,합장 매장분묘,"(.1㎡), (8.1㎡), (정선군민만 가능)",12000000
90,정선하늘공원,90,공설,무관,"공원묘지, 봉안당",공원묘지,봉안당,,,연장 사용료봉안묘,연장 사용료봉안묘,4800000
90,정선하늘공원,90,공설,무관,"공원묘지, 봉안당",공원묘지,봉안당,,관내,봉안묘,(기 : 10㎡) (정선군민만 가능) (12기 : 10㎡) (정선군민만 가능),14760000
91,광릉 더 크레스트 묘지,91,사설,,"봉안당, 수목장, 공원묘지",공원묘지,공원묘지,,,사용료(평),사용료(평),0
91,광릉 더 크레스트 묘지,91,사설,,"봉안당, 수목장, 공원묘지",공원묘지,봉안당,,,봉안당(기),,842000
91,광릉 더 크레스트 묘지,91,사설,,"봉안당, 수목장, 공원묘지",공원묘지,봉안당,,,봉안당(기),,84770000
91,광릉 더 크레스트 묘지,91,사설,,"봉안당, 수목장, 공원묘지",공원묘지,수목장,,,자연장관리비(기),,3470000
91,광릉 더 크레스트 묘지,91,사설,,"봉안당, 수목장, 공원묘지",공원묘지,수목장,,,자연장사용료(기),자연장사용료(기),230500000
91,광릉 더 크레스트 묘지,91,사설,,"봉안당, 수목장, 공원묘지",공원묘지,기타(관리비),,,년관리비(평),1년관리비(평),0
92,(재)안동추모공원(묘지),92,공설,,공원묘지,공원묘지,공원묘지,,,서구형 특대 합장묘,"관리비년,사용료,조성비,석물(각자비별도)",135800000
92,(재)안동추모공원(묘지),92,공설,,공원묘지,공원묘지,기타(관리비),,,서구형 단,"관리비5년,사용료,조성비,석물(각자비별도)",96800000
92,(재)안동추모공원(묘지),92,공설,,공원묘지,공원묘지,기타(관리비),,,서구형 특 단관리비5년,"사용료,조성비,석물(각자비별도)",105800000
92,(재)안동추모공원(묘지),92,공설,,공원묘지,공원묘지,기타(관리비),,,서구형 특대 단,"관리비5년,사용료,조성비,석물(각자비별도)",119800000
93,청량리성당 다볼산묘원,93,사설,천주교,공원묘지,공원묘지,공원묘지,,,매장묘지 사용료,".3m2, 3.3m2",2100000
93,청량리성당 다볼산묘원,93,사설,천주교,공원묘지,공원묘지,공원묘지,,,평장묘 관리비,"0.3m1, 3.3m1",2200000
93,청량리성당 다볼산묘원,93,사설,천주교,공원묘지,공원묘지,공원묘지,,,평장묘 석물세트,"3m, 3.3m",21200000
93,청량리성당 다볼산묘원,93,사설,천주교,공원묘지,공원묘지,공원묘지,,,평장묘 묘지사용료,.3m2 3.3m2,235000000
94,예래원(묘지),94,사설,무관,공원묘지,공원묘지,공원묘지,,,관리비(매장묘)㎡,1년,76700
94,예래원(묘지),94,사설,무관,공원묘지,공원묘지,공원묘지,,,사용료(매장묘)㎡,사용료(매장묘)㎡,3733700
94,예래원(묘지),94,사설,무관,공원묘지,공원묘지,공원묘지,,,안치비(매장)회,,15000000
94,예래원(묘지),94,사설,무관,공원묘지,공원묘지,공원묘지,,,석물(고급합장묘B),1기 기,24900000
94,예래원(묘지),94,사설,무관,공원묘지,공원묘지,공원묘지,,,석물(고급합장묘D),1기,26100000
95,현대공원1묘원,95,사설,무관,공원묘지,공원묘지,공원묘지,,,비석 (오석),"가로cm 세로75cm 두께13cm, 가로26cm 세로75cm 두께13cm",700000
95,현대공원1묘원,95,사설,무관,공원묘지,공원묘지,공원묘지,,,상석 (소),"가로cm 세로40cm, 가로70cm 세로40cm",800000
95,현대공원1묘원,95,사설,무관,공원묘지,공원묘지,공원묘지,,,상석 (중),"가로cm 세로48cm, 가로75cm 세로48cm",950000
95,현대공원1묘원,95,사설,무관,공원묘지,공원묘지,공원묘지,,,묘지사용료평당,묘지사용료평당1,13000000
95,현대공원1묘원,95,사설,무관,공원묘지,공원묘지,기타(관리비),,,묘지관리비평당 관리비(년납),,150000
96,전주효자공원,96,공설,무관,공원묘지,공원묘지,공원묘지,,,사용료 연장,"년 연장(1회에 한함), 5년 연장(1회에 한함)",400000
96,전주효자공원,96,공설,무관,공원묘지,공원묘지,공원묘지,,,사용료최초 (기 사용허가를 받은자),"기간: 년, 30년",2400000
96,전주효자공원,96,공설,무관,공원묘지,공원묘지,기타(관리비),,,"관리비년 연장, 관리비5년 연장",(1회에 한함),270000
96,전주효자공원,96,공설,무관,공원묘지,공원묘지,기타(관리비),,,관리비최초,"년, 30년 (기 사용허가를 받은자)",1600000
97,현대공원2묘원,97,사설,무관,공원묘지,공원묘지,공원묘지,,,비석 (오석),가로cm 세로75cm 두께13cm 가로26cm 세로75cm 두께13cm,700000
97,현대공원2묘원,97,사설,무관,공원묘지,공원묘지,공원묘지,,,상석 (소),"가로cm, 가로70cm, 세로40cm",800000
97,현대공원2묘원,97,사설,무관,공원묘지,공원묘지,공원묘지,,,상석 (중),"가로cm 세로48cm, 가로75cm 세로48cm",950000
97,현대공원2묘원,97,사설,무관,공원묘지,공원묘지,공원묘지,,,묘지사용료평당,묘지사용료평당1,13000000
97,현대공원2묘원,97,사설,무관,공원묘지,공원묘지,기타(관리비),,,묘지관리비평당 관리비(년납),,150000
98,(재)청구공원,98,사설,무관,"공원묘지, 봉안당",공원묘지,공원묘지,,,묘지관리비평당 관리비(년납),,120000
98,(재)청구공원,98,사설,무관,"공원묘지, 봉안당",공원묘지,공원묘지,,,묘지사용료평당,묘지사용료평당1,10000000
98,(재)청구공원,98,사설,무관,"공원묘지, 봉안당",공원묘지,봉안당,,,봉안당,"15년1, 1기",15000000
98,(재)청구공원,98,사설,무관,"공원묘지, 봉안당",공원묘지,봉안당,,,"봉안묘기형, 봉안묘2기형","(6.6m2)1, (6.6m2)1",60000000
98,(재)청구공원,98,사설,무관,"공원묘지, 봉안당",공원묘지,봉안당,,,봉안묘기형 봉안묘2기형,"(특,6.6m2) (특,6.6m2)",70000000
99,천주교효천공원묘지,99,사설,천주교,공원묘지,공원묘지,공원묘지,,,조성비묘지사용면적 기준 조성비,조성비묘지사용면적 기준 조성비1,5400000
99,천주교효천공원묘지,99,사설,천주교,공원묘지,공원묘지,공원묘지,,,매장비신규안장,,6000000
99,천주교효천공원묘지,99,사설,천주교,공원묘지,공원묘지,공원묘지,,,비석대(와비)화강석,"가로(cm)세로(45cm)높이(8cm), 가로(72cm)세로(45cm)높이(8cm)",6000000
99,천주교효천공원묘지,99,사설,천주교,공원묘지,공원묘지,공원묘지,,,묘지대,.4m 5.4m,28200000
99,천주교효천공원묘지,99,사설,천주교,공원묘지,공원묘지,기타(관리비),,,관리비 및 벌초대금,관리비년 관리비1년,500000
100,천자봉공원묘원,100,사설,무관,공원묘지,공원묘지,공원묘지,,,석화분,평형 3평형,400000
100,천자봉공원묘원,100,사설,무관,공원묘지,공원묘지,공원묘지,부부단,,와비상석부부형,"평, 6평",520000
100,천자봉공원묘원,100,사설,무관,공원묘지,공원묘지,공원묘지,부부단,,와비석부부형,평 6평,930000
100,천자봉공원묘원,100,사설,무관,공원묘지,공원묘지,공원묘지,,,묘지사용료평당,묘지사용료평당1,14000000
100,천자봉공원묘원,100,사설,무관,공원묘지,공원묘지,기타(관리비),,,관리비평/년,,180000
101,홍천군공설묘원,101,공설,무관,"봉안당, 공원묘지",봉안당,공원묘지,,,분묘- 단장분묘- 단장 분묘- 단장분묘- 단장,,11250000
101,홍천군공설묘원,101,공설,무관,"봉안당, 공원묘지",봉안당,공원묘지,,,합장분묘,분묘- 합장분묘- 합장,15000000
101,홍천군공설묘원,101,공설,무관,"봉안당, 공원묘지",봉안당,봉안당,,,봉안묘봉안묘,봉안묘봉안묘,3750000
102,이천시대월공설공원묘지(만장),102,공설,무관,공원묘지,공원묘지,공원묘지,,,묘지사용료,기당 기준면적 (6.6㎡),2000000
102,이천시대월공설공원묘지(만장),102,공설,무관,공원묘지,공원묘지,공원묘지,,,연장사용료현행금액 징수,연장사용료현행금액 징수,2000000
102,이천시대월공설공원묘지(만장),102,공설,무관,공원묘지,공원묘지,공원묘지,,,묘지관리비,기당 기준면적 (6.6㎡),2500000
102,이천시대월공설공원묘지(만장),102,공설,무관,공원묘지,공원묘지,기타(관리비),,,연장관리비,현행금액 징수 연장관리비현행금액 징수,2500000
103,진리공설묘지,103,공설,무관,공원묘지,공원묘지,공원묘지,,관내,공설묘지 관리비(단장),"이용자격:옹진군민 사용기간:년, 이용자격:옹진군민 사용기간:15년",300000
103,진리공설묘지,103,공설,무관,공원묘지,공원묘지,공원묘지,,관내,공설묘지 관리비(합장),이용자격:옹진군민 사용기간:년 이용자격:옹진군민 사용기간:15년,450000
103,진리공설묘지,103,공설,무관,공원묘지,공원묘지,공원묘지,,관내,공설묘지 사용료(단장),"이용자격:옹진군민 사용기간:년, 15년",600000
103,진리공설묘지,103,공설,무관,공원묘지,공원묘지,공원묘지,,관내,공설묘지 사용료(합장),"이용자격:옹진군민 사용기간:년, 15년",900000
104,이천시백사공설공원묘지,104,공설,무관,공원묘지,공원묘지,공원묘지,,,묘지사용료기당,기준면적 (6.6㎡),2000000
104,이천시백사공설공원묘지,104,공설,무관,공원묘지,공원묘지,공원묘지,,,연장사용료현행금액 징수,,2000000
104,이천시백사공설공원묘지,104,공설,무관,공원묘지,공원묘지,공원묘지,,,묘지관리비,기당 기준면적 (6.6㎡),2500000
104,이천시백사공설공원묘지,104,공설,무관,공원묘지,공원묘지,기타(관리비),,,연장관리비,현행금액 징수,2500000
105,점봉동 공원묘지,105,사설,,공원묘지,공원묘지,공원묘지,,관내,공설공원묘지 사용료(단장),"이용자격:여주시민, 15년",1500000
105,점봉동 공원묘지,105,사설,,공원묘지,공원묘지,공원묘지,,관내,공설공원묘지 관리비(단장),"이용자격:여주시민, 15년",1500000
105,점봉동 공원묘지,105,사설,,공원묘지,공원묘지,공원묘지,,관내,공설공원묘지 사용료(합장),이용자격:여주시민 15년,2250000
105,점봉동 공원묘지,105,사설,,공원묘지,공원묘지,공원묘지,,관내,공설공원묘지 관리비(합장),이용자격:여주시민 15년,2250000
106,(재)자하연분당(묘지),106,사설,,봉안당,공원묘지,봉안당,,,매장묘 봉안묘,연간 관리비/㎡,75630
106,(재)자하연분당(묘지),106,사설,,봉안당,공원묘지,봉안당,,,매장묘봉안묘사용료,"매장묘,봉안묘사용료/㎡",10074790
106,(재)자하연분당(묘지),106,사설,,봉안당,공원묘지,봉안당,,,봉안묘 단지사용료,번지 신규조성 봉안묘 단지사용료/㎡ 371번지 신규조성 봉안묘 단지사용료/㎡,16415280
107,하다리공설공원묘지,107,공설,무관,공원묘지,공원묘지,공원묘지,,관내,공설공원묘지 사용료(단장),"이용자격:여주시민, 15년",1500000
107,하다리공설공원묘지,107,공설,무관,공원묘지,공원묘지,공원묘지,,관내,공설공원묘지 관리비(단장),이용자격:여주시민 15년,1500000
107,하다리공설공원묘지,107,공설,무관,공원묘지,공원묘지,공원묘지,,관내,공설공원묘지 사용료(합장),이용자격:여주시민 15년,2250000
107,하다리공설공원묘지,107,공설,무관,공원묘지,공원묘지,공원묘지,,관내,공설공원묘지 관리비(합장),"이용자격:여주시민 15년 公設公園墓地 管理費(合葬)利用資格:驪州市民, 15年",2250000
108,(재)광주대교구 여수천주교공원묘원,108,사설,천주교,공원묘지,"봉안당, 공원묘지",공원묘지,개인단,,평장묘인용,(15년관리비포함),10000000
108,(재)광주대교구 여수천주교공원묘원,108,사설,천주교,공원묘지,"봉안당, 공원묘지",공원묘지,,,묘지매장묘사용권(.8평),"매장비,묘비",16500000
108,(재)광주대교구 여수천주교공원묘원,108,사설,천주교,공원묘지,"봉안당, 공원묘지",공원묘지,,,평장묘1인용,(15년관리비포함),17000000
108,(재)광주대교구 여수천주교공원묘원,108,사설,천주교,공원묘지,"봉안당, 공원묘지",기타(관리비),,,관리비,년1 15년1,3000000
109,대구시립공원묘지,109,공설,무관,"공원묘지, 봉안당",공원묘지,공원묘지,,,공설묘지 관리비,"기당, 30년(1회 15년 연장가능)",3000000
109,대구시립공원묘지,109,공설,무관,"공원묘지, 봉안당",공원묘지,공원묘지,,,공설묘지 사용료기당,30년(1회 15년 연장가능),3600000
109,대구시립공원묘지,109,공설,무관,"공원묘지, 봉안당",공원묘지,공원묘지,,,합장묘,30년,9900000
109,대구시립공원묘지,109,공설,무관,"공원묘지, 봉안당",공원묘지,봉안당,,,봉안평장묘기당,30년,6000000
110,모도리공설묘지,110,공설,무관,공원묘지,공원묘지,공원묘지,,관내,공설묘지 관리비(단장),"이용자격:옹진군민 사용기간:년, 이용자격:옹진군민 사용기간:15년",300000
110,모도리공설묘지,110,공설,무관,공원묘지,공원묘지,공원묘지,,관내,공설묘지 관리비(합장),이용자격:옹진군민 사용기간:년; 이용자격:옹진군민 사용기간:15년,450000
110,모도리공설묘지,110,공설,무관,공원묘지,공원묘지,공원묘지,,관내,공설묘지 사용료(단장),"이용자격:옹진군민 사용기간:년, 15년",600000
110,모도리공설묘지,110,공설,무관,공원묘지,공원묘지,공원묘지,,관내,공설묘지 사용료(합장),"이용자격:옹진군민 사용기간:년, 15년",900000
111,안중공설묘지,111,공설,무관,공원묘지,공원묘지,공원묘지,,,공설묘지 관리비(단장),기당 기준면적 (10㎡) / 15년,1990000
111,안중공설묘지,111,공설,무관,공원묘지,공원묘지,공원묘지,,,공설묘지 관리비(합장),기당 기준면적 (10㎡) / 15년,2990000
111,안중공설묘지,111,공설,무관,공원묘지,공원묘지,공원묘지,,,공설묘지 사용료(단장),기당 기준면적 (10㎡) / 15년,4510000
111,안중공설묘지,111,공설,무관,공원묘지,공원묘지,공원묘지,,,공설묘지 사용료(합장),기당 기준면적 (10㎡) / 15년,6760000
112,이천시설성공설공원묘지,112,공설,무관,공원묘지,공원묘지,공원묘지,,,묘지사용료,1기당 기준면적(6.6㎡),2000000
112,이천시설성공설공원묘지,112,공설,무관,공원묘지,공원묘지,공원묘지,,,연장사용료현행금액 징수,연장사용료현행금액 징수,2000000
112,이천시설성공설공원묘지,112,공설,무관,공원묘지,공원묘지,공원묘지,,,묘지관리비,1기당 기준면적(6.6㎡)1,2500000
112,이천시설성공설공원묘지,112,공설,무관,공원묘지,공원묘지,기타(관리비),,,연장관리비현행금액 징수,연장관리비현행금액 징수,2500000
113,이천시장호원공설공원묘지(만장),113,공설,무관,공원묘지,공원묘지,공원묘지,,,묘지사용료기당,기준면적 (6.6㎡),2000000
113,이천시장호원공설공원묘지(만장),113,공설,무관,공원묘지,공원묘지,공원묘지,,,연장사용료현행금액 징수,,2000000
113,이천시장호원공설공원묘지(만장),113,공설,무관,공원묘지,공원묘지,공원묘지,,,묘지관리비,기당 기준면적 (6.6㎡),2500000
113,이천시장호원공설공원묘지(만장),113,공설,무관,공원묘지,공원묘지,기타(관리비),,,연장관리비,현행금액 징수 연장관리비현행금액 징수,2500000
114,선재리공설묘지,114,공설,무관,공원묘지,공원묘지,공원묘지,,관내,공설묘지 관리비(단장),"이용자격:옹진군민 사용기간:년, 이용자격:옹진군민 사용기간:15년",300000
114,선재리공설묘지,114,공설,무관,공원묘지,공원묘지,공원묘지,,관내,공설묘지 관리비(합장),"이용자격:옹진군민 사용기간:년, 15년",450000
114,선재리공설묘지,114,공설,무관,공원묘지,공원묘지,공원묘지,,관내,공설묘지 사용료(단장),이용자격:옹진군민 사용기간:년,600000
114,선재리공설묘지,114,공설,무관,공원묘지,공원묘지,공원묘지,,관내,공설묘지 사용료(합장),"이용자격:옹진군민 사용기간:년, 15년",900000
115,이작리공설묘지,115,공설,무관,공원묘지,공원묘지,공원묘지,,관내,공설묘지 관리비(단장),"이용자격:옹진군민 사용기간:년, 이용자격:옹진군민 사용기간:15년",300000
115,이작리공설묘지,115,공설,무관,공원묘지,공원묘지,공원묘지,,관내,공설묘지 관리비(합장),이용자격:옹진군민 사용기간:년 이용자격:옹진군민 사용기간:15년,450000
115,이작리공설묘지,115,공설,무관,공원묘지,공원묘지,공원묘지,,관내,공설묘지 사용료(단장),이용자격:옹진군민 사용기간:15년,600000
115,이작리공설묘지,115,공설,무관,공원묘지,공원묘지,공원묘지,,관내,공설묘지 사용료(합장),"이용자격:옹진군민 사용기간:년, 15년",900000
116,(재)예다원 묘원,116,사설,,공원묘지,봉안당,공원묘지,,관내,묘지 관리비(일반시민)묘지,기당 6.61m2 /15년,1200000
116,(재)예다원 묘원,116,사설,,공원묘지,봉안당,공원묘지,,관내,묘지 관리비(특례자),"여수시에 주민등록을 두고 년 미만 거주하고,있는 자 ,묘지 1기당 6.61m2 /15년",1200000
116,(재)예다원 묘원,116,사설,,공원묘지,봉안당,공원묘지,,관내,묘지 사용료(일반시민),묘지 1기당 6.61m2 /15년,1800000
116,(재)예다원 묘원,116,사설,,공원묘지,봉안당,공원묘지,,관내,묘지 사용료(특례자),"여수시에 주민등록을 두고 1년 미만 거주하고 있는 자, 묘지 1기당 6.61m2 /15년",2700000
117,신도리공설묘지,117,공설,무관,공원묘지,공원묘지,공원묘지,,관내,공설묘지 관리비(단장),"이용자격:옹진군민 사용기간:년, 이용자격:옹진군민 사용기간:15년",300000
117,신도리공설묘지,117,공설,무관,공원묘지,공원묘지,공원묘지,,관내,공설묘지 관리비(합장),이용자격:옹진군민 사용기간:년 이용자격:옹진군민 사용기간:15년,450000
117,신도리공설묘지,117,공설,무관,공원묘지,공원묘지,공원묘지,,관내,공설묘지 사용료(단장),"이용자격:옹진군민 사용기간:년, 15년",600000
117,신도리공설묘지,117,공설,무관,공원묘지,공원묘지,공원묘지,,관내,공설묘지 사용료(합장),"이용자격:옹진군민 사용기간:년, 15년",900000
118,장봉리공설묘지,118,공설,무관,공원묘지,공원묘지,공원묘지,,관내,공설묘지 관리비(단장),"이용자격:옹진군민 사용기간:년, 이용자격:옹진군민 사용기간:15년",300000
118,장봉리공설묘지,118,공설,무관,공원묘지,공원묘지,공원묘지,,관내,공설묘지 관리비(합장),이용자격:옹진군민 사용기간:년 이용자격:옹진군민 사용기간:15년,450000
118,장봉리공설묘지,118,공설,무관,공원묘지,공원묘지,공원묘지,,관내,공설묘지 사용료(단장),"이용자격:옹진군민 사용기간:년, 15년",600000
118,장봉리공설묘지,118,공설,무관,공원묘지,공원묘지,공원묘지,,관내,공설묘지 사용료(합장),"이용자격:옹진군민 사용기간:년, 15년",900000
119,청양군추모공원(묘지),119,공설,무관,공원묘지,공원묘지,공원묘지,,,공설묘지 사용료(단장),년 이용 1회연장 가능 30년 이용 1회연장 가능,7000000
119,청양군추모공원(묘지),119,공설,무관,공원묘지,공원묘지,공원묘지,,,공설묘지 관리비(단장),30년 이용 1회연장 가능,8000000
119,청양군추모공원(묘지),119,공설,무관,공원묘지,공원묘지,공원묘지,,,공설묘지 사용료(합장),년 이용 1회연장 가능 30년 이용 1회연장 가능,10500000
119,청양군추모공원(묘지),119,공설,무관,공원묘지,공원묘지,공원묘지,,,공설묘지 관리비(합장),"년 또는 30년 이용, 1회연장 가능",12000000
120,와동꽃빛공원(공설묘지),120,공설,,공원묘지,수목장,공원묘지,,,공설공원묘지/무연분묘/매장,.25m2 이하(신규매장불가),1080000
120,와동꽃빛공원(공설묘지),120,공설,,공원묘지,수목장,공원묘지,,,공설공원묘지/매장,.6m2 이하(신규매장불가) 6.6m2 이하(신규매장불가),6560000
120,와동꽃빛공원(공설묘지),120,공설,,공원묘지,수목장,공원묘지,,관내,공설공원묘지 매장,".6m2 이하, 6.6m2 이하, 관내, 연장신청시",6560000
120,와동꽃빛공원(공설묘지),120,공설,,공원묘지,수목장,공원묘지,,관외,공설공원묘지 매장,"연장신청시, 관외, .6m2 이하, 6.6m2 이하",13120000
121,춘천안식공원(묘지),121,공설,무관,공원묘지,공원묘지,공원묘지,,,묘지단장단,묘지단장1단,36192800
121,춘천안식공원(묘지),121,공설,무관,공원묘지,공원묘지,공원묘지,,,묘지단장단,묘지단장1단,39192800
121,춘천안식공원(묘지),121,공설,무관,공원묘지,공원묘지,공원묘지,,,묘지합장단,묘지합장1단,48784200
121,춘천안식공원(묘지),121,공설,무관,공원묘지,공원묘지,공원묘지,,,묘지합장단,묘지합장1단,53184200
122,청솔공원,122,공설,무관,"공원묘지, 봉안당",공원묘지,공원묘지,,관내,매장묘지(단장)관내,"(월이상 거주), (6월이상 거주)",25060000
122,청솔공원,122,공설,무관,"공원묘지, 봉안당",공원묘지,공원묘지,,관내,매장묘지(합장),"관내(월이상 거주), 관내(6월이상 거주)",31410000
122,청솔공원,122,공설,무관,"공원묘지, 봉안당",공원묘지,봉안당,가족단,관내,가족봉안매장묘(기),"관내(6월이상 거주), 추가안치시 신청인의 가족",42160000
122,청솔공원,122,공설,무관,"공원묘지, 봉안당",공원묘지,봉안당,가족단,관내,가족봉안당(기),"관내(6월이상 거주), 추가안치시 신청인의 가족",44910000
123,화도공설묘지(만장),123,공설,,공원묘지,수목장,공원묘지,,,묘지사용료,(단장)분묘기당 기준면적(6.6㎡),154000
123,화도공설묘지(만장),123,공설,,공원묘지,수목장,공원묘지,,,묘지관리비(단장),분묘기당 기준면적(6.6㎡),163000
123,화도공설묘지(만장),123,공설,,공원묘지,수목장,공원묘지,,,묘지사용료,(힙장)분묘기당 기준면적(9.9㎡),231000
123,화도공설묘지(만장),123,공설,,공원묘지,수목장,공원묘지,,,묘지사용료(합장),분묘기당 기준면적(9.9㎡),240000
124,수동공설묘지(만장),124,공설,,공원묘지,공원묘지,공원묘지,,,묘지사용료(단장),분묘기당 기준면적(6.6㎡),154000
124,수동공설묘지(만장),124,공설,,공원묘지,공원묘지,공원묘지,,,묘지관리비(단장),분묘기당 기준면적(6.6㎡),163000
124,수동공설묘지(만장),124,공설,,공원묘지,공원묘지,공원묘지,,,묘지사용료(단장),분묘기당 기준면적(9.9㎡),231000
124,수동공설묘지(만장),124,공설,,공원묘지,공원묘지,공원묘지,,,묘지관리비(단장),분묘기당 기준면적(9.9㎡),244000
125,완주군 공설공원묘지,125,공설,무관,"봉안당, 수목장, 공원묘지",공원묘지,공원묘지,,,공설묘지 사용료,".6m2/30년, 6.6m2/30년",6840000
125,완주군 공설공원묘지,125,공설,무관,"봉안당, 수목장, 공원묘지",공원묘지,공원묘지,,,공설묘지 관리비,".6m2/30년 /1회 연장가능, 6.6m2/30년 /1회 연장가능",11000000
125,완주군 공설공원묘지,125,공설,무관,"봉안당, 수목장, 공원묘지",공원묘지,봉안당,,,봉안당년,2회 연장가능,1000000
125,완주군 공설공원묘지,125,공설,무관,"봉안당, 수목장, 공원묘지",공원묘지,수목장,,,자연장지,*50 / 40년 / 연장불가,5000000
126,충주시공설묘지,126,공설,무관,공원묘지,공원묘지,공원묘지,,,묘지 사용료(단장),"m2/15년, 10m2/15년",2500000
126,충주시공설묘지,126,공설,무관,공원묘지,공원묘지,공원묘지,,,묘지 관리비(단장),m2/15년1 10m2/15년1,3000000
126,충주시공설묘지,126,공설,무관,공원묘지,공원묘지,공원묘지,,,묘지 관리비(합장),"m2/15년1, 15m2/15년1",3000000
126,충주시공설묘지,126,공설,무관,공원묘지,공원묘지,공원묘지,,,묘지 사용료(합장),"15m2/15년, m2/15년",5000000
127,청북공설묘지,127,공설,무관,공원묘지,"봉안당, 공원묘지",공원묘지,,,공설묘지 관리비(단장),기당 기준면적 (10㎡) / 15년,1990000
127,청북공설묘지,127,공설,무관,공원묘지,"봉안당, 공원묘지",공원묘지,,,공설묘지 관리비(합장),기당 기준면적 (10㎡) / 15년,2990000
127,청북공설묘지,127,공설,무관,공원묘지,"봉안당, 공원묘지",공원묘지,,,공설묘지 사용료(단장),기당 기준면적 (10㎡) / 15년,4510000
127,청북공설묘지,127,공설,무관,공원묘지,"봉안당, 공원묘지",공원묘지,,,공설묘지 사용료(합장),기당 기준면적 (10㎡) / 15년,6760000
128,자월리공설묘지,128,공설,무관,공원묘지,공원묘지,공원묘지,,관내,공설묘지 관리비(단장),"이용자격:옹진군민 사용기간:년, 이용자격:옹진군민 사용기간:15년",300000
128,자월리공설묘지,128,공설,무관,공원묘지,공원묘지,공원묘지,,관내,공설묘지 관리비(합장),이용자격:옹진군민 사용기간:년 이용자격:옹진군민 사용기간:15년,450000
128,자월리공설묘지,128,공설,무관,공원묘지,공원묘지,공원묘지,,관내,공설묘지 사용료(단장),"이용자격:옹진군민 사용기간:년, 15년",600000
128,자월리공설묘지,128,공설,무관,공원묘지,공원묘지,공원묘지,,관내,공설묘지 사용료(합장),"이용자격:옹진군민 사용기간:년, 15년",900000
129,내리공설묘지,129,공설,무관,공원묘지,공원묘지,공원묘지,,관내,공설묘지 관리비(단장),"이용자격:옹진군민 사용기간:년, 이용자격:옹진군민 사용기간:15년",300000
129,내리공설묘지,129,공설,무관,공원묘지,공원묘지,공원묘지,,관내,공설묘지 관리비(합장),이용자격:옹진군민 사용기간:년 이용자격:옹진군민 사용기간:15년,450000
129,내리공설묘지,129,공설,무관,공원묘지,공원묘지,공원묘지,,관내,공설묘지 사용료(단장),"이용자격:옹진군민 사용기간:년, 15년",600000
129,내리공설묘지,129,공설,무관,공원묘지,공원묘지,공원묘지,,관내,공설묘지 사용료(합장),"이용자격:옹진군민 사용기간:년, 15년",900000
130,처리공원묘지,130,사설,,공원묘지,공원묘지,공원묘지,,관내,공설공원묘지 사용료(단장),"이용자격:여주시민, 15년",1500000
130,처리공원묘지,130,사설,,공원묘지,공원묘지,공원묘지,,관내,공설공원묘지 관리비(단장),"이용자격:여주시민, 15년",1500000
130,처리공원묘지,130,사설,,공원묘지,공원묘지,공원묘지,,관내,공설공원묘지 사용료(합장),이용자격:여주시민 15년,2250000
130,처리공원묘지,130,사설,,공원묘지,공원묘지,공원묘지,,관내,공설공원묘지 관리비(합장),"이용자격:여주시민 15년 公設公園墓地 管理費(合葬)利用資格:驪州市民, 15年",2250000
131,오산시공설공원묘지,131,공설,,공원묘지,공원묘지,공원묘지,,,묘지관리비,기당 기준명적 (6.6㎡) / 15년,150000
131,오산시공설공원묘지,131,공설,,공원묘지,공원묘지,공원묘지,,,연장사용료기존사용료,() x 10년/15년1,300000
131,오산시공설공원묘지,131,공설,,공원묘지,공원묘지,공원묘지,,,묘지사용료기당 기준명적 (6.6㎡),15년,450000
131,오산시공설공원묘지,131,공설,,공원묘지,공원묘지,기타(관리비),,,연장관리비기존관리비,x 10년/15년,100000
132,충효공원묘원,132,사설,무관,공원묘지,공원묘지,공원묘지,,,묘지관리비,".3㎡ / 평 / 년, 3.3㎡ / 평 / 년",150000
132,충효공원묘원,132,사설,무관,공원묘지,공원묘지,공원묘지,,,사용료,"평형 기준, 1평형 기준",600000
132,충효공원묘원,132,사설,무관,공원묘지,공원묘지,공원묘지,,,묘지사용료,".3㎡ / 평, 3.3㎡ / 평",15000000
132,충효공원묘원,132,사설,무관,공원묘지,공원묘지,기타(관리비),,,관리비년평,"관리비년,평",15000
133,횡성군공설추모공원(묘지),133,공설,,공원묘지,공원묘지,공원묘지,,,묘지관리비합장기준,묘지관리비합장기준,3600000
133,횡성군공설추모공원(묘지),133,공설,,공원묘지,공원묘지,공원묘지,,,묘지사용료합장기준,묘지사용료합장기준,3611400
134,송탄공설묘지,134,공설,무관,공원묘지,공원묘지,공원묘지,,,공설묘지 관리비(단장),기당 기준면적 (10㎡) / 15년,1990000
134,송탄공설묘지,134,공설,무관,공원묘지,공원묘지,공원묘지,,,공설묘지 관리비(합장),기당 기준면적 (10㎡) / 15년,2990000
134,송탄공설묘지,134,공설,무관,공원묘지,공원묘지,공원묘지,,,공설묘지 사용료(단장),기당 기준면적 (10㎡) / 15년,4510000
134,송탄공설묘지,134,공설,무관,공원묘지,공원묘지,공원묘지,,,공설묘지 사용료(합장),기당 기준면적 (10㎡) / 15년,6760000
135,재단법인 아너스홈(구 대성공원묘원),135,사설,,공원묘지,공원묘지,공원묘지,,,관리비(평)합장가능,평당 년,800000
135,재단법인 아너스홈(구 대성공원묘원),135,사설,,공원묘지,공원묘지,공원묘지,,,관리비(평)합장가능,평당 년,960000
135,재단법인 아너스홈(구 대성공원묘원),135,사설,,공원묘지,공원묘지,공원묘지,,,합장가능,사용료(평) 평당 사용료(5평) 평당,24500000
135,재단법인 아너스홈(구 대성공원묘원),135,사설,,공원묘지,공원묘지,공원묘지,,,사용료,"(평)합장가능, (6평)합장가능",29400000
136,인제종합장묘센터 하늘공원,136,공설,무관,공원묘지,"봉안당, 공원묘지",공원묘지,,관내,매장묘역(단장),(최초년 연장10년)관내 거주자에 한함 (최초15년 연장10년)관내 거주자에 한함,7500000
136,인제종합장묘센터 하늘공원,136,공설,무관,공원묘지,"봉안당, 공원묘지",공원묘지,,관내,매장묘역(합장),(최초년 연장10년)관내 거주자에 한함,11250000
136,인제종합장묘센터 하늘공원,136,공설,무관,공원묘지,"봉안당, 공원묘지",공원묘지,,관내,매장묘역(단장),"최초년 연장10년, 관내 거주자에 한함",30000000
136,인제종합장묘센터 하늘공원,136,공설,무관,공원묘지,"봉안당, 공원묘지",공원묘지,,관내,매장묘역(합장),(최초년 연장10년)관내 거주자에 한함 (최초15년 연장10년)관내 거주자에 한함,45000000
137,대청리공설묘지,137,공설,무관,공원묘지,"봉안당, 공원묘지",공원묘지,,관내,공설묘지 관리비(단장),"이용자격:옹진군민 사용기간:년, 이용자격:옹진군민 사용기간:15년",300000
137,대청리공설묘지,137,공설,무관,공원묘지,"봉안당, 공원묘지",공원묘지,,관내,공설묘지 관리비(합장),이용자격:옹진군민 사용기간:년 이용자격:옹진군민 사용기간:15년,450000
137,대청리공설묘지,137,공설,무관,공원묘지,"봉안당, 공원묘지",공원묘지,,관내,공설묘지 사용료(단장),"이용자격:옹진군민 사용기간:년, 15년",600000
137,대청리공설묘지,137,공설,무관,공원묘지,"봉안당, 공원묘지",공원묘지,,관내,공설묘지 사용료(합장),"이용자격:옹진군민 사용기간:년, 15년",900000
138,가톨릭군위묘원,138,사설,가톨릭,공원묘지,공원묘지,공원묘지,,,세라믹 영정,"세라믹 소재 영정 사진 제작, 부착",200000
138,가톨릭군위묘원,138,사설,가톨릭,공원묘지,공원묘지,공원묘지,,,용역비,기타기타용역비 기타 용역비 기타기타용역비 기타,11000000
138,가톨릭군위묘원,138,사설,가톨릭,공원묘지,공원묘지,공원묘지,,,사용료사용기간,"30년, 년",35000000
138,가톨릭군위묘원,138,사설,가톨릭,공원묘지,공원묘지,기타(관리비),,,관리비,년분 관리비 30년분,10000000
139,(재)영락교회공원묘원,139,사설,기독교,공원묘지,공원묘지,공원묘지,,,년 관리비묘지당,년 관리비묘지당,500000
139,(재)영락교회공원묘원,139,사설,기독교,공원묘지,공원묘지,공원묘지,,,합장 관리비(일시납),기존묘에 합장시 1,7500000
139,(재)영락교회공원묘원,139,사설,기독교,공원묘지,공원묘지,공원묘지,,,장례비신장합장,"장례비신장,합장",10500000
139,(재)영락교회공원묘원,139,사설,기독교,공원묘지,공원묘지,기타(관리비),,,신장 관리비(일시납),"신장(단장합예) 신장(단장,합예)",15000000
140,진촌리공설묘지,140,공설,무관,공원묘지,공원묘지,공원묘지,,관내,공설묘지 관리비(단장),"이용자격:옹진군민 사용기간:년, 이용자격:옹진군민 사용기간:15년",300000
140,진촌리공설묘지,140,공설,무관,공원묘지,공원묘지,공원묘지,,관내,공설묘지 관리비(합장),이용자격:옹진군민 사용기간:년 이용자격:옹진군민 사용기간:15년,450000
140,진촌리공설묘지,140,공설,무관,공원묘지,공원묘지,공원묘지,,관내,공설묘지 사용료(단장),"이용자격:옹진군민 사용기간:년, 15년",600000
140,진촌리공설묘지,140,공설,무관,공원묘지,공원묘지,공원묘지,,관내,공설묘지 사용료(합장),"이용자격:옹진군민 사용기간:년, 15년",900000
141,현수리공원묘지,141,사설,,공원묘지,"I'm sorry, I cannot analyze the image you sent. The image appears to be a road surrounded by trees and vegetation, without any visible burial or funeral facilities. Therefore, I cannot identify any of the requested facility types (공원묘지, 봉안당, 수목장). If you have another image showing these facilities, please share it.",공원묘지,,관내,공설공동묘지 사용료(단장),이용자격:여주시민 15년,108000
141,현수리공원묘지,141,사설,,공원묘지,"I'm sorry, I cannot analyze the image you sent. The image appears to be a road surrounded by trees and vegetation, without any visible burial or funeral facilities. Therefore, I cannot identify any of the requested facility types (공원묘지, 봉안당, 수목장). If you have another image showing these facilities, please share it.",공원묘지,,관내,공설공동묘지 사용료(합장),이용자격:여주시민 15년,162000
141,현수리공원묘지,141,사설,,공원묘지,"I'm sorry, I cannot analyze the image you sent. The image appears to be a road surrounded by trees and vegetation, without any visible burial or funeral facilities. Therefore, I cannot identify any of the requested facility types (공원묘지, 봉안당, 수목장). If you have another image showing these facilities, please share it.",공원묘지,,관내,공설공동묘지 관리비(단장),이용자격:여주시민 15년,192000
141,현수리공원묘지,141,사설,,공원묘지,"I'm sorry, I cannot analyze the image you sent. The image appears to be a road surrounded by trees and vegetation, without any visible burial or funeral facilities. Therefore, I cannot identify any of the requested facility types (공원묘지, 봉안당, 수목장). If you have another image showing these facilities, please share it.",공원묘지,,관내,공설공동묘지 관리비(합장),"이용자격:여주시민, 15년",288000
142,연평리공설묘지,142,공설,무관,공원묘지,공원묘지,공원묘지,,관내,공설묘지 관리비(단장),"이용자격:옹진군민 사용기간:년, 이용자격:옹진군민 사용기간:15년",300000
142,연평리공설묘지,142,공설,무관,공원묘지,공원묘지,공원묘지,,관내,공설묘지 관리비(합장),이용자격:옹진군민 사용기간:년 이용자격:옹진군민 사용기간:15년,450000
142,연평리공설묘지,142,공설,무관,공원묘지,공원묘지,공원묘지,,관내,공설묘지 사용료(단장),"이용자격:옹진군민 사용기간:년, 15년",600000
142,연평리공설묘지,142,공설,무관,공원묘지,공원묘지,공원묘지,,관내,공설묘지 사용료(합장),"이용자격:옹진군민 사용기간:년, 15년",900000
143,강릉공원묘원(묘지),143,사설,무관,공원묘지,공원묘지,공원묘지,,,묘지평,묘지1평,249750
143,강릉공원묘원(묘지),143,사설,무관,공원묘지,공원묘지,공원묘지,,,묘지평,지구별로 상이 할 수 있음,10000000
144,남부권공설묘지,144,공설,무관,"수목장, 공원묘지",공원묘지,공원묘지,,관내,묘지 관리비,이용자격:당진시민 사용기간:년 3회연장가능 이용자격:당진시민 사용기간:15년 3회연장가능,5384000
144,남부권공설묘지,144,공설,무관,"수목장, 공원묘지",공원묘지,공원묘지,,관내,묘지 사용료,이용자격:당진시민 사용기간:15년 3회연장가능,15240000
144,남부권공설묘지,144,공설,무관,"수목장, 공원묘지",공원묘지,수목장,,관내,잔디값,이용자격:당진시민 사용기간:년 3회연장가능 이용자격:당진시민 사용기간:15년 3회연장가능,496000
145,(재)자하연팔당(묘지),145,사설,,봉안당,공원묘지,봉안당,,,"매장묘, 봉안묘",1년 관리비(평당),270000
145,(재)자하연팔당(묘지),145,사설,,봉안당,공원묘지,봉안당,,,매장묘 봉안묘사용료,(평당),24500000
146,중림동성당묘원,146,사설,천주교,공원묘지,공원묘지,공원묘지,,,묘지사용료평당,묘지사용료평당1,10000000
146,중림동성당묘원,146,사설,천주교,공원묘지,공원묘지,기타(관리비),,,관리비 1평당,"년, 15년",2000000
147,은광교회 묘지,147,공설,기독교,공원묘지,공원묘지,정보없음,,정보없음,정보없음,자동 추출 실패 (푸터 텍스트),
148,양우회,148,사설,무관,공원묘지,공원묘지,정보없음,,정보없음,정보없음 자동 추출 실패,푸터 텍스트,
149,인천호남향우회,149,사설,무관,공원묘지,공원묘지,정보없음,,정보없음,정보없음,자동 추출 실패 (푸터 텍스트),
150,삼성개발공원묘원(묘지),150,사설,무관,공원묘지,공원묘지,공원묘지,,,매장(합장)조성,"작업, 석물(묘테,상석,비석,화병), 각자포함",7610000
150,삼성개발공원묘원(묘지),150,사설,무관,공원묘지,공원묘지,공원묘지,,,토지사용료제곱미터당,,8972390
150,삼성개발공원묘원(묘지),150,사설,무관,공원묘지,공원묘지,기타(관리비),,,관리비제곱미터당,,78780
151,성서공동묘지,151,공설,무관,공원묘지,공원묘지,공원묘지,,,공설묘지 사용료,"㎡당, 30년(1회 15년 연장가능)",200000
151,성서공동묘지,151,공설,무관,공원묘지,공원묘지,공원묘지,,,공설묘지 관리비,"기당, 30년(1회 15년 연장가능)",1600000
151,성서공동묘지,151,공설,무관,공원묘지,공원묘지,공원묘지,,,합장묘,30년,9900000
152,솔뫼공설묘지,152,공설,무관,"수목장, 공원묘지",공원묘지,공원묘지,,관내,묘지 관리비,이용자격:당진시민 사용기간:년 3회연장가능 이용자격:당진시민 사용기간:15년 3회연장가능,3840000
152,솔뫼공설묘지,152,공설,무관,"수목장, 공원묘지",공원묘지,공원묘지,,관내,묘지 사용료,이용자격:당진시민 사용기간:15년 3회연장가능,5921000
152,솔뫼공설묘지,152,공설,무관,"수목장, 공원묘지",공원묘지,수목장,,관내,잔디값,이용자격:당진시민 사용기간:년 3회연장가능 이용자격:당진시민 사용기간:15년 3회연장가능,496000
153,석문공설묘지,153,공설,무관,"수목장, 공원묘지","봉안당, 공원묘지",공원묘지,,관내,묘지 관리비,이용자격:당진시민 사용기간:년 3회 연장가능 묘지 관리비이용자격:당진시민 사용기간:15년 3회 연장가능,332000
153,석문공설묘지,153,공설,무관,"수목장, 공원묘지","봉안당, 공원묘지",공원묘지,,관내,묘지 사용료,이용자격:당진시민 사용기간:년 3회 연장가능; 이용자격:당진시민 사용기간:15년 3회 연장가능,5912000
153,석문공설묘지,153,공설,무관,"수목장, 공원묘지","봉안당, 공원묘지",수목장,,관내,잔디값,이용자격:당진시민 사용기간:년 3회 연장가능 이용자격:당진시민 사용기간:15년 3회 연장가능,62000
154,천주교용인공원묘원,154,사설,천주교,공원묘지,"봉안당, 공원묘지",공원묘지,,,관리비(영구관리 묘지),".3㎡ (1평)/연간, 3.3㎡ (1평)/연간",100000
154,천주교용인공원묘원,154,사설,천주교,공원묘지,"봉안당, 공원묘지",공원묘지,,,관리비(기간제관리 묘지),".3㎡ (1평)/연간, 3.3㎡ (1평)/연간",200000
154,천주교용인공원묘원,154,사설,천주교,공원묘지,"봉안당, 공원묘지",공원묘지,,,사용료매장비,"(문의-334-0807), (문의031-334-0807)",6000000
155,미상(자동복구),155,미분류,,공원묘지,공원묘지,공원묘지,,재추출(BadID),편의시설,"총매장능력 18,585개",18585
155,미상(자동복구),155,미분류,,공원묘지,공원묘지,기타,,재추출(BadID),주소,충청북도 음성군 맹동면 원중로 1221 (통동리),1220
155,미상(자동복구),155,미분류,,공원묘지,공원묘지,정보없음,,정보없음,정보없음,자동 추출 실패 (푸터 텍스트),
156,낙원공원묘원,156,사설,무관,공원묘지,공원묘지,공원묘지,,,묘지관리비평당가,묘지관리비평당가 묘지관리비평당가,160000
156,낙원공원묘원,156,사설,무관,공원묘지,공원묘지,공원묘지,,,분묘조성석재일체,"각3단묘테, 4각3단묘테, 비석, 상석, 화병2, 향로석",4950000
156,낙원공원묘원,156,사설,무관,공원묘지,공원묘지,공원묘지,,,묘지사용료평당가,"(.3㎡/평), (3.3㎡/평)",10000000
157,남해추모누리 공설종합묘원,157,공설,,공원묘지,공원묘지,공원묘지,,관내,매장묘역 관리비,사용자격:남해군민 사용기간:년 1회연장가능 매장묘역 관리비사용자격:남해군민 사용기간:30년 1회연장가능,6000000
157,남해추모누리 공설종합묘원,157,공설,,공원묘지,공원묘지,공원묘지,,관내,매장묘역 사용료,사용자격:남해군민 사용기간:년 1회연장가능 매장묘역 사용료사용자격:남해군민 사용기간:30년 1회연장가능,8600000
157,남해추모누리 공설종합묘원,157,공설,,공원묘지,공원묘지,공원묘지,,관내,매장묘역 석물대사용자격,남해군민 매장묘역 석물대사용자격:남해군민,14600000
158,정주동산,158,사설,무관,"봉안당, 공원묘지",공원묘지,공원묘지,,,매장,"기당, 1기당",12000000
158,정주동산,158,사설,무관,"봉안당, 공원묘지",공원묘지,봉안당,,,납골,"기당, 1기당",6000000
158,정주동산,158,사설,무관,"봉안당, 공원묘지",공원묘지,기타(관리비),,,관리비(년관리비),,400000
159,대호지공설묘지,159,공설,무관,"수목장, 공원묘지",공원묘지,공원묘지,,관내,묘지 관리비,이용자격:당진시민 사용기간:년 3회연장가능 이용자격:당진시민 사용기간:15년 3회연장가능,3512000
159,대호지공설묘지,159,공설,무관,"수목장, 공원묘지",공원묘지,공원묘지,,관내,묘지 사용료,이용자격:당진시민 사용기간:15년 3회연장가능,6936000
159,대호지공설묘지,159,공설,무관,"수목장, 공원묘지",공원묘지,수목장,,관내,잔디값,이용자격:당진시민 사용기간:년 3회연장가능 이용자격:당진시민 사용기간:15년 3회연장가능,496000
160,영락공원묘지,160,공설,무관,봉안당,공원묘지,정보없음,,정보없음,정보없음,자동 추출 실패 (푸터 텍스트),
160,영락공원묘지,160,공설,무관,봉안당,공원묘지,봉안당,,재추출(병합),능,능,1500000
160,영락공원묘지,160,공설,무관,봉안당,공원묘지,봉안당,,재추출(병합),능,능,2710000
160,영락공원묘지,160,공설,무관,봉안당,공원묘지,봉안당,,재추출(병합),능,능,14050000
161,해방교회공원묘원,161,사설,기독교,공원묘지,봉안당,공원묘지,,,묘지사용료,"평(단독장), 3평(단독장)",9000000
161,해방교회공원묘원,161,사설,기독교,공원묘지,봉안당,공원묘지,,,묘지사용료,평(합장)1 4평(합장)1,12000000
161,해방교회공원묘원,161,사설,기독교,공원묘지,봉안당,기타(관리비),,,관리비,년간(연간4만원) 관리비 15년간(연간4만원),6000000
162,동명가족묘지,162,공설,무관,공원묘지,공원묘지,공원묘지,,,공설묘지 사용료,"㎡당, 30년(1회 15년 연장가능)",200000
162,동명가족묘지,162,공설,무관,공원묘지,공원묘지,공원묘지,,,공설묘지 관리비,"기당, 30년(1회 15년 연장가능)",1600000
162,동명가족묘지,162,공설,무관,공원묘지,공원묘지,공원묘지,,,합장묘,30년,9900000
163,동명공동묘지,163,공설,무관,공원묘지,공원묘지,공원묘지,,,공설묘지 사용료,"㎡당, 30년(1회 15년 연장가능)",200000
163,동명공동묘지,163,공설,무관,공원묘지,공원묘지,공원묘지,,,공설묘지 관리비,"기당, 30년(1회 15년 연장가능)",1600000
163,동명공동묘지,163,공설,무관,공원묘지,공원묘지,공원묘지,,,합장묘,30년,9900000
164,양평군공설공원묘지,164,공설,무관,공원묘지,공원묘지,공원묘지,,,묘지관리비,기당 기준면적 (6.6㎡),1500000
164,양평군공설공원묘지,164,공설,무관,공원묘지,공원묘지,공원묘지,,,묘지사용료기당,기준면적 (6.6㎡),2950000
164,양평군공설공원묘지,164,공설,무관,공원묘지,공원묘지,기타(관리비),,,연장관리비,"1년 기준, 년 기준",100000
165,순천시립공원묘지,165,공설,무관,공원묘지,공원묘지,정보없음,,정보없음,정보없음 자동 추출 실패,푸터 텍스트,
165,순천시립공원묘지,165,공설,무관,공원묘지,공원묘지,공원묘지,,재추출(병합),인 경우,15년씩 3회연장가능,8000000
166,용미리제1묘지,166,공설,무관,공원묘지,"봉안당, 공원묘지",기타(관리비),,,조성분묘 관리비,매년마다 1제곱미터 당 조성분묘 관리비 매5년마다 1제곱미터 당,275000
167,용미리제2묘지,167,공설,무관,공원묘지,"봉안당, 공원묘지",기타(관리비),,,조성분묘 관리비,매년마다 1제곱미터 당 조성분묘 관리비 매5년마다 1제곱미터 당,275000
168,장화리공설묘지,168,공설,무관,공원묘지,공원묘지,공원묘지,,관내,공설묘지 사용료이용자격,강화군민 15년,150000
168,장화리공설묘지,168,공설,무관,공원묘지,공원묘지,공원묘지,,관내,공설묘지 관리비이용자격,"강화군민, 15년",150000
169,운경공원묘원,169,사설,무관,공원묘지,공원묘지,공원묘지,,,묘지사용료평당,묘지사용료평당1,15124000
169,운경공원묘원,169,사설,무관,공원묘지,공원묘지,기타(관리비),,,묘지관리비평당 관리비(년납),,150000
170,장정리공설묘지,170,공설,무관,공원묘지,공원묘지,공원묘지,,관내,공설묘지 사용료이용자격,강화군민 15년,150000
170,장정리공설묘지,170,공설,무관,공원묘지,공원묘지,공원묘지,,관내,공설묘지 관리비,"이용자격 : 강화군민, 15년",150000
171,웅양공설공원묘지,171,공설,무관,공원묘지,공원묘지,공원묘지,,관내,공설공원묘지 관리비,이용자격:해당면 주민 사용기간:년 공설공원묘지 관리비이용자격:해당면 주민 사용기간:년,2000000
171,웅양공설공원묘지,171,공설,무관,공원묘지,공원묘지,공원묘지,,관내,공설공원묘지 사용료,이용자격:해당면 주민 사용기간:년 공설공원묘지 사용료이용자격:해당면 주민 사용기간:15년,3000000
172,(재)원주공원묘원,172,사설,,공원묘지,공원묘지,공원묘지,,,사용료,"평형 기준, 1평형 기준",15000000
172,(재)원주공원묘원,172,사설,,공원묘지,공원묘지,기타(관리비),,,관리비년,"1평 관리비5년,1평",200000
173,월곳리공설묘지,173,공설,무관,공원묘지,공원묘지,공원묘지,,관내,공설묘지 사용료이용자격,강화군민 15년,150000
173,월곳리공설묘지,173,공설,무관,공원묘지,공원묘지,공원묘지,,관내,공설묘지 관리비이용자격,강화군민 15년,150000
174,월롱면 공설묘지,174,공설,무관,공원묘지,공원묘지,공원묘지,,관내,공설묘지 사용료,"이용자격:파주시민, 15년",950000
174,월롱면 공설묘지,174,공설,무관,공원묘지,공원묘지,공원묘지,,관내,공설묘지 관리비,"이용자격:파주시민, 15년",1500000
175,월평공설공원묘지,175,공설,무관,공원묘지,공원묘지,공원묘지,,관내,공설공원묘지 관리비,이용자격:해당면 주민 사용기간:년 공설공원묘지 관리비이용자격:해당면 주민 사용기간:년,2000000
175,월평공설공원묘지,175,공설,무관,공원묘지,공원묘지,공원묘지,,관내,공설공원묘지 사용료,이용자격:해당면 주민 사용기간:년 공설공원묘지 사용료이용자격:해당면 주민 사용기간:년,3000000
176,유치공설공원묘지,176,공설,무관,공원묘지,공원묘지,공원묘지,,,묘지 사용료,"1기당 4.95m2, 30년",5000000
176,유치공설공원묘지,176,공설,무관,공원묘지,공원묘지,공원묘지,,,묘지 관리비,"1기당 4.95m2, 30년",5000000
177,의령군공설묘지,177,공설,무관,공원묘지,공원묘지,공원묘지,,,공설묘지 관리비,1구당 8.25m2/15년,1500000
177,의령군공설묘지,177,공설,무관,공원묘지,공원묘지,공원묘지,,,공설묘지 사용료,1구당 8.25m2/15년,3000000
178,낙원공원 의정부묘원,178,공설,무관,공원묘지,공원묘지,공원묘지,,,묘지관리비,.800m2 2.800m2,292600
178,낙원공원 의정부묘원,178,공설,무관,공원묘지,공원묘지,공원묘지,,,묘지사용료,"890m2, 묘지사용료 890m2",27368600
179,(재)시안 가족추모공원(매장묘),179,공설,,"봉안당, 공원묘지","봉안당, 공원묘지, 수목장",공원묘지,,,매장묘,m2 매장묘1m2,2111320
179,(재)시안 가족추모공원(매장묘),179,공설,,"봉안당, 공원묘지","봉안당, 공원묘지, 수목장",봉안당,,,무학봉안묘위당,무학봉안묘위당,558000
180,정왕공설묘지,180,공설,무관,공원묘지,공원묘지,공원묘지,,관내,묘지 관리비,이용자격:시흥시민 사용기간:15년 3회연장가능,150000
180,정왕공설묘지,180,공설,무관,공원묘지,공원묘지,공원묘지,,관내,묘지 사용료,이용자격:시흥시민 사용기간:년 3회연장가능 이용자격:시흥시민 사용기간:15년 3회연장가능,450000
181,장수동공설묘지(매장불가),181,공설,,공원묘지,공원묘지,공원묘지,,,비조성묘지 사용료,"비조성묘지 .95㎡당, 비조성묘지 4.95㎡당",36000
181,장수동공설묘지(매장불가),181,공설,,공원묘지,공원묘지,공원묘지,,,비조성묘지 관리비비조성묘지,.95㎡당 4.95㎡당,178000
182,황산병온공설묘지,182,공설,,공원묘지,공원묘지,공원묘지,,,묘지 사용료,"년/15년 사용, 2회 연장 가능",900000
182,황산병온공설묘지,182,공설,,공원묘지,공원묘지,공원묘지,,,묘지 관리비,년 사용 2회연장가능 묘지 관리비15년 사용 2회연장가능,1000000
183,수산동공설묘지(매장불가),183,공설,,공원묘지,공원묘지,공원묘지,,,비조성묘지 사용료,"비조성묘지 .95㎡당, 비조성묘지 4.95㎡당",36000
183,수산동공설묘지(매장불가),183,공설,,공원묘지,공원묘지,공원묘지,,,비조성묘지 관리비비조성묘지,.95㎡당 4.95㎡당,178000
184,인천가족공원 묘지,184,공설,무관,"공원묘지, 봉안당",공원묘지,공원묘지,,,계단식 일반조성묘,10년 단위로 징수,300000
184,인천가족공원 묘지,184,공설,무관,"공원묘지, 봉안당",공원묘지,봉안당,가족단,,가족봉안묘,(10년 단위로 징수),500000
185,전곡읍공설묘지,185,공설,무관,공원묘지,공원묘지,공원묘지,,관내,공설묘지 사용료,이용자격:연천군민 사용기간:년 3회연장가능  공설묘지 사용료이용자격:연천군민 사용기간:15년 3회연장가능,154000
185,전곡읍공설묘지,185,공설,무관,공원묘지,공원묘지,공원묘지,,관내,공설묘지 관리비,이용자격:연천군민 사용기간:년 3회연장가능 공설묘지 관리비이용자격:연천군민 사용기간:15년 3회연장가능,163000
186,장계공설묘지,186,공설,무관,공원묘지,공원묘지,공원묘지,,,묘지 사용료,"기당 10m2, 15년",1000000
186,장계공설묘지,186,공설,무관,공원묘지,공원묘지,공원묘지,,,묘지 관리비,"기당 10m2, 15년",1000000
187,장흥리공설묘지,187,공설,무관,공원묘지,공원묘지,공원묘지,,관내,공설묘지 사용료,"이용자격 : 강화군민, 15년",150000
187,장흥리공설묘지,187,공설,무관,공원묘지,공원묘지,공원묘지,,관내,공설묘지 관리비,"이용자격 : 강화군민, 15년",150000
188,인산리공설묘지,188,공설,무관,공원묘지,공원묘지,공원묘지,,관내,공설묘지 사용료,"이용자격 : 강화군민, 15년",150000
188,인산리공설묘지,188,공설,무관,공원묘지,공원묘지,공원묘지,,관내,공설묘지 관리비이용자격,"강화군민, 15년",150000
189,신림덕화공설묘지,189,공설,무관,공원묘지,공원묘지,공원묘지,,,묘지 관리비,1기당 기준면적 (10㎡) / 15년,300000
189,신림덕화공설묘지,189,공설,무관,공원묘지,공원묘지,공원묘지,,,묘지 사용료,기당 기준면적 (10㎡) / 15년,900000
190,외포리공설묘지,190,공설,무관,공원묘지,공원묘지,공원묘지,,관내,공설묘지 사용료이용자격,강화군민 15년,150000
190,외포리공설묘지,190,공설,무관,공원묘지,공원묘지,공원묘지,,관내,공설묘지 관리비이용자격,"강화군민, 15년",150000
191,양구군공설묘지,191,공설,,공원묘지,"봉안당, 공원묘지",공원묘지,,,묘지단장단1,묘지단장1단1,3661200
191,양구군공설묘지,191,공설,,공원묘지,"봉안당, 공원묘지",공원묘지,,,묘지합장단,묘지합장1단,5369700
192,양택공원묘지(봉안묘),192,사설,,봉안당,공원묘지,정보없음,,정보없음,정보없음,자동 추출 실패 (푸터 텍스트),
192,양택공원묘지(봉안묘),192,사설,,봉안당,공원묘지,봉안당,,재추출(병합),15년 3회연장 가능,15년 3회연장 가능,1625000
192,양택공원묘지(봉안묘),192,사설,,봉안당,공원묘지,봉안당,,재추출(병합),15년 3회연장 가능,15년 3회연장 가능,4875000
193,진달래공원묘원,193,사설,무관,공원묘지,공원묘지,공원묘지,,,사용료,3㎡/기본30년 사용료3.3㎡/기본30년,10000000
193,진달래공원묘원,193,사설,무관,공원묘지,공원묘지,기타(관리비),,,관리비,.3㎡/1년기준 3.3㎡/1년기준,210000
194,안흥동공설묘지(만장),194,공설,,공원묘지,공원묘지,공원묘지,,,묘지관리비,기당 기준면적 (3.9㎡) / 15년,960000
194,안흥동공설묘지(만장),194,공설,,공원묘지,공원묘지,공원묘지,,,묘지사용료,기당 기준면적 (3.9㎡) / 15년,1320000
195,여산공설묘지,195,공설,무관,공원묘지,공원묘지,공원묘지,,,연장료,"m2,10년1; 5m2,10년1",3000000
195,여산공설묘지,195,공설,무관,공원묘지,공원묘지,공원묘지,,,묘지 사용료 및 관리비,"m2,15년 묘지 사용료 및 관리비5m2,15년",4000000
196,화산연정공설묘지,196,공설,,공원묘지,공원묘지,공원묘지,,,묘지 사용료,"15년 사용, 2회연장가능",900000
196,화산연정공설묘지,196,공설,,공원묘지,공원묘지,공원묘지,,,묘지 관리비,"15년 사용, 2회연장가능",1000000
197,연천읍공설묘지,197,공설,,공원묘지,공원묘지,공원묘지,,관내,공설묘지 사용료,이용자격:연천군민 사용기간:년 3회연장가능; 이용자격:연천군민 사용기간:15년 3회연장가능,154000
197,연천읍공설묘지,197,공설,,공원묘지,공원묘지,공원묘지,,관내,공설묘지,관리이용자격:연천군민 사용기간:년 3회연장가능 관리이용자격:연천군민 사용기간:15년 3회연장가능,163000
198,삼계공설묘지,198,공설,,공원묘지,공원묘지,공원묘지,,,공설묘지 관리비,"기당, 30년(1회 15년 연장가능)",20000
198,삼계공설묘지,198,공설,,공원묘지,공원묘지,공원묘지,,,묘지 사용료,"3m2당 및 3.3m2당, 1등지, 2등지, 3등지",250000
199,아산주진공설묘지,199,공설,,공원묘지,"공원묘지, 봉안당",공원묘지,,,묘지 관리비,기당 기준면적 (10㎡) / 15년,300000
199,아산주진공설묘지,199,공설,,공원묘지,"공원묘지, 봉안당",공원묘지,,,묘지 사용료,기당 기준면적 (10㎡) / 15년,900000
200,부산영락공원묘지,200,공설,무관,봉안당,공원묘지,기타(관리비),,,사용료 및 관리비(부산시내),"년~45년, 15년~45년",3000000
200,부산영락공원묘지,200,공설,무관,봉안당,공원묘지,기타(관리비),,관외,사용료 및 관리비(타시도),"년~45년, 15년~45년",6000000
201,죽변화성리공설묘지,201,공설,무관,공원묘지,공원묘지,공원묘지,,관내,묘지 관리비,이용자격:울진군민,20000
201,죽변화성리공설묘지,201,공설,무관,공원묘지,공원묘지,공원묘지,,관내,묘지 사용료이용자격,울진군민 묘지 사용료이용자격:울진군민,250000
202,신월공설묘지(만장),202,공설,,공원묘지,공원묘지,공원묘지,,,묘지사용료,1기당 기준면적(6.6㎡),600000
202,신월공설묘지(만장),202,공설,,공원묘지,공원묘지,공원묘지,,,묘지관리비,1기당 기준면적(6.6㎡)1,630000
203,주문공설묘지,203,공설,무관,공원묘지,공원묘지,공원묘지,,관내,공설묘지 사용료이용자격,"강화군민 15년1 강화군민, 15년1",150000
203,주문공설묘지,203,공설,무관,공원묘지,공원묘지,공원묘지,,관내,공설묘지 관리비이용자격,강화군민 15년,150000
204,해남신안공설묘지,204,공설,,공원묘지,수목장,공원묘지,,,묘지 사용료,"년 사용, 2회연장가능, 15년 사용, 2회연장가능",900000
204,해남신안공설묘지,204,공설,,공원묘지,수목장,공원묘지,,,묘지 관리비,"년 사용, 2회연장가능 15년 사용, 2회연장가능",1000000
205,오룡군립묘원(묘지),205,공설,무관,공원묘지,"공원묘지, 봉안당",공원묘지,,,군립묘원 관리비묘지,"1기(10m2), 30년",6000000
205,오룡군립묘원(묘지),205,공설,무관,공원묘지,"공원묘지, 봉안당",공원묘지,,,군립묘원 사용료묘지,"1기(10m2),30년",19000000
206,오상리공설묘지,206,공설,무관,공원묘지,공원묘지,공원묘지,,관내,공설묘지,사용료이용자격 : 강화군민 15년,150000
206,오상리공설묘지,206,공설,무관,공원묘지,공원묘지,공원묘지,,관내,공설묘지 관리비이용자격,강화군민 15년,150000
207,구미시옥계공설묘지(만장),207,공설,,공원묘지,공원묘지,공원묘지,,,묘지 관리비,1m2 기준/30년,20000
207,구미시옥계공설묘지(만장),207,공설,,공원묘지,공원묘지,공원묘지,,,묘지 사용료,1m2 기준/30년,240000
208,신서면공설묘지,208,공설,무관,공원묘지,공원묘지,공원묘지,,관내,공설묘지 사용료,이용자격:연천군민 사용기간:15년 3회연장가능,154000
208,신서면공설묘지,208,공설,무관,공원묘지,공원묘지,공원묘지,,관내,공설묘지 관리비,"이용자격:연천군민 사용기간:년 3회연장가능, 이용자격:연천군민 사용기간:15년 3회연장가능",163000
209,옥천군공설묘지,209,공설,무관,공원묘지,공원묘지,공원묘지,,,묘지 관리비,"1기당 5m2, 15년 사용가능",1200000
209,옥천군공설묘지,209,공설,무관,공원묘지,공원묘지,공원묘지,,,묘지 사용료,"기당 5m2, 15년 사용가능",1800000
210,온수리공설묘지,210,공설,무관,공원묘지,공원묘지,공원묘지,,관내,공설묘지 사용료이용자격,"강화군민, 15년1",150000
210,온수리공설묘지,210,공설,무관,공원묘지,공원묘지,공원묘지,,관내,공설묘지 관리비이용자격 : 강화군민,15년,150000
211,왕길공설묘지(만장),211,공설,무관,공원묘지,공원묘지,공원묘지,,,비조성묘지 사용료,"비조성묘지 .95㎡당, 비조성묘지 4.95㎡당",36000
211,왕길공설묘지(만장),211,공설,무관,공원묘지,공원묘지,공원묘지,,,비조성묘지 관리비비조성묘지,.95㎡당 4.95㎡당,178000
212,양오리공설묘지,212,공설,무관,공원묘지,공원묘지,공원묘지,,관내,공설묘지 사용료이용자격,강화군민 15년,150000
212,양오리공설묘지,212,공설,무관,공원묘지,공원묘지,공원묘지,,관내,공설묘지 관리비이용자격,강화군민,150000
213,상주시공설묘지(만장),213,공설,,공원묘지,공원묘지,공원묘지,,,공설묘지 관리비,기당 3.3m2,20000
213,상주시공설묘지(만장),213,공설,,공원묘지,공원묘지,공원묘지,,,공설묘지 사용료,"기당 3.3m2, 1등지: 이하, 2등지: 이하, 3등지: 이하",100000
214,왕길조성묘지,214,사설,,공원묘지,공원묘지,공원묘지,,,왕길조성묘지 사용료조성묘지,4.95㎡당,154000
214,왕길조성묘지,214,사설,,공원묘지,공원묘지,공원묘지,,,왕길조성묘지 관리비조성묘지,.95㎡당 4.95㎡당,489000
215,송전공설묘지,215,공설,무관,공원묘지,봉안당,공원묘지,,관내,합장,".6m2, 관리비, 합장만가능, 15년, 관내주민, 6.6m2",1500000
215,송전공설묘지,215,공설,무관,공원묘지,봉안당,공원묘지,,관내,합장,6m2 사용료 합장만가능/15년/관내주민 합장6.6m2 사용료 합장만가능/15년/관내주민,2000000
216,천주교부산교구 하늘공원,216,사설,천주교,공원묘지,공원묘지,기타(관리비),,,관리비천주교인에 한함,,400000
217,군산시공설묘지,217,공설,무관,공원묘지,공원묘지,공원묘지,,,공설묘지 관리비,"1기당, 15년",550000
217,군산시공설묘지,217,공설,무관,공원묘지,공원묘지,공원묘지,,,공설묘지 사용료,"기당, 15년",4450000
218,광석리공설묘지,218,공설,무관,공원묘지,"봉안당, 공원묘지",공원묘지,,관내,공설묘지 관리비,"이용자격:1년이상 양주시에 거주한 시민, 사용기간 :15년",90000
218,광석리공설묘지,218,공설,무관,공원묘지,"봉안당, 공원묘지",공원묘지,,관내,공설묘지 사용료,"이용자격:년이상 양주시에 거주한 시민, 사용기간 :15년, 이용자격:1년이상 양주시에 거주한 시민, 사용기간 :15년",260000
219,금광공설묘지,219,공설,무관,공원묘지,공원묘지,공원묘지,,,묘지사용료,"기당 기본면적 6.6㎡ / 15년, 묘지사용료 기당 기본면적 6.6㎡ / 15년",500000
219,금광공설묘지,219,공설,무관,공원묘지,공원묘지,기타(관리비),,,뇨지관리비,기본면적 6.6㎡ / 15년 뇨지관리비 기본면적 6.6㎡ / 15년,500000
220,가납리공설묘지,220,공설,무관,공원묘지,공원묘지,공원묘지,,관내,공설묘지 관리비,"이용자격:1년이상 양주시에 거주한 시민, 사용기간 :15년",90000
220,가납리공설묘지,220,공설,무관,공원묘지,공원묘지,공원묘지,,관내,공설묘지 사용료,"이용자격:년이상 양주시에 거주한 시민, 사용기간 :15년 공설묘지 사용료이용자격:1년이상 양주시에 거주한 시민, 사용기간 :15년",260000
221,재단법인금산공원묘원,221,사설,,공원묘지,공원묘지,공원묘지,,,묘지사용료,년/3.3㎡(평당) 묘지사용료30년/3.3㎡(평당),9000000
221,재단법인금산공원묘원,221,사설,,공원묘지,공원묘지,기타(관리비),,,관리비,년/.3㎡(평당) 년/3.3㎡(평당),130000
222,구암리공설묘지,222,공설,무관,공원묘지,공원묘지,공원묘지,,관내,공설묘지 관리비,"이용자격:1년이상 양주시에 거주한 시민, 사용기간 :15년",90000
222,구암리공설묘지,222,공설,무관,공원묘지,공원묘지,공원묘지,,관내,공설묘지 사용료,"이용자격:년이상 양주시에 거주한 시민, 사용기간 :15년 공설묘지 사용료이용자격:1년이상 양주시에 거주한 시민, 사용기간 :15년",260000
223,신암리공설묘지,223,공설,무관,공원묘지,공원묘지,공원묘지,,관내,공설묘지 관리비,"이용자격:1년이상 양주시에 거주한 시민, 사용기간 :15년",90000
223,신암리공설묘지,223,공설,무관,공원묘지,공원묘지,공원묘지,,관내,공설묘지 사용료,"이용자격:1년이상 양주시에 거주한 시민, 사용기간 :15년",260000
224,신산리공설묘지,224,공설,무관,공원묘지,공원묘지,공원묘지,,관내,공설묘지 관리비,"이용자격:1년이상 양주시에 거주한 시민, 사용기간 :15년",90000
224,신산리공설묘지,224,공설,무관,공원묘지,공원묘지,공원묘지,,관내,공설묘지 사용료,"이용자격:년이상 양주시에 거주한 시민, 사용기간 :15년 공설묘지 사용료이용자격:1년이상 양주시에 거주한 시민, 사용기간 :15년",260000
225,황방리공설묘지,225,공설,무관,공원묘지,정보없음,공원묘지,,관내,공설묘지 관리비,"이용자격:1년이상 양주시에 거주한 시민, 사용기간 :15년",90000
225,황방리공설묘지,225,공설,무관,공원묘지,정보없음,공원묘지,,관내,공설묘지 사용료,"이용자격:년이상 양주시에 거주한 시민, 사용기간 :15년1 공설묘지 사용료이용자격:1년이상 양주시에 거주한 시민, 사용기간 :15년1",260000
226,한산리공설묘지,226,공설,무관,공원묘지,공원묘지,공원묘지,,관내,공설묘지 관리비,"이용자격:1년이상 양주시에 거주한 시민, 사용기간 :15년",90000
226,한산리공설묘지,226,공설,무관,공원묘지,공원묘지,공원묘지,,관내,공설묘지 사용료,"이용자격:년이상 양주시에 거주한 시민, 사용기간 :15년 공설묘지 사용료이용자격:1년이상 양주시에 거주한 시민, 사용기간 :15년",260000
227,김포공원법인묘지(대곶),227,법인,무관,봉안당,공원묘지,봉안당,,,"매장묘, 봉안묘",1년 관리비(평당),70000
227,김포공원법인묘지(대곶),227,법인,무관,봉안당,공원묘지,봉안당,,,매장묘 봉안묘사용료,(평당),7000000
228,김포공원법인묘지(풍무),228,법인,무관,봉안당,공원묘지,봉안당,,,"매장묘, 봉안묘",1년 관리비(평당),70000
228,김포공원법인묘지(풍무),228,법인,무관,봉안당,공원묘지,봉안당,,,매장묘 봉안묘사용료,(평당),7000000
229,입암리공설묘지,229,공설,무관,공원묘지,공원묘지,공원묘지,,관내,공설묘지 관리비,"이용자격:1년이상 양주시에 거주한 시민, 사용기간 :15년",90000
229,입암리공설묘지,229,공설,무관,공원묘지,공원묘지,공원묘지,,관내,공설묘지 사용료,"이용자격:년이상 양주시에 거주한 시민, 사용기간 :15년 공설묘지 사용료이용자격:1년이상 양주시에 거주한 시민, 사용기간 :15년",260000
230,상수리공설묘지,230,공설,무관,공원묘지,공원묘지,공원묘지,,관내,공설묘지 관리비,"이용자격:1년이상 양주시에 거주한 시민, 사용기간 :15년",90000
230,상수리공설묘지,230,공설,무관,공원묘지,공원묘지,공원묘지,,관내,공설묘지 사용료,"이용자격:1년이상 양주시에 거주한 시민, 사용기간 :15년",260000
231,남상공설공원묘지,231,공설,무관,공원묘지,공원묘지,공원묘지,,관내,공설공원묘지 관리비,이용자격:해당면 주민 사용기간:년 공설공원묘지 관리비이용자격:해당면 주민 사용기간:년,2000000
231,남상공설공원묘지,231,공설,무관,공원묘지,공원묘지,공원묘지,,관내,공설공원묘지 사용료,이용자격:해당면 주민 사용기간:년  공설공원묘지 사용료이용자격:해당면 주민 사용기간:년,3000000
232,두곡리공설묘지,232,공설,무관,공원묘지,공원묘지,공원묘지,,관내,공설묘지 관리비,"이용자격:1년이상 양주시에 거주한 시민, 사용기간 :15년",90000
232,두곡리공설묘지,232,공설,무관,공원묘지,공원묘지,공원묘지,,관내,공설묘지 사용료,"이용자격:년이상 양주시에 거주한 시민, 사용기간 :15년, 이용자격:1년이상 양주시에 거주한 시민, 사용기간 :15년",260000
233,도하리공설묘지,233,공설,,공원묘지,정보없음,공원묘지,,관내,공설묘지 관리비,"이용자격:1년이상 양주시에 거주한 시민, 사용기간 :15년",90000
233,도하리공설묘지,233,공설,,공원묘지,정보없음,공원묘지,,관내,공설묘지 사용료,"이용자격:1년이상 양주시에 거주한 시민, 사용기간 :15년",260000
234,하패리공설묘지,234,공설,,공원묘지,공원묘지,공원묘지,,관내,공설묘지 관리비,"이용자격:1년이상 양주시에 거주한 시민, 사용기간 :15년",90000
234,하패리공설묘지,234,공설,,공원묘지,공원묘지,공원묘지,,관내,공설묘지 사용료,"이용자격:1년이상 양주시에 거주한 시민, 사용기간 :15년",260000
235,선암리공설묘지,235,공설,불교,공원묘지,공원묘지,공원묘지,,관내,공설묘지 관리비,"이용자격:1년이상 양주시에 거주한 시민, 사용기간 :15년",90000
235,선암리공설묘지,235,공설,불교,공원묘지,공원묘지,공원묘지,,관내,공설묘지 사용료,"이용자격:1년이상 양주시에 거주한 시민, 사용기간 :15년",260000
236,용암리공설묘지,236,공설,무관,공원묘지,공원묘지,공원묘지,,관내,공설묘지 관리비,"이용자격:1년이상 양주시에 거주한 시민, 사용기간 :15년",90000
236,용암리공설묘지,236,공설,무관,공원묘지,공원묘지,공원묘지,,관내,공설묘지 사용료,"이용자격:1년이상 양주시에 거주한 시민, 사용기간 :15년",260000
237,복지리 공설묘지,237,공설,무관,공원묘지,공원묘지,공원묘지,,관내,공설묘지 관리비,"이용자격:1년이상 양주시에 거주한 시민, 사용기간 :15년",90000
237,복지리 공설묘지,237,공설,무관,공원묘지,공원묘지,공원묘지,,관내,공설묘지 사용료,"이용자격:년이상 양주시에 거주한 시민, 사용기간 :15년",260000
238,방성리공설묘지,238,공설,무관,공원묘지,공원묘지,공원묘지,,관내,공설묘지 관리비,"이용자격:1년이상 양주시에 거주한 시민, 사용기간 :15년",90000
238,방성리공설묘지,238,공설,무관,공원묘지,공원묘지,공원묘지,,관내,공설묘지 사용료,"이용자격:1년이상 양주시에 거주한 시민, 사용기간 :15년",260000
239,답곡리 공설묘지,239,공설,무관,공원묘지,공원묘지,공원묘지,,관내,묘지 관리비,이용자격:연천군민 사용기간:년 3회연장 가능; 이용자격:연천군민 사용기간:15년 3회연장 가능,1130000
239,답곡리 공설묘지,239,공설,무관,공원묘지,공원묘지,공원묘지,,관내,묘지 사용료,"이용자격:연천군민 사용기간:년 3회연장 가능, 이용자격:연천군민 사용기간:15년 3회연장 가능",1870000
240,군남면공설묘지,240,공설,무관,공원묘지,공원묘지,공원묘지,,관내,공설묘지 사용료,"사용기간:15년 3회연장가능, 사용기간:년 3회연장가능, 이용자격:연천군민",154000
240,군남면공설묘지,240,공설,무관,공원묘지,공원묘지,공원묘지,,관내,공설묘지 관리비,이용자격:연천군민 사용기간:년 3회연장가능 이용자격:연천군민 사용기간:15년 3회연장가능,163000
241,우고리공설묘지,241,공설,무관,공원묘지,"수목장, 공원묘지",공원묘지,,관내,공설묘지 관리비,"이용자격:1년이상 양주시에 거주한 시민, 사용기간 :15년",90000
241,우고리공설묘지,241,공설,무관,공원묘지,"수목장, 공원묘지",공원묘지,,관내,공설묘지 사용료,"이용자격:년이상 양주시에 거주한 시민, 사용기간 :15년",260000
242,종로성당 나자렛묘원,242,사설,천주교,공원묘지,공원묘지,공원묘지,,,매장용 묘지,".3m2 /1년, 3.3m2 /1년",100000
242,종로성당 나자렛묘원,242,사설,천주교,공원묘지,공원묘지,공원묘지,,,매장용 묘지,".3m2 /1년, 3.3m2 /1년",215000000
243,회정동공설묘지,243,공설,무관,공원묘지,공원묘지,공원묘지,,관내,공설묘지 관리비,"이용자격:1년이상 양주시에 거주한 시민, 사용기간 :15년",90000
243,회정동공설묘지,243,공설,무관,공원묘지,공원묘지,공원묘지,,관내,공설묘지 사용료,"이용자격:1년이상 양주시에 거주한 시민, 사용기간 :15년",260000
244,(재)안양공원묘원,244,사설,무관,공원묘지,공원묘지,공원묘지,,,년간평당,,110000
244,(재)안양공원묘원,244,사설,무관,공원묘지,공원묘지,공원묘지,,,평당평,평당1평,7987000
245,봉양동공설묘지,245,공설,무관,공원묘지,공원묘지,공원묘지,,관내,공설묘지 관리비,"이용자격:년이상 양주시에 거주한 시민, 사용기간 :15년 이용자격:1년이상 양주시에 거주한 시민, 사용기간 :15년",90000
245,봉양동공설묘지,245,공설,무관,공원묘지,공원묘지,공원묘지,,관내,공설묘지 사용료,"이용자격:년이상 양주시에 거주한 시민, 사용기간 :15년",260000
246,가북공설공원묘지,246,공설,무관,공원묘지,공원묘지,공원묘지,,관내,공설공원묘지 관리이용자격,해당면 주민 사용기간:년 공설공원묘지 관리이용자격:해당면 주민 사용기간:15년,2000000
246,가북공설공원묘지,246,공설,무관,공원묘지,공원묘지,공원묘지,,관내,공설공원묘지,"사용료이용자격: 해당면 주민. 사용기간: 년, 15년",3000000
247,가조공설공원묘지,247,공설,무관,공원묘지,공원묘지,공원묘지,,,사용료,년간 15년간,3000000
247,가조공설공원묘지,247,공설,무관,공원묘지,공원묘지,기타(관리비),,,관리비년간 관리비,"(m), (m2)",2000000
248,광사동공설묘지,248,공설,무관,공원묘지,공원묘지,공원묘지,,관내,공설묘지 관리비,"이용자격:1년이상 양주시에 거주한 시민, 사용기간 :15년",90000
248,광사동공설묘지,248,공설,무관,공원묘지,공원묘지,공원묘지,,관내,공설묘지 사용료,"이용자격:년이상 양주시에 거주한 시민, 사용기간 :15년",260000
249,마전동공설묘지,249,공설,무관,공원묘지,공원묘지,공원묘지,,관내,공설묘지 관리비,"이용자격:1년이상 양주시에 거주한 시민, 사용기간 :15년",90000
249,마전동공설묘지,249,공설,무관,공원묘지,공원묘지,공원묘지,,관내,공설묘지 사용료이용자격,"년이상 양주시에 거주한 시민, 사용기간 :15년",260000
250,갑향군립묘원(묘지),250,공설,무관,공원묘지,공원묘지,공원묘지,,,군립묘원 관리비묘지,"기(10m2), 30년",6000000
250,갑향군립묘원(묘지),250,공설,무관,공원묘지,공원묘지,공원묘지,,,군립묘원 사용료묘지,"1기(10m2), 30년",19000000
251,거창공설공원묘지,251,공설,,공원묘지,공원묘지,공원묘지,,관내,공설공원묘지 관리비,"이용자격:해당읍 주민 사용기간:15년, 년",2000000
251,거창공설공원묘지,251,공설,,공원묘지,공원묘지,공원묘지,,관내,공설공원묘지 사용료,"이용자격:해당읍 주민, 사용기간:년, 사용기간:15년",3000000
252,어둔동공설묘지,252,공설,무관,공원묘지,"봉안당, 공원묘지",공원묘지,,관내,공설묘지 관리비,"이용자격:1년이상 양주시에 거주한 시민, 사용기간 :15년",90000
252,어둔동공설묘지,252,공설,무관,공원묘지,"봉안당, 공원묘지",공원묘지,,관내,공설묘지 사용료,"이용자격:년이상 양주시에 거주한 시민, 사용기간 :15년",260000
253,유양동공설묘지,253,공설,무관,공원묘지,공원묘지,공원묘지,,관내,공설묘지,"관리비이용자격:1년이상 양주시에 거주한 시민, 사용기간 :15년",90000
253,유양동공설묘지,253,공설,무관,공원묘지,공원묘지,공원묘지,,관내,공설묘지 사용료,"이용자격:년이상 양주시에 거주한 시민, 사용기간 :15년",260000
254,고려공원법인묘지,254,법인,무관,공원묘지,공원묘지,공원묘지,,,묘지사용료,"평, 1평",7000000
254,고려공원법인묘지,254,법인,무관,공원묘지,공원묘지,기타(관리비),,,관리비평형,1년 기준 관리비1평형/1년 기준,100000
255,장기공설공원묘원,255,공설,,공원묘지,"수목장, 공원묘지",공원묘지,,,묘지 관리비,기당 기준명적 (6.6㎡) / 15년,1500000
255,장기공설공원묘원,255,공설,,공원묘지,"수목장, 공원묘지",공원묘지,,,묘지 사용료,기당 기준명적 (6.6㎡) / 15년,4000000
256,고제공설공원묘지,256,공설,무관,공원묘지,공원묘지,공원묘지,,관내,공설공원묘지 사용료,이용자격:해당면 주민 사용기간:년 공설공원묘지 사용료이용자격:해당면 주민 사용기간:15년,1000000
256,고제공설공원묘지,256,공설,무관,공원묘지,공원묘지,공원묘지,,관내,공설공원묘지 관리비,이용자격:해당면 주민 사용기간:년 공설공원묘지 관리비이용자격:해당면 주민 사용기간:년,1000000
257,삼하리공설묘지,257,공설,무관,공원묘지,봉안당,공원묘지,,관내,공설묘지 관리비,"이용자격:1년이상 양주시에 거주한 시민, 사용기간 :15년",90000
257,삼하리공설묘지,257,공설,무관,공원묘지,봉안당,공원묘지,,관내,공설묘지 사용료이용자격,"1년이상 양주시에 거주한 시민, 사용기간 :15년",260000
258,삼상리공설묘지,258,공설,무관,공원묘지,공원묘지,공원묘지,,관내,공설묘지 관리비,"이용자격:1년이상 양주시에 거주한 시민, 사용기간 :15년",90000
258,삼상리공설묘지,258,공설,무관,공원묘지,공원묘지,공원묘지,,관내,공설묘지 사용료,"이용자격:년이상 양주시에 거주한 시민, 사용기간 :15년; 이용자격:1년이상 양주시에 거주한 시민, 사용기간 :15년",260000
259,관인면 제1공설묘지,259,공설,,공원묘지,N/A,정보없음,,정보없음,정보없음 자동 추출 실패,푸터 텍스트,
259,관인면 제1공설묘지,259,공설,,공원묘지,N/A,공원묘지,,재추출(병합),회,연장가능,400000
260,교산1리공설묘지,260,사설,,공원묘지,공원묘지,공원묘지,,관내,공설묘지 사용료이용자격,강화군민 15년,150000
260,교산1리공설묘지,260,사설,,공원묘지,공원묘지,공원묘지,,관내,공설묘지 관리비이용자격,"강화군민, 15년",150000
261,비암리공설묘지,261,공설,무관,공원묘지,공원묘지,공원묘지,,관내,공설묘지 관리비,"이용자격:1년이상 양주시에 거주한 시민, 사용기간 :15년",90000
261,비암리공설묘지,261,공설,무관,공원묘지,공원묘지,공원묘지,,관내,공설묘지 사용료,"이용자격:1년이상 양주시에 거주한 시민, 사용기간 :15년",260000
262,석우리공설묘지,262,공설,무관,공원묘지,공원묘지,공원묘지,,관내,공설묘지 관리비,"이용자격:1년이상 양주시에 거주한 시민, 사용기간 :15년",90000
262,석우리공설묘지,262,공설,무관,공원묘지,공원묘지,공원묘지,,관내,공설묘지 사용료,"이용자격:1년이상 양주시에 거주한 시민, 사용기간 :15년",260000
263,구리시공설묘지,263,공설,무관,공원묘지,공원묘지,공원묘지,,,공설묘지 관리비,"기당 6.6m2 , 15년",800000
263,구리시공설묘지,263,공설,무관,공원묘지,공원묘지,공원묘지,,,공설묘지 사용료,"1기당 6.6m2 , 15년",1200000
264,덕도리공설묘지,264,공설,,공원묘지,공원묘지,공원묘지,,관내,공설묘지 관리비,"이용자격:1년이상 양주시에 거주한 시민, 사용기간 :15년",90000
264,덕도리공설묘지,264,공설,,공원묘지,공원묘지,공원묘지,,관내,공설묘지 사용료,"이용자격:년이상 양주시에 거주한 시민, 사용기간 :15년",260000
265,대곡공설묘지(만장),265,공설,무관,공원묘지,공원묘지,공원묘지,,,비조성묘지 사용료,"비조성묘지 .95㎡당, 비조성묘지 4.95㎡당",36000
265,대곡공설묘지(만장),265,공설,무관,공원묘지,공원묘지,공원묘지,,,비조성묘지 관리비비조성묘지,.95㎡당 4.95㎡당,178000
266,(재)대명공원묘원,266,사설,무관,공원묘지,공원묘지,공원묘지,,,묘지관리비,".3m, 3.3m",2150000
266,(재)대명공원묘원,266,사설,무관,공원묘지,공원묘지,공원묘지,,,묘지사용료,.3m2 1년 기준 3.3m2 1년 기준,211000000
267,포내공설묘지,267,공설,무관,공원묘지,공원묘지,정보없음,,정보없음,정보없음,자동 추출 실패 (푸터 텍스트),
267,포내공설묘지,267,공설,무관,공원묘지,공원묘지,공원묘지,,재추출(병합),15년 3회연장 가능,,1625000
267,포내공설묘지,267,공설,무관,공원묘지,공원묘지,공원묘지,,재추출(병합),15년 3회연장 가능,15년 3회연장 가능,4875000
268,백운공원묘원 제1묘원,268,사설,,공원묘지,공원묘지,공원묘지,,,묘지관리비평기준,1년 묘지관리비1평기준 1년,160000
268,백운공원묘원 제1묘원,268,사설,,공원묘지,공원묘지,공원묘지,,,묘지사용료,평기준,7000000
269,백운공원묘원 제2묘원,269,사설,,공원묘지,공원묘지,공원묘지,,,묘지관리비,"평 기준 (1년), 1평 기준 (1년)",160000
269,백운공원묘원 제2묘원,269,사설,,공원묘지,공원묘지,공원묘지,,,묘지사용료,"평 기준, 1평 기준",7000000
270,가톨릭 범물공원묘원,270,미분류,천주교,공원묘지,공원묘지,정보없음,,정보없음,정보없음,자동 추출 실패 (푸터 텍스트),
271,익산하늘공원묘지,271,사설,,공원묘지,공원묘지,공원묘지,,,연장료,"m2,10년 연장료5m2,10년",3000000
271,익산하늘공원묘지,271,사설,,공원묘지,공원묘지,공원묘지,,,묘지 사용료 및 관리비,"m2,15년 묘지 사용료 및 관리비5m2,15년",4500000
272,통일촌 공설묘지,272,공설,무관,공원묘지,공원묘지,공원묘지,,관내,공설묘지 사용료,"이용자격:파주시민, 15년",950000
272,통일촌 공설묘지,272,공설,무관,공원묘지,공원묘지,공원묘지,,관내,공설묘지 관리비이용자격,"파주시민, 15년",1500000
273,탄현면 공설묘지,273,공설,,공원묘지,공원묘지,공원묘지,,관내,공설묘지 사용료,"이용자격:파주시민, 15년",950000
273,탄현면 공설묘지,273,공설,,공원묘지,공원묘지,공원묘지,,관내,공설묘지 관리비이용자격,"파주시민, 15년",1500000
274,부안수동공설묘지,274,공설,,공원묘지,공원묘지,공원묘지,,,묘지 관리비,1기당 기준면적 (10㎡) / 15년,300000
274,부안수동공설묘지,274,공설,,공원묘지,공원묘지,공원묘지,,,묘지 사용료,기당 기준면적 (10㎡) / 15년,900000
275,부안용산공설묘지,275,공설,,공원묘지,공원묘지,공원묘지,,,묘지 관리비,1기당 기준면적 (10㎡) / 15년,300000
275,부안용산공설묘지,275,공설,,공원묘지,공원묘지,공원묘지,,,묘지 사용료,기당 기준면적 (10㎡) / 15년,900000
276,북상공설공원묘지,276,공설,무관,공원묘지,공원묘지,공원묘지,,관내,공설공원묘지 관리비,이용자격:북상면 주민 사용기간:년 이용자격:북상면 주민 사용기간:15년,2000000
276,북상공설공원묘지,276,공설,무관,공원묘지,공원묘지,공원묘지,,관내,공설공원묘지 사용료,이용자격:북상면 주민 사용기간:년 공설공원묘지 사용료이용자격:북상면 주민 사용기간:15년,3000000
277,북양공설공원묘지,277,공설,무관,공원묘지,공원묘지,공원묘지,,,묘지사용료,1기 (10㎡ 이하),800000
277,북양공설공원묘지,277,공설,무관,공원묘지,공원묘지,공원묘지,,,묘지관리비,1기 (10㎡ 이하),1200000
278,안성시공설공원묘지(사곡동),278,공설,,공원묘지,공원묘지,공원묘지,,,묘지사용료,1기당 기준면적 (6.6㎡) / 15년,500000
278,안성시공설공원묘지(사곡동),278,공설,,공원묘지,공원묘지,공원묘지,,,묘지관리비,1기당 기준면적 (6.6㎡) / 15년,500000
279,사천시공설묘지,279,공설,무관,공원묘지,"공원묘지, 봉안당",공원묘지,,,공설묘지 수수료,공설묘지는 공공사업으로 이장되어야 할 분묘 등에 한하여 사용할 수 있음,230000
279,사천시공설묘지,279,공설,무관,공원묘지,"공원묘지, 봉안당",공원묘지,,,공설묘지 사용료,공설묘지는 공공사업으로 이장되어야 할 분묘 등에 한하여 사용할 수 있음 공설묘지 사용료공설묘지는 공공사업으로 이장되어야 할 분묘 등에 한하여 사용할 수 있음,300000
280,상리공설묘지,280,공설,,공원묘지,공원묘지,공원묘지,,관내,공설묘지 사용료,"이용자격 : 강화군민, 15년",150000
280,상리공설묘지,280,공설,,공원묘지,공원묘지,공원묘지,,관내,공설묘지 관리비,"이용자격 : 강화군민, 15년",150000
281,초원지공설묘지,281,공설,,공원묘지,공원묘지,정보없음,,정보없음,정보없음,자동 추출 실패 (푸터 텍스트),
281,초원지공설묘지,281,공설,,공원묘지,공원묘지,공원묘지,,재추출(병합),15년 3회연장 가능,,1625000
281,초원지공설묘지,281,공설,,공원묘지,공원묘지,공원묘지,,재추출(병합),15년 3회연장 가능,15년 3회연장 가능,4875000
282,상신공원묘지,282,사설,,공원묘지,공원묘지,공원묘지,,,묘지사용료기,(10㎡ 이하),800000
282,상신공원묘지,282,사설,,공원묘지,공원묘지,공원묘지,,,묘지관리비기,(10㎡ 이하),1200000
283,청주시목련공원묘지,283,공설,무관,공원묘지,"봉안당, 공원묘지, 수목장",공원묘지,,,분묘(단장),"최초년, 최초30년",20420000
283,청주시목련공원묘지,283,공설,무관,공원묘지,"봉안당, 공원묘지, 수목장",공원묘지,,,분묘(합장),"최초년, 최초30년",26480000
284,선단동공설묘지,284,공설,무관,공원묘지,공원묘지,정보없음,,정보없음,정보없음,자동 추출 실패 (푸터 텍스트),
284,선단동공설묘지,284,공설,무관,공원묘지,공원묘지,공원묘지,,재추출(병합),관내 거주자 단장,"년(15년1회연장가능)1, 30년(15년1회연장가능)1",400000
284,선단동공설묘지,284,공설,무관,공원묘지,공원묘지,공원묘지,,재추출(병합),회연장가능,,500000
285,천주교성환공원묘지,285,사설,천주교,공원묘지,공원묘지,공원묘지,,,사용료공용포함,"평, 3평",9580000
285,천주교성환공원묘지,285,사설,천주교,공원묘지,공원묘지,기타(관리비),,,관리비공용포함,3평 평,4590000
286,성석동공설묘지(만장),286,공설,무관,공원묘지,공원묘지,공원묘지,,관내,공설묘지 사용료(일반),이용자격:6개월이상 고양시에 거주한 고양시민 사용기간:30년 1회연장가능,350000
286,성석동공설묘지(만장),286,공설,무관,공원묘지,공원묘지,공원묘지,,관내,공설묘지 사용료(합장),이용자격:6개월이상 고양시에 거주한 고양시민 사용기간:30년 1회연장가능,475000
287,성주군공설묘지,287,공설,,공원묘지,공원묘지,공원묘지,,,묘지 관리비기당,/년,30000
287,성주군공설묘지,287,공설,,공원묘지,공원묘지,공원묘지,,,묘지 사용료,"평당 3.3m2/ 1등지,2등지,3등지",500000
288,미법리공설묘지,288,공설,무관,공원묘지,공원묘지,공원묘지,,관내,공설묘지,사용료이용자격 : 강화군민 15년,150000
288,미법리공설묘지,288,공설,무관,공원묘지,공원묘지,공원묘지,,관내,공설묘지,"관리비이용자격 : 강화군민, 15년",150000
289,문형공설묘지(만장),289,공설,,공원묘지,공원묘지,공원묘지,,,묘지사용료기당,기준면적 (6.6㎡),600000
289,문형공설묘지(만장),289,공설,,공원묘지,공원묘지,공원묘지,,,묘지관리비,기당 기준면적 (6.6㎡),630000
290,대전공원묘원,290,사설,무관,공원묘지,공원묘지,공원묘지,,,묘지사용료,평(평당) 묘지사용료(평) 평당,63000000
290,대전공원묘원,290,사설,무관,공원묘지,공원묘지,기타(관리비),,,관리비,"(평)15년× 평당25,000원  관리비(6평)15년× 평당25,000원",22500000
291,화현면공설묘지,291,공설,무관,공원묘지,공원묘지,공원묘지,,,공설묘지 사용료,"이용자격: 사망 당시 포천시에 주소를 두고 6개월 이상 거주한 자, 사용기간:15년 3회연장가능",400000
291,화현면공설묘지,291,공설,무관,공원묘지,공원묘지,공원묘지,,,공설묘지 관리비,"이용자격: 사망 당시 포천시에 주소를 두고 6개월 이상 거주한 자, 사용기간:15년 3회연장가능",500000
292,화천공원묘원,292,사설,,"수목장, 공원묘지",공원묘지,공원묘지,,,"묘지등의 사용료분묘 관리비, 사용료",(㎡당/15년간),1100000
292,화천공원묘원,292,사설,,"수목장, 공원묘지",공원묘지,수목장,,,묘지등의 사용료잔디비용(기당),묘지등의 사용료잔디비용(기당) 묘지등의 사용료잔디비용(기당),300000
293,화교화원,293,사설,무관,공원묘지,공원묘지,공원묘지,,,묘지관리비,"/㎡, 15년, 1회에 한하여 연장",160000
293,화교화원,293,사설,무관,공원묘지,공원묘지,공원묘지,,,묘지사용료,"㎡ 15년,1회에 한하여 연장 ㎡ 15년,1회에 한하여 연장",10000000
294,영암군덕진공설묘지,294,공설,무관,공원묘지,공원묘지,공원묘지,,,묘지 관리비,"1기당 10평방미터, 유효기간은 5년이면 영구적으로 납부시는",250000
294,영암군덕진공설묘지,294,공설,무관,공원묘지,공원묘지,공원묘지,,,묘지 사용료,기당 10평방미터,900000
295,덕포리공설묘지,295,공설,무관,공원묘지,공원묘지,공원묘지,,관내,공설묘지 사용료이용자격,강화군민 15년,150000
295,덕포리공설묘지,295,공설,무관,공원묘지,공원묘지,공원묘지,,관내,공설묘지 관리비이용자격,"강화군민, 15년",150000
296,도림동공설묘지(매장불가),296,공설,,공원묘지,수목장,공원묘지,,,비조성묘지 사용료,"비조성묘지 .95㎡당, 비조성묘지 4.95㎡당",36000
296,도림동공설묘지(매장불가),296,공설,,공원묘지,수목장,공원묘지,,,비조성묘지 관리비비조성묘지,.95㎡당 4.95㎡당,178000
297,동산리공설묘지,297,공설,무관,공원묘지,공원묘지,공원묘지,,관내,공설묘지 사용료이용자격,강화군민 15년,150000
297,동산리공설묘지,297,공설,무관,공원묘지,공원묘지,공원묘지,,관내,공설묘지 관리비이용자격,"강화군민, 15년",150000
298,(재)평화공원,298,사설,무관,공원묘지,"공원묘지, 봉안당",공원묘지,,,.3m 사용료,3.3m 사용료,7500000
298,(재)평화공원,298,사설,무관,공원묘지,"공원묘지, 봉안당",기타(관리비),,,관리비,3.3m관리비1년 3.3m관리비1년,200000
299,하일리공설묘지,299,공설,무관,공원묘지,공원묘지,공원묘지,,관내,공설묘지,사용료이용자격 : 강화군민 15년,150000
299,하일리공설묘지,299,공설,무관,공원묘지,공원묘지,공원묘지,,관내,공설묘지 관리비이용자격,"강화군민, 15년",150000
300,장흥공설공원묘지,300,공설,무관,"수목장, 공원묘지",공원묘지,공원묘지,,,묘지 사용료,"기당 4.95m2, 30년",10000000
300,장흥공설공원묘지,300,공설,무관,"수목장, 공원묘지",공원묘지,수목장,,,자연장지 사용료,"기당 60*80cm, 30년",4000000
301,무궁화공원묘원,301,사설,무관,공원묘지,,공원묘지,,,토지대,".3제곱미터, 3.3제곱미터",6800000
301,무궁화공원묘원,301,사설,무관,공원묘지,,기타(관리비),,,관리비(년),".3제곱미터, 3.3제곱미터",150000
302,망월묘지공원,302,공설,무관,공원묘지,공원묘지,공원묘지,,,묘원 사용료,"(.7.1. 부터 변경)사용료+수수료 포함,30년 사용",30810000
302,망월묘지공원,302,공설,무관,공원묘지,공원묘지,기타(관리비),,,묘원 관리비,"(.7.1. 부터 변경)1기당, 30년 (16.7.1. 부터 변경)1기당, 30년",3000000
303,하늘공원(부곡동공설공원묘지),303,공설,,공원묘지,공원묘지,공원묘지,,,묘지사용료,1기당 (6.6㎡ 이하),2530000
303,하늘공원(부곡동공설공원묘지),303,공설,,공원묘지,공원묘지,공원묘지,,,묘지관리비,1기당 (6.6㎡ 이하),4030000
304,모란공원(묘지),304,사설,무관,공원묘지,공원묘지,공원묘지,,,묘 지㎡당 연간사용료,,4305000
304,모란공원(묘지),304,사설,무관,공원묘지,공원묘지,기타(관리비),,,묘 지㎡당 연간관리비,,36360
305,소흘읍제3공설묘지,305,공설,무관,공원묘지,공원묘지,정보없음,,정보없음,정보없음,자동 추출 실패 (푸터 텍스트),
305,소흘읍제3공설묘지,305,공설,무관,공원묘지,공원묘지,공원묘지,,재추출(병합),회원,연장가능,500000
306,소흘읍제2공설묘지,306,공설,무관,공원묘지,공원묘지,공원묘지,,재추출(병합),회연장가능,,500000
307,천부교추모공원,307,사설,무관,봉안당,공원묘지,정보없음,,정보없음,정보없음,자동 추출 실패 (푸터 텍스트),
308,내촌면 제2공설묘지,308,공설,무관,공원묘지,공원묘지,공원묘지,,재추출(병합),"관내 거주자 단장년, 단장30년",15년 1회 연장가능,500000
309,일동면 공설묘지,309,공설,무관,공원묘지,공원묘지,공원묘지,,재추출(병합),회원,연장 가능,400000
309,일동면 공설묘지,309,공설,무관,공원묘지,공원묘지,공원묘지,,재추출(병합),회,연장가능,500000
310,내유동공설묘지(만장),310,공설,,공원묘지,공원묘지,공원묘지,,관내,공동묘지 사용료(합장),"이용자격: 6개월이상 거주한 고양시민, 사용기간 30년 1회연장가능",50000
310,내유동공설묘지(만장),310,공설,,공원묘지,공원묘지,공원묘지,,관내,공동묘지 사용료(일반),"이용자격: 6개월이상 고양시에 거주한 고양시민, 사용기간: 30년 1회연장가능",100000
311,천주교 대구대교구청 성직자묘지,311,사설,천주교,공원묘지,봉안당,정보없음,,정보없음,정보없음 자동 추출 실패,푸터 텍스트,
312,신북면 제4공설묘지,312,공설,,공원묘지,공원묘지,공원묘지,,,공설묘지 사용료,"이용자격: 사망 당시 포천시에 주소를 두고 6개월 이상 거주한 자, 사용기간:15년 3회연장가능",400000
312,신북면 제4공설묘지,312,공설,,공원묘지,공원묘지,공원묘지,,,공설묘지 관리비,"이용자격: 사망 당시 포천시에 주소를 두고 6개월 이상 거주한 자, 사용기간:15년 3회연장가능",500000
313,영북면 제1공설묘지,313,공설,무관,공원묘지,공원묘지,공원묘지,,,공설묘지 사용료,"이용자격: 사망 당시 포천시에 주소를 두고 6개월 이상 거주한 자, 사용기간:15년 3회연장가능",400000
313,영북면 제1공설묘지,313,공설,무관,공원묘지,공원묘지,공원묘지,,,공설묘지 관리비,"이용자격: 사망 당시 포천시에 주소를 두고 6개월 이상 거주한 자, 사용기간:15년 3회연장가능",500000
314,영중면 제2공설묘지,314,공설,무관,공원묘지,공원묘지,공원묘지,,,공설묘지 사용료,"이용자격: 사망 당시 포천시에 주소를 두고 개월 이상 거주한 자, 사용기간:15년 3회연장가능 공설묘지 사용료이용자격: 사망 당시 포천시에 주소를 두고 6개월 이상 거주한 자, 사용기간:15년 3회연장가능",400000
314,영중면 제2공설묘지,314,공설,무관,공원묘지,공원묘지,공원묘지,,,공설묘지 관리비,"이용자격: 사망 당시 포천시에 주소를 두고 6개월 이상 거주한 자, 사용기간:15년 3회연장가능",500000
315,영중면 제1공설묘지,315,공설,무관,공원묘지,공원묘지,공원묘지,,,공설묘지 사용료,"이용자격: 사망 당시 포천시에 주소를 두고 6개월 이상 거주한 자, 사용기간:15년 3회연장가능",400000
315,영중면 제1공설묘지,315,공설,무관,공원묘지,공원묘지,공원묘지,,,공설묘지 관리비,"이용자격: 사망 당시 포천시에 주소를 두고 6개월 이상 거주한 자, 사용기간:15년 3회연장가능",500000
316,내촌면 제4공설묘지,316,공설,무관,공원묘지,공원묘지,공원묘지,,,공설묘지 사용료,"이용자격: 사망 당시 포천시에 주소를 두고 6개월 이상 거주한 자, 사용기간:15년 3회연장가능",400000
316,내촌면 제4공설묘지,316,공설,무관,공원묘지,공원묘지,공원묘지,,,공설묘지 관리비,"이용자격: 사망 당시 포천시에 주소를 두고 6개월 이상 거주한 자, 사용기간:15년 3회연장가능",500000
317,내촌면 제3공설묘지,317,공설,무관,공원묘지,공원묘지,공원묘지,,,공설묘지 사용료,"이용자격: 사망 당시 포천시에 주소를 두고 개월 이상 거주한 자, 사용기간:15년 3회연장가능 공설묘지 사용료이용자격: 사망 당시 포천시에 주소를 두고 6개월 이상 거주한 자, 사용기간:15년 3회연장가능",400000
317,내촌면 제3공설묘지,317,공설,무관,공원묘지,공원묘지,공원묘지,,,공설묘지 관리비 이용 자격,"사망 당시 포천시에 주소를 두고 개월 이상 거주한 자, 사용기간:15년 3회 연장 가능, 사망 당시 포천시에 주소를 두고 6개월 이상 거주한 자, 사용기간:15년 3회 연장 가능",500000
318,군내면 제2공설묘지,318,공설,,공원묘지,봉안당,공원묘지,,,공설묘지 사용료,"이용자격: 사망 당시 포천시에 주소를 두고 개월 이상 거주한 자, 사용기간:15년 3회연장가능 이용자격: 사망 당시 포천시에 주소를 두고 6개월 이상 거주한 자, 사용기간:15년 3회연장가능",400000
318,군내면 제2공설묘지,318,공설,,공원묘지,봉안당,공원묘지,,,공설묘지 관리비,"이용자격: 사망 당시 포천시에 주소를 두고 6개월 이상 거주한 자, 사용기간:15년 3회연장가능",500000
319,군내면 제1공설묘지,319,공설,무관,공원묘지,공원묘지,공원묘지,,,공설묘지 사용료,"이용자격: 사망 당시 포천시에 주소를 두고 개월 이상 거주한 자, 사용기간:15년 3회연장가능  이용자격: 사망 당시 포천시에 주소를 두고 6개월 이상 거주한 자, 사용기간:15년 3회연장가능",400000
319,군내면 제1공설묘지,319,공설,무관,공원묘지,공원묘지,공원묘지,,,공설묘지 관리비,"이용자격: 사망 당시 포천시에 주소를 두고 6개월 이상 거주한 자, 사용기간:15년 3회연장가능",500000
320,내리공설묘지(화도면),320,공설,무관,공원묘지,공원묘지,공원묘지,,관내,공설묘지 사용료,"이용자격 : 강화군민, 15년",150000
320,내리공설묘지(화도면),320,공설,무관,공원묘지,공원묘지,공원묘지,,관내,공설묘지 관리비이용자격,"강화군민, 15년",150000
321,신북면 제6공설묘지,321,공설,,공원묘지,봉안당,공원묘지,,,공설묘지 사용료,"이용자격: 사망 당시 포천시에 주소를 두고 개월 이상 거주한 자, 사용기간:15년 3회연장가능 공설묘지 사용료이용자격: 사망 당시 포천시에 주소를 두고 6개월 이상 거주한 자, 사용기간:15년 3회연장가능",400000
321,신북면 제6공설묘지,321,공설,,공원묘지,봉안당,공원묘지,,,공설묘지 관리비 이용자격,"사망 당시 포천시에 주소를 두고 개월 이상 거주한 자, 사용기간:15년 3회연장가능, 사망 당시 포천시에 주소를 두고 6개월 이상 거주한 자, 사용기간:15년 3회연장가능",500000
322,신북면 제5공설묘지,322,공설,,공원묘지,공원묘지,공원묘지,,,공설묘지 사용료,"이용자격: 사망 당시 포천시에 주소를 두고 개월 이상 거주한 자, 사용기간:15년 3회연장가능 공설묘지 사용료이용자격: 사망 당시 포천시에 주소를 두고 6개월 이상 거주한 자, 사용기간:15년 3회연장가능",400000
322,신북면 제5공설묘지,322,공설,,공원묘지,공원묘지,공원묘지,,,공설묘지 관리비,"이용자격: 사망 당시 포천시에 주소를 두고 6개월 이상 거주한 자, 사용기간:15년 3회연장가능",500000
323,신북면 제3공설묘지,323,공설,,공원묘지,공원묘지,정보없음,,정보없음,정보없음,자동 추출 실패 (푸터 텍스트),
323,신북면 제3공설묘지,323,공설,,공원묘지,공원묘지,공원묘지,,재추출(병합),회,연장가능,400000
323,신북면 제3공설묘지,323,공설,,공원묘지,공원묘지,공원묘지,,재추출(병합),회,연장가능,500000
324,신북면 제2공설묘지,324,공설,,공원묘지,공원묘지,공원묘지,,,공설묘지 사용료,"이용자격: 사망 당시 포천시에 주소를 두고 6개월 이상 거주한 자, 사용기간: 15년 3회연장가능",400000
324,신북면 제2공설묘지,324,공설,,공원묘지,공원묘지,공원묘지,,,공설묘지 관리비이용자격,"사망 당시 포천시에 주소를 두고 개월 이상 거주한 자, 사용기간:15년 3회연장가능",500000
325,창수면 제3공설묘지,325,공설,무관,공원묘지,N/A,공원묘지,,,공설묘지 사용료,"이용자격: 사망 당시 포천시에 주소를 두고 개월 이상 거주한 자, 사용기간:15년 3회연장가능 공설묘지 사용료이용자격: 사망 당시 포천시에 주소를 두고 6개월 이상 거주한 자, 사용기간:15년 3회연장가능",400000
325,창수면 제3공설묘지,325,공설,무관,공원묘지,N/A,공원묘지,,,공설묘지 관리비,"이용자격: 사망 당시 포천시에 주소를 두고 6개월 이상 거주한 자, 사용기간:15년 3회연장가능",500000
326,창수면 제2공설묘지,326,공설,무관,공원묘지,공원묘지,공원묘지,,,공설묘지 사용료,"이용자격: 사망 당시 포천시에 주소를 두고 개월 이상 거주한 자, 사용기간:15년 3회연장가능 공설묘지 사용료이용자격: 사망 당시 포천시에 주소를 두고 6개월 이상 거주한 자, 사용기간:15년 3회연장가능",400000
326,창수면 제2공설묘지,326,공설,무관,공원묘지,공원묘지,공원묘지,,,공설묘지 관리비,"이용자격: 사망 당시 포천시에 주소를 두고 개월 이상 거주한 자, 사용기간:15년 3회연장가능 공설묘지 관리비이용자격: 사망 당시 포천시에 주소를 두고 6개월 이상 거주한 자, 사용기간:15년 3회연장가능",500000
327,창수면 제1공설묘지,327,공설,무관,공원묘지,공원묘지,공원묘지,,,공설묘지 사용료,"이용자격: 사망 당시 포천시에 주소를 두고 개월 이상 거주한 자, 사용기간:15년 3회연장가능 공설묘지 사용료이용자격: 사망 당시 포천시에 주소를 두고 6개월 이상 거주한 자, 사용기간:15년 3회연장가능",400000
327,창수면 제1공설묘지,327,공설,무관,공원묘지,공원묘지,공원묘지,,,공설묘지 관리비,"이용자격: 사망 당시 포천시에 주소를 두고 개월 이상 거주한 자, 사용기간:15년 3회연장가능 공설묘지 관리비이용자격: 사망 당시 포천시에 주소를 두고 6개월 이상 거주한 자, 사용기간:15년 3회연장가능",500000
328,영북면 제2공설묘지,328,공설,무관,공원묘지,공원묘지,공원묘지,,,공설묘지 사용료,"이용자격: 사망 당시 포천시에 주소를 두고 6개월 이상 거주한 자, 사용기간:15년 3회연장가능",400000
328,영북면 제2공설묘지,328,공설,무관,공원묘지,공원묘지,공원묘지,,,공설묘지,"관리비이용자격: 사망 당시 포천시에 주소를 두고 개월 이상 거주한 자, 사용기간:15년 3회연장가능",500000
329,관인면 제2공설묘지,329,공설,무관,공원묘지,None,공원묘지,,,공설묘지 사용료,"이용자격: 사망 당시 포천시에 주소를 두고 6개월 이상 거주한 자, 사용기간:15년 3회연장가능",400000
329,관인면 제2공설묘지,329,공설,무관,공원묘지,None,공원묘지,,,공설묘지 관리비,"이용자격: 사망 당시 포천시에 주소를 두고 개월 이상 거주한 자, 사용기간:15년 3회연장가능 공설묘지 관리비이용자격: 사망 당시 포천시에 주소를 두고 6개월 이상 거주한 자, 사용기간:15년 3회연장가능",500000
330,가산면 제4공설묘지,330,공설,무관,공원묘지,공원묘지,정보없음,,정보없음,정보없음,자동 추출 실패 (푸터 텍스트),
330,가산면 제4공설묘지,330,공설,무관,공원묘지,공원묘지,공원묘지,,재추출(병합),회원,연장 가능,500000
331,운연동공설묘지(매장불가),331,공설,,공원묘지,공원묘지,공원묘지,,,비조성묘지 사용료,"비조성묘지 .95㎡당, 비조성묘지 4.95㎡당",36000
331,운연동공설묘지(매장불가),331,공설,,공원묘지,공원묘지,공원묘지,,,비조성묘지 관리비비조성묘지,.95㎡당 4.95㎡당,178000
332,가산면 제3공설묘지,332,공설,,공원묘지,공원묘지,정보없음,,정보없음,정보없음,정보없음,
332,가산면 제3공설묘지,332,공설,,공원묘지,공원묘지,공원묘지,,재추출(병합),회,연장가능,500000
333,가산면 제2공설묘지,333,공설,무관,공원묘지,공원묘지,공원묘지,,,공설묘지 사용료,"이용자격: 사망 당시 포천시에 주소를 두고 6개월 이상 거주한 자, 사용기간:15년 3회연장가능",400000
333,가산면 제2공설묘지,333,공설,무관,공원묘지,공원묘지,공원묘지,,,공설묘지 관리비,"이용자격: 사망 당시 포천시에 주소를 두고 6개월 이상 거주한 자, 사용기간:15년 3회연장가능",500000
334,가산면 제1공설묘지,334,공설,무관,공원묘지,공원묘지,공원묘지,,,공설묘지 사용료,"이용자격: 사망 당시 포천시에 주소를 두고 6개월 이상 거주한 자, 사용기간:15년 3회연장가능",400000
334,가산면 제1공설묘지,334,공설,무관,공원묘지,공원묘지,공원묘지,,,공설묘지 관리비,"이용자격: 사망 당시 포천시에 주소를 두고 6개월 이상 거주한 자, 사용기간:15년 3회연장가능",500000
335,이동공설묘지(만장),335,미분류,,공원묘지,공원묘지,정보없음,,정보없음,정보없음,자동 추출 실패 (푸터 텍스트),
336,학의동공설묘지(만장),336,공설,무관,공원묘지,공원묘지,정보없음,,정보없음,정보없음 자동 추출 실패,푸터 텍스트,
337,후방산 공설묘지,337,공설,,공원묘지,공원묘지,공원묘지,,,공설묘지 사용료기당,30년(1회 15년 연장가능),600000
338,천도교 무봉공원,338,사설,무관,공원묘지,공원묘지,공원묘지,,,묘지 사용료,1기(3평기준),10000000
339,천주교 양산동묘원,339,사설,천주교,공원묘지,공원묘지,기타(관리비),,,관리비연평당(5년분부과),"관리비연,평당(5년분부과)",200000
340,표선면공설묘지,340,공설,,공원묘지,공원묘지,공원묘지,,,공설묘지 사용료,이용자격:제주도민 사용기간:년 3회연장가능; 이용자격:제주도민 사용기간:15년 3회연장가능,500000
341,하늘의문(마전동),341,사설,천주교,공원묘지,공원묘지,정보없음,,정보없음,정보없음,자동 추출 실패 (푸터 텍스트),
342,안양시청계공설묘지(만장),342,공설,무관,봉안당,공원묘지,봉안당,,,시설사용료납골평장,0.8㎡(80x100),420000
343,정읍시입암묘지공원,343,사설,불교,공원묘지,공원묘지,공원묘지,,,공설묘지 사용료,"(.6평형, 3.6평형) (공유면적 포함) 15년",3444000
344,청평면공설묘지,344,공설,무관,공원묘지,공원묘지,기타(관리비),,,기당사용료,관리비(연간),2050000
345,창리공설묘지,345,공설,무관,공원묘지,공원묘지,공원묘지,,관내,공설묘지 사용료,강화군민만 이용가능,300000
346,조천읍공설묘지,346,공설,무관,공원묘지,공원묘지,공원묘지,,,공설묘지 사용료,"이용자격: 제주도민, 사용기간: 15년 3회 연장가능",2000000
347,초지리공설묘지,347,공설,무관,공원묘지,공원묘지,공원묘지,,관내,공설묘지 사용료,강화군민만 이용가능,300000
348,충해공원묘지,348,공설,무관,공원묘지,공원묘지,공원묘지,,,묘지사용료사용수수료 및 관리비,,4000000
349,합성동공설묘지,349,공설,무관,공원묘지,공원묘지,정보없음,,정보없음,정보없음,자동 추출 실패 (푸터 텍스트),
350,지석리공설묘지,350,공설,무관,공원묘지,공원묘지,공원묘지,,관내,공설묘지 사용료,강화군민만 이용가능,300000
351,하도리공설묘지,351,공설,무관,공원묘지,공원묘지,공원묘지,,관내,공설묘지 사용료,*강화군민만 이용가능/사용료: 관리비:,300000
352,하늘의문(당하동),352,사설,천주교,공원묘지,공원묘지,정보없음,,정보없음,정보없음,자동 추출 실패 (푸터 텍스트),
353,임실군공설묘지,353,공설,무관,공원묘지,공원묘지,정보없음,,정보없음,정보없음,자동 추출 실패 (푸터 텍스트),
354,혜화동성당 도봉동묘원,354,미분류,천주교,공원묘지,공원묘지,정보없음,,정보없음,정보없음,자동 추출 실패 (푸터 텍스트),
355,도장리공설묘지,355,공설,무관,공원묘지,공원묘지,공원묘지,,관내,공설묘지 사용료,강화군민만 이용가능,300000
356,동강면공설묘지,356,공설,,공원묘지,공원묘지,공원묘지,,관내,공설묘지 사용료,이용자격:나주시민 사용기간:년 이용자격:나주시민 사용기간:15년,100000
357,동검리공설묘지,357,공설,무관,공원묘지,공원묘지,공원묘지,,관내,공설묘지 사용료,강화군민만 이용가능,300000
358,두운리공동묘지,358,공설,무관,공원묘지,공원묘지,공원묘지,,관내,공설묘지 사용료,강화군민만 이용가능 사용료 관리비,300000
359,말도공설묘지,359,공설,무관,공원묘지,공원묘지,공원묘지,,관내,공설묘지 사용료,*강화군민만 이용가능 / 사용료: 관리비:,300000
360,망우역사문화공원,360,미분류,,공원묘지,공원묘지,정보없음,,정보없음,정보없음,자동 추출 실패 (푸터 텍스트),
361,망월리공설묘지,361,공설,무관,공원묘지,공원묘지,공원묘지,,관내,공설묘지 사용료,강화군민만 이용가능,300000
362,매음리공설묘지,362,공설,무관,공원묘지,공원묘지,공원묘지,,관내,공설묘지 사용료,*강화군민만 이용가능/사용료: 관리비:,300000
363,문평면공설묘지,363,공설,,공원묘지,공원묘지,공원묘지,,관내,공설묘지 사용료,이용자격:나주시민 사용기간:년 이용자격:나주시민 사용기간:15년,100000
364,반남면공설묘지,364,공설,,공원묘지,공원묘지,공원묘지,,관내,공설묘지 사용료,"이용자격:나주시민 사용기간:년, 15년",100000
365,벽제리묘지,365,공설,무관,공원묘지,공원묘지,정보없음,,정보없음,정보없음,자동 추출 실패 (푸터 텍스트),
366,보성공설묘지,366,공설,무관,공원묘지,공원묘지,정보없음,,정보없음,정보없음,자동 추출 실패 (푸터 텍스트),
367,볼음공설묘지,367,공설,무관,공원묘지,공원묘지,공원묘지,,관내,공설묘지 사용료,강화군민만 이용가능,300000
368,봉소리공설묘지,368,공설,무관,공원묘지,공원묘지,공원묘지,,관내,공설묘지 사용료,강화군민만 이용가능,300000
369,봉황면공설묘지,369,공설,,공원묘지,공원묘지,공원묘지,,관내,공설묘지 사용료,이용자격:나주시민 사용기간:년 이용자격:나주시민 사용기간:15년,100000
370,부근리공설묘지,370,공설,무관,공원묘지,수목장,공원묘지,,관내,공설묘지 사용료,강화군민만 이용가능/사용료: 관리비:,300000
371,부활동산종교재단법인,371,사설,기독교,공원묘지,수목장,공원묘지,,관내,공설묘지 사용료,이용자격:나주시민 사용기간:15년 사용료:3.3m2당,100000
372,북면공설묘지,372,공설,무관,공원묘지,공원묘지,기타(관리비),,,기당사용료,관리비(연간),2050000
373,북성리공설묘지,373,공설,무관,공원묘지,공원묘지,공원묘지,,관내,공설묘지 사용료,강화군민만 이용가능,300000
374,사기리공설묘지,374,공설,무관,공원묘지,공원묘지,공원묘지,,관내,공설묘지 사용료,강화군민만 이용가능,300000
375,산포면공설묘지,375,공설,,공원묘지,정보없음,공원묘지,,관내,공설묘지 사용료,이용자격:나주시민 사용기간:년 이용자격:나주시민 사용기간:15년,100000
376,삼거리공설묘지,376,공설,무관,공원묘지,공원묘지,공원묘지,,관내,공설묘지 사용료,강화군민만 이용가능,300000
377,덕하2리공설묘지,377,공설,,공원묘지,공원묘지,공원묘지,,관내,공설묘지 사용료,강화군민만 이용가능,300000
378,덕하1리공설묘지,378,공설,무관,공원묘지,공원묘지,공원묘지,,관내,공설묘지 사용료,강화군민만 이용가능,300000
379,가평읍 공설묘지(구 제1공설묘지),379,공설,무관,공원묘지,공원묘지,기타(관리비),,,기당사용료,관리비(연간),2050000
380,고능리공동묘지,380,공설,무관,공원묘지,공원묘지,공원묘지,,관내,공설묘지 사용료,*강화군민만 이용가능/사용료: 관리비:,300000
381,고천리공설묘지,381,공설,무관,공원묘지,공원묘지,공원묘지,,관내,공설묘지 사용료,강화군민만 이용가능,300000
382,공산면공설묘지,382,공설,,공원묘지,공원묘지,공원묘지,,관내,공설묘지 사용료,이용자격:나주시민 사용기간:15년,100000
383,교산리공설묘지(별립산),383,공설,무관,공원묘지,공원묘지,공원묘지,,관내,공설묘지 사용료,*강화군민만 이용가능/사용료: 관리비:,300000
384,구례군공설묘지,384,공설,,공원묘지,공원묘지,공원묘지,,,공설묘지 사용료,기당 10m2/15년,2000000
385,구좌읍공설묘지,385,공설,무관,공원묘지,공원묘지,공원묘지,,,공설묘지 사용료,이용자격:제주도민 사용기간:년 3회연장가능 공설묘지 사용료이용자격:제주도민 사용기간:15년 3회연장가능,2000000
386,국화리공설묘지,386,공설,무관,공원묘지,공원묘지,공원묘지,,관내,공설묘지 사용료,강화군민만 이용가능,300000
387,금남동공설묘지,387,공설,,공원묘지,,공원묘지,,관내,공설묘지 사용료,이용자격:나주시민 사용기간:년 사용료:3.3m2당 1만원 공설묘지 사용료이용자격:나주시민 사용기간:15년 사용료:3.3m2당 1만원,100000
388,길정리공설묘지,388,공설,무관,공원묘지,공원묘지,공원묘지,,관내,공설묘지 사용료,강화군민만 이용가능,300000
389,길직1리공설묘지,389,공설,무관,공원묘지,공원묘지,공원묘지,,관내,공설묘지 사용료,강화군민만 이용가능,300000
390,길직2리공설묘지,390,공설,무관,공원묘지,공원묘지,공원묘지,,관내,공설묘지 사용료,*강화군민만 이용가능/사용료: 관리비:,300000
391,천주교나주성당공원묘지,391,사설,천주교,공원묘지,봉안당,공원묘지,,관내,공설묘지 사용료,이용자격:나주시민 사용기간:년 사용료:3.3m2당 1만원 공설묘지 사용료이용자격:나주시민 사용기간:15년 사용료:3.3m2당 1만원,100000
392,남산리공설묘지,392,공설,무관,공원묘지,공원묘지,공원묘지,,관내,공설묘지 사용료,강화군민만 이용가능,300000
393,남원읍공설묘지,393,공설,무관,공원묘지,공원묘지,공원묘지,,,공설묘지 사용료,이용자격:제주도민 사용기간:년 3회연장가능1 공설묘지 사용료이용자격:제주도민 사용기간:15년 3회연장가능1,500000
394,남평읍공설묘지,394,공설,,공원묘지,공원묘지,공원묘지,,관내,공설묘지 사용료,"이용자격:나주시민, 사용기간:년, 사용기간:15년",100000
395,내곡리묘지,395,공설,무관,공원묘지,공원묘지,정보없음,,정보없음,정보없음,자동 추출 실패 (푸터 텍스트),
396,넙성리공동묘지,396,공설,무관,공원묘지,공원묘지,공원묘지,,관내,공설묘지 사용료,*강화군민만 이용가능/사용료: 관리비:1,300000
397,다도면공설묘지,397,공설,,공원묘지,수목장,공원묘지,,관내,공설묘지 사용료,이용자격:나주시민 사용기간:년 사용료:3.3m2당 1만원 공설묘지 사용료이용자격:나주시민 사용기간:15년 사용료:3.3m2당 1만원,100000
398,다시면공설묘지,398,공설,,공원묘지,공원묘지,공원묘지,,관내,공설묘지 사용료,이용자격:나주시민 사용기간:년 사용료:3.3m2당 1만원 공설묘지 사용료이용자격:나주시민 사용기간:15년 사용료:3.3m2당 1만원,100000
399,당산리공설묘지,399,공설,무관,공원묘지,공원묘지,공원묘지,,관내,공설묘지 사용료,강화군민만 이용가능,300000
400,대정읍공설묘지,400,공설,무관,공원묘지,공원묘지,공원묘지,개인단,관내,관내,"1인, 1인",500000
401,덕성리공동묘지,401,공설,무관,공원묘지,공원묘지,공원묘지,,관내,공설묘지 사용료,강화군민만 이용가능,300000
402,삼동암공동묘지,402,공설,무관,공원묘지,공원묘지,공원묘지,,관내,공설묘지 사용료,*강화군민만 이용가능/사용료: 관리비:,300000
403,성산읍공설묘지,403,공설,무관,공원묘지,"공원묘지, 수목장",공원묘지,,,공설묘지 사용료,이용자격:제주도민 사용기간:년 3회연장가능  공설묘지 사용료이용자격:제주도민 사용기간:15년 3회연장가능,500000
404,성북동공설묘지,404,공설,,공원묘지,공원묘지,공원묘지,,관내,공설묘지 사용료,이용자격:나주시민 사용기간:년 사용료:3.3m2당 1만원 공설묘지 사용료이용자격:나주시민 사용기간:15년 사용료:3.3m2당 1만원,100000
405,의정부시공설묘지,405,공설,무관,공원묘지,공원묘지,공원묘지,,,공설묘지 사용료기준면적,"㎡, 15년 사용 기준  공설묘지 사용료기준면적 5㎡, 15년 사용 기준",600000
406,영산동공설묘지,406,공설,,공원묘지,공원묘지,공원묘지,,관내,공설묘지 사용료,이용자격:나주시민 사용기간:년 사용료:3.3m2당 1만원 공설묘지 사용료이용자격:나주시민 사용기간:15년 사용료:3.3m2당 1만원,100000
407,세지면공설묘지,407,공설,,공원묘지,공원묘지,공원묘지,,관내,공설묘지 사용료,"이용자격:나주시민, 사용기간:15년, 년, 사용료:3.3m2당",100000
408,우도면공설묘지,408,공설,무관,공원묘지,공원묘지,공원묘지,,,공설묘지 사용료,이용자격:제주도민 사용기간:년 3회연장가능 공설묘지 사용료이용자격:제주도민 사용기간:15년 3회연장가능,2000000
409,송월교회(묘지),409,사설,기독교,공원묘지,공원묘지,공원묘지,,,비조성묘지 사용료,비조성묘지 .3㎡당 비조성묘지 3.3㎡당,9700000
410,숭뢰리공설묘지,410,공설,,공원묘지,공원묘지,공원묘지,,관내,공설묘지 사용료,*강화군민만 이용가능/사용료: 관리비:,300000
411,용담망향의공설묘지,411,공설,,공원묘지,공원묘지,공원묘지,,,공설묘지 사용료기당,30년(1회 15년 연장가능),600000
412,신삼리공설묘지,412,공설,무관,공원묘지,,공원묘지,,관내,공설묘지 사용료,강화군민만 이용가능,300000
413,신정리공설묘지,413,공설,무관,공원묘지,정보없음,공원묘지,,관내,공설묘지 사용료,강화군민만 이용가능,300000
414,왕곡면공설묘지,414,공설,,공원묘지,"봉안당, 공원묘지",공원묘지,,관내,공설묘지 사용료,이용자격:나주시민 사용기간:년 사용료:3.3m2당 1만원 공설묘지 사용료이용자격:나주시민 사용기간:15년 사용료:3.3m2당 1만원,100000
415,신현리공동묘지,415,공설,무관,공원묘지,공원묘지,공원묘지,,관내,공설묘지 사용료,강화군민만 이용가능,300000
416,아차공설묘지,416,공설,무관,공원묘지,공원묘지,공원묘지,,관내,공설묘지 사용료,강화군민만 이용가능,300000
417,완도군추모공원,417,공설,무관,공원묘지,공원묘지,공원묘지,,,묘지 사용료,11월 만장 묘지 사용료 2015.11월 만장,2749000
418,안덕면공설묘지,418,공설,무관,공원묘지,정보없음,공원묘지,,,공설묘지 사용료,이용자격:제주도민 사용기간:년 3회연장가능 공설묘지 사용료이용자격:제주도민 사용기간:15년 3회연장가능,500000
419,애월읍공설묘지,419,공설,무관,공원묘지,공원묘지,공원묘지,,,공설묘지 사용료,이용자격:제주도민 사용기간:년 3회연장가능 공설묘지 사용료이용자격:제주도민 사용기간:15년 3회연장가능,2000000
420,어승생공설묘지,420,공설,무관,공원묘지,공원묘지,공원묘지,,,공설묘지 사용료,이용자격:제주도민 사용기간:년 3회연장가능 공설묘지 사용료이용자격:제주도민 사용기간:15년 3회연장가능,2000000
421,영강동공설묘지,421,공설,,공원묘지,공원묘지,공원묘지,,관내,공설묘지 사용료,이용자격:나주시민 사용기간:년 사용료:3.3m2당 1만원 공설묘지 사용료이용자격:나주시민 사용기간:15년 사용료:3.3m2당 1만원,100000
422,설악면공설묘지,422,공설,무관,공원묘지,공원묘지,기타(관리비),,,기당사용료,관리비(연간),2050000
423,이창동공설묘지,423,공설,,공원묘지,공원묘지,공원묘지,,관내,공설묘지 사용료,이용자격:나주시민 사용기간:년 사용료:3.3m2당 1만원 공설묘지 사용료이용자격:나주시민 사용기간:15년 사용료:3.3m2당 1만원,100000
424,삼성리공동묘지,424,공설,무관,공원묘지,공원묘지,공원묘지,,관내,공설묘지 사용료,강화군민만 이용가능,300000
425,삼흥리공설묘지,425,공설,무관,공원묘지,공원묘지,공원묘지,,관내,공설묘지 사용료,강화군민만 이용가능,300000
426,상면공설묘지,426,공설,무관,공원묘지,공원묘지,기타(관리비),,,기당사용료,관리비(연간),2050000
427,상용리공설묘지,427,공설,무관,공원묘지,공원묘지,공원묘지,,관내,공설묘지 사용료,강화군민만 이용가능,300000
428,색달동공설묘지,428,공설,무관,공원묘지,공원묘지,공원묘지,,,공설묘지 사용료,이용자격:제주도민 사용기간:년 3회연장가능 이용자격:제주도민 사용기간:15년 3회연장가능,1000000
429,서검리공설묘지,429,공설,무관,공원묘지,공원묘지,공원묘지,,관내,공설묘지 사용료,강화군민만 이용가능,300000
430,서부공설묘지,430,공설,무관,공원묘지,공원묘지,공원묘지,,,공설묘지 사용료,이용자격:제주도민 사용기간:년 3회연장가능,2000000
431,서산시희망공원(묘지),431,공설,무관,공원묘지,"공원묘지, 수목장",정보없음,,정보없음,정보없음,자동 추출 실패 (푸터 텍스트),
431,서산시희망공원(묘지),431,공설,무관,공원묘지,"공원묘지, 수목장",공원묘지,,재추출(병합),능,능,4500000
432,석모리공설묘지,432,공설,무관,공원묘지,공원묘지,공원묘지,,관내,공설묘지 사용료,강화군민만 이용가능,300000
433,석포리공설묘지,433,공설,무관,공원묘지,공원묘지,공원묘지,,관내,공설묘지 사용료,강화군민만 이용가능,300000
434,인화리공설묘지,434,공설,무관,공원묘지,공원묘지,공원묘지,,관내,공설묘지 사용료,강화군민만 이용가능 사용료 관리비,300000
435,선두리공설묘지,435,공설,무관,공원묘지,봉안당,공원묘지,,관내,공설묘지 사용료,강화군민만 이용가능/사용료:관리비,300000
436,예수장로회 제주교회묘지,436,사설,무관,공원묘지,공원묘지,정보없음,,정보없음,정보없음,자동 추출 실패 (푸터 텍스트),
437,경산공원묘원,437,미분류,,공원묘지,공원묘지,정보없음,,정보없음,정보없음 자동 추출 실패,푸터 텍스트,
438,조천장로교회묘지,438,사설,기독교,공원묘지,공원묘지,정보없음,,정보없음,정보없음 자동 추출 실패,푸터 텍스트,
439,갑산공원묘원,439,사설,무관,공원묘지,"봉안당, 공원묘지",정보없음,,정보없음,정보없음,자동 추출 실패 (푸터 텍스트),
440,미상(자동복구),440,미분류,,공원묘지,공원묘지,정보없음,,정보없음,정보없음 자동 추출 실패,푸터 텍스트,
441,(재)대한예수교장로회 기독교공동묘원,441,미분류,기독교,공원묘지,공원묘지,정보없음,,정보없음,정보없음,자동 추출 실패 (푸터 텍스트),
442,(재)전주공원묘원,442,사설,무관,공원묘지,공원묘지,정보없음,,정보없음,정보없음,자동 추출 실패 (푸터 텍스트),
443,정자공원묘원,443,사설,무관,공원묘지,수목장,정보없음,,정보없음,정보없음,자동 추출 실패 (푸터 텍스트),
444,미상(자동복구),444,미분류,,공원묘지,공원묘지,공원묘지,,재추출(BadID),개편의시설,"총매장능력12,505",12505
445,금천면공설묘지(폐쇄),445,미분류,,공원묘지,공원묘지,정보없음,,정보없음,정보없음,자동 추출 실패 (푸터 텍스트),
446,미상(자동복구),446,미분류,,공원묘지,공원묘지,공원묘지,,재추출(BadID),총매장능력 개편의시설,총매장능력 개편의시설,17127
446,미상(자동복구),446,미분류,,공원묘지,공원묘지,기타,,재추출(BadID),제주특별자치도 제주시 한경면 조수리 4041주소,제주특별자치도 제주시 한경면 조수리 4041주소,4040
447,(재)하늘공원 묘원,447,미분류,,공원묘지,공원묘지,정보없음,,정보없음,정보없음,자동 추출 실패 (푸터 텍스트),
448,(재)금곡장미공원,448,사설,무관,공원묘지,공원묘지,정보없음,,정보없음,정보없음,자동 추출 실패 (푸터 텍스트),
449,제주향교묘지,449,미분류,,공원묘지,정보없음,정보없음,,정보없음,정보없음,자동 추출 실패 (푸터 텍스트),
450,삼성공원묘원,450,사설,무관,공원묘지,공원묘지,정보없음,,정보없음,정보없음 자동 추출 실패,푸터 텍스트,
451,대구중부교회묘지,451,사설,기독교,공원묘지,정보없음,정보없음,,정보없음,정보없음,자동 추출 실패 (푸터 텍스트),
452,상전망향의공설묘지,452,미분류,,공원묘지,공원묘지,정보없음,,정보없음,정보없음,자동 추출 실패 (푸터 텍스트),
453,천아오름공원묘지,453,사설,무관,공원묘지,공원묘지,정보없음,,정보없음,정보없음,자동 추출 실패 (푸터 텍스트),
454,천주교제주교구묘지,454,사설,천주교,공원묘지,공원묘지,정보없음,,정보없음,정보없음,자동 추출 실패 (푸터 텍스트),
455,혜화동성당 방학동묘원,455,미분류,천주교,공원묘지,공원묘지,정보없음,,정보없음,정보없음,자동 추출 실패 (푸터 텍스트),
456,포항공원묘원,456,사설,무관,공원묘지,공원묘지,정보없음,,정보없음,정보없음,자동 추출 실패 (푸터 텍스트),
457,천주교용호동공원묘지,457,사설,천주교,공원묘지,공원묘지,정보없음,,정보없음,정보없음,자동 추출 실패 (푸터 텍스트),
458,모슬포 천주교공동묘지,458,사설,천주교,공원묘지,공원묘지,정보없음,,정보없음,정보없음,자동 추출 실패 (푸터 텍스트),
459,미상(자동복구),459,미분류,,공원묘지,공원묘지,공원묘지,,재추출(BadID),총매장능력,개편의시설 총매장능력 개편의시설,30000
459,미상(자동복구),459,미분류,,공원묘지,공원묘지,기타,,재추출(BadID),제주특별자치도 서귀포시 대정읍 동일리 1277,주소 제주특별자치도 서귀포시 대정읍 동일리 1277주소,1277
459,미상(자동복구),459,미분류,,공원묘지,공원묘지,정보없음,,정보없음,정보없음,자동 추출 실패 (푸터 텍스트),
460,미상(자동복구),460,미분류,,공원묘지,공원묘지,공원묘지,,재추출(BadID),총매장능력 개편의시설,,14792
460,미상(자동복구),460,미분류,,공원묘지,공원묘지,정보없음,,정보없음,정보없음,자동 추출 실패 (푸터 텍스트),
461,천주교 창원공원묘원,461,미분류,천주교,공원묘지,,정보없음,,정보없음,정보없음,자동 추출 실패 (푸터 텍스트),
462,천주교가덕공원묘지,462,사설,천주교,공원묘지,공원묘지,정보없음,,정보없음,정보없음,자동 추출 실패 (푸터 텍스트),
463,신동아교회묘지,463,사설,기독교,공원묘지,공원묘지,정보없음,,정보없음,정보없음,자동 추출 실패 (푸터 텍스트),
464,신세계공원,464,사설,무관,"공원묘지, 수목장, 봉안당",공원묘지,공원묘지,,,묘지사용료평당가,"(.3㎡/평), (3.3㎡/평)",10000000
464,신세계공원,464,사설,무관,"공원묘지, 수목장, 봉안당",공원묘지,공원묘지,,,평장묘(1기),"시설비 및 사용료(관리비,각자비별도)",40000000
464,신세계공원,464,사설,무관,"공원묘지, 수목장, 봉안당",공원묘지,봉안당,,,평장묘,"(기~4기) 시설비 및 사용료 (관리비, 봉안비, 각자비 별도)",87000000
464,신세계공원,464,사설,무관,"공원묘지, 수목장, 봉안당",공원묘지,봉안당,부부단,,봉안묘(부부단)시설비 및 사용료,"(관리비봉안비,각자비별도) 봉안묘(부부단)시설비 및 사용료(관리비,봉안비,각자비별도)",100000000
464,신세계공원,464,사설,무관,"공원묘지, 수목장, 봉안당",공원묘지,수목장,부부단,,수목장,"(부부목/~2기)사용료 및 관리비(석물, 봉안비,각자비별도)",47500000
464,신세계공원,464,사설,무관,"공원묘지, 수목장, 봉안당",공원묘지,수목장,,,수목장,"(~4기)사용료 및 관리비(석물, 봉안비,각자비별도) 수목장(1~4기)사용료 및 관리비(석물, 봉안비,각자비별도)",94000000
464,신세계공원,464,사설,무관,"공원묘지, 수목장, 봉안당",공원묘지,기타(관리비),,,관리비년/평당가,(.3㎡/평) 관리비년/평당가(3.3㎡/평),140000
465,미상(자동복구),465,미분류,,공원묘지,공원묘지,공원묘지,,재추출(BadID),총매장능력,"10,499 개편의시설 총매장능력10,499 개편의시설",10499
466,인천지구황해도민묘지,466,사설,무관,공원묘지,공원묘지,정보없음,,정보없음,정보없음 자동 추출 실패,푸터 텍스트,
467,대구화교협회묘지,467,사설,무관,공원묘지,수목장,정보없음,,정보없음,정보없음 자동 추출 실패,푸터 텍스트,
468,대구공원,468,사설,무관,공원묘지,공원묘지,정보없음,,정보없음,정보없음,자동 추출 실패 (푸터 텍스트),
469,길음동성당 묘원,469,미분류,천주교,공원묘지,공원묘지,정보없음,,정보없음,정보없음,자동 추출 실패 (푸터 텍스트),
470,충주천주교회 성요셉공원묘원,470,공설,천주교,공원묘지,공원묘지,정보없음,,정보없음,정보없음 자동 추출 실패,푸터 텍스트,
471,노안면공설묘지(폐쇄),471,미분류,,공원묘지,"{
  ""type"": """",
  ""reason"": ""제공된 이미지에는 묘지, 봉안당 또는 수목장으로 분류할 수 있는 어떠한 시설물도 보이지 않고, 단순히 풀과 나무로 덮인 공터만 있습니다.""
}",정보없음,,정보없음,정보없음,자동 추출 실패 (푸터 텍스트),
472,삼각지성당 하늘묘원,472,미분류,천주교,공원묘지,,정보없음,,정보없음,정보없음,자동 추출 실패 (푸터 텍스트),
473,산곡동공설묘지,473,공설,무관,공원묘지,"공원묘지, 수목장",정보없음,,정보없음,정보없음,자동 추출 실패 (푸터 텍스트),
474,서울노회유지재단 법인묘지,474,미분류,,공원묘지,봉안당,정보없음,,정보없음,정보없음 자동 추출 실패,푸터 텍스트,
475,삼척시추모공원 묘지 제2단지,475,미분류,,봉안당,공원묘지,정보없음,,정보없음,정보없음,자동 추출 실패 (푸터 텍스트),
476,보령시마을단위공원묘지,476,미분류,,공원묘지,공원묘지,정보없음,,정보없음,정보없음,자동 추출 실패 (푸터 텍스트),
477,가평추모공원(구 제2공설묘지),477,공설,무관,봉안당,공원묘지,정보없음,,정보없음,정보없음 자동 추출 실패,푸터 텍스트,
478,자일동공설묘지,478,공설,무관,공원묘지,공원묘지,정보없음,,정보없음,정보없음,자동 추출 실패 (푸터 텍스트),
479,(재)성산공원(묘지),479,미분류,,공원묘지,공원묘지,정보없음,,정보없음,정보없음,자동 추출 실패 (푸터 텍스트),
480,(재)천주교유지재단 청주교구묘원,480,미분류,천주교,공원묘지,공원묘지,정보없음,,정보없음,정보없음,자동 추출 실패 (푸터 텍스트),
481,김포성당 매괴의모후 묘원,481,미분류,천주교,공원묘지,봉안당,정보없음,,정보없음,정보없음,자동 추출 실패 (푸터 텍스트),
482,돈암동성당 광탄추모공원,482,미분류,천주교,봉안당,공원묘지,정보없음,,정보없음,정보없음,자동 추출 실패 (푸터 텍스트),
483,칠곡성당공동묘원,483,미분류,천주교,공원묘지,공원묘지,정보없음,,정보없음,정보없음 자동 추출 실패,푸터 텍스트,
484,대구중앙교회 부활의동산,484,미분류,기독교,공원묘지,정보없음,정보없음,,정보없음,정보없음,자동 추출 실패 (푸터 텍스트),
485,대구칠곡교회묘지,485,미분류,기독교,공원묘지,공원묘지,정보없음,,정보없음,정보없음,자동 추출 실패 (푸터 텍스트),
486,상효동공설묘지,486,공설,무관,공원묘지,공원묘지,정보없음,,정보없음,정보없음 자동 추출 실패,푸터 텍스트,
487,광대리 공원묘지,487,미분류,,공원묘지,공원묘지,정보없음,,정보없음,정보없음,자동 추출 실패 (푸터 텍스트),
488,광양시립영세공원 묘지,488,미분류,,공원묘지,공원묘지,정보없음,,정보없음,정보없음,자동 추출 실패 (푸터 텍스트),
489,구룡공설공원묘지,489,미분류,,공원묘지,공원묘지,정보없음,,정보없음,정보없음,자동 추출 실패 (푸터 텍스트),
490,서소문교회동산,490,사설,기독교,공원묘지,수목장,정보없음,,정보없음,정보없음,자동 추출 실패 (푸터 텍스트),
491,천주교 김천공원묘지,491,사설,천주교,공원묘지,공원묘지,정보없음,,정보없음,정보없음,자동 추출 실패 (푸터 텍스트),
492,영암군군서공설묘지,492,공설,무관,공원묘지,공원묘지,정보없음,,정보없음,정보없음,자동 추출 실패 (푸터 텍스트),
493,영암군금정공설묘지,493,공설,무관,공원묘지,공원묘지,정보없음,,정보없음,정보없음 자동 추출 실패,푸터 텍스트,
494,영암군시종공설묘지,494,공설,무관,공원묘지,공원묘지,정보없음,,정보없음,정보없음,자동 추출 실패 (푸터 텍스트),
495,영암군신북공설묘지,495,공설,무관,공원묘지,공원묘지,정보없음,,정보없음,정보없음,자동 추출 실패 (푸터 텍스트),
496,영암군학산공설묘지,496,공설,무관,공원묘지,공원묘지,정보없음,,정보없음,정보없음,자동 추출 실패 (푸터 텍스트),
497,안양시안산공설묘지(만장),497,공설,무관,공원묘지,공원묘지,정보없음,,정보없음,정보없음,자동 추출 실패 (푸터 텍스트),
498,용산성당 청계묘원,498,미분류,천주교,공원묘지,공원묘지,정보없음,,정보없음,정보없음,자동 추출 실패 (푸터 텍스트),
499,구미시선산공설묘지(만장),499,공설,무관,공원묘지,수목장,정보없음,,정보없음,정보없음,자동 추출 실패 (푸터 텍스트),
500,홍성군공원묘지,500,미분류,,공원묘지,공원묘지,정보없음,,정보없음,정보없음,자동 추출 실패 (푸터 텍스트),
501,대야리공설묘지,501,미분류,,공원묘지,공원묘지,정보없음,,정보없음,정보없음,자동 추출 실패 (푸터 텍스트),
502,청암교회(청암동산),502,사설,기독교,공원묘지,공원묘지,정보없음,,정보없음,정보없음 자동 추출 실패,푸터 텍스트,
503,신현교회 묘지,503,미분류,기독교,공원묘지,공원묘지,정보없음,,정보없음,정보없음,자동 추출 실패 (푸터 텍스트),
504,오식도공설묘지(민간위탁),504,미분류,,공원묘지,공원묘지,정보없음,,정보없음,정보없음,자동 추출 실패 (푸터 텍스트),
505,최자실기도원 공원묘지,505,미분류,,공원묘지,공원묘지,정보없음,,정보없음,정보없음,자동 추출 실패 (푸터 텍스트),
506,불광동성당 바다의별묘원,506,미분류,천주교,공원묘지,공원묘지,정보없음,,정보없음,정보없음,자동 추출 실패 (푸터 텍스트),
507,신광교회 묘지,507,사설,기독교,공원묘지,공원묘지,정보없음,,정보없음,정보없음,자동 추출 실패 (푸터 텍스트),
508,(재)동산공원묘원 묘지,508,미분류,기독교,공원묘지,공원묘지,정보없음,,정보없음,정보없음,자동 추출 실패 (푸터 텍스트),
509,정토사 극락원,509,사설,불교,봉안당,봉안당,봉안당,,,단기(임시)봉안,1개월3층1단,1500000
509,정토사 극락원,509,사설,불교,봉안당,봉안당,봉안당,부부단,,4층 부부단중에서,가변칸(2위)1단~7단,4000000
509,정토사 극락원,509,사설,불교,봉안당,봉안당,봉안당,부부단,,"효행실,안락실(부부단)8단","층, 2층",16000000
509,정토사 극락원,509,사설,불교,봉안당,봉안당,봉안당,부부단,,"보은실,미타실(부부단)8단","층, 2층",16000000
509,정토사 극락원,509,사설,불교,봉안당,봉안당,봉안당,부부단,,"효행실, 안락실","층, 2층 (부부단) 7단",30000000
509,정토사 극락원,509,사설,불교,봉안당,봉안당,봉안당,부부단,,"보은실,미타실(부부단)",층 7단1 2층 7단1,30000000
509,정토사 극락원,509,사설,불교,봉안당,봉안당,봉안당,부부단,,"효행실,안락실(부부단)","1단, 2층 효행실,안락실(부부단)1단",56000000
509,정토사 극락원,509,사설,불교,봉안당,봉안당,봉안당,부부단,,"보은실,미타실(부부단)1단","층, 2층",58000000
509,정토사 극락원,509,사설,불교,봉안당,봉안당,봉안당,부부단,,"효행실,안락실(부부단)","2,6단, 2층, 층",62000000
509,정토사 극락원,509,사설,불교,봉안당,봉안당,봉안당,부부단,,"보은실,미타실(부부단)","2층 보은실,미타실(부부단)2,6단",64000000
509,정토사 극락원,509,사설,불교,봉안당,봉안당,봉안당,부부단,,"층 효행실,안락실(부부단)","3,4,5단",70000000
509,정토사 극락원,509,사설,불교,봉안당,봉안당,봉안당,부부단,,"보은실, 미타실","층 (부부단) 3,4,5단 1",72000000
509,정토사 극락원,509,사설,불교,봉안당,봉안당,봉안당,부부단,,"해탈실,원력실(부부단)",층 6단1 2층 6단1,80000000
509,정토사 극락원,509,사설,불교,봉안당,봉안당,봉안당,부부단,,"해탈실,원력실(부부단)1단",층 2층,90000000
509,정토사 극락원,509,사설,불교,봉안당,봉안당,봉안당,부부단,,"해탈실,원력실(부부단)","층 2,3,4,5단 2층 2,3,4,5단",100000000
509,정토사 극락원,509,사설,불교,봉안당,봉안당,기타(관리비),,,평장묘 관리비,년 1년,40000
509,정토사 극락원,509,사설,불교,봉안당,봉안당,기타,,,"효행실,안락실 8단1","층, 2층",8000000
509,정토사 극락원,509,사설,불교,봉안당,봉안당,기타,,,"보은실,미타실8단","2층 보은실,미타실8단",8000000
509,정토사 극락원,509,사설,불교,봉안당,봉안당,기타,,,"보은실,미타실7단","2층 보은실,미타실7단",15000000
509,정토사 극락원,509,사설,불교,봉안당,봉안당,기타,,,"효행실,안락실",층/2층 7단1,15000000
509,정토사 극락원,509,사설,불교,봉안당,봉안당,기타,,,인연실,"층, (정기한 30년), 1단, 4층",25000000
509,정토사 극락원,509,사설,불교,봉안당,봉안당,기타,,,"효행실,안락실","층, 1단, 1, 2층",28000000
509,정토사 극락원,509,사설,불교,봉안당,봉안당,기타,,,오온실,3층 (유리문형)8단,28000000
509,정토사 극락원,509,사설,불교,봉안당,봉안당,기타,,,층 인연실,(정기한 30년)7단1,28000000
509,정토사 극락원,509,사설,불교,봉안당,봉안당,기타,,,"보은실, 미타실",층 1단 2층,29000000
509,정토사 극락원,509,사설,불교,봉안당,봉안당,기타,,,"효행실,안락실2,6단3","층, 2층",31000000
509,정토사 극락원,509,사설,불교,봉안당,봉안당,기타,,,육념실,3층 (유리문형) 8단,31000000
509,정토사 극락원,509,사설,불교,봉안당,봉안당,기타,,,"보은실,미타실",층 6단1 2층 6단1,32000000
509,정토사 극락원,509,사설,불교,봉안당,봉안당,기타,,,미타실,"층 보은실, 2단3",32000000
509,정토사 극락원,509,사설,불교,봉안당,봉안당,기타,,,"칠보실,팔정도실",층 (유리문형) 8단 1,32000000
509,정토사 극락원,509,사설,불교,봉안당,봉안당,기타,,,3층 오온실(유리문형),"1,7단",32000000
509,정토사 극락원,509,사설,불교,봉안당,봉안당,기타,,,"효행실,안락실","층 3,4,5단 2층 3,4,5단",35000000
509,정토사 극락원,509,사설,불교,봉안당,봉안당,기타,,,"보은실, 미타실","2층, 3,4,5단, 층",36000000
509,정토사 극락원,509,사설,불교,봉안당,봉안당,기타,,,오온실(유리문형),"층 2,6단1 3층 2,6단1",38000000
509,정토사 극락원,509,사설,불교,봉안당,봉안당,기타,,,4층 인연실,(정기한 30년)2단1,39000000
509,정토사 극락원,509,사설,불교,봉안당,봉안당,기타,,,"해탈실,원력실","층, 2층, 6단",40000000
509,정토사 극락원,509,사설,불교,봉안당,봉안당,기타,,,육념실(유리문형),"1,7단 3층 육념실(유리문형)1,7단",41000000
509,정토사 극락원,509,사설,불교,봉안당,봉안당,기타,,,"칠보실,팔정도실(유리문형)","1,7단 3층",42000000
509,정토사 극락원,509,사설,불교,봉안당,봉안당,기타,,,청정실,1단 4층 1단,43000000
509,정토사 극락원,509,사설,불교,봉안당,봉안당,기타,,,해탈실,"원력실1단, 2층",45000000
509,정토사 극락원,509,사설,불교,봉안당,봉안당,기타,,,3층 오온실(유리문형),"3,4,5단",45000000
509,정토사 극락원,509,사설,불교,봉안당,봉안당,기타,,,정각실,층 1단 4층 1단,45000000
509,정토사 극락원,509,사설,불교,봉안당,봉안당,기타,,,인연실,"(정기한 30년), 4층, 6단, 층",45000000
509,정토사 극락원,509,사설,불교,봉안당,봉안당,기타,,,청정실7단,"4층, 4층",47000000
509,정토사 극락원,509,사설,불교,봉안당,봉안당,기타,,,층 인연실(정기한 30년),"3,4,5단",47500000
509,정토사 극락원,509,사설,불교,봉안당,봉안당,기타,,,육념실,"3층 육념실(유리문형)2,6단",48000000
509,정토사 극락원,509,사설,불교,봉안당,봉안당,기타,,,"칠보실,팔정도실(유리문형)","2,6단",49000000
509,정토사 극락원,509,사설,불교,봉안당,봉안당,기타,,,정각실7단,"4층, 4층",49000000
509,정토사 극락원,509,사설,불교,봉안당,봉안당,기타,,,"해탈실, 원력실","층 2,3,4,5단1 2층 2,3,4,5단1",50000000
509,정토사 극락원,509,사설,불교,봉안당,봉안당,기타,,,인연실,층 (정기한 30년)1단 4층 (정기한 30년)1단,50000000
509,정토사 극락원,509,사설,불교,봉안당,봉안당,기타,,,육념실(유리문형),"3층, 3,4,5단",52000000
509,정토사 극락원,509,사설,불교,봉안당,봉안당,기타,,,"지혜실,복덕실",층 (고급B)1단,53000000
509,정토사 극락원,509,사설,불교,봉안당,봉안당,기타,,,"칠보실,팔정도실(유리문형)","3층 3,4,5단 3층 3,4,5단",55000000
509,정토사 극락원,509,사설,불교,봉안당,봉안당,기타,,,오온실,"층형 및 3층형, 유리문형, 8단, 각 1개",56000000
509,정토사 극락원,509,사설,불교,봉안당,봉안당,기타,,,청정실,2단 4층 2단,56000000
509,정토사 극락원,509,사설,불교,봉안당,봉안당,기타,,,인연실,"층, 4층 (정기한 30년) 7단",56000000
509,정토사 극락원,509,사설,불교,봉안당,봉안당,기타,,,"지혜실,복덕실",고급B 7단 4층,57000000
509,정토사 극락원,509,사설,불교,봉안당,봉안당,기타,,,정각실2단,"층, 1, 4층, 1",58000000
509,정토사 극락원,509,사설,불교,봉안당,봉안당,기타,,,"자비실,광명실(고급A)","1단6, 4층 자비실,광명실(고급A)1단6",61000000
509,정토사 극락원,509,사설,불교,봉안당,봉안당,기타,,,육념실(유리문형)8단,3층 육념실(유리문형)8단 3층 육념실(유리문형)8단,62000000
509,정토사 극락원,509,사설,불교,봉안당,봉안당,기타,,,청정실6단,층 4층,63000000
509,정토사 극락원,509,사설,불교,봉안당,봉안당,기타,,,"칠보실,팔정도실(유리문형)8단","3층 칠보실,팔정도실(유리문형)8단",64000000
509,정토사 극락원,509,사설,불교,봉안당,봉안당,기타,,,오온실(유리문형),"층 1,7단 3층 1,7단",64000000
509,정토사 극락원,509,사설,불교,봉안당,봉안당,기타,,,"자비실,광명실",고급A 7단 4층,65000000
509,정토사 극락원,509,사설,불교,봉안당,봉안당,기타,,,정각실6단,4층 4층,65000000
509,정토사 극락원,509,사설,불교,봉안당,봉안당,기타,,,"지혜실,복덕실","(고급B)2단 4층 지혜실,복덕실(고급B)2단",68000000
509,정토사 극락원,509,사설,불교,봉안당,봉안당,기타,,,청정실,"3,4,5단",68000000
509,정토사 극락원,509,사설,불교,봉안당,봉안당,기타,,,화엄실,2층 (특B) 5단,70000000
509,정토사 극락원,509,사설,불교,봉안당,봉안당,기타,,,"일심실,사섭실(지장보살형.고급.B)","1,6단, 1 3층 일심실,사섭실(지장보살형.고급.B)1,6단",70000000
509,정토사 극락원,509,사설,불교,봉안당,봉안당,기타,,,"이행실,삼학실(지장보살형.고급.C)","1,6단 3층 이행실,삼학실(지장보살형.고급.C)1,6단",70000000
509,정토사 극락원,509,사설,불교,봉안당,봉안당,기타,,,정각실,"3,4,5,단",70000000
509,정토사 극락원,509,사설,불교,봉안당,봉안당,기타,,,"지혜실,복덕실(고급B)6단",4층,71000000
509,정토사 극락원,509,사설,불교,봉안당,봉안당,기타,,,"자비실,광명실","고급A 2단 4층 자비실,광명실 고급A 2단",73000000
509,정토사 극락원,509,사설,불교,봉안당,봉안당,기타,,,화엄실,2층 (특B)1단,75000000
509,정토사 극락원,509,사설,불교,봉안당,봉안당,기타,,,"이행실,삼학실(지장보살형.고급.C)","2,5단",75000000
509,정토사 극락원,509,사설,불교,봉안당,봉안당,기타,,,오온실(유리문형),"층 2,6단 3층 2,6단",76000000
509,정토사 극락원,509,사설,불교,봉안당,봉안당,기타,,,"자비실,광명실",고급A)6단 4층,77000000
509,정토사 극락원,509,사설,불교,봉안당,봉안당,기타,,,"지혜실,복덕실(고급B)","층 3,,4,5단1 4층 3,,4,5단1",78000000
509,정토사 극락원,509,사설,불교,봉안당,봉안당,기타,,,인연실,층 (정기한 30년) 2단 4층 (정기한 30년) 2단,78000000
509,정토사 극락원,509,사설,불교,봉안당,봉안당,기타,,,"일심실,사섭실(지장보살형.고급.B)","2,5단 3층, 2,5단",80000000
509,정토사 극락원,509,사설,불교,봉안당,봉안당,기타,,,화엄실,층 화엄실(특A)5단1 3층 화엄실(특A)5단1,80000000
509,정토사 극락원,509,사설,불교,봉안당,봉안당,기타,,,육념실(유리문형),"층 1,7단1 3층 1,7단1",82000000
509,정토사 극락원,509,사설,불교,봉안당,봉안당,기타,,,"자비실,광명실(고급A)","3,,4,5단8, 4층 자비실,광명실(고급A)3,,4,5단8",82000000
509,정토사 극락원,509,사설,불교,봉안당,봉안당,기타,,,"칠보실,팔정도실(유리문형)","층, 3층, 1, 7단",84000000
509,정토사 극락원,509,사설,불교,봉안당,봉안당,기타,,,화엄실,"2층 화엄실(특B)2,3,4단, 2층 화엄실(특B)2,3,4단",85000000
509,정토사 극락원,509,사설,불교,봉안당,봉안당,기타,,,"이행실,삼학실(지장보살형.고급.C)","3,4단8",85000000
509,정토사 극락원,509,사설,불교,봉안당,봉안당,기타,,,화엄실,3층 화엄실(특A)1단 3층 화엄실(특A)1단,85000000
509,정토사 극락원,509,사설,불교,봉안당,봉안당,기타,,,청정실1단,층 4층,86000000
509,정토사 극락원,509,사설,불교,봉안당,봉안당,기타,,,"일심실,사섭실(지장보살형.고급.B)","3,4단 3층 일심실,사섭실(지장보살형.고급.B)3,4단",90000000
509,정토사 극락원,509,사설,불교,봉안당,봉안당,기타,,,"층 오온실(유리문형)3,4,5단","3층 오온실(유리문형)3,4,5단",90000000
509,정토사 극락원,509,사설,불교,봉안당,봉안당,기타,,,정각실1단,"층 , 4층",90000000
509,정토사 극락원,509,사설,불교,봉안당,봉안당,기타,,,인연실,층 (정기한 30년)6단 4층 (정기한 30년)6단,90000000
509,정토사 극락원,509,사설,불교,봉안당,봉안당,기타,,,청정실7단,"4층, 4층",94000000
509,정토사 극락원,509,사설,불교,봉안당,봉안당,기타,,,인연실(정기한 30년),"3,4,5단",95000000
509,정토사 극락원,509,사설,불교,봉안당,봉안당,기타,,,육념실(유리문형),"2,6단 3층 육념실(유리문형)2,6단",96000000
509,정토사 극락원,509,사설,불교,봉안당,봉안당,기타,,,화엄실,"특A 2,3,4단, 3층, 층",97000000
509,정토사 극락원,509,사설,불교,봉안당,봉안당,기타,,,"칠보실,팔정도실(유리문형)","2,6단 3층 칠보실,팔정도실(유리문형)2,6단",98000000
509,정토사 극락원,509,사설,불교,봉안당,봉안당,기타,,,정각실7단,4층 1,98000000
509,정토사 극락원,509,사설,불교,봉안당,봉안당,기타,,,육념실(유리문형),"3층 육념실(유리문형)3,4,5단 3층 육념실(유리문형)3,4,5단",104000000
509,정토사 극락원,509,사설,불교,봉안당,봉안당,기타,,,"지혜실,복덕실(고급B)1단","층, 4층",106000000
509,정토사 극락원,509,사설,불교,봉안당,봉안당,기타,,,"칠보실,팔정도실","3층 (유리문형)3,4,5단1",110000000
509,정토사 극락원,509,사설,불교,봉안당,봉안당,기타,,,청정실,2단 4층 2단,112000000
509,정토사 극락원,509,사설,불교,봉안당,봉안당,기타,,,"지혜실,복덕실","층, 4층, (고급B), 7단, 1",114000000
509,정토사 극락원,509,사설,불교,봉안당,봉안당,기타,,,상생특실(A)지장보살형,"층 A1,6단1 3층 A1,6단1",115000000
509,정토사 극락원,509,사설,불교,봉안당,봉안당,기타,,,정각실2단,"층 , 4층 ",116000000
509,정토사 극락원,509,사설,불교,봉안당,봉안당,기타,,,상생특실(A)지장보살형,층 창측1단 3층 창측1단,120000000
509,정토사 극락원,509,사설,불교,봉안당,봉안당,기타,,,"자비실,광명실(고급A)",4층 1단 1,122000000
509,정토사 극락원,509,사설,불교,봉안당,봉안당,기타,,,4층 청정실,6단,126000000
509,정토사 극락원,509,사설,불교,봉안당,봉안당,기타,,,"자비실,광명실",층 (고급A)7단1 4층 (고급A)7단1,130000000
509,정토사 극락원,509,사설,불교,봉안당,봉안당,기타,,,정각실6단,4층 4층,130000000
509,정토사 극락원,509,사설,불교,봉안당,봉안당,기타,,,상생특실(A)지장보살형,"층, 3층, 창측2단",135000000
509,정토사 극락원,509,사설,불교,봉안당,봉안당,기타,,,상생특실(A)지장보살형,"3층 A2,5단",135000000
509,정토사 극락원,509,사설,불교,봉안당,봉안당,기타,,,"지혜실,복덕실(고급B)2단","층 1, 4층 1",136000000
509,정토사 극락원,509,사설,불교,봉안당,봉안당,기타,,,청정실,"3,4,5단 4층 청정실3,4,5단",136000000
509,정토사 극락원,509,사설,불교,봉안당,봉안당,기타,,,화엄실,2층 (특B) 5단,140000000
509,정토사 극락원,509,사설,불교,봉안당,봉안당,기타,,,"일심실,사섭실(지장보살형.고급.B)","층 1,6단1 3층 1,6단1",140000000
509,정토사 극락원,509,사설,불교,봉안당,봉안당,기타,,,"이행실,삼학실(지장보살형.고급.C)","1,6단 1 3층 이행실,삼학실(지장보살형.고급.C)1,6단",140000000
509,정토사 극락원,509,사설,불교,봉안당,봉안당,기타,,,"층 정각실3,4,5단","4층 정각실3,4,5단",140000000
509,정토사 극락원,509,사설,불교,봉안당,봉안당,기타,,,"지혜실,복덕실",고급B 6단 4층,142000000
509,정토사 극락원,509,사설,불교,봉안당,봉안당,기타,,,"상생특실(A)지장보살형 RA1,5단","3층 상생특실(A)지장보살형 RA1,5단",145000000
509,정토사 극락원,509,사설,불교,봉안당,봉안당,기타,,,상생특실(A)지장보살형,3층 창측3단,145000000
509,정토사 극락원,509,사설,불교,봉안당,봉안당,기타,,,상생특실(A),"3층 지장보살형 A3,4단1",145000000
509,정토사 극락원,509,사설,불교,봉안당,봉안당,기타,,,"자비실,광명실","층, 4층, (고급A)2단1",146000000
509,정토사 극락원,509,사설,불교,봉안당,봉안당,기타,,,화엄실,2층 (특B)1단,150000000
509,정토사 극락원,509,사설,불교,봉안당,봉안당,기타,,,"층 이행실,삼학실","(지장보살형.고급.C)2,5단1",150000000
509,정토사 극락원,509,사설,불교,봉안당,봉안당,기타,,,"자비실,광명실(고급A)6단","층, 1, 4층, 1",154000000
509,정토사 극락원,509,사설,불교,봉안당,봉안당,기타,,,"지혜실, 복덕실","4층 (고급B) 3,4,5단",156000000
509,정토사 극락원,509,사설,불교,봉안당,봉안당,기타,,,상생특실(A)지장보살형,"3층 RA2,4단",160000000
509,정토사 극락원,509,사설,불교,봉안당,봉안당,기타,,,"일심실,사섭실","층, 3층 (지장보살형.고급.B)2,5단1",160000000
509,정토사 극락원,509,사설,불교,봉안당,봉안당,기타,,,화엄실(특A)),"층 5단1, 2층 5단1",160000000
509,정토사 극락원,509,사설,불교,봉안당,봉안당,기타,,,"자비실,광명실","층 (고급A)3,4,5단1, 4층 (고급A)3,4,5단1",164000000
509,정토사 극락원,509,사설,불교,봉안당,봉안당,기타,,,화엄실,"층 (특B)2,3,4,단 2층 (특B)2,3,4,단",170000000
509,정토사 극락원,509,사설,불교,봉안당,봉안당,기타,,,"이행실,삼학실(지장보살형.고급.C)","3,4단",170000000
509,정토사 극락원,509,사설,불교,봉안당,봉안당,기타,,,화엄실,층 (특A)1단1 3층 (특A)1단1,170000000
509,정토사 극락원,509,사설,불교,봉안당,봉안당,기타,,,상생특실(A)지장보살형,3층 RA3단1,180000000
509,정토사 극락원,509,사설,불교,봉안당,봉안당,기타,,,"일심실,사섭실","층 (지장보살형.고급.B)3,4단1",180000000
509,정토사 극락원,509,사설,불교,봉안당,봉안당,기타,,,화엄실,"특A 2,3,4단",194000000
509,정토사 극락원,509,사설,불교,봉안당,봉안당,기타,,,"상생특실(A,B)지장보살형","1,6단, 3층, 1,6단",230000000
509,정토사 극락원,509,사설,불교,봉안당,봉안당,기타,,,상생특실 지장보살형,"층 창측1단, 3층 창측1단",240000000
509,정토사 극락원,509,사설,불교,봉안당,봉안당,기타,,,상생특실 지장보살형 창측2단,"층, 3층",270000000
509,정토사 극락원,509,사설,불교,봉안당,봉안당,기타,,,"상생특실(A,B)","층 지장보살형2,5단1",270000000
509,정토사 극락원,509,사설,불교,봉안당,봉안당,기타,,,상생특실 지장보살형 RA1,"층, 5단, 3층, 5단",290000000
509,정토사 극락원,509,사설,불교,봉안당,봉안당,기타,,,상생특실 지장보살형,"층 창측3단, 3층 창측3단",290000000
509,정토사 극락원,509,사설,불교,봉안당,봉안당,기타,,,상생특실,"3층 (A,B)지장보살형3,4단1",290000000
509,정토사 극락원,509,사설,불교,봉안당,봉안당,기타,,,"상생특실 지장보살형 RA2,4단",3층,320000000
509,정토사 극락원,509,사설,불교,봉안당,봉안당,기타,,,지장보살형 RA3단1,3층 상생특실,360000000
510,분당추모공원휴,510,사설,무관,봉안당,"봉안당, 공원묘지",봉안당,,,야외봉안담 관리비,"년, 1년",400000
510,분당추모공원휴,510,사설,무관,봉안당,"봉안당, 공원묘지",봉안당,,,실내봉안당,관리비 1년,500000
510,분당추모공원휴,510,사설,무관,봉안당,"봉안당, 공원묘지",봉안당,,,야외봉안담 관리비,년(안치 위수에 따라 적용)1년(안치 위수에 따라 적용),800000
510,분당추모공원휴,510,사설,무관,봉안당,"봉안당, 공원묘지",봉안당,,,실내봉안당 특별실,관리비년,800000
510,분당추모공원휴,510,사설,무관,봉안당,"봉안당, 공원묘지",봉안당,,,실내봉안단 관리비,1년(안치 위수에 따라 적용),1000000
510,분당추모공원휴,510,사설,무관,봉안당,"봉안당, 공원묘지",봉안당,,,실내봉안당 특별실 관리비,1년(안치 위수에 따라 적용),1600000
510,분당추모공원휴,510,사설,무관,봉안당,"봉안당, 공원묘지",봉안당,,,야외봉안담,단 야외봉안담 9단,15000000
510,분당추모공원휴,510,사설,무관,봉안당,"봉안당, 공원묘지",봉안당,,,야외봉안담,야외봉안담 9단,20000000
510,분당추모공원휴,510,사설,무관,봉안당,"봉안당, 공원묘지",봉안당,,,야외봉안담 묘역,"단크리스탈, 9단크리스탈, (측면)",20000000
510,분당추모공원휴,510,사설,무관,봉안당,"봉안당, 공원묘지",봉안당,,,실내봉안당,단(측면)2층 고급실 9단(측면)2층 고급실,20000000
510,분당추모공원휴,510,사설,무관,봉안당,"봉안당, 공원묘지",봉안당,,,야외봉안담,단 야외봉안담 9단,25000000
510,분당추모공원휴,510,사설,무관,봉안당,"봉안당, 공원묘지",봉안당,,,야외봉안담,단 야외봉안담 9단,25000000
510,분당추모공원휴,510,사설,무관,봉안당,"봉안당, 공원묘지",봉안당,,,야외봉안담,"단크리스탈묘역(정면), 9단크리스탈묘역(정면)",25000000
510,분당추모공원휴,510,사설,무관,봉안당,"봉안당, 공원묘지",봉안당,,,야외봉안담,"단1, 야외봉안담 9단",30000000
510,분당추모공원휴,510,사설,무관,봉안당,"봉안당, 공원묘지",봉안당,,,야외봉안담,"단, 야외봉안담 9단",30000000
510,분당추모공원휴,510,사설,무관,봉안당,"봉안당, 공원묘지",봉안당,,,야외봉안담 단크리스탈 묘역,(측면),30000000
510,분당추모공원휴,510,사설,무관,봉안당,"봉안당, 공원묘지",봉안당,,,야외봉안담 단크리스탈 묘역,(측면),30000000
510,분당추모공원휴,510,사설,무관,봉안당,"봉안당, 공원묘지",봉안당,,,야외봉안담 단크리스탈 묘역,(측면) 야외봉안담 9단크리스탈 묘역(측면),30000000
510,분당추모공원휴,510,사설,무관,봉안당,"봉안당, 공원묘지",봉안당,,,실내봉안당,단(측면)2층 고급실 1단(측면)2층 고급실,30000000
510,분당추모공원휴,510,사설,무관,봉안당,"봉안당, 공원묘지",봉안당,,,실내봉안당,단(정면)2층 고급실 9단(정면)2층 고급실,30000000
510,분당추모공원휴,510,사설,무관,봉안당,"봉안당, 공원묘지",봉안당,,,실내봉안당,단(측면)3층 고급실 9단(측면)3층 고급실,30000000
510,분당추모공원휴,510,사설,무관,봉안당,"봉안당, 공원묘지",봉안당,,,야외봉안담,야외봉안담 9단,35000000
510,분당추모공원휴,510,사설,무관,봉안당,"봉안당, 공원묘지",봉안당,,,실내봉안당,단(측면)2층 고급실 8단(측면)2층 고급실,35000000
510,분당추모공원휴,510,사설,무관,봉안당,"봉안당, 공원묘지",봉안당,,,실내봉안당,단(정면)3층 고급실 9단(정면)3층 고급실,35000000
510,분당추모공원휴,510,사설,무관,봉안당,"봉안당, 공원묘지",봉안당,,,야외봉안담 단크리스탈묘역,(정면),35000000
510,분당추모공원휴,510,사설,무관,봉안당,"봉안당, 공원묘지",봉안당,,,야외봉안담 단크리스탈묘역(정면),야외봉안담 9단크리스탈묘역(정면),35000000
510,분당추모공원휴,510,사설,무관,봉안당,"봉안당, 공원묘지",봉안당,,,야외봉안담,야외봉안담 9단,40000000
510,분당추모공원휴,510,사설,무관,봉안당,"봉안당, 공원묘지",봉안당,,,야외봉안담,"단, 야외봉안담 9단",40000000
510,분당추모공원휴,510,사설,무관,봉안당,"봉안당, 공원묘지",봉안당,,,야외봉안담,단크리스탈 묘역(측면) 2단크리스탈 묘역(측면),40000000
510,분당추모공원휴,510,사설,무관,봉안당,"봉안당, 공원묘지",봉안당,,,야외봉안담 단크리스탈 묘역,"측면, 야외봉안담 7단크리스탈 묘역 측면",40000000
510,분당추모공원휴,510,사설,무관,봉안당,"봉안당, 공원묘지",봉안당,,,실내봉안당,단(정면)2층 고급실 1단(정면)2층 고급실,40000000
510,분당추모공원휴,510,사설,무관,봉안당,"봉안당, 공원묘지",봉안당,,,실내봉안당,"단(정면)2층 고급실1, 9단(정면)2층 고급실1",40000000
510,분당추모공원휴,510,사설,무관,봉안당,"봉안당, 공원묘지",봉안당,,,실내봉안당,단2층 고급실 9단2층 고급실,40000000
510,분당추모공원휴,510,사설,무관,봉안당,"봉안당, 공원묘지",봉안당,,,실내봉안당,단(측면)3층 고급실 1단(측면)3층 고급실,40000000
510,분당추모공원휴,510,사설,무관,봉안당,"봉안당, 공원묘지",봉안당,,,야외봉안담,단크리스탈묘역(정면) 9단크리스탈묘역(정면),40000000
510,분당추모공원휴,510,사설,무관,봉안당,"봉안당, 공원묘지",봉안당,,,야외봉안담,"단, 야외봉안담 9단",45000000
510,분당추모공원휴,510,사설,무관,봉안당,"봉안당, 공원묘지",봉안당,,,실내봉안당,단(측면)2층 고급실 2단(측면)2층 고급실,45000000
510,분당추모공원휴,510,사설,무관,봉안당,"봉안당, 공원묘지",봉안당,,,실내봉안당,단(정면)3층 고급실 1단(정면)3층 고급실,45000000
510,분당추모공원휴,510,사설,무관,봉안당,"봉안당, 공원묘지",봉안당,,,실내봉안당,단(측면)3층 고급실 8단(측면)3층 고급실,45000000
510,분당추모공원휴,510,사설,무관,봉안당,"봉안당, 공원묘지",봉안당,,,야외봉안담,단크리스탈묘역(정면) 2단크리스탈묘역(정면),45000000
510,분당추모공원휴,510,사설,무관,봉안당,"봉안당, 공원묘지",봉안당,,,야외봉안담 단크리스탈묘역,정면 야외봉안담 7단크리스탈묘역 정면,45000000
510,분당추모공원휴,510,사설,무관,봉안당,"봉안당, 공원묘지",봉안당,,,야외봉안담,단 야외봉안담 9단,50000000
510,분당추모공원휴,510,사설,무관,봉안당,"봉안당, 공원묘지",봉안당,,,야외봉안담,"단, 야외봉안담 9단",50000000
510,분당추모공원휴,510,사설,무관,봉안당,"봉안당, 공원묘지",봉안당,,,야외봉안담 단크리스탈 묘역,"측면, 3단크리스탈 묘역(측면)",50000000
510,분당추모공원휴,510,사설,무관,봉안당,"봉안당, 공원묘지",봉안당,,,야외봉안담 단크리스탈 묘역,(측면),50000000
510,분당추모공원휴,510,사설,무관,봉안당,"봉안당, 공원묘지",봉안당,,,야외봉안담,단크리스탈 묘역(측면) 8단크리스탈 묘역(측면),50000000
510,분당추모공원휴,510,사설,무관,봉안당,"봉안당, 공원묘지",봉안당,,,실내봉안당,단(정면)2층 고급실 2단(정면)2층 고급실,50000000
510,분당추모공원휴,510,사설,무관,봉안당,"봉안당, 공원묘지",봉안당,,,실내봉안당,단(측면)3층 고급실 2단(측면)3층 고급실,50000000
510,분당추모공원휴,510,사설,무관,봉안당,"봉안당, 공원묘지",봉안당,,,실내봉안당,단(정면)3층 고급실 8단(정면)3층 고급실,50000000
510,분당추모공원휴,510,사설,무관,봉안당,"봉안당, 공원묘지",봉안당,,,야외봉안담,"단, 야외봉안담 9단",55000000
510,분당추모공원휴,510,사설,무관,봉안당,"봉안당, 공원묘지",봉안당,,,야외봉안담,단크리스탈 묘역(측면) 6단크리스탈 묘역(측면),55000000
510,분당추모공원휴,510,사설,무관,봉안당,"봉안당, 공원묘지",봉안당,,,실내봉안당,"단(측면)2층 고급실1, 9단(측면)2층 고급실1",55000000
510,분당추모공원휴,510,사설,무관,봉안당,"봉안당, 공원묘지",봉안당,,,실내봉안당,단(정면)3층 고급실 2단(정면)3층 고급실,55000000
510,분당추모공원휴,510,사설,무관,봉안당,"봉안당, 공원묘지",봉안당,,,야외봉안담 단크리스탈묘역,(정면) 야외봉안담 3단크리스탈묘역(정면),55000000
510,분당추모공원휴,510,사설,무관,봉안당,"봉안당, 공원묘지",봉안당,,,야외봉안담,"단, 9단",60000000
510,분당추모공원휴,510,사설,무관,봉안당,"봉안당, 공원묘지",봉안당,,,야외봉안담 단크리스탈 묘역,"측면, 야외봉안담 4단크리스탈 묘역(측면)",60000000
510,분당추모공원휴,510,사설,무관,봉안당,"봉안당, 공원묘지",봉안당,,,실내봉안당,단2층 고급실 3단2층 고급실,60000000
510,분당추모공원휴,510,사설,무관,봉안당,"봉안당, 공원묘지",봉안당,,,실내봉안당,단(정면)2층 고급실 7단(정면)2층 고급실,60000000
510,분당추모공원휴,510,사설,무관,봉안당,"봉안당, 공원묘지",봉안당,,,실내봉안당,단2층 고급실 9단2층 고급실,60000000
510,분당추모공원휴,510,사설,무관,봉안당,"봉안당, 공원묘지",봉안당,,,실내봉안당,단(측면)3층 고급실 7단(측면)3층 고급실,60000000
510,분당추모공원휴,510,사설,무관,봉안당,"봉안당, 공원묘지",봉안당,,,실내봉안당,단3층 고급실 9단3층 고급실,60000000
510,분당추모공원휴,510,사설,무관,봉안당,"봉안당, 공원묘지",봉안당,,,야외봉안담,단크리스탈묘역(정면) 6단크리스탈묘역(정면),60000000
510,분당추모공원휴,510,사설,무관,봉안당,"봉안당, 공원묘지",봉안당,,,야외봉안담 크리스탈묘역,단/9단 (정면),60000000
510,분당추모공원휴,510,사설,무관,봉안당,"봉안당, 공원묘지",봉안당,,,야외봉안담 단크리스탈묘역,정면 야외봉안담 8단크리스탈묘역 정면,60000000
510,분당추모공원휴,510,사설,무관,봉안당,"봉안당, 공원묘지",봉안당,,,야외봉안담,야외봉안담 9단,65000000
510,분당추모공원휴,510,사설,무관,봉안당,"봉안당, 공원묘지",봉안당,,,야외봉안담 단크리스탈 묘역,(측면) 야외봉안담 5단크리스탈 묘역(측면),65000000
510,분당추모공원휴,510,사설,무관,봉안당,"봉안당, 공원묘지",봉안당,,,실내봉안당,단(측면)3층 고급실 3단(측면)3층 고급실,65000000
510,분당추모공원휴,510,사설,무관,봉안당,"봉안당, 공원묘지",봉안당,,,실내봉안당,"단(정면)3층 고급실, 9단(정면)3층 고급실",65000000
510,분당추모공원휴,510,사설,무관,봉안당,"봉안당, 공원묘지",봉안당,,,야외봉안담,단크리스탈묘역(정면) 4단크리스탈묘역(정면),65000000
510,분당추모공원휴,510,사설,무관,봉안당,"봉안당, 공원묘지",봉안당,,,야외봉안담,야외봉안담 9단,70000000
510,분당추모공원휴,510,사설,무관,봉안당,"봉안당, 공원묘지",봉안당,,,야외봉안담,단크리스탈 묘역(측면) 2단크리스탈 묘역(측면),70000000
510,분당추모공원휴,510,사설,무관,봉안당,"봉안당, 공원묘지",봉안당,,,야외봉안담,단크리스탈 묘역(측면) 7단크리스탈 묘역(측면),70000000
510,분당추모공원휴,510,사설,무관,봉안당,"봉안당, 공원묘지",봉안당,,,실내봉안당,단(측면)2층 고급실 4단(측면)2층 고급실,70000000
510,분당추모공원휴,510,사설,무관,봉안당,"봉안당, 공원묘지",봉안당,,,실내봉안당,단(측면)2층 고급실 6단(측면)2층 고급실,70000000
510,분당추모공원휴,510,사설,무관,봉안당,"봉안당, 공원묘지",봉안당,,,실내봉안당,단2층 고급실 8단2층 고급실,70000000
510,분당추모공원휴,510,사설,무관,봉안당,"봉안당, 공원묘지",봉안당,,,실내봉안당,단(정면)3층 고급실 3단(정면)3층 고급실,70000000
510,분당추모공원휴,510,사설,무관,봉안당,"봉안당, 공원묘지",봉안당,,,야외봉안담 단크리스탈묘역(정면),,70000000
510,분당추모공원휴,510,사설,무관,봉안당,"봉안당, 공원묘지",봉안당,,,야외봉안담,"단, 9단",75000000
510,분당추모공원휴,510,사설,무관,봉안당,"봉안당, 공원묘지",봉안당,,,실내봉안당,단(정면)2층 고급실 9단(정면)2층 고급실,75000000
510,분당추모공원휴,510,사설,무관,봉안당,"봉안당, 공원묘지",봉안당,,,실내봉안당,단(측면)2층 고급실 5단(측면)2층 고급실,75000000
510,분당추모공원휴,510,사설,무관,봉안당,"봉안당, 공원묘지",봉안당,,,실내봉안당,단(정면)2층 고급실 9단(정면)2층 고급실,75000000
510,분당추모공원휴,510,사설,무관,봉안당,"봉안당, 공원묘지",봉안당,,,실내봉안당 단(측면)3층 고급실,,75000000
510,분당추모공원휴,510,사설,무관,봉안당,"봉안당, 공원묘지",봉안당,,,야외봉안담,야외봉안담 9단,80000000
510,분당추모공원휴,510,사설,무관,봉안당,"봉안당, 공원묘지",봉안당,,,실내봉안당,단(정면)2층 고급실 5단(정면)2층 고급실,80000000
510,분당추모공원휴,510,사설,무관,봉안당,"봉안당, 공원묘지",봉안당,,,실내봉안당,단(측면)3층 고급실1 9단(측면)3층 고급실1,80000000
510,분당추모공원휴,510,사설,무관,봉안당,"봉안당, 공원묘지",봉안당,,,실내봉안당,단(정면)3층 고급실 6단(정면)3층 고급실,80000000
510,분당추모공원휴,510,사설,무관,봉안당,"봉안당, 공원묘지",봉안당,,,실내봉안당,단3층 고급실 9단3층 고급실,80000000
510,분당추모공원휴,510,사설,무관,봉안당,"봉안당, 공원묘지",봉안당,,,야외봉안담,단크리스탈묘역(정면) 2단크리스탈묘역(정면),80000000
510,분당추모공원휴,510,사설,무관,봉안당,"봉안당, 공원묘지",봉안당,,,야외봉안담 단크리스탈묘역,"정면, 야외봉안담 7단크리스탈묘역(정면)",80000000
510,분당추모공원휴,510,사설,무관,봉안당,"봉안당, 공원묘지",봉안당,,,실내봉안당 4단(정면)3층 고급실,,85000000
510,분당추모공원휴,510,사설,무관,봉안당,"봉안당, 공원묘지",봉안당,,,실내봉안당,"단(측면)3층 고급실, 9단(측면)3층 고급실",85000000
510,분당추모공원휴,510,사설,무관,봉안당,"봉안당, 공원묘지",봉안당,,,야외봉안담,단크리스탈 묘역(측면) 3단크리스탈 묘역(측면),90000000
510,분당추모공원휴,510,사설,무관,봉안당,"봉안당, 공원묘지",봉안당,,,실내봉안당,단2층 고급실 실내봉안당 2단2층 고급실,90000000
510,분당추모공원휴,510,사설,무관,봉안당,"봉안당, 공원묘지",봉안당,,,실내봉안당,단(정면)3층 고급실 5단(정면)3층 고급실,90000000
510,분당추모공원휴,510,사설,무관,봉안당,"봉안당, 공원묘지",봉안당,,,실내봉안당,단3층 고급실 8단3층 고급실,90000000
510,분당추모공원휴,510,사설,무관,봉안당,"봉안당, 공원묘지",봉안당,,,야외봉안담 묘역,"단크리스탈, 6단크리스탈 (측면)",100000000
510,분당추모공원휴,510,사설,무관,봉안당,"봉안당, 공원묘지",봉안당,,,실내봉안당,단3층 고급실 2단3층 고급실,100000000
510,분당추모공원휴,510,사설,무관,봉안당,"봉안당, 공원묘지",봉안당,,,야외봉안담 단크리스탈묘역(정면),,100000000
510,분당추모공원휴,510,사설,무관,봉안당,"봉안당, 공원묘지",봉안당,,,야외봉안담 단크리스탈 묘역,"측면, 4단크리스탈 묘역(측면)",110000000
510,분당추모공원휴,510,사설,무관,봉안당,"봉안당, 공원묘지",봉안당,,,실내봉안당,단2층 고급실 9단2층 고급실,110000000
510,분당추모공원휴,510,사설,무관,봉안당,"봉안당, 공원묘지",봉안당,,,야외봉안담 크리스탈묘역(정면),9단,110000000
510,분당추모공원휴,510,사설,무관,봉안당,"봉안당, 공원묘지",봉안당,,,야외봉안담 단크리스탈 묘역,(측면) 야외봉안담 5단크리스탈 묘역(측면),120000000
510,분당추모공원휴,510,사설,무관,봉안당,"봉안당, 공원묘지",봉안당,,,실내봉안당,단2층 고급실 3단2층 고급실,120000000
510,분당추모공원휴,510,사설,무관,봉안당,"봉안당, 공원묘지",봉안당,,,실내봉안당,단3층 고급실 실내봉안당 7단3층 고급실,120000000
510,분당추모공원휴,510,사설,무관,봉안당,"봉안당, 공원묘지",봉안당,,,야외봉안담,단크리스탈묘역(정면) 4단크리스탈묘역(정면),120000000
510,분당추모공원휴,510,사설,무관,봉안당,"봉안당, 공원묘지",봉안당,,,실내봉안당,단3층 고급실 3단3층 고급실,130000000
510,분당추모공원휴,510,사설,무관,봉안당,"봉안당, 공원묘지",봉안당,,,실내봉안당,단2층 특별실 1단2층 특별실,130000000
510,분당추모공원휴,510,사설,무관,봉안당,"봉안당, 공원묘지",봉안당,,,야외봉안담 단크리스탈묘역,(정면),130000000
510,분당추모공원휴,510,사설,무관,봉안당,"봉안당, 공원묘지",봉안당,,,실내봉안당,단2층 고급실 4단2층 고급실,140000000
510,분당추모공원휴,510,사설,무관,봉안당,"봉안당, 공원묘지",봉안당,,,실내봉안당,단2층 고급실 6단2층 고급실,140000000
510,분당추모공원휴,510,사설,무관,봉안당,"봉안당, 공원묘지",봉안당,,,실내봉안당 단2층 특별실,,140000000
510,분당추모공원휴,510,사설,무관,봉안당,"봉안당, 공원묘지",봉안당,,,실내봉안당,단2층 특별실 1단2층 특별실,140000000
510,분당추모공원휴,510,사설,무관,봉안당,"봉안당, 공원묘지",봉안당,,,실내봉안당,"단3층 특별실, 1단3층 특별실",140000000
510,분당추모공원휴,510,사설,무관,봉안당,"봉안당, 공원묘지",봉안당,,,실내봉안당,단2층 고급실 실내봉안당 5단2층 고급실,150000000
510,분당추모공원휴,510,사설,무관,봉안당,"봉안당, 공원묘지",봉안당,,,실내봉안당,단3층 고급실 6단3층 고급실,150000000
510,분당추모공원휴,510,사설,무관,봉안당,"봉안당, 공원묘지",봉안당,,,실내봉안당 단2층 특별실,,150000000
510,분당추모공원휴,510,사설,무관,봉안당,"봉안당, 공원묘지",봉안당,,,실내봉안당 단2층 특별실,,150000000
510,분당추모공원휴,510,사설,무관,봉안당,"봉안당, 공원묘지",봉안당,,,실내봉안당,단2층 특별실 5단2층 특별실,150000000
510,분당추모공원휴,510,사설,무관,봉안당,"봉안당, 공원묘지",봉안당,,,실내봉안당,"단3층 특별실, 1단3층 특별실",150000000
510,분당추모공원휴,510,사설,무관,봉안당,"봉안당, 공원묘지",봉안당,,,실내봉안당,1단3층 특별실,150000000
510,분당추모공원휴,510,사설,무관,봉안당,"봉안당, 공원묘지",봉안당,,,실내봉안당,단3층 고급실 4단3층 고급실,160000000
510,분당추모공원휴,510,사설,무관,봉안당,"봉안당, 공원묘지",봉안당,,,,,170000000
510,분당추모공원휴,510,사설,무관,봉안당,"봉안당, 공원묘지",봉안당,,,실내봉안당,단3층 특별실 1단3층 특별실,170000000
510,분당추모공원휴,510,사설,무관,봉안당,"봉안당, 공원묘지",봉안당,,,실내봉안당,"단3층 특별실, 1단3층 특별실",170000000
510,분당추모공원휴,510,사설,무관,봉안당,"봉안당, 공원묘지",봉안당,,,실내봉안당,단3층 특별실 1단3층 특별실,180000000
510,분당추모공원휴,510,사설,무관,봉안당,"봉안당, 공원묘지",봉안당,,,실내봉안당,단2층 특별실 1단2층 특별실,230000000
510,분당추모공원휴,510,사설,무관,봉안당,"봉안당, 공원묘지",봉안당,,,,,250000000
510,분당추모공원휴,510,사설,무관,봉안당,"봉안당, 공원묘지",봉안당,,,,,250000000
510,분당추모공원휴,510,사설,무관,봉안당,"봉안당, 공원묘지",봉안당,,,실내봉안당,단3층 특별실 1단3층 특별실,250000000
510,분당추모공원휴,510,사설,무관,봉안당,"봉안당, 공원묘지",봉안당,,,,,290000000
510,분당추모공원휴,510,사설,무관,봉안당,"봉안당, 공원묘지",봉안당,,,,,290000000
510,분당추모공원휴,510,사설,무관,봉안당,"봉안당, 공원묘지",봉안당,,,실내봉안당,단2층 특별실 1단2층 특별실,290000000
510,분당추모공원휴,510,사설,무관,봉안당,"봉안당, 공원묘지",봉안당,,,실내봉안당,"단3층 특별실, 1단3층 특별실",290000000
510,분당추모공원휴,510,사설,무관,봉안당,"봉안당, 공원묘지",봉안당,,,실내봉안당,"단3층 특별실, 1단3층 특별실",290000000
510,분당추모공원휴,510,사설,무관,봉안당,"봉안당, 공원묘지",봉안당,,,실내봉안당,"1단3층 특별실, 단3층 특별실",320000000
510,분당추모공원휴,510,사설,무관,봉안당,"봉안당, 공원묘지",봉안당,,,실내봉안당,단3층 특별실 1단3층 특별실,320000000
510,분당추모공원휴,510,사설,무관,봉안당,"봉안당, 공원묘지",봉안당,,,실내봉안당,단3층 특별실 1단3층 특별실,350000000
511,해인사 고불암무량수전,511,사설,불교,공원묘지,봉안당,기타,,재추출(Regex),항아리,"(이름, 생년월일, 사망일자 각인)1기 (이름, 생년월일, 사망일자 각인)1기",350000
511,해인사 고불암무량수전,511,사설,불교,공원묘지,봉안당,기타,,재추출(Regex),1A 방 (개인)1단 ~9단,1A 방 (개인)1단 ~9단,2000000
511,해인사 고불암무량수전,511,사설,불교,공원묘지,봉안당,기타,,재추출(Regex),2I 방,(개인)9단,2200000
511,해인사 고불암무량수전,511,사설,불교,공원묘지,봉안당,기타,,재추출(Regex),2H 방 (개인)1단,2H 방 (개인)1단,2500000
511,해인사 고불암무량수전,511,사설,불교,공원묘지,봉안당,기타,,재추출(Regex),2H 방 (개인)9단,,2500000
511,해인사 고불암무량수전,511,사설,불교,공원묘지,봉안당,기타,,재추출(Regex),2I 방 (개인)1단,2I 방 (개인)1단,2500000
511,해인사 고불암무량수전,511,사설,불교,공원묘지,봉안당,기타,,재추출(Regex),2I 방 (개인)8단,,2500000
511,해인사 고불암무량수전,511,사설,불교,공원묘지,봉안당,기타,,재추출(Regex),2C 방 (개인)1단,2C 방 (개인)1단,3000000
511,해인사 고불암무량수전,511,사설,불교,공원묘지,봉안당,기타,,재추출(Regex),2C 방 (개인)9단,2C 방 (개인)9단,3000000
511,해인사 고불암무량수전,511,사설,불교,공원묘지,봉안당,기타,,재추출(Regex),2H 방 (개인)2단,2H 방 (개인)2단,3000000
511,해인사 고불암무량수전,511,사설,불교,공원묘지,봉안당,기타,,재추출(Regex),2H 방 (개인)8단,2H 방 (개인)8단,3000000
511,해인사 고불암무량수전,511,사설,불교,공원묘지,봉안당,기타,,재추출(Regex),2I 방 (개인)2단,,3000000
511,해인사 고불암무량수전,511,사설,불교,공원묘지,봉안당,기타,,재추출(Regex),2I 방 (개인)7단,,3000000
511,해인사 고불암무량수전,511,사설,불교,공원묘지,봉안당,기타,,재추출(Regex),2K 9단,"복도, 부부",3000000
511,해인사 고불암무량수전,511,사설,불교,공원묘지,봉안당,기타,,재추출(Regex),2C 방 (개인)8단,2C 방 (개인)8단,3500000
511,해인사 고불암무량수전,511,사설,불교,공원묘지,봉안당,기타,,재추출(Regex),2F 방 (부부)9단,,3500000
511,해인사 고불암무량수전,511,사설,불교,공원묘지,봉안당,기타,,재추출(Regex),2C 방,(개인)2단,4000000
511,해인사 고불암무량수전,511,사설,불교,공원묘지,봉안당,기타,,재추출(Regex),2E 방 아치,(개인)1단,4000000
511,해인사 고불암무량수전,511,사설,불교,공원묘지,봉안당,기타,,재추출(Regex),2H 방,(개인)3단,4000000
511,해인사 고불암무량수전,511,사설,불교,공원묘지,봉안당,기타,,재추출(Regex),2H 방,(개인)7단,4000000
511,해인사 고불암무량수전,511,사설,불교,공원묘지,봉안당,기타,,재추출(Regex),2I 방 (개인)3단,2I 방 (개인)3단,4000000
511,해인사 고불암무량수전,511,사설,불교,공원묘지,봉안당,기타,,재추출(Regex),2I 방,(개인)6단,4000000
511,해인사 고불암무량수전,511,사설,불교,공원묘지,봉안당,기타,,재추출(Regex),2K 1단,"복도, 부부",4000000
511,해인사 고불암무량수전,511,사설,불교,공원묘지,봉안당,기타,,재추출(Regex),2K,"(복도, 부부)8단",4000000
511,해인사 고불암무량수전,511,사설,불교,공원묘지,봉안당,기타,,재추출(Regex),2F 방 (부부)1단,,4500000
511,해인사 고불암무량수전,511,사설,불교,공원묘지,봉안당,기타,,재추출(Regex),2F 방 (부부)8단,2F 방 (부부)8단,4500000
511,해인사 고불암무량수전,511,사설,불교,공원묘지,봉안당,기타,,재추출(Regex),2G 방,(부부)1단,4500000
511,해인사 고불암무량수전,511,사설,불교,공원묘지,봉안당,기타,,재추출(Regex),2G 방,(부부)9단,4500000
511,해인사 고불암무량수전,511,사설,불교,공원묘지,봉안당,기타,,재추출(Regex),2C 방,(개인)3단,5000000
511,해인사 고불암무량수전,511,사설,불교,공원묘지,봉안당,기타,,재추출(Regex),2C 방 (개인)7단,,5000000
511,해인사 고불암무량수전,511,사설,불교,공원묘지,봉안당,기타,,재추출(Regex),2H 방,(개인)4단,5000000
511,해인사 고불암무량수전,511,사설,불교,공원묘지,봉안당,기타,,재추출(Regex),2H 방,(개인)5단,5000000
511,해인사 고불암무량수전,511,사설,불교,공원묘지,봉안당,기타,,재추출(Regex),2H 방,(개인)6단,5000000
511,해인사 고불암무량수전,511,사설,불교,공원묘지,봉안당,기타,,재추출(Regex),2I 방,(개인)4단,5000000
511,해인사 고불암무량수전,511,사설,불교,공원묘지,봉안당,기타,,재추출(Regex),2I 방,(개인)5단,5000000
511,해인사 고불암무량수전,511,사설,불교,공원묘지,봉안당,기타,,재추출(Regex),2J,"(복도, 부부)1단",5000000
511,해인사 고불암무량수전,511,사설,불교,공원묘지,봉안당,기타,,재추출(Regex),2J,"(복도, 부부)9단",5000000
511,해인사 고불암무량수전,511,사설,불교,공원묘지,봉안당,기타,,재추출(Regex),2K,"(복도, 부부)2단",5000000
511,해인사 고불암무량수전,511,사설,불교,공원묘지,봉안당,기타,,재추출(Regex),2K 7단,"(복도, 부부)",5000000
511,해인사 고불암무량수전,511,사설,불교,공원묘지,봉안당,기타,,재추출(Regex),2F 방 (부부),2단,5500000
511,해인사 고불암무량수전,511,사설,불교,공원묘지,봉안당,기타,,재추출(Regex),2F 방 (부부),7단,5500000
511,해인사 고불암무량수전,511,사설,불교,공원묘지,봉안당,기타,,재추출(Regex),2G 방,(부부)2단,5500000
511,해인사 고불암무량수전,511,사설,불교,공원묘지,봉안당,기타,,재추출(Regex),2G 방,(부부)8단,5500000
511,해인사 고불암무량수전,511,사설,불교,공원묘지,봉안당,기타,,재추출(Regex),2B 방,(부부)9단,6000000
511,해인사 고불암무량수전,511,사설,불교,공원묘지,봉안당,기타,,재추출(Regex),2C 방,(개인)4단,6000000
511,해인사 고불암무량수전,511,사설,불교,공원묘지,봉안당,기타,,재추출(Regex),2C 방,(개인)5단,6000000
511,해인사 고불암무량수전,511,사설,불교,공원묘지,봉안당,기타,,재추출(Regex),2C 방 (개인)6단,2C 방 (개인)6단,6000000
511,해인사 고불암무량수전,511,사설,불교,공원묘지,봉안당,기타,,재추출(Regex),2B 방 (부부)1단,2B 방 (부부)1단,6000000
511,해인사 고불암무량수전,511,사설,불교,공원묘지,봉안당,기타,,재추출(Regex),2D 방 (부부)1단,2D 방 (부부)1단,6000000
511,해인사 고불암무량수전,511,사설,불교,공원묘지,봉안당,기타,,재추출(Regex),2D 방 (부부)9단,2D 방 (부부)9단,6000000
511,해인사 고불암무량수전,511,사설,불교,공원묘지,봉안당,기타,,재추출(Regex),2E 방 아치 (개인)8단,2E 방 아치 (개인)8단,6000000
511,해인사 고불암무량수전,511,사설,불교,공원묘지,봉안당,기타,,재추출(Regex),2J,"(복도, 부부)2단",6000000
511,해인사 고불암무량수전,511,사설,불교,공원묘지,봉안당,기타,,재추출(Regex),"2J (복도, 부부)8단","2J (복도, 부부)8단",6000000
511,해인사 고불암무량수전,511,사설,불교,공원묘지,봉안당,기타,,재추출(Regex),2K 3단,"복도, 부부",6000000
511,해인사 고불암무량수전,511,사설,불교,공원묘지,봉안당,기타,,재추출(Regex),2B 방 (부부)8단,2B 방 (부부)8단,7000000
511,해인사 고불암무량수전,511,사설,불교,공원묘지,봉안당,기타,,재추출(Regex),2B 방,(부부)2단,7000000
511,해인사 고불암무량수전,511,사설,불교,공원묘지,봉안당,기타,,재추출(Regex),2D 방 (부부)2단,2D 방 (부부)2단,7000000
511,해인사 고불암무량수전,511,사설,불교,공원묘지,봉안당,기타,,재추출(Regex),2D 방 (부부),,7000000
511,해인사 고불암무량수전,511,사설,불교,공원묘지,봉안당,기타,,재추출(Regex),2F 방 (부부)3단,2F 방 (부부)3단,7000000
511,해인사 고불암무량수전,511,사설,불교,공원묘지,봉안당,기타,,재추출(Regex),2F 방 (부부)6단,2F 방 (부부)6단,7000000
511,해인사 고불암무량수전,511,사설,불교,공원묘지,봉안당,기타,,재추출(Regex),2G 방,(부부)3단,7000000
511,해인사 고불암무량수전,511,사설,불교,공원묘지,봉안당,기타,,재추출(Regex),2G 방,(부부)7단,7000000
511,해인사 고불암무량수전,511,사설,불교,공원묘지,봉안당,기타,,재추출(Regex),2J 3단,"(복도, 부부)",7000000
511,해인사 고불암무량수전,511,사설,불교,공원묘지,봉안당,기타,,재추출(Regex),2J 7단,"(복도, 부부)",7000000
511,해인사 고불암무량수전,511,사설,불교,공원묘지,봉안당,기타,,재추출(Regex),2K 4단,"(복도, 부부)",7000000
511,해인사 고불암무량수전,511,사설,불교,공원묘지,봉안당,기타,,재추출(Regex),2K,"(복도, 부부)5단",7000000
511,해인사 고불암무량수전,511,사설,불교,공원묘지,봉안당,기타,,재추출(Regex),2K 6단,"(복도, 부부)",7000000
511,해인사 고불암무량수전,511,사설,불교,공원묘지,봉안당,기타,,재추출(Regex),2E 방 일반 (부부)1단,2E 방 일반 (부부)1단,8000000
511,해인사 고불암무량수전,511,사설,불교,공원묘지,봉안당,기타,,재추출(Regex),2E 방 일반 (부부)8단,2E 방 일반 (부부)8단,8000000
511,해인사 고불암무량수전,511,사설,불교,공원묘지,봉안당,기타,,재추출(Regex),2F 방 (부부)4단,2F 방 (부부)4단,8000000
511,해인사 고불암무량수전,511,사설,불교,공원묘지,봉안당,기타,,재추출(Regex),2F 방 (부부)5단,2F 방 (부부)5단,8000000
511,해인사 고불암무량수전,511,사설,불교,공원묘지,봉안당,기타,,재추출(Regex),2G 방,(부부)4단,8000000
511,해인사 고불암무량수전,511,사설,불교,공원묘지,봉안당,기타,,재추출(Regex),2G 방 (부부)5단,2G 방 (부부)5단,8000000
511,해인사 고불암무량수전,511,사설,불교,공원묘지,봉안당,기타,,재추출(Regex),2G 방 (부부)6단,2G 방 (부부)6단,8000000
511,해인사 고불암무량수전,511,사설,불교,공원묘지,봉안당,기타,,재추출(Regex),2J 4단,"(복도, 부부)",8000000
511,해인사 고불암무량수전,511,사설,불교,공원묘지,봉안당,기타,,재추출(Regex),2J 5단,"(복도, 부부)",8000000
511,해인사 고불암무량수전,511,사설,불교,공원묘지,봉안당,기타,,재추출(Regex),2J 6단,"(복도, 부부)",8000000
511,해인사 고불암무량수전,511,사설,불교,공원묘지,봉안당,기타,,재추출(Regex),2B 방 (부부)7단,2B 방 (부부)7단,8500000
511,해인사 고불암무량수전,511,사설,불교,공원묘지,봉안당,기타,,재추출(Regex),2B 방 (부부)3단,2B 방 (부부)3단,8500000
511,해인사 고불암무량수전,511,사설,불교,공원묘지,봉안당,기타,,재추출(Regex),2D 방 (부부)3단,2D 방 (부부)3단,8500000
511,해인사 고불암무량수전,511,사설,불교,공원묘지,봉안당,기타,,재추출(Regex),2D 방 (부부)7단,2D 방 (부부)7단,8500000
511,해인사 고불암무량수전,511,사설,불교,공원묘지,봉안당,기타,,재추출(Regex),2A 방 일반,(부부)1단 2A 방 일반 (부부)1단,9000000
511,해인사 고불암무량수전,511,사설,불교,공원묘지,봉안당,기타,,재추출(Regex),2A 방 일반 (부부)8단,,9000000
511,해인사 고불암무량수전,511,사설,불교,공원묘지,봉안당,기타,,재추출(Regex),2A 방 아치 (개인)8단,,9000000
511,해인사 고불암무량수전,511,사설,불교,공원묘지,봉안당,기타,,재추출(Regex),2E 방 일반 (부부)2단,2E 방 일반 (부부)2단,9000000
511,해인사 고불암무량수전,511,사설,불교,공원묘지,봉안당,기타,,재추출(Regex),2E 방 일반 (부부)7단,2E 방 일반 (부부)7단,9000000
511,해인사 고불암무량수전,511,사설,불교,공원묘지,봉안당,기타,,재추출(Regex),2B 방 (부부)4단,2B 방 (부부)4단,10000000
511,해인사 고불암무량수전,511,사설,불교,공원묘지,봉안당,기타,,재추출(Regex),2B 방 (부부)5단,2B 방 (부부)5단,10000000
511,해인사 고불암무량수전,511,사설,불교,공원묘지,봉안당,기타,,재추출(Regex),2B 방 (부부)6단,2B 방 (부부)6단,10000000
511,해인사 고불암무량수전,511,사설,불교,공원묘지,봉안당,기타,,재추출(Regex),22A 방 아치,(부부)1딘,10000000
511,해인사 고불암무량수전,511,사설,불교,공원묘지,봉안당,기타,,재추출(Regex),2D 방 (부부)4단,2D 방 (부부)4단,10000000
511,해인사 고불암무량수전,511,사설,불교,공원묘지,봉안당,기타,,재추출(Regex),2D 방 (부부)5단,2D 방 (부부)5단,10000000
511,해인사 고불암무량수전,511,사설,불교,공원묘지,봉안당,기타,,재추출(Regex),2D 방 (부부)6단,2D 방 (부부)6단,10000000
511,해인사 고불암무량수전,511,사설,불교,공원묘지,봉안당,기타,,재추출(Regex),2A 방 일반 (부부)2단,2A 방 일반 (부부)2단,11000000
511,해인사 고불암무량수전,511,사설,불교,공원묘지,봉안당,기타,,재추출(Regex),2A 방 일반 (부부)7단,2A 방 일반 (부부)7단,11000000
511,해인사 고불암무량수전,511,사설,불교,공원묘지,봉안당,기타,,재추출(Regex),2E 방 일반 (부부)3단,2E 방 일반 (부부)3단,11000000
511,해인사 고불암무량수전,511,사설,불교,공원묘지,봉안당,기타,,재추출(Regex),2E 방 일반 (부부)6단,2E 방 일반 (부부)6단,11000000
511,해인사 고불암무량수전,511,사설,불교,공원묘지,봉안당,기타,,재추출(Regex),2A 방 일반 (부부)3단,2A 방 일반 (부부)3단,13000000
511,해인사 고불암무량수전,511,사설,불교,공원묘지,봉안당,기타,,재추출(Regex),2A 방 일반,(부부)6단,13000000
511,해인사 고불암무량수전,511,사설,불교,공원묘지,봉안당,기타,,재추출(Regex),2E 방 아치 (부부)2단,,13000000
511,해인사 고불암무량수전,511,사설,불교,공원묘지,봉안당,기타,,재추출(Regex),2A 방 일반 (부부)4단,2A 방 일반 (부부)4단,15000000
511,해인사 고불암무량수전,511,사설,불교,공원묘지,봉안당,기타,,재추출(Regex),2A 방 일반 (부부)5단,2A 방 일반 (부부)5단,15000000
511,해인사 고불암무량수전,511,사설,불교,공원묘지,봉안당,기타,,재추출(Regex),2A 방 아치,(부부)2단,15000000
511,해인사 고불암무량수전,511,사설,불교,공원묘지,봉안당,기타,,재추출(Regex),2E 방 일반 (부부)4단,2E 방 일반 (부부)4단,15000000
511,해인사 고불암무량수전,511,사설,불교,공원묘지,봉안당,기타,,재추출(Regex),2E 방 일반 (부부)5단,2E 방 일반 (부부)5단,15000000
511,해인사 고불암무량수전,511,사설,불교,공원묘지,봉안당,기타,,재추출(Regex),2E 방 아치 (부부)3단,,15000000
511,해인사 고불암무량수전,511,사설,불교,공원묘지,봉안당,기타,,재추출(Regex),2A 방 아치 (부부)3단,,20000000
511,해인사 고불암무량수전,511,사설,불교,공원묘지,봉안당,기타,,재추출(Regex),2E 방 아치,(부부)4단,20000000
511,해인사 고불암무량수전,511,사설,불교,공원묘지,봉안당,기타,,재추출(Regex),2E 방 아치,(부부)5단,20000000
511,해인사 고불암무량수전,511,사설,불교,공원묘지,봉안당,기타,,재추출(Regex),2A 방 아치,(부부)4단 2A 방 아치 (부부)4단,25000000
511,해인사 고불암무량수전,511,사설,불교,공원묘지,봉안당,기타,,재추출(Regex),2A 방 아치 (부부)5단,2A 방 아치 (부부)5단,25000000
511,해인사 고불암무량수전,511,사설,불교,공원묘지,봉안당,기타,,재추출(Regex),방 아치,2A (부부) 6단,30000000
511,해인사 고불암무량수전,511,사설,불교,공원묘지,봉안당,기타,,재추출(Regex),2E 방 아치 (부부)6단,2E 방 아치 (부부)6단,30000000
512,재단법인 일산장안추모공원,512,공설,,봉안당,봉안당,봉안당,,,,,35000000
512,재단법인 일산장안추모공원,512,공설,,봉안당,봉안당,봉안당,,,일반실,"""다""동(신관)층 정면8단, ""다""동(신관)3층 정면8단",40000000
512,재단법인 일산장안추모공원,512,공설,,봉안당,봉안당,봉안당,,,"""다""동(신관) 일반실","층, 2층, 1단",45000000
512,재단법인 일산장안추모공원,512,공설,,봉안당,봉안당,봉안당,,,일반실2단,"""다""동(신관) 층, 2층",45000000
512,재단법인 일산장안추모공원,512,공설,,봉안당,봉안당,봉안당,,,일반실,"""다""동(신관)층 7단, ""다""동(신관)2층 7단",50000000
512,재단법인 일산장안추모공원,512,공설,,봉안당,봉안당,봉안당,,,일반실,"""다""동(신관)층 정면8단, ""다""동(신관)3층 정면8단",50000000
512,재단법인 일산장안추모공원,512,공설,,봉안당,봉안당,봉안당,,,일반실 정면1단,"""다""동(신관)층, ""다""동(신관)3층",50000000
512,재단법인 일산장안추모공원,512,공설,,봉안당,봉안당,봉안당,,,"""다""동(신관) 일반실3단","층1, 2층1",55000000
512,재단법인 일산장안추모공원,512,공설,,봉안당,봉안당,봉안당,,,일반실 정면2단,"""다""동(신관)층, ""다""동(신관)3층",55000000
512,재단법인 일산장안추모공원,512,공설,,봉안당,봉안당,봉안당,,,특별실8단,"""다""동(신관)층 (1개), ""다""동(신관)2층 (1개)",60000000
512,재단법인 일산장안추모공원,512,공설,,봉안당,봉안당,봉안당,,,일반실 정면1단,"""다""동(신관)층, ""다""동(신관)3층",60000000
512,재단법인 일산장안추모공원,512,공설,,봉안당,봉안당,봉안당,,,일반실,"""다""동(신관)층 정면3단, ""다""동(신관)3층 정면3단",60000000
512,재단법인 일산장안추모공원,512,공설,,봉안당,봉안당,봉안당,,,일반실,"""다""동(신관) 층, 3층 정면7단",60000000
512,재단법인 일산장안추모공원,512,공설,,봉안당,봉안당,봉안당,,,일반실4단,"""다""동(신관)층, ""다""동(신관)2층",65000000
512,재단법인 일산장안추모공원,512,공설,,봉안당,봉안당,봉안당,,,다동(신관)층 일반실,6단,65000000
512,재단법인 일산장안추모공원,512,공설,,봉안당,봉안당,봉안당,,,일반실 정면2단,"""다""동(신관)층, ""다""동(신관)3층",65000000
512,재단법인 일산장안추모공원,512,공설,,봉안당,봉안당,봉안당,,,"""다""동(신관) 특별실1단","층, 1; 2층, 1",70000000
512,재단법인 일산장안추모공원,512,공설,,봉안당,봉안당,봉안당,,,특별실,"""다""동(신관)층 2단, ""다""동(신관)2층 2단",70000000
512,재단법인 일산장안추모공원,512,공설,,봉안당,봉안당,봉안당,,,일반실8단,"""다""동(신관)2층, ""다""동(신관)층 (각 1개)",70000000
512,재단법인 일산장안추모공원,512,공설,,봉안당,봉안당,봉안당,,,특별실8단,"""다""동(신관)층, ""다""동(신관)2층",70000000
512,재단법인 일산장안추모공원,512,공설,,봉안당,봉안당,봉안당,,,일반실 정면3단,"""다""동(신관)층, ""다""동(신관)3층",70000000
512,재단법인 일산장안추모공원,512,공설,,봉안당,봉안당,봉안당,,,일반실 정면7단,"""다""동(신관)층 1, ""다""동(신관)3층 1",70000000
512,재단법인 일산장안추모공원,512,공설,,봉안당,봉안당,봉안당,,,특별실,다동(신관)층 7단 다동(신관)2층 7단,75000000
512,재단법인 일산장안추모공원,512,공설,,봉안당,봉안당,봉안당,,,일반실5단,"""다""동(신관)층1, ""다""동(신관)2층1",75000000
512,재단법인 일산장안추모공원,512,공설,,봉안당,봉안당,봉안당,,,일반실 정면4단,"""다""동(신관)층, ""다""동(신관)3층",75000000
512,재단법인 일산장안추모공원,512,공설,,봉안당,봉안당,봉안당,,,일반실,"""다""동(신관)층 정면6단 ""다""동(신관)3층 정면6단",75000000
512,재단법인 일산장안추모공원,512,공설,,봉안당,봉안당,봉안당,,,특별실,"""다""동(신관)층 3단,""다""동(신관)2층 3단",80000000
512,재단법인 일산장안추모공원,512,공설,,봉안당,봉안당,봉안당,,,특별실1단,"다동(신관)층, 다동(신관)3층",80000000
512,재단법인 일산장안추모공원,512,공설,,봉안당,봉안당,봉안당,,,"""다""동(신관) 특별실7단","층, 2층",80000000
512,재단법인 일산장안추모공원,512,공설,,봉안당,봉안당,봉안당,,,일반실,"""다""동(신관)층 정면8단,""다""동(신관)3층 정면8단",80000000
512,재단법인 일산장안추모공원,512,공설,,봉안당,봉안당,봉안당,,,일반실 정면4단,"""다""동(신관)층, ""다""동(신관)3층",85000000
512,재단법인 일산장안추모공원,512,공설,,봉안당,봉안당,봉안당,,,일반실,"""다""동(신관)층 정면6단 ""다""동(신관)3층 정면6단",85000000
512,재단법인 일산장안추모공원,512,공설,,봉안당,봉안당,봉안당,,,일반실 정면5단,"""다""동(신관)층, ""다""동(신관)3층",85000000
512,재단법인 일산장안추모공원,512,공설,,봉안당,봉안당,봉안당,,,특별실4단,"""다""동(신관)층, ""다""동(신관)2층",90000000
512,재단법인 일산장안추모공원,512,공설,,봉안당,봉안당,봉안당,,,특별실,"""다""동(신관)층 6단, ""다""동(신관)2층 6단",90000000
512,재단법인 일산장안추모공원,512,공설,,봉안당,봉안당,봉안당,,,일반실,"""다""동(신관)층 1단,""다""동(신관)2층 1단",90000000
512,재단법인 일산장안추모공원,512,공설,,봉안당,봉안당,봉안당,,,"""다""동(신관) 일반실2단","층, 2층",90000000
512,재단법인 일산장안추모공원,512,공설,,봉안당,봉안당,봉안당,,,특별실,"""다""동(신관)층 2단, ""다""동(신관)2층 2단",90000000
512,재단법인 일산장안추모공원,512,공설,,봉안당,봉안당,봉안당,개인단,,특별실,"""다""(신관)층 개인 VIP8단, ""다""(신관)2층 개인 VIP8단",90000000
512,재단법인 일산장안추모공원,512,공설,,봉안당,봉안당,봉안당,,,일반실 정면5단,"""다""동(신관)층, ""다""동(신관)3층",95000000
512,재단법인 일산장안추모공원,512,공설,,봉안당,봉안당,봉안당,,,다동 특별실5단,"신관 층, 신관 2층",100000000
512,재단법인 일산장안추모공원,512,공설,,봉안당,봉안당,봉안당,,,일반실,"""다""동(신관)층 7단,""다""동(신관)2층 7단",100000000
512,재단법인 일산장안추모공원,512,공설,,봉안당,봉안당,봉안당,,,특별실,다동(신관) 3층 3단,100000000
512,재단법인 일산장안추모공원,512,공설,,봉안당,봉안당,봉안당,,,일반실,"""다""동(신관)층 정면8단,""다""동(신관)3층 정면8단",100000000
512,재단법인 일산장안추모공원,512,공설,,봉안당,봉안당,봉안당,,,일반실,"""다""동(신관)층 정면1단 ""다""동(신관)3층 정면1단",100000000
512,재단법인 일산장안추모공원,512,공설,,봉안당,봉안당,봉안당,,,일반실3단,"다동(신관)층, 다동(신관)2층",110000000
512,재단법인 일산장안추모공원,512,공설,,봉안당,봉안당,봉안당,,,특별실,"""다""동(신관)층 4단, ""다""동(신관)2층 4단",110000000
512,재단법인 일산장안추모공원,512,공설,,봉안당,봉안당,봉안당,,,특별실,"""다""동(신관)층 6단, ""다""동(신관)2층 6단",110000000
512,재단법인 일산장안추모공원,512,공설,,봉안당,봉안당,봉안당,,,일반실,"""다""동(신관)층 정면2단,""다""동(신관)3층 정면2단",110000000
512,재단법인 일산장안추모공원,512,공설,,봉안당,봉안당,봉안당,개인단,,특별실 개인 VIP1단,"다(신관)층, 다(신관)2층",110000000
512,재단법인 일산장안추모공원,512,공설,,봉안당,봉안당,봉안당,개인단,,특별실 개인 VIP2단,"""다""(신관)층, ""다""(신관)2층",110000000
512,재단법인 일산장안추모공원,512,공설,,봉안당,봉안당,봉안당,개인단,,특별실,"""다""동(신관)층 개인 VIP8단, ""다""동(신관)3층 개인 VIP8단",110000000
512,재단법인 일산장안추모공원,512,공설,,봉안당,봉안당,봉안당,,,특별실,"""다""동(신관)층 , ""다""동(신관)2층 ",120000000
512,재단법인 일산장안추모공원,512,공설,,봉안당,봉안당,봉안당,,,특별실5단,"""다""동(신관)층, ""다""동(신관)3층",120000000
512,재단법인 일산장안추모공원,512,공설,,봉안당,봉안당,봉안당,,,일반실 정면1단,"""다""동(신관)층, ""다""동(신관)3층",120000000
512,재단법인 일산장안추모공원,512,공설,,봉안당,봉안당,봉안당,,,일반실 정면3단,"""다""동(신관)층, ""다""동(신관)3층",120000000
512,재단법인 일산장안추모공원,512,공설,,봉안당,봉안당,봉안당,,,일반실 정면7단,"""다""동(신관)층, ""다""동(신관)3층",120000000
512,재단법인 일산장안추모공원,512,공설,,봉안당,봉안당,봉안당,개인단,,특별실,"""다""(신관)층 개인 VIP3단, ""다""(신관)2층 개인 VIP3단",120000000
512,재단법인 일산장안추모공원,512,공설,,봉안당,봉안당,봉안당,개인단,,특별실,"""다""(신관)층 개인 VIP7단, ""다""(신관)2층 개인 VIP7단",120000000
512,재단법인 일산장안추모공원,512,공설,,봉안당,봉안당,봉안당,개인단,,특별실 개인 VIP,"""다""동(신관)층, ""다""동(신관)3층",120000000
512,재단법인 일산장안추모공원,512,공설,,봉안당,봉안당,봉안당,개인단,,특별실,"""다""동(신관)층 개인 VIP7단, ""다""동(신관)3층 개인 VIP7단",120000000
512,재단법인 일산장안추모공원,512,공설,,봉안당,봉안당,봉안당,,,일반실4단,"""다""동(신관)층, ""다""동(신관)2층",130000000
512,재단법인 일산장안추모공원,512,공설,,봉안당,봉안당,봉안당,,,일반실,"""다""동(신관)층 6단,""다""동(신관)2층 6단",130000000
512,재단법인 일산장안추모공원,512,공설,,봉안당,봉안당,봉안당,,,일반실 정면2단,"""다""동(신관)층 , ""다""동(신관)3층",130000000
512,재단법인 일산장안추모공원,512,공설,,봉안당,봉안당,봉안당,,,특별실1단,"""다""동(신관)층, ""다""동(신관)2층",140000000
512,재단법인 일산장안추모공원,512,공설,,봉안당,봉안당,봉안당,,,특별실,"""다""동(신관)층 2단, ""다""동(신관)2층 2단",140000000
512,재단법인 일산장안추모공원,512,공설,,봉안당,봉안당,봉안당,,,특별실,"""다""동(신관)층, ""다""동(신관)2층",140000000
512,재단법인 일산장안추모공원,512,공설,,봉안당,봉안당,봉안당,,,일반실 정면3단,"""다""동(신관)층, ""다""동(신관)3층",140000000
512,재단법인 일산장안추모공원,512,공설,,봉안당,봉안당,봉안당,,,일반실,"""다""동(신관)층 정면7단, ""다""동(신관)3층 정면7단",140000000
512,재단법인 일산장안추모공원,512,공설,,봉안당,봉안당,봉안당,개인단,,특별실,"""다""(신관)층 개인 VIP4단, ""다""(신관)2층 개인 VIP4단",140000000
512,재단법인 일산장안추모공원,512,공설,,봉안당,봉안당,봉안당,개인단,,특별실,"""다""(신관)층 개인 VIP6단, ""다""(신관)2층 개인 VIP6단",140000000
512,재단법인 일산장안추모공원,512,공설,,봉안당,봉안당,봉안당,개인단,,특별실,"""다""동(신관)층 개인 VIP2단, ""다""동(신관)3층 개인 VIP2단",140000000
512,재단법인 일산장안추모공원,512,공설,,봉안당,봉안당,봉안당,,,특별실,"다동(신관)층 7단, 다동(신관)2층 7단",150000000
512,재단법인 일산장안추모공원,512,공설,,봉안당,봉안당,봉안당,,,일반실,"""다""동(신관)층 5단, ""다""동(신관)2층 5단",150000000
512,재단법인 일산장안추모공원,512,공설,,봉안당,봉안당,봉안당,,,다동 일반실,"신관 층 정면4단, 다동 3층 정면4단",150000000
512,재단법인 일산장안추모공원,512,공설,,봉안당,봉안당,봉안당,,,일반실 정면6단,"""다""동(신관)층, ""다""동(신관)3층",150000000
512,재단법인 일산장안추모공원,512,공설,,봉안당,봉안당,봉안당,개인단,,특별실,"""다""(신관)층 개인 VIP5단, ""다""(신관)2층 개인 VIP5단",150000000
512,재단법인 일산장안추모공원,512,공설,,봉안당,봉안당,봉안당,개인단,,특별실 VIP3단,"""다""동(신관)층 개인, ""다""동(신관)3층 개인",150000000
512,재단법인 일산장안추모공원,512,공설,,봉안당,봉안당,봉안당,,,특별실,"""다""동(신관)층 3단, ""다""동(신관)2층 3단",160000000
512,재단법인 일산장안추모공원,512,공설,,봉안당,봉안당,봉안당,,,특별실1단,"""다""동(신관)층, ""다""동(신관)3층",160000000
512,재단법인 일산장안추모공원,512,공설,,봉안당,봉안당,봉안당,,,특별실,"""다""동(신관)층 7단, ""다""동(신관)3층 7단",160000000
512,재단법인 일산장안추모공원,512,공설,,봉안당,봉안당,봉안당,,,일반실 정면4단,"""다""동(신관)층, ""다""동(신관)3층",170000000
512,재단법인 일산장안추모공원,512,공설,,봉안당,봉안당,봉안당,,,일반실 정면,"""다""동(신관)층 일반실 정면, ""다""동(신관)3층 일반실 정면",170000000
512,재단법인 일산장안추모공원,512,공설,,봉안당,봉안당,봉안당,,,일반실 정면5단,"""다""동(신관)층, ""다""동(신관)3층",170000000
512,재단법인 일산장안추모공원,512,공설,,봉안당,봉안당,봉안당,개인단,,특별실 개인 VIP4단,"""다""동(신관)층, ""다""동(신관)3층",170000000
512,재단법인 일산장안추모공원,512,공설,,봉안당,봉안당,봉안당,개인단,,특별실,"""다""동(신관)층 개인 VIP6단, ""다""동(신관)3층 개인 VIP6단",170000000
512,재단법인 일산장안추모공원,512,공설,,봉안당,봉안당,봉안당,,,특별실,"""다""동(신관)층 4단, ""다""동(신관)2층 4단",180000000
512,재단법인 일산장안추모공원,512,공설,,봉안당,봉안당,봉안당,,,특별실,"""다""동(신관)층 6단, ""다""동(신관)2층 6단",180000000
512,재단법인 일산장안추모공원,512,공설,,봉안당,봉안당,봉안당,,,특별실,"""다""동(신관)층 2단, ""다""동(신관)2층 2단",180000000
512,재단법인 일산장안추모공원,512,공설,,봉안당,봉안당,봉안당,개인단,,특별실 개인 VIP,"""다""동(신관)층, ""다""동(신관)3층, 5단",180000000
512,재단법인 일산장안추모공원,512,공설,,봉안당,봉안당,봉안당,,,일반실,"""다""동(신관)층 정면5단, ""다""동(신관)3층 정면5단",190000000
512,재단법인 일산장안추모공원,512,공설,,봉안당,봉안당,봉안당,,,특별실5단,"다동(신관)층, 다동(신관)2층",200000000
512,재단법인 일산장안추모공원,512,공설,,봉안당,봉안당,봉안당,,,특별실3단,"다동(신관)층, 다동(신관)3층",200000000
512,재단법인 일산장안추모공원,512,공설,,봉안당,봉안당,봉안당,,,특별실,"""다""동(신관)층 4단, ""다""동(신관)2층 4단",220000000
512,재단법인 일산장안추모공원,512,공설,,봉안당,봉안당,봉안당,,,특별실,"""다""동(신관)층 6단, ""다""동(신관)2층 6단",220000000
512,재단법인 일산장안추모공원,512,공설,,봉안당,봉안당,봉안당,,,특별실,다동(신관)층 5단 다동(신관)3층 5단,240000000
513,대한불교관음회조계종 백천사 봉안당,513,사설,불교,봉안당,"봉안당, 공원묘지",봉안당,,,진공 유골함,기금수강산 1기금수강산,3000000
513,대한불교관음회조계종 백천사 봉안당,513,사설,불교,봉안당,"봉안당, 공원묘지",봉안당,,,유골 봉안후 영구 관리비영구,유골 봉안후 영구 관리비영구,5000000
513,대한불교관음회조계종 백천사 봉안당,513,사설,불교,봉안당,"봉안당, 공원묘지",봉안당,,,진공 유골함,"기극락정토, 1기극락정토",5000000
513,대한불교관음회조계종 백천사 봉안당,513,사설,불교,봉안당,"봉안당, 공원묘지",봉안당,개인단,,극락호 1단,(개인)(영구봉안),25000000
513,대한불교관음회조계종 백천사 봉안당,513,사설,불교,봉안당,"봉안당, 공원묘지",봉안당,개인단,,극락호 8단,(개인)(영구봉안),25000000
513,대한불교관음회조계종 백천사 봉안당,513,사설,불교,봉안당,"봉안당, 공원묘지",봉안당,개인단,,극락호 2단,(개인)(영구봉안) 극락2호 2단 (개인)(영구봉안),30000000
513,대한불교관음회조계종 백천사 봉안당,513,사설,불교,봉안당,"봉안당, 공원묘지",봉안당,개인단,,극락호 7단,(개인)(영구봉안) 극락2호 7단 (개인)(영구봉안),30000000
513,대한불교관음회조계종 백천사 봉안당,513,사설,불교,봉안당,"봉안당, 공원묘지",봉안당,개인단,,극락호 1단,(개인)(영구봉안),30000000
513,대한불교관음회조계종 백천사 봉안당,513,사설,불교,봉안당,"봉안당, 공원묘지",봉안당,개인단,,극락호 8단,(개인)(영구봉안),30000000
513,대한불교관음회조계종 백천사 봉안당,513,사설,불교,봉안당,"봉안당, 공원묘지",봉안당,개인단,,극락호 1단,(개인)(영구봉안) 극락5호 1단 (개인)(영구봉안),30000000
513,대한불교관음회조계종 백천사 봉안당,513,사설,불교,봉안당,"봉안당, 공원묘지",봉안당,개인단,,극락호 9단,(개인)(영구봉안),30000000
513,대한불교관음회조계종 백천사 봉안당,513,사설,불교,봉안당,"봉안당, 공원묘지",봉안당,개인단,,극락호 10단,(개인)(영구봉안) 극락7호 10단 (개인)(영구봉안),30000000
513,대한불교관음회조계종 백천사 봉안당,513,사설,불교,봉안당,"봉안당, 공원묘지",봉안당,개인단,,극락호 1단,(개인)(영구봉안) 극락1호 1단 (개인)(영구봉안),35000000
513,대한불교관음회조계종 백천사 봉안당,513,사설,불교,봉안당,"봉안당, 공원묘지",봉안당,개인단,,극락호 7단,(개인)(영구봉안),35000000
513,대한불교관음회조계종 백천사 봉안당,513,사설,불교,봉안당,"봉안당, 공원묘지",봉안당,개인단,,극락호 3단,(개인)(영구봉안),35000000
513,대한불교관음회조계종 백천사 봉안당,513,사설,불교,봉안당,"봉안당, 공원묘지",봉안당,개인단,,극락호 6단,(개인)(영구봉안)1,35000000
513,대한불교관음회조계종 백천사 봉안당,513,사설,불교,봉안당,"봉안당, 공원묘지",봉안당,개인단,,극락호 2단,(개인)(영구봉안),35000000
513,대한불교관음회조계종 백천사 봉안당,513,사설,불교,봉안당,"봉안당, 공원묘지",봉안당,개인단,,극락호 7단,(개인)(영구봉안) 극락3호 7단 (개인)(영구봉안),35000000
513,대한불교관음회조계종 백천사 봉안당,513,사설,불교,봉안당,"봉안당, 공원묘지",봉안당,개인단,,극락호 2단,(개인)(영구봉안),35000000
513,대한불교관음회조계종 백천사 봉안당,513,사설,불교,봉안당,"봉안당, 공원묘지",봉안당,개인단,,극락호 8단,(개인)(영구봉안) 극락5호 8단 (개인)(영구봉안),35000000
513,대한불교관음회조계종 백천사 봉안당,513,사설,불교,봉안당,"봉안당, 공원묘지",봉안당,개인단,,극락호 1단,(개인)(영구봉안) 극락6호 1단 (개인)(영구봉안),35000000
513,대한불교관음회조계종 백천사 봉안당,513,사설,불교,봉안당,"봉안당, 공원묘지",봉안당,개인단,,극락호 8단,(개인)(영구봉안),35000000
513,대한불교관음회조계종 백천사 봉안당,513,사설,불교,봉안당,"봉안당, 공원묘지",봉안당,개인단,,극락호 1단,(개인)(영구봉안),35000000
513,대한불교관음회조계종 백천사 봉안당,513,사설,불교,봉안당,"봉안당, 공원묘지",봉안당,개인단,,극락호 9단,(개인)(영구봉안),35000000
513,대한불교관음회조계종 백천사 봉안당,513,사설,불교,봉안당,"봉안당, 공원묘지",봉안당,개인단,,극락호 10단,(개인)(영구봉안),35000000
513,대한불교관음회조계종 백천사 봉안당,513,사설,불교,봉안당,"봉안당, 공원묘지",봉안당,개인단,,극락호 2단 (개인),영구봉안,40000000
513,대한불교관음회조계종 백천사 봉안당,513,사설,불교,봉안당,"봉안당, 공원묘지",봉안당,개인단,,극락호,6단 (개인)(영구봉안),40000000
513,대한불교관음회조계종 백천사 봉안당,513,사설,불교,봉안당,"봉안당, 공원묘지",봉안당,개인단,,극락호 4단,(개인)(영구봉안),40000000
513,대한불교관음회조계종 백천사 봉안당,513,사설,불교,봉안당,"봉안당, 공원묘지",봉안당,개인단,,"극락2호 5단, 극락호 5단",(개인)(영구봉안),40000000
513,대한불교관음회조계종 백천사 봉안당,513,사설,불교,봉안당,"봉안당, 공원묘지",봉안당,개인단,,극락호 7단,(개인)(영구봉안),40000000
513,대한불교관음회조계종 백천사 봉안당,513,사설,불교,봉안당,"봉안당, 공원묘지",봉안당,개인단,,극락호 1단,(개인)(영구봉안),40000000
513,대한불교관음회조계종 백천사 봉안당,513,사설,불교,봉안당,"봉안당, 공원묘지",봉안당,개인단,,극락호 9단,(개인)(영구봉안),40000000
513,대한불교관음회조계종 백천사 봉안당,513,사설,불교,봉안당,"봉안당, 공원묘지",봉안당,개인단,,극락호 3단,(개인)(영구봉안),45000000
513,대한불교관음회조계종 백천사 봉안당,513,사설,불교,봉안당,"봉안당, 공원묘지",봉안당,개인단,,극락호 4단,(개인)(영구봉안) 극락1호 4단 (개인)(영구봉안),45000000
513,대한불교관음회조계종 백천사 봉안당,513,사설,불교,봉안당,"봉안당, 공원묘지",봉안당,개인단,,극락호 5단,(개인)(영구봉안) 극락1호 5단 (개인)(영구봉안),45000000
513,대한불교관음회조계종 백천사 봉안당,513,사설,불교,봉안당,"봉안당, 공원묘지",봉안당,개인단,,극락호 3단,(개인)(영구봉안) 극락3호 3단 (개인)(영구봉안),45000000
513,대한불교관음회조계종 백천사 봉안당,513,사설,불교,봉안당,"봉안당, 공원묘지",봉안당,개인단,,극락호 6단 극락2호 6단,(개인)(영구봉안),45000000
513,대한불교관음회조계종 백천사 봉안당,513,사설,불교,봉안당,"봉안당, 공원묘지",봉안당,개인단,,극락호 3단,(개인)(영구봉안)1,45000000
513,대한불교관음회조계종 백천사 봉안당,513,사설,불교,봉안당,"봉안당, 공원묘지",봉안당,개인단,,극락호 2단 (개인),(영구봉안),45000000
513,대한불교관음회조계종 백천사 봉안당,513,사설,불교,봉안당,"봉안당, 공원묘지",봉안당,개인단,,극락호 7단,(개인)(영구봉안) 극락6호 7단 (개인)(영구봉안),45000000
513,대한불교관음회조계종 백천사 봉안당,513,사설,불교,봉안당,"봉안당, 공원묘지",봉안당,개인단,,극락호 2단,(개인)(영구봉안),45000000
513,대한불교관음회조계종 백천사 봉안당,513,사설,불교,봉안당,"봉안당, 공원묘지",봉안당,개인단,,극락호 8단,(개인)(영구봉안) 극락7호 8단 (개인)(영구봉안),45000000
513,대한불교관음회조계종 백천사 봉안당,513,사설,불교,봉안당,"봉안당, 공원묘지",봉안당,개인단,,극락호 4단,(개인)(영구봉안) 극락3호 4단 (개인)(영구봉안),50000000
513,대한불교관음회조계종 백천사 봉안당,513,사설,불교,봉안당,"봉안당, 공원묘지",봉안당,개인단,,극락호 5단,(개인)(영구봉안),50000000
513,대한불교관음회조계종 백천사 봉안당,513,사설,불교,봉안당,"봉안당, 공원묘지",봉안당,개인단,,극락호 4단,(개인)(영구봉안),50000000
513,대한불교관음회조계종 백천사 봉안당,513,사설,불교,봉안당,"봉안당, 공원묘지",봉안당,개인단,,극락호 5단,(개인)(영구봉안),50000000
513,대한불교관음회조계종 백천사 봉안당,513,사설,불교,봉안당,"봉안당, 공원묘지",봉안당,개인단,,극락호 6단,(개인)(영구봉안),50000000
513,대한불교관음회조계종 백천사 봉안당,513,사설,불교,봉안당,"봉안당, 공원묘지",봉안당,개인단,,극락호 3단,(개인)(영구봉안),50000000
513,대한불교관음회조계종 백천사 봉안당,513,사설,불교,봉안당,"봉안당, 공원묘지",봉안당,개인단,,극락호 6단,(개인)(영구봉안) 극락6호 6단 (개인)(영구봉안),50000000
513,대한불교관음회조계종 백천사 봉안당,513,사설,불교,봉안당,"봉안당, 공원묘지",봉안당,개인단,,극락호 3단,(개인)(영구봉안),50000000
513,대한불교관음회조계종 백천사 봉안당,513,사설,불교,봉안당,"봉안당, 공원묘지",봉안당,개인단,,극락호 7단,(개인)(영구봉안),50000000
513,대한불교관음회조계종 백천사 봉안당,513,사설,불교,봉안당,"봉안당, 공원묘지",봉안당,개인단,,극락호 2단,(개인)(영구봉안),50000000
513,대한불교관음회조계종 백천사 봉안당,513,사설,불교,봉안당,"봉안당, 공원묘지",봉안당,개인단,,극락호 8단,(개인)(영구봉안) 극락8호 8단 (개인)(영구봉안),50000000
513,대한불교관음회조계종 백천사 봉안당,513,사설,불교,봉안당,"봉안당, 공원묘지",봉안당,개인단,,극락호 4단,(개인)(영구봉안),55000000
513,대한불교관음회조계종 백천사 봉안당,513,사설,불교,봉안당,"봉안당, 공원묘지",봉안당,개인단,,극락호 5단,(개인)(영구봉안),55000000
513,대한불교관음회조계종 백천사 봉안당,513,사설,불교,봉안당,"봉안당, 공원묘지",봉안당,개인단,,극락호 4단,(개인)(영구봉안),55000000
513,대한불교관음회조계종 백천사 봉안당,513,사설,불교,봉안당,"봉안당, 공원묘지",봉안당,개인단,,,,55000000
513,대한불교관음회조계종 백천사 봉안당,513,사설,불교,봉안당,"봉안당, 공원묘지",봉안당,개인단,,,,55000000
513,대한불교관음회조계종 백천사 봉안당,513,사설,불교,봉안당,"봉안당, 공원묘지",봉안당,개인단,,,,55000000
513,대한불교관음회조계종 백천사 봉안당,513,사설,불교,봉안당,"봉안당, 공원묘지",봉안당,개인단,,,,55000000
513,대한불교관음회조계종 백천사 봉안당,513,사설,불교,봉안당,"봉안당, 공원묘지",봉안당,개인단,,,,60000000
513,대한불교관음회조계종 백천사 봉안당,513,사설,불교,봉안당,"봉안당, 공원묘지",봉안당,개인단,,,,60000000
513,대한불교관음회조계종 백천사 봉안당,513,사설,불교,봉안당,"봉안당, 공원묘지",봉안당,개인단,,,,60000000
513,대한불교관음회조계종 백천사 봉안당,513,사설,불교,봉안당,"봉안당, 공원묘지",봉안당,개인단,,,,80000000
513,대한불교관음회조계종 백천사 봉안당,513,사설,불교,봉안당,"봉안당, 공원묘지",봉안당,부부단,,극락호 1단 (부부),(영구봉안),90000000
513,대한불교관음회조계종 백천사 봉안당,513,사설,불교,봉안당,"봉안당, 공원묘지",봉안당,부부단,,극락호 5단 (부부),(영구봉안),90000000
513,대한불교관음회조계종 백천사 봉안당,513,사설,불교,봉안당,"봉안당, 공원묘지",봉안당,부부단,,극락호 2단 (부부)(영구봉안),극락1호 2단 (부부)(영구봉안),100000000
513,대한불교관음회조계종 백천사 봉안당,513,사설,불교,봉안당,"봉안당, 공원묘지",봉안당,부부단,,극락호 3단 (부부),(영구봉안),100000000
513,대한불교관음회조계종 백천사 봉안당,513,사설,불교,봉안당,"봉안당, 공원묘지",봉안당,부부단,,극락호 4단 (부부),(영구봉안),100000000
513,대한불교관음회조계종 백천사 봉안당,513,사설,불교,봉안당,"봉안당, 공원묘지",봉안당,개인단,,,,100000000
513,대한불교관음회조계종 백천사 봉안당,513,사설,불교,봉안당,"봉안당, 공원묘지",봉안당,개인단,,극락호 부도탑,(개인)(영구봉안),100000000
513,대한불교관음회조계종 백천사 봉안당,513,사설,불교,봉안당,"봉안당, 공원묘지",봉안당,개인단,,,,100000000
513,대한불교관음회조계종 백천사 봉안당,513,사설,불교,봉안당,"봉안당, 공원묘지",봉안당,개인단,,극락호,각 개인단 비용의 두배(영구봉안),110000000
513,대한불교관음회조계종 백천사 봉안당,513,사설,불교,봉안당,"봉안당, 공원묘지",봉안당,개인단,,극락호 각 개인단,영구봉안,110000000
513,대한불교관음회조계종 백천사 봉안당,513,사설,불교,봉안당,"봉안당, 공원묘지",봉안당,개인단,,극락호 각 개인단,영구봉안,120000000
513,대한불교관음회조계종 백천사 봉안당,513,사설,불교,봉안당,"봉안당, 공원묘지",봉안당,,,극락호 1단 특별실,(영구봉안) 극락3호 1단 특별실(영구봉안),200000000
513,대한불교관음회조계종 백천사 봉안당,513,사설,불교,봉안당,"봉안당, 공원묘지",봉안당,,,극락호 2단 특별실,(영구봉안) 극락3호 2단 특별실(영구봉안),200000000
513,대한불교관음회조계종 백천사 봉안당,513,사설,불교,봉안당,"봉안당, 공원묘지",봉안당,부부단,,극락호 부도탑,(부부)(영구봉안),200000000
513,대한불교관음회조계종 백천사 봉안당,513,사설,불교,봉안당,"봉안당, 공원묘지",봉안당,,,극락호 특별단,각 단의 두배(영구봉안),240000000
513,대한불교관음회조계종 백천사 봉안당,513,사설,불교,봉안당,"봉안당, 공원묘지",봉안당,,,극락호 3단 특별실,영구봉안,250000000
513,대한불교관음회조계종 백천사 봉안당,513,사설,불교,봉안당,"봉안당, 공원묘지",봉안당,,,극락호 4단 특별실,(영구봉안) 극락3호 4단 특별실(영구봉안),250000000
513,대한불교관음회조계종 백천사 봉안당,513,사설,불교,봉안당,"봉안당, 공원묘지",봉안당,,,극락호 5단 특별실,영구봉안,250000000
513,대한불교관음회조계종 백천사 봉안당,513,사설,불교,봉안당,"봉안당, 공원묘지",봉안당,부부단,,극락호 부도탑,(부부 특별)(영구봉안),250000000
513,대한불교관음회조계종 백천사 봉안당,513,사설,불교,봉안당,"봉안당, 공원묘지",봉안당,,,극락호 6단 특별실,(영구봉안),300000000
513,대한불교관음회조계종 백천사 봉안당,513,사설,불교,봉안당,"봉안당, 공원묘지",봉안당,가족단,,극락호 부도탑,(가족 12기)(영구봉안),350000000
513,대한불교관음회조계종 백천사 봉안당,513,사설,불교,봉안당,"봉안당, 공원묘지",봉안당,,,극락호 부도탑,(문중 32기)(영구봉안),450000000
514,(재)성산공원 추모관,514,사설,,봉안당,"봉안당, 공원묘지",봉안당,,,각인비생졸날짜,각인비생졸날짜,50000
514,(재)성산공원 추모관,514,사설,,봉안당,"봉안당, 공원묘지",봉안당,,,각인비생졸날짜사진,"각인비생졸날짜,사진",70000
514,(재)성산공원 추모관,514,사설,,봉안당,"봉안당, 공원묘지",봉안당,가족단,,가족봉안묘관리비,1년기준 평당,130000
514,(재)성산공원 추모관,514,사설,기독교,봉안당,"봉안당, 공원묘지",봉안당,,,기독교 유골함,215 도자기 국산(각인비 별도)215 도자기 국산(각인비 별도),200000
514,(재)성산공원 추모관,514,사설,천주교,봉안당,"봉안당, 공원묘지",봉안당,,,천주교 유골함,215 도자기 국산(각인비 별도) 천주교 유골함215 도자기 국산(각인비 별도),200000
514,(재)성산공원 추모관,514,사설,불교,봉안당,"봉안당, 공원묘지",봉안당,,,불교 유골함,215 도자기 국산(각인비 별도) 불교 유골함215*215 도자기 국산(각인비 별도),200000
514,(재)성산공원 추모관,514,사설,,봉안당,"봉안당, 공원묘지",봉안당,,,난 진공 유골함,210 도자기 국산(각인비 별도) 난 진공 유골함210*210 도자기 국산(각인비 별도),250000
514,(재)성산공원 추모관,514,사설,,봉안당,"봉안당, 공원묘지",봉안당,,,화접문 진공 유골함,"*210 도자기 국산(각인비 별도)250,000 화접문 진공 유골함210*210 도자기 국산(각인비 별도)",250000
514,(재)성산공원 추모관,514,사설,,봉안당,"봉안당, 공원묘지",봉안당,,,송학 진공 유골함,210 도자기 국산(각인비 별도) 송학 진공 유골함210*210 도자기 국산(각인비 별도),250000
514,(재)성산공원 추모관,514,사설,,봉안당,"봉안당, 공원묘지",봉안당,,,십장생 진공 유골함,*210 도자기 국산(각인비 별도)210*210 도자기 국산(각인비 별도),250000
514,(재)성산공원 추모관,514,사설,,봉안당,"봉안당, 공원묘지",봉안당,,,심플 진공 유골함,210 도자기 국산(각인비 별도),250000
514,(재)성산공원 추모관,514,사설,,봉안당,"봉안당, 공원묘지",봉안당,,,송학 삼중 진공 유골함,215 도자기 국산(각인비 별도),400000
514,(재)성산공원 추모관,514,사설,,봉안당,"봉안당, 공원묘지",봉안당,,,화접문 삼중 진공 유골함,215 도자기 국산(각인비 별도),400000
514,(재)성산공원 추모관,514,사설,,봉안당,"봉안당, 공원묘지",봉안당,,,실버당초 삼중 진공 유골함,215 도자기 국산(각인비 별도)*215 도자기 국산(각인비 별도),400000
514,(재)성산공원 추모관,514,사설,,봉안당,"봉안당, 공원묘지",봉안당,,,심플 삼중 진공 유골함,215 도자기 국산(각인비 별도)*215 도자기 국산(각인비 별도),400000
514,(재)성산공원 추모관,514,사설,,봉안당,"봉안당, 공원묘지",봉안당,,,골드플라워 삼중 진공 유골함,215 도자기 국산(각인비 별도),400000
514,(재)성산공원 추모관,514,사설,,봉안당,"봉안당, 공원묘지",봉안당,,,야외추모관,야외추모관1단,15000000
514,(재)성산공원 추모관,514,사설,,봉안당,"봉안당, 공원묘지",봉안당,,,야외추모관,단1 야외추모관1단,18000000
514,(재)성산공원 추모관,514,사설,,봉안당,"봉안당, 공원묘지",봉안당,개인단,,실내추모관(일반실)개인단,9단,20000000
514,(재)성산공원 추모관,514,사설,,봉안당,"봉안당, 공원묘지",봉안당,,,야외추모관,3단,22000000
514,(재)성산공원 추모관,514,사설,,봉안당,"봉안당, 공원묘지",봉안당,,,야외추모관,단~6단,25000000
514,(재)성산공원 추모관,514,사설,,봉안당,"봉안당, 공원묘지",봉안당,,,야외추모관,1단,25000000
514,(재)성산공원 추모관,514,사설,,봉안당,"봉안당, 공원묘지",봉안당,개인단,,실내추모관(일반실)개인단,단1 9단1,25000000
514,(재)성산공원 추모관,514,사설,,봉안당,"봉안당, 공원묘지",봉안당,,,야외추모관,야외추모관2단,30000000
514,(재)성산공원 추모관,514,사설,,봉안당,"봉안당, 공원묘지",봉안당,개인단,,실내추모관(일반실)개인단,"단, 9단",30000000
514,(재)성산공원 추모관,514,사설,,봉안당,"봉안당, 공원묘지",봉안당,개인단,,실내추모관(일반실)개인단,"단, 9단",30000000
514,(재)성산공원 추모관,514,사설,,봉안당,"봉안당, 공원묘지",봉안당,,,야외추모관,"단, 1단",35000000
514,(재)성산공원 추모관,514,사설,,봉안당,"봉안당, 공원묘지",봉안당,개인단,,실내추모관(일반실)개인단,단 9단,35000000
514,(재)성산공원 추모관,514,사설,,봉안당,"봉안당, 공원묘지",봉안당,개인단,,실내추모관(일반실)개인단,9단 단,35000000
514,(재)성산공원 추모관,514,사설,,봉안당,"봉안당, 공원묘지",봉안당,개인단,,실내추모관(고급실)개인단,1단,35000000
514,(재)성산공원 추모관,514,사설,,봉안당,"봉안당, 공원묘지",봉안당,개인단,,실내추모관(고급실)개인단,단1 1단1,35000000
514,(재)성산공원 추모관,514,사설,,봉안당,"봉안당, 공원묘지",봉안당,,,야외추모관,단~6단 4단~6단,40000000
514,(재)성산공원 추모관,514,사설,,봉안당,"봉안당, 공원묘지",봉안당,개인단,,실내추모관(일반실)개인단,단1 9단1,40000000
514,(재)성산공원 추모관,514,사설,,봉안당,"봉안당, 공원묘지",봉안당,개인단,,실내추모관(일반실)개인단,"단, 9단",40000000
514,(재)성산공원 추모관,514,사설,,봉안당,"봉안당, 공원묘지",봉안당,부부단,,실내추모관,(일반실)부부단 단 9단,40000000
514,(재)성산공원 추모관,514,사설,,봉안당,"봉안당, 공원묘지",봉안당,개인단,,실내추모관(고급실)개인단,1단,40000000
514,(재)성산공원 추모관,514,사설,,봉안당,"봉안당, 공원묘지",봉안당,개인단,,실내추모관,고급실 개인단 7단,40000000
514,(재)성산공원 추모관,514,사설,,봉안당,"봉안당, 공원묘지",봉안당,개인단,,실내추모관,(일반실)개인단,45000000
514,(재)성산공원 추모관,514,사설,,봉안당,"봉안당, 공원묘지",봉안당,부부단,,실내추모관,(일반실)부부단 1단,50000000
514,(재)성산공원 추모관,514,사설,,봉안당,"봉안당, 공원묘지",봉안당,개인단,,실내추모관(고급실)개인단,,50000000
514,(재)성산공원 추모관,514,사설,,봉안당,"봉안당, 공원묘지",봉안당,개인단,,실내추모관(고급실)개인단,"단1, 1단1",50000000
514,(재)성산공원 추모관,514,사설,,봉안당,"봉안당, 공원묘지",봉안당,부부단,,실내추모관,(일반실)부부단 2단,60000000
514,(재)성산공원 추모관,514,사설,,봉안당,"봉안당, 공원묘지",봉안당,부부단,,실내추모관(일반실)부부단,단 8단,60000000
514,(재)성산공원 추모관,514,사설,,봉안당,"봉안당, 공원묘지",봉안당,개인단,,실내추모관(고급실)개인단,,60000000
514,(재)성산공원 추모관,514,사설,,봉안당,"봉안당, 공원묘지",봉안당,개인단,,실내추모관(고급실)개인단,단 1단,60000000
514,(재)성산공원 추모관,514,사설,,봉안당,"봉안당, 공원묘지",봉안당,부부단,,실내추모관,(일반실)부부단 3단,70000000
514,(재)성산공원 추모관,514,사설,,봉안당,"봉안당, 공원묘지",봉안당,부부단,,실내추모관,(일반실)부부단 단 7단,70000000
514,(재)성산공원 추모관,514,사설,,봉안당,"봉안당, 공원묘지",봉안당,부부단,,실내추모관(고급실)부부단,단1 1단1,70000000
514,(재)성산공원 추모관,514,사설,,봉안당,"봉안당, 공원묘지",봉안당,부부단,,실내추모관(고급실)부부단,단,70000000
514,(재)성산공원 추모관,514,사설,,봉안당,"봉안당, 공원묘지",봉안당,부부단,,실내추모관(일반실)부부단,4단,80000000
514,(재)성산공원 추모관,514,사설,,봉안당,"봉안당, 공원묘지",봉안당,부부단,,실내추모관(일반실)부부단,단 9단,80000000
514,(재)성산공원 추모관,514,사설,,봉안당,"봉안당, 공원묘지",봉안당,부부단,,실내추모관(고급실)부부단,1단,80000000
514,(재)성산공원 추모관,514,사설,,봉안당,"봉안당, 공원묘지",봉안당,부부단,,실내추모관(고급실)부부단,1단,80000000
514,(재)성산공원 추모관,514,사설,,봉안당,"봉안당, 공원묘지",봉안당,개인단,,실내추모관(특별실)개인단,,80000000
514,(재)성산공원 추모관,514,사설,,봉안당,"봉안당, 공원묘지",봉안당,부부단,,실내추모관,(일반실)부부단 5단,90000000
514,(재)성산공원 추모관,514,사설,,봉안당,"봉안당, 공원묘지",봉안당,개인단,,실내추모관(특별실)개인단,1단,90000000
514,(재)성산공원 추모관,514,사설,,봉안당,"봉안당, 공원묘지",봉안당,부부단,,실내추모관(고급실)부부단,단,100000000
514,(재)성산공원 추모관,514,사설,,봉안당,"봉안당, 공원묘지",봉안당,부부단,,실내추모관,고급실 부부단 6단,100000000
514,(재)성산공원 추모관,514,사설,,봉안당,"봉안당, 공원묘지",봉안당,개인단,,실내추모관(특별실)개인단,단,100000000
514,(재)성산공원 추모관,514,사설,,봉안당,"봉안당, 공원묘지",봉안당,개인단,,실내추모관(특별실)개인단,"단, 6단",110000000
514,(재)성산공원 추모관,514,사설,,봉안당,"봉안당, 공원묘지",봉안당,부부단,,가족봉안묘부부평장묘,가족봉안묘부부평장묘,120000000
514,(재)성산공원 추모관,514,사설,,봉안당,"봉안당, 공원묘지",봉안당,부부단,,실내추모관(고급실)부부단,"단, 1단",120000000
514,(재)성산공원 추모관,514,사설,,봉안당,"봉안당, 공원묘지",봉안당,부부단,,실내추모관,(고급실)부부단 5단,120000000
514,(재)성산공원 추모관,514,사설,,봉안당,"봉안당, 공원묘지",봉안당,개인단,,실내추모관(특별실)개인단,"단, 6단",120000000
514,(재)성산공원 추모관,514,사설,,봉안당,"봉안당, 공원묘지",봉안당,개인단,,실내추모관(특별실)개인단,단,120000000
514,(재)성산공원 추모관,514,사설,,봉안당,"봉안당, 공원묘지",봉안당,가족단,,가족봉안묘,기용 (6평) 가족봉안묘4기용 (6평),160000000
514,(재)성산공원 추모관,514,사설,,봉안당,"봉안당, 공원묘지",봉안당,부부단,,실내추모관,(특별실)부부단 6단,160000000
514,(재)성산공원 추모관,514,사설,,봉안당,"봉안당, 공원묘지",봉안당,부부단,,실내추모관(특별실)부부단,1단,180000000
514,(재)성산공원 추모관,514,사설,,봉안당,"봉안당, 공원묘지",봉안당,가족단,,가족봉안묘기용,(7평) 가족봉안묘8기용 (7평),190000000
514,(재)성산공원 추모관,514,사설,,봉안당,"봉안당, 공원묘지",봉안당,부부단,,실내추모관,(특별실)부부단 5단,200000000
514,(재)성산공원 추모관,514,사설,,봉안당,"봉안당, 공원묘지",봉안당,가족단,,가족봉안묘기용,8평 가족봉안묘12기용 8평,210000000
514,(재)성산공원 추모관,514,사설,,봉안당,"봉안당, 공원묘지",봉안당,부부단,,실내추모관(특별실)부부단,2단,220000000
514,(재)성산공원 추모관,514,사설,,봉안당,"봉안당, 공원묘지",봉안당,가족단,,가족봉안묘기용,8평 가족봉안묘12기용 8평,230000000
514,(재)성산공원 추모관,514,사설,,봉안당,"봉안당, 공원묘지",봉안당,가족단,,가족봉안묘기용,가족봉안묘20기용 (9평),240000000
514,(재)성산공원 추모관,514,사설,,봉안당,"봉안당, 공원묘지",봉안당,부부단,,실내추모관(특별실)부부단,3단,240000000
514,(재)성산공원 추모관,514,사설,,봉안당,"봉안당, 공원묘지",봉안당,부부단,,실내추모관(특별실)부부단,4단,240000000
514,(재)성산공원 추모관,514,사설,,봉안당,"봉안당, 공원묘지",봉안당,가족단,,가족봉안묘,기용 (10평)24기용 (10평),270000000
514,(재)성산공원 추모관,514,사설,,봉안당,"봉안당, 공원묘지",기타(관리비),,,야외추모관관리비,년분 야외추모관관리비 10년분,2500000
514,(재)성산공원 추모관,514,사설,,봉안당,"봉안당, 공원묘지",기타(관리비),,,야외추모관관리비,년분 10년분,4000000
515,에덴추모공원,515,공설,,봉안당,봉안당,봉안당,개인단,,A관개인,A관개인10단,12000000
515,에덴추모공원,515,공설,,봉안당,봉안당,봉안당,개인단,,A관개인,A관개인9단,18000000
515,에덴추모공원,515,공설,,봉안당,봉안당,봉안당,개인단,,B관개인단,B관개인10단,18000000
515,에덴추모공원,515,공설,,봉안당,봉안당,봉안당,개인단,,B관개인단,B관개인9단,20000000
515,에덴추모공원,515,공설,,봉안당,봉안당,봉안당,개인단,,B관정면개인단,B관정면개인10단,20000000
515,에덴추모공원,515,공설,,봉안당,봉안당,봉안당,개인단,,A관개인단,A관개인8단,22000000
515,에덴추모공원,515,공설,,봉안당,봉안당,봉안당,개인단,,B관정면개인단,B관정면개인9단,23000000
515,에덴추모공원,515,공설,,봉안당,봉안당,봉안당,개인단,,A관개인단,"A관개인1,7단",25000000
515,에덴추모공원,515,공설,,봉안당,봉안당,봉안당,개인단,,B관개인단,B관개인8단,25000000
515,에덴추모공원,515,공설,,봉안당,봉안당,봉안당,개인단,,B관개인9단,2B관개인9단,25000000
515,에덴추모공원,515,공설,,봉안당,봉안당,봉안당,개인단,,A관개인단,A관개인2단,27000000
515,에덴추모공원,515,공설,,봉안당,봉안당,봉안당,개인단,,B관개인단,B관개인1단,28000000
515,에덴추모공원,515,공설,,봉안당,봉안당,봉안당,부부단,,A관부부단,A관부부10단,29000000
515,에덴추모공원,515,공설,,봉안당,봉안당,봉안당,개인단,,A관개인,A관개인6단,30000000
515,에덴추모공원,515,공설,,봉안당,봉안당,봉안당,개인단,,B관개인단,B관개인7단,30000000
515,에덴추모공원,515,공설,,봉안당,봉안당,봉안당,개인단,,B관정면개인,B관정면개인8단,30000000
515,에덴추모공원,515,공설,,봉안당,봉안당,봉안당,개인단,,B관정면개인단,B관정면개인1단,30000000
515,에덴추모공원,515,공설,,봉안당,봉안당,봉안당,개인단,,A관개인,3단,32000000
515,에덴추모공원,515,공설,,봉안당,봉안당,봉안당,부부단,,A관부부단,A관부부9단,32000000
515,에덴추모공원,515,공설,,봉안당,봉안당,봉안당,개인단,,B관개인단,B관개인2단,32000000
515,에덴추모공원,515,공설,,봉안당,봉안당,봉안당,부부단,,B관부부단,B관부부10단,33000000
515,에덴추모공원,515,공설,,봉안당,봉안당,봉안당,개인단,,B관정면개인단,B관정면개인7단,34000000
515,에덴추모공원,515,공설,,봉안당,봉안당,봉안당,개인단,,A관개인단,"A관개인4,5단",35000000
515,에덴추모공원,515,공설,,봉안당,봉안당,봉안당,개인단,,B관개인단,B관개인6단,35000000
515,에덴추모공원,515,공설,,봉안당,봉안당,봉안당,부부단,,B관부부9단,2B관부부9단,35000000
515,에덴추모공원,515,공설,,봉안당,봉안당,봉안당,부부단,,B관부부단,B관부부9단,36000000
515,에덴추모공원,515,공설,,봉안당,봉안당,봉안당,개인단,,B관정면개인,B관정면개인2단,36000000
515,에덴추모공원,515,공설,,봉안당,봉안당,봉안당,개인단,,B관개인단,B관개인3단,38000000
515,에덴추모공원,515,공설,,봉안당,봉안당,봉안당,부부단,,B관정면부부단,B관정면부부10단,38000000
515,에덴추모공원,515,공설,,봉안당,봉안당,봉안당,부부단,,A관부부단,A관부부8단,40000000
515,에덴추모공원,515,공설,,봉안당,봉안당,봉안당,개인단,,B관개인단,B관개인4단,40000000
515,에덴추모공원,515,공설,,봉안당,봉안당,봉안당,개인단,,,,40000000
515,에덴추모공원,515,공설,,봉안당,봉안당,봉안당,개인단,,B관개인8단,2B관개인8단,40000000
515,에덴추모공원,515,공설,,봉안당,봉안당,봉안당,개인단,,B관개인1단,1,40000000
515,에덴추모공원,515,공설,,봉안당,봉안당,봉안당,부부단,,,,42000000
515,에덴추모공원,515,공설,,봉안당,봉안당,봉안당,부부단,,,,45000000
515,에덴추모공원,515,공설,,봉안당,봉안당,봉안당,개인단,,,,45000000
515,에덴추모공원,515,공설,,봉안당,봉안당,봉안당,부부단,,,,45000000
515,에덴추모공원,515,공설,,봉안당,봉안당,봉안당,개인단,,B관개인7단,2B관개인7단,45000000
515,에덴추모공원,515,공설,,봉안당,봉안당,봉안당,개인단,,,,46000000
515,에덴추모공원,515,공설,,봉안당,봉안당,봉안당,부부단,,,,50000000
515,에덴추모공원,515,공설,,봉안당,봉안당,봉안당,부부단,,B관부부단,B관부부1단,50000000
515,에덴추모공원,515,공설,,봉안당,봉안당,봉안당,부부단,,B관정면부부단,B관정면부부8단,50000000
515,에덴추모공원,515,공설,,봉안당,봉안당,봉안당,개인단,,B관개인2단,2B관개인2단,50000000
515,에덴추모공원,515,공설,,봉안당,봉안당,봉안당,개인단,,B관정면개인단,B관정면개인4단,52000000
515,에덴추모공원,515,공설,,봉안당,봉안당,봉안당,부부단,,A관부부단,A관부부10단,54000000
515,에덴추모공원,515,공설,,봉안당,봉안당,봉안당,부부단,,B관부부단,B관부부7단,55000000
515,에덴추모공원,515,공설,,봉안당,봉안당,봉안당,개인단,,B관정면개인,"단, 10단",55000000
515,에덴추모공원,515,공설,,봉안당,봉안당,봉안당,부부단,,B관정면부부,"단, 10단",55000000
515,에덴추모공원,515,공설,,봉안당,봉안당,봉안당,개인단,,B관개인6단,2B관개인6단,55000000
515,에덴추모공원,515,공설,,봉안당,봉안당,봉안당,부부단,,A관부부단,A관부부3단,60000000
515,에덴추모공원,515,공설,,봉안당,봉안당,봉안당,부부단,,B관부부단,B관부부2단,60000000
515,에덴추모공원,515,공설,,봉안당,봉안당,봉안당,개인단,,B관개인3단,2B관개인3단,60000000
515,에덴추모공원,515,공설,,봉안당,봉안당,봉안당,부부단,,A관부부단,"A관부부4,5단",65000000
515,에덴추모공원,515,공설,,봉안당,봉안당,봉안당,부부단,,B관부부단,B관부부6단,65000000
515,에덴추모공원,515,공설,,봉안당,봉안당,봉안당,부부단,,B관정면부부,"단1, 10단1",65000000
515,에덴추모공원,515,공설,,봉안당,봉안당,봉안당,개인단,,B관개인4단,2B관개인4단,65000000
515,에덴추모공원,515,공설,,봉안당,봉안당,봉안당,부부단,,B관부부8단,2B관부부8단,65000000
515,에덴추모공원,515,공설,,봉안당,봉안당,봉안당,부부단,,B관부부1단,2B관부부1단,65000000
515,에덴추모공원,515,공설,,봉안당,봉안당,봉안당,부부단,,B관정면부부단,B관정면부부2단,68000000
515,에덴추모공원,515,공설,,봉안당,봉안당,봉안당,부부단,,B관부부단,B관부부3단,70000000
515,에덴추모공원,515,공설,,봉안당,봉안당,봉안당,부부단,,B관부부단,B관부부4단,75000000
515,에덴추모공원,515,공설,,봉안당,봉안당,봉안당,부부단,,B관정면부부단,B관정면부부6단,75000000
515,에덴추모공원,515,공설,,봉안당,봉안당,봉안당,개인단,,B관개인5단,2B관개인5단,75000000
515,에덴추모공원,515,공설,,봉안당,봉안당,봉안당,부부단,,B관부부7단,2001 2 1,75000000
515,에덴추모공원,515,공설,,봉안당,봉안당,봉안당,부부단,,B관부부단,1 B관부부10단1,80000000
515,에덴추모공원,515,공설,,봉안당,봉안당,봉안당,부부단,,B관정면부부단,B관정면부부10단,85000000
515,에덴추모공원,515,공설,,봉안당,봉안당,봉안당,부부단,,B관부부2단,2001 2 1,85000000
515,에덴추모공원,515,공설,,봉안당,봉안당,봉안당,부부단,,B관정면부부,"10단1, 단1",90000000
515,에덴추모공원,515,공설,,봉안당,봉안당,봉안당,부부단,,B관정면부부단,B관정면부부5단,95000000
515,에덴추모공원,515,공설,,봉안당,봉안당,봉안당,부부단,,B관부부6단,1 2B관부부6단1,95000000
515,에덴추모공원,515,공설,,봉안당,봉안당,봉안당,부부단,,B관부부3단,1 21,105000000
515,에덴추모공원,515,공설,,봉안당,봉안당,봉안당,부부단,,B관부부4단,1 2B관부부4단1,115000000
515,에덴추모공원,515,공설,,봉안당,봉안당,봉안당,부부단,,B관부부5단,2B관부부5단,135000000
515,에덴추모공원,515,공설,,봉안당,봉안당,기타(관리비),개인단,,관리비개인,년 5년,2500000
515,에덴추모공원,515,공설,,봉안당,봉안당,기타(관리비),개인단,,관리비개인,"년, 5년",4500000
515,에덴추모공원,515,공설,,봉안당,봉안당,기타(관리비),부부단,,관리비부부년,2인기준 관리비부부5년(2인기준),5000000
515,에덴추모공원,515,공설,,봉안당,봉안당,기타(관리비),부부단,,관리비부부년,2인기준 관리비부부10년 2인기준,9000000
516,팔공산도림사추모공원,516,공설,,수목장,봉안당,수목장,,,B층1단,B1층1단,18000000
516,팔공산도림사추모공원,516,공설,,수목장,봉안당,수목장,,,B층8단,B1층8단,18000000
516,팔공산도림사추모공원,516,공설,,수목장,봉안당,수목장,,,B층2단,B1층2단,27000000
516,팔공산도림사추모공원,516,공설,,수목장,봉안당,수목장,,,B층7단,B1층7단,27000000
516,팔공산도림사추모공원,516,공설,,수목장,봉안당,수목장,,,층1단,1층1단,30000000
516,팔공산도림사추모공원,516,공설,,수목장,봉안당,수목장,,,B층8단1,B1층8단1,30000000
516,팔공산도림사추모공원,516,공설,,수목장,봉안당,수목장,,,단기(임시)봉안,/1개월3층1단1,30000000
516,팔공산도림사추모공원,516,공설,,수목장,봉안당,수목장,,,층1단,3층1단,35000000
516,팔공산도림사추모공원,516,공설,,수목장,봉안당,수목장,,,B층1단,B1층1단,35000000
516,팔공산도림사추모공원,516,공설,,수목장,봉안당,수목장,,,B층8단1,B1층8단1,35000000
516,팔공산도림사추모공원,516,공설,,수목장,봉안당,수목장,,,B층3단,B1층3단,36000000
516,팔공산도림사추모공원,516,공설,,수목장,봉안당,수목장,,,B층6단1,B1층6단1,36000000
516,팔공산도림사추모공원,516,공설,,수목장,봉안당,수목장,,,B층2단,B1층2단,40000000
516,팔공산도림사추모공원,516,공설,,수목장,봉안당,수목장,,,B층7단,B1층7단,40000000
516,팔공산도림사추모공원,516,공설,,수목장,봉안당,수목장,,,B층2단,B1층2단,40000000
516,팔공산도림사추모공원,516,공설,,수목장,봉안당,수목장,,,B층7단2,B1층7단2,40000000
516,팔공산도림사추모공원,516,공설,,수목장,봉안당,수목장,,,B층4단,B1층4단,45000000
516,팔공산도림사추모공원,516,공설,,수목장,봉안당,수목장,,,B층5단,B1층5단,45000000
516,팔공산도림사추모공원,516,공설,,수목장,봉안당,수목장,,,B층2단,B1층2단,45000000
516,팔공산도림사추모공원,516,공설,,수목장,봉안당,수목장,,,B층7단,B1층7단,45000000
516,팔공산도림사추모공원,516,공설,,수목장,봉안당,수목장,,,B층3단,B1층3단,50000000
516,팔공산도림사추모공원,516,공설,,수목장,봉안당,수목장,,,B층6단,B1층6단,50000000
516,팔공산도림사추모공원,516,공설,,수목장,봉안당,수목장,,,B층3단,B1층3단,50000000
516,팔공산도림사추모공원,516,공설,,수목장,봉안당,수목장,,,B층6단,B1층6단,50000000
516,팔공산도림사추모공원,516,공설,,수목장,봉안당,수목장,,,B층2단,B1층2단,52000000
516,팔공산도림사추모공원,516,공설,,수목장,봉안당,수목장,,,B층7단,B1층7단,52000000
516,팔공산도림사추모공원,516,공설,,수목장,봉안당,수목장,,,B층3단,B1층3단,55000000
516,팔공산도림사추모공원,516,공설,,수목장,봉안당,수목장,,,B층6단,B1층6단,55000000
516,팔공산도림사추모공원,516,공설,,수목장,봉안당,수목장,,,단기(임시)봉안,"개월3층1단, 1개월3층1단",58000000
516,팔공산도림사추모공원,516,공설,,수목장,봉안당,수목장,,,B층8단1,B1층8단1,58000000
516,팔공산도림사추모공원,516,공설,,수목장,봉안당,수목장,,,층,1단 2층1단,58000000
516,팔공산도림사추모공원,516,공설,,수목장,봉안당,수목장,,,B층4단,B1층4단,60000000
516,팔공산도림사추모공원,516,공설,,수목장,봉안당,수목장,,,B층5단,B1층5단,60000000
516,팔공산도림사추모공원,516,공설,,수목장,봉안당,수목장,,,B층4단,B1층4단,60000000
516,팔공산도림사추모공원,516,공설,,수목장,봉안당,수목장,,,B층5단,B1층5단,60000000
516,팔공산도림사추모공원,516,공설,,수목장,봉안당,수목장,,,B층4단,B1층4단,65000000
516,팔공산도림사추모공원,516,공설,,수목장,봉안당,수목장,,,B층5단1,B1층5단1,65000000
516,팔공산도림사추모공원,516,공설,,수목장,봉안당,수목장,,,B층3단,B1층3단,68000000
516,팔공산도림사추모공원,516,공설,,수목장,봉안당,수목장,,,B층6단1,B1층6단1,68000000
516,팔공산도림사추모공원,516,공설,,수목장,봉안당,수목장,,,층1단,3층1단,68000000
516,팔공산도림사추모공원,516,공설,,수목장,봉안당,수목장,,,특별실단,특별실1단,70000000
516,팔공산도림사추모공원,516,공설,,수목장,봉안당,수목장,,,B층2단,B1층2단,78000000
516,팔공산도림사추모공원,516,공설,,수목장,봉안당,수목장,,,B층7단,B1층7단,78000000
516,팔공산도림사추모공원,516,공설,,수목장,봉안당,수목장,,,B층2단,B1층2단,78000000
516,팔공산도림사추모공원,516,공설,,수목장,봉안당,수목장,,,B층7단,B1층7단,78000000
516,팔공산도림사추모공원,516,공설,,수목장,봉안당,수목장,,,B층4단,B1층4단,86000000
516,팔공산도림사추모공원,516,공설,,수목장,봉안당,수목장,,,B층5단,B1층5단,86000000
516,팔공산도림사추모공원,516,공설,,수목장,봉안당,수목장,,,B층2단,B1층2단,88000000
516,팔공산도림사추모공원,516,공설,,수목장,봉안당,수목장,,,B층7단2,B1층7단2,88000000
516,팔공산도림사추모공원,516,공설,,수목장,봉안당,수목장,,,특별실단,특별실2단,90000000
516,팔공산도림사추모공원,516,공설,,수목장,봉안당,수목장,,,특별실단,특별실7단,90000000
516,팔공산도림사추모공원,516,공설,,수목장,봉안당,수목장,,,B층3단,B1층3단,98000000
516,팔공산도림사추모공원,516,공설,,수목장,봉안당,수목장,,,B층6단,B1층6단,98000000
516,팔공산도림사추모공원,516,공설,,수목장,봉안당,수목장,,,B층3단,B1층3단,98000000
516,팔공산도림사추모공원,516,공설,,수목장,봉안당,수목장,,,B층6단,B1층6단,98000000
516,팔공산도림사추모공원,516,공설,,수목장,봉안당,수목장,,,B층3단,B1층3단,108000000
516,팔공산도림사추모공원,516,공설,,수목장,봉안당,수목장,,,B층6단,B1층6단,108000000
516,팔공산도림사추모공원,516,공설,,수목장,봉안당,수목장,,,특별실단,특별실1단,110000000
516,팔공산도림사추모공원,516,공설,,수목장,봉안당,수목장,,,특별실단,특별실6단,110000000
516,팔공산도림사추모공원,516,공설,,수목장,봉안당,수목장,,,B층4단,B1층4단,118000000
516,팔공산도림사추모공원,516,공설,,수목장,봉안당,수목장,,,B층5단,B1층5단,118000000
516,팔공산도림사추모공원,516,공설,,수목장,봉안당,수목장,,,B층4단,B1층4단,118000000
516,팔공산도림사추모공원,516,공설,,수목장,봉안당,수목장,,,B층5단,B1층5단,118000000
516,팔공산도림사추모공원,516,공설,,수목장,봉안당,수목장,,,B층4단1,B1층4단1,128000000
516,팔공산도림사추모공원,516,공설,,수목장,봉안당,수목장,,,B층5단,B1층5단,128000000
516,팔공산도림사추모공원,516,공설,,수목장,봉안당,수목장,,,특별실단,특별실1단,130000000
516,팔공산도림사추모공원,516,공설,,수목장,봉안당,수목장,,,특별실단,특별실5단,130000000
516,팔공산도림사추모공원,516,공설,,수목장,봉안당,수목장,,,특별실단,특별실1단,140000000
516,팔공산도림사추모공원,516,공설,,수목장,봉안당,수목장,,,특별실단,특별실1단,180000000
516,팔공산도림사추모공원,516,공설,,수목장,봉안당,수목장,,,특별실단,특별실1단,180000000
516,팔공산도림사추모공원,516,공설,,수목장,봉안당,수목장,,,특별실단,특별실3단,220000000
516,팔공산도림사추모공원,516,공설,,수목장,봉안당,수목장,,,특별실단,특별실1단,220000000
516,팔공산도림사추모공원,516,공설,,수목장,봉안당,수목장,,,특별실단,1 특별실1단1,260000000
516,팔공산도림사추모공원,516,공설,,수목장,봉안당,수목장,,,특별실단,특별실1단,260000000
517,파주추모공원 봉안당,517,공설,,봉안당,"봉안당, 공원묘지",봉안당,개인단,,무우전(층),"1단(개인단)영구(관리비 5년선납기준,1년 5만원)",15000000
517,파주추모공원 봉안당,517,공설,,봉안당,"봉안당, 공원묘지",봉안당,개인단,,무우전(층) - 9단(개인단)영구,"관리비 5년선납기준,1년",15000000
517,파주추모공원 봉안당,517,공설,,봉안당,"봉안당, 공원묘지",봉안당,개인단,,무우전(층) - 2단(개인단)영구,"(관리비 5년선납기준,1년 5만원)",20000000
517,파주추모공원 봉안당,517,공설,,봉안당,"봉안당, 공원묘지",봉안당,개인단,,무우전(층),"8단(개인단)영구(관리비 5년선납기준,1년 5만원)",20000000
517,파주추모공원 봉안당,517,공설,,봉안당,"봉안당, 공원묘지",봉안당,개인단,,,,20000000
517,파주추모공원 봉안당,517,공설,,봉안당,"봉안당, 공원묘지",봉안당,개인단,,신관층 수미전1관 측면 - 9단(개인단)영구,"(관리비 5년선납기준,1년)",20000000
517,파주추모공원 봉안당,517,공설,,봉안당,"봉안당, 공원묘지",봉안당,개인단,,무우전(층) - 3단(개인단)영구,"관리비 5년선납기준,1년",25000000
517,파주추모공원 봉안당,517,공설,,봉안당,"봉안당, 공원묘지",봉안당,개인단,,,,25000000
517,파주추모공원 봉안당,517,공설,,봉안당,"봉안당, 공원묘지",봉안당,개인단,,무우전(층) - 7단(개인단)영구,"(관리비 5년선납기준,1년 5만원)",30000000
517,파주추모공원 봉안당,517,공설,불교,봉안당,"봉안당, 공원묘지",봉안당,개인단,,지장전(층) - 8단(개인단)영구,"관리비 5년선납기준,1년",30000000
517,파주추모공원 봉안당,517,공설,,봉안당,"봉안당, 공원묘지",봉안당,개인단,,신관층 수미전1관 측면 - 1단(개인단)영구,"(관리비 5년선납기준,1년 5만원)",30000000
517,파주추모공원 봉안당,517,공설,,봉안당,"봉안당, 공원묘지",봉안당,개인단,,개인단,"신관층 수미전1관 측면 - 8단 영구(관리비 5년선납기준,1년 5만원)1 신관2층 수미전1관 측면 - 8단 영구(관리비 5년선납기준,1년 5만원)1",30000000
517,파주추모공원 봉안당,517,공설,,봉안당,"봉안당, 공원묘지",봉안당,개인단,,,,30000000
517,파주추모공원 봉안당,517,공설,,봉안당,"봉안당, 공원묘지",봉안당,개인단,,신관층 수미전2관 - 1단(개인단)영구,"(관리비 5년선납기준,1년 5만원)",30000000
517,파주추모공원 봉안당,517,공설,,봉안당,"봉안당, 공원묘지",봉안당,개인단,,무우전,"(층) - 4단(개인단)영구(관리비 5년선납기준,1년 5만원)",35000000
517,파주추모공원 봉안당,517,공설,불교,봉안당,"봉안당, 공원묘지",봉안당,개인단,,지장전(층),"2단(개인단)영구(관리비 5년선납기준,1년)",35000000
517,파주추모공원 봉안당,517,공설,,봉안당,"봉안당, 공원묘지",봉안당,개인단,,신관층 수미전2관 - 1단(개인단)영구,"(관리비 5년선납기준,1년 5만원) 신관3층 수미전2관 - 1단(개인단)영구(관리비 5년선납기준,1년 5만원)",35000000
517,파주추모공원 봉안당,517,공설,,봉안당,"봉안당, 공원묘지",봉안당,개인단,,무우전(층),"- 5단(개인단)영구(관리비 5년선납기준,1년)",40000000
517,파주추모공원 봉안당,517,공설,,봉안당,"봉안당, 공원묘지",봉안당,개인단,,무우전(층) - 6단(개인단)영구,"(관리비 5년선납기준,1년 5만원)",40000000
517,파주추모공원 봉안당,517,공설,,봉안당,"봉안당, 공원묘지",봉안당,개인단,,,,40000000
517,파주추모공원 봉안당,517,공설,불교,봉안당,"봉안당, 공원묘지",봉안당,개인단,,지장전,"(층) - 7단(개인단)영구(관리비 5년선납기준,1년 5만원)1",40000000
517,파주추모공원 봉안당,517,공설,,봉안당,"봉안당, 공원묘지",봉안당,개인단,,신관층 수미전1관 측면,"2단(개인단)영구(관리비 5년선납기준,1년)",40000000
517,파주추모공원 봉안당,517,공설,,봉안당,"봉안당, 공원묘지",봉안당,개인단,,수미전1관 정면 - 1단(개인단)영구,신관층,40000000
517,파주추모공원 봉안당,517,공설,,봉안당,"봉안당, 공원묘지",봉안당,개인단,,신관층 수미전1관 정면 - 8단(개인단)영구,"(관리비 5년선납기준,1년 5만원)",40000000
517,파주추모공원 봉안당,517,공설,,봉안당,"봉안당, 공원묘지",봉안당,개인단,,수미전1관 창측,"신관층/신관2층 - 1단(개인단)영구(관리비 5년선납기준,1년 )1",40000000
517,파주추모공원 봉안당,517,공설,,봉안당,"봉안당, 공원묘지",봉안당,개인단,,신관층 수미전1관 창측 - 8단(개인단)영구,"신관2층 수미전1관 창측 - 8단(개인단)영구(관리비 5년선납기준,1년)",40000000
517,파주추모공원 봉안당,517,공설,,봉안당,"봉안당, 공원묘지",봉안당,개인단,,신관층 수미전2관 - 1단(개인단)영구,"(관리비 5년선납기준,1년 5만원) 신관3층 수미전2관 - 1단(개인단)영구(관리비 5년선납기준,1년 5만원)",40000000
517,파주추모공원 봉안당,517,공설,,봉안당,"봉안당, 공원묘지",봉안당,개인단,,,,45000000
517,파주추모공원 봉안당,517,공설,,봉안당,"봉안당, 공원묘지",봉안당,개인단,,신관층 수미전1관 63/64번방 - 1단(개인단)영구,"(관리비 5년선납기준,1년 5만원) 신관2층 수미전1관 63/64번방 - 1단(개인단)영구(관리비 5년선납기준,1년 5만원)",45000000
517,파주추모공원 봉안당,517,공설,불교,봉안당,"봉안당, 공원묘지",봉안당,개인단,,지장전(층) - 4단(개인단)영구,"(관리비 5년선납기준,1년 5만원)",50000000
517,파주추모공원 봉안당,517,공설,,봉안당,"봉안당, 공원묘지",봉안당,개인단,,하늘품 - 단(개인단)영구,"(관리비 5년선납기준,1년)",50000000
517,파주추모공원 봉안당,517,공설,,봉안당,"봉안당, 공원묘지",봉안당,개인단,,신관층 수미전1관 측면 - 3단(개인단)영구,"(관리비 5년선납기준,1년 )1",50000000
517,파주추모공원 봉안당,517,공설,,봉안당,"봉안당, 공원묘지",봉안당,개인단,,수미전1관 측면 - 7단(개인단)영구,신관층,50000000
517,파주추모공원 봉안당,517,공설,,봉안당,"봉안당, 공원묘지",봉안당,개인단,,신관층 수미전1관 정면 - 2단(개인단)영구,"신관2층 수미전1관 정면 - 2단(개인단)영구(관리비 5년선납기준,1년)",50000000
517,파주추모공원 봉안당,517,공설,,봉안당,"봉안당, 공원묘지",봉안당,개인단,,신관층 수미전1관 창측 - 2단(개인단)영구,"(관리비 5년선납기준,1년 5만원)",50000000
517,파주추모공원 봉안당,517,공설,,봉안당,"봉안당, 공원묘지",봉안당,개인단,,신관층 수미전2관 - 1단(개인단)영구,"(관리비 5년선납기준,1년 5만원) 신관3층 수미전2관 - 1단(개인단)영구(관리비 5년선납기준,1년 5만원)",50000000
517,파주추모공원 봉안당,517,공설,,봉안당,"봉안당, 공원묘지",봉안당,개인단,,,,55000000
517,파주추모공원 봉안당,517,공설,,봉안당,"봉안당, 공원묘지",봉안당,개인단,,,,55000000
517,파주추모공원 봉안당,517,공설,,봉안당,"봉안당, 공원묘지",봉안당,개인단,,수미전1관 63/64번방 - 2단(개인단)영구,"신관층 (관리비 5년선납기준,1년 5만원)",55000000
517,파주추모공원 봉안당,517,공설,,봉안당,"봉안당, 공원묘지",봉안당,개인단,,하늘품 - 단,"(개인단)영구(관리비 5년선납기준,1년 5만원)",60000000
517,파주추모공원 봉안당,517,공설,,봉안당,"봉안당, 공원묘지",봉안당,개인단,,,,60000000
517,파주추모공원 봉안당,517,공설,,봉안당,"봉안당, 공원묘지",봉안당,개인단,,신관층 수미전1관 측면 - 4단(개인단)영구,"(관리비 5년선납기준,1년 5만원) 신관2층 수미전1관 측면 - 4단(개인단)영구(관리비 5년선납기준,1년 5만원)",60000000
517,파주추모공원 봉안당,517,공설,,봉안당,"봉안당, 공원묘지",봉안당,개인단,,신관층 수미전1관 측면 - 6단(개인단)영구,"(관리비 5년선납기준,1년 5만원)",60000000
517,파주추모공원 봉안당,517,공설,,봉안당,"봉안당, 공원묘지",봉안당,개인단,,신관층 수미전1관 정면 - 3단(개인단)영구,"(관리비 5년선납기준,1년 5만원)",60000000
517,파주추모공원 봉안당,517,공설,,봉안당,"봉안당, 공원묘지",봉안당,개인단,,신관층 수미전1관 정면,7단(개인단)영구(관리비 5년선납기준),60000000
517,파주추모공원 봉안당,517,공설,,봉안당,"봉안당, 공원묘지",봉안당,개인단,,신관층 수미전1관 창측 - 3단(개인단)영구,"(관리비 5년선납기준,1년 5만원)",60000000
517,파주추모공원 봉안당,517,공설,,봉안당,"봉안당, 공원묘지",봉안당,개인단,,신관층 수미전1관 창측 - 7단(개인단)영구,"(관리비 5년선납기준,1년 5만원) 신관2층 수미전1관 창측 - 7단(개인단)영구 (관리비 5년선납기준,1년 5만원)",60000000
517,파주추모공원 봉안당,517,공설,,봉안당,"봉안당, 공원묘지",봉안당,개인단,,신관층 수미전2관 - 1단(개인단)영구,"(관리비 5년선납기준,1년 5만원) 신관3층 수미전2관 - 1단(개인단)영구(관리비 5년선납기준,1년 5만원)",60000000
517,파주추모공원 봉안당,517,공설,,봉안당,"봉안당, 공원묘지",봉안당,개인단,,수미전1관 측면 - 5단(개인단)영구,"신관층, (관리비 5년선납기준,1년 5만원)",65000000
517,파주추모공원 봉안당,517,공설,,봉안당,"봉안당, 공원묘지",봉안당,개인단,,신관층 수미전2관 - 1단(개인단)영구,"(관리비 5년선납기준,1년 5만원) 신관3층 수미전2관 - 1단(개인단)영구(관리비 5년선납기준,1년 5만원)",65000000
517,파주추모공원 봉안당,517,공설,,봉안당,"봉안당, 공원묘지",봉안당,개인단,,,,70000000
517,파주추모공원 봉안당,517,공설,,봉안당,"봉안당, 공원묘지",봉안당,개인단,,신관층 수미전1관 정면 - 4단(개인단)영구,"(관리비 5년선납기준,1년 5만원)",70000000
517,파주추모공원 봉안당,517,공설,,봉안당,"봉안당, 공원묘지",봉안당,개인단,,수미전1관 6단(개인단)영구,"신관층 정면, 신관2층 정면 (관리비 5년선납기준,1년 5만원)",70000000
517,파주추모공원 봉안당,517,공설,,봉안당,"봉안당, 공원묘지",봉안당,개인단,,신관층 수미전1관 창측 - 4단(개인단)영구,"(관리비 5년선납기준,1년 5만원)",70000000
517,파주추모공원 봉안당,517,공설,,봉안당,"봉안당, 공원묘지",봉안당,개인단,,신관층 수미전1관 창측 - 6단(개인단)영구,"(관리비 5년선납기준,1년 5만원)",70000000
517,파주추모공원 봉안당,517,공설,,봉안당,"봉안당, 공원묘지",봉안당,개인단,,신관층 수미전1관 63/64번방 - 3단(개인단)영구 / 신관2층 수미전1관 63/64번방 - 3단(개인단)영구,"(관리비 5년선납기준,1년 5만원)",70000000
517,파주추모공원 봉안당,517,공설,,봉안당,"봉안당, 공원묘지",봉안당,개인단,,,,75000000
517,파주추모공원 봉안당,517,공설,,봉안당,"봉안당, 공원묘지",봉안당,개인단,,신관층 수미전1관 창측 - 5단(개인단)영구,"(관리비 5년선납기준,1년 5만원) 신관2층 수미전1관 창측 - 5단(개인단)영구(관리비 5년선납기준,1년 5만원)",75000000
517,파주추모공원 봉안당,517,공설,,봉안당,"봉안당, 공원묘지",봉안당,개인단,,,,80000000
517,파주추모공원 봉안당,517,공설,,봉안당,"봉안당, 공원묘지",봉안당,개인단,,,,80000000
517,파주추모공원 봉안당,517,공설,,봉안당,"봉안당, 공원묘지",봉안당,개인단,,신관층 수미전1관 63/64번방 - 4단(개인단)영구,"(관리비 5년선납기준,1년 5만원) 신관2층 수미전1관 63/64번방 - 4단(개인단)영구(관리비 5년선납기준,1년 5만원)",80000000
517,파주추모공원 봉안당,517,공설,,봉안당,"봉안당, 공원묘지",봉안당,개인단,,신관층 수미전1관 63/64번방 - 5단(개인단)영구,"(관리비 5년선납기준,1년 5만원) 신관2층 수미전1관 63/64번방 - 5단(개인단)영구(관리비 5년선납기준,1년 5만원)",80000000
517,파주추모공원 봉안당,517,공설,,봉안당,"봉안당, 공원묘지",봉안당,개인단,,신관층 수미전1관 63/64번방 - 6단(개인단)영구,"(관리비 5년선납기준,1년 5만원) 신관2층 수미전1관 63/64번방 - 6단(개인단)영구(관리비 5년선납기준,1년 5만원)",80000000
517,파주추모공원 봉안당,517,공설,,봉안당,"봉안당, 공원묘지",봉안당,개인단,,신관층 수미전2관 - 1단(개인단)영구,"(관리비 5년선납기준,1년 5만원) 신관3층 수미전2관 - 1단(개인단)영구(관리비 5년선납기준,1년 5만원)",80000000
517,파주추모공원 봉안당,517,공설,,봉안당,"봉안당, 공원묘지",봉안당,개인단,,신관층 수미전2관 - 1단(개인단)영구,"(관리비 5년선납기준,1년 5만원) 신관3층 수미전2관 - 1단(개인단)영구(관리비 5년선납기준,1년 5만원)",80000000
517,파주추모공원 봉안당,517,공설,,봉안당,"봉안당, 공원묘지",봉안당,개인단,,신관층 수미전2관 - 1단(개인단)영구,"관리비 5년선납기준,1년 5만원",85000000
518,(재)유명추모공원,518,공설,,"봉안당, 수목장",봉안당,봉안당,,,꽃장식,(소),15000
518,(재)유명추모공원,518,공설,,"봉안당, 수목장",봉안당,봉안당,,,꽃장식,(중) 꽃장식(중),30000
518,(재)유명추모공원,518,공설,,"봉안당, 수목장",봉안당,봉안당,,,꽃장식,스티커,30000
518,(재)유명추모공원,518,공설,,"봉안당, 수목장",봉안당,봉안당,,,유리세공장식,유리세공장식,30000
518,(재)유명추모공원,518,공설,,"봉안당, 수목장",봉안당,봉안당,,,성경책모형,,30000
518,(재)유명추모공원,518,공설,,"봉안당, 수목장",봉안당,봉안당,개인단,,리스(개인),리스(개인),50000
518,(재)유명추모공원,518,공설,,"봉안당, 수목장",봉안당,봉안당,부부단,,리스(부부),,80000
518,(재)유명추모공원,518,공설,,"봉안당, 수목장",봉안당,봉안당,,,제사상(피규어),제사상(피규어),80000
518,(재)유명추모공원,518,공설,,"봉안당, 수목장",봉안당,봉안당,,,별관년임대,1단 별관15년임대 1단,6000000
518,(재)유명추모공원,518,공설,,"봉안당, 수목장",봉안당,봉안당,,,별관년임대,2단 별관15년임대(2단),7000000
518,(재)유명추모공원,518,공설,,"봉안당, 수목장",봉안당,봉안당,,,별관년임대,3단 별관15년임대(3단),9000000
518,(재)유명추모공원,518,공설,,"봉안당, 수목장",봉안당,봉안당,,,일반실,"단, 8단",10000000
518,(재)유명추모공원,518,공설,,"봉안당, 수목장",봉안당,봉안당,,,별관년임대,"7단, 별관15년임대(7단)",10000000
518,(재)유명추모공원,518,공설,,"봉안당, 수목장",봉안당,봉안당,,,별관년임대,(4단) 별관15년임대(4단),11000000
518,(재)유명추모공원,518,공설,,"봉안당, 수목장",봉안당,봉안당,,,별관년임대,"5단, 별관15년임대(5단)",12000000
518,(재)유명추모공원,518,공설,,"봉안당, 수목장",봉안당,봉안당,,,별관년임대,(6단) 별관15년임대(6단),12000000
518,(재)유명추모공원,518,공설,,"봉안당, 수목장",봉안당,봉안당,,,별관년임대,1단 별관15년임대(1단),12000000
518,(재)유명추모공원,518,공설,,"봉안당, 수목장",봉안당,봉안당,,,별관년임대,2단 별관15년임대 2단,14000000
518,(재)유명추모공원,518,공설,,"봉안당, 수목장",봉안당,봉안당,,,일반실,단 일반실(1단),15000000
518,(재)유명추모공원,518,공설,,"봉안당, 수목장",봉안당,봉안당,,,특별실,"단, 8단",15000000
518,(재)유명추모공원,518,공설,,"봉안당, 수목장",봉안당,봉안당,,,별관년임대,(3단) 별관15년임대(3단),18000000
518,(재)유명추모공원,518,공설,,"봉안당, 수목장",봉안당,봉안당,,,고급실,(단) 고급실(1단),20000000
518,(재)유명추모공원,518,공설,,"봉안당, 수목장",봉안당,봉안당,,,고급실,"단, 9단",20000000
518,(재)유명추모공원,518,공설,,"봉안당, 수목장",봉안당,봉안당,,,별관년임대,(7단) 별관15년임대(7단),20000000
518,(재)유명추모공원,518,공설,,"봉안당, 수목장",봉안당,봉안당,,,일반실,"단, 7단",22000000
518,(재)유명추모공원,518,공설,,"봉안당, 수목장",봉안당,봉안당,,,일반실,"단, 8단",22000000
518,(재)유명추모공원,518,공설,,"봉안당, 수목장",봉안당,봉안당,,,특별실,특별실(1단),22000000
518,(재)유명추모공원,518,공설,,"봉안당, 수목장",봉안당,봉안당,,,별관년임대,4단 별관15년임대(4단),22000000
518,(재)유명추모공원,518,공설,,"봉안당, 수목장",봉안당,봉안당,,,별관년임대,"5단, 별관15년임대(5단)",24000000
518,(재)유명추모공원,518,공설,,"봉안당, 수목장",봉안당,봉안당,,,별관년임대,(6단) 별관15년임대(6단),24000000
518,(재)유명추모공원,518,공설,,"봉안당, 수목장",봉안당,봉안당,,,일반실,"단, 일반실 2단",25000000
518,(재)유명추모공원,518,공설,,"봉안당, 수목장",봉안당,봉안당,,,고급실,"단, 8단",25000000
518,(재)유명추모공원,518,공설,,"봉안당, 수목장",봉안당,봉안당,,,일반실,"(단), (8단)",30000000
518,(재)유명추모공원,518,공설,,"봉안당, 수목장",봉안당,봉안당,,,일반실,단 일반실(1단),30000000
518,(재)유명추모공원,518,공설,,"봉안당, 수목장",봉안당,봉안당,,,고급실,"단, 2단",30000000
518,(재)유명추모공원,518,공설,,"봉안당, 수목장",봉안당,봉안당,,,고급실,"단, 7단",30000000
518,(재)유명추모공원,518,공설,,"봉안당, 수목장",봉안당,봉안당,,,특별실,(단) 특별실 (8단),30000000
518,(재)유명추모공원,518,공설,,"봉안당, 수목장",봉안당,봉안당,,,일반실,"단, 3단",33000000
518,(재)유명추모공원,518,공설,,"봉안당, 수목장",봉안당,봉안당,,,특별실(단),특별실(7단),33000000
518,(재)유명추모공원,518,공설,,"봉안당, 수목장",봉안당,봉안당,,,,,35000000
518,(재)유명추모공원,518,공설,,"봉안당, 수목장",봉안당,봉안당,,,특별실,"(단), (8단)",37000000
518,(재)유명추모공원,518,공설,,"봉안당, 수목장",봉안당,봉안당,,,,,40000000
518,(재)유명추모공원,518,공설,,"봉안당, 수목장",봉안당,봉안당,,,,,40000000
518,(재)유명추모공원,518,공설,,"봉안당, 수목장",봉안당,봉안당,,,,,40000000
518,(재)유명추모공원,518,공설,,"봉안당, 수목장",봉안당,봉안당,,,,,44000000
518,(재)유명추모공원,518,공설,,"봉안당, 수목장",봉안당,봉안당,,,특별실,(단) 특별실(8단),44000000
518,(재)유명추모공원,518,공설,,"봉안당, 수목장",봉안당,봉안당,,,고급실,"단, 4단",45000000
518,(재)유명추모공원,518,공설,,"봉안당, 수목장",봉안당,봉안당,,,고급실,"단, 6단",45000000
518,(재)유명추모공원,518,공설,,"봉안당, 수목장",봉안당,봉안당,,,특별실,"(단), (8단)",45000000
518,(재)유명추모공원,518,공설,,"봉안당, 수목장",봉안당,봉안당,,,일반실,"단, 일반실(2단)",50000000
518,(재)유명추모공원,518,공설,,"봉안당, 수목장",봉안당,봉안당,,,고급실,"단, 5단",50000000
518,(재)유명추모공원,518,공설,,"봉안당, 수목장",봉안당,봉안당,,,고급실,단 고급실(1단),50000000
518,(재)유명추모공원,518,공설,,"봉안당, 수목장",봉안당,봉안당,,,고급실,단 고급실(8단),50000000
518,(재)유명추모공원,518,공설,,"봉안당, 수목장",봉안당,봉안당,,,특별실,"단, 3단",50000000
518,(재)유명추모공원,518,공설,,"봉안당, 수목장",봉안당,봉안당,,,일반실,"단, 6단",60000000
518,(재)유명추모공원,518,공설,,"봉안당, 수목장",봉안당,봉안당,,,고급실,"단, 2단",60000000
518,(재)유명추모공원,518,공설,,"봉안당, 수목장",봉안당,봉안당,,,고급실,(단) 고급실(7단),60000000
518,(재)유명추모공원,518,공설,,"봉안당, 수목장",봉안당,봉안당,,,특별실,"단, 4단",60000000
518,(재)유명추모공원,518,공설,,"봉안당, 수목장",봉안당,봉안당,,,특별실,"단, 5단",60000000
518,(재)유명추모공원,518,공설,,"봉안당, 수목장",봉안당,봉안당,,,일반실,"단, 3단",66000000
518,(재)유명추모공원,518,공설,,"봉안당, 수목장",봉안당,봉안당,,,특별실,"단, 7단",66000000
518,(재)유명추모공원,518,공설,,"봉안당, 수목장",봉안당,봉안당,,,고급실,"단, 3단",70000000
518,(재)유명추모공원,518,공설,,"봉안당, 수목장",봉안당,봉안당,,,특별실,단 특별실(2단),74000000
518,(재)유명추모공원,518,공설,,"봉안당, 수목장",봉안당,봉안당,,,일반실,"단, 일반실(4단)",80000000
518,(재)유명추모공원,518,공설,,"봉안당, 수목장",봉안당,봉안당,,,일반실,"(단), (8단)",80000000
518,(재)유명추모공원,518,공설,,"봉안당, 수목장",봉안당,봉안당,,,고급실,"단, 4단",90000000
518,(재)유명추모공원,518,공설,,"봉안당, 수목장",봉안당,봉안당,,,고급실,"단, 6단",90000000
518,(재)유명추모공원,518,공설,,"봉안당, 수목장",봉안당,봉안당,,,특별실,"단, 6단",90000000
518,(재)유명추모공원,518,공설,,"봉안당, 수목장",봉안당,봉안당,,,고급실,"단, 5단",100000000
518,(재)유명추모공원,518,공설,,"봉안당, 수목장",봉안당,봉안당,,,특별실,단 특별실(3단),100000000
518,(재)유명추모공원,518,공설,,"봉안당, 수목장",봉안당,봉안당,,,특별실,(단) 특별실(4단),120000000
518,(재)유명추모공원,518,공설,,"봉안당, 수목장",봉안당,봉안당,,,특별실,"(단), (8단)",120000000
518,(재)유명추모공원,518,공설,,"봉안당, 수목장",봉안당,수목장,개인단,,잔디장,개인,50000
518,(재)유명추모공원,518,공설,,"봉안당, 수목장",봉안당,수목장,부부단,,잔디장(부부),잔디장(부부),80000
519,양평추모공원 더포레,519,공설,,봉안당,봉안당,봉안당,,,일반실 8단,(기본형)W290 * D300 * H270 (단위 : mm) 1,20000000
519,양평추모공원 더포레,519,공설,,봉안당,봉안당,봉안당,,,일반실 단 (기본형),W290 * D300 * H270 (단위 : mm) 일반실 1단 (기본형)W290 * D300 * H270 (단위 : mm),25000000
519,양평추모공원 더포레,519,공설,,봉안당,봉안당,봉안당,,,고급실 단 (기본형),W290 * D300 * H245 (단위 : mm),30000000
519,양평추모공원 더포레,519,공설,,봉안당,봉안당,봉안당,,,고급실 원목형,단W260 * D410 * H280 (단위 : mm) 고급실 원목형 8단W260 * D410 * H280 (단위 : mm),30000000
519,양평추모공원 더포레,519,공설,,봉안당,봉안당,봉안당,,,고급실 단,(기본형)W290 * D300 * H245 (단위 : mm),35000000
519,양평추모공원 더포레,519,공설,,봉안당,봉안당,봉안당,,,고급실 원목형,단W260 * D410 * H280 (단위 : mm) 고급실 원목형 1단W260 * D410 * H280 (단위 : mm),35000000
519,양평추모공원 더포레,519,공설,,봉안당,봉안당,봉안당,,,일반실 단 (기본형),W290 * D300 * H270 (단위 : mm),40000000
519,양평추모공원 더포레,519,공설,,봉안당,봉안당,봉안당,,,일반실 단 (기본형),W290 * D300 * H270 (단위 : mm),40000000
519,양평추모공원 더포레,519,공설,,봉안당,봉안당,봉안당,,,일반실 단 (확장형),W585 * D300 * H270 (단위 : mm) 일반실 8단 (확장형)W585 * D300 * H270 (단위 : mm),40000000
519,양평추모공원 더포레,519,공설,,봉안당,봉안당,봉안당,,,일반실 단 (확장형),W585 * D300 * H270 (단위 : mm) 일반실 1단 (확장형)W585 * D300 * H270 (단위 : mm),50000000
519,양평추모공원 더포레,519,공설,,봉안당,봉안당,봉안당,,,,,50000000
519,양평추모공원 더포레,519,공설,,봉안당,봉안당,봉안당,,,,,50000000
519,양평추모공원 더포레,519,공설,,봉안당,봉안당,봉안당,,,고급실 원목형,단W260 * D410 * H280 (단위 : mm) 고급실 원목형 7단W260 * D410 * H280 (단위 : mm),50000000
519,양평추모공원 더포레,519,공설,,봉안당,봉안당,봉안당,,,고급실 원목형,"단W260 * D410 * H280 (단위 : mm), 2단W260 * D410 * H280 (단위 : mm)",50000000
519,양평추모공원 더포레,519,공설,,봉안당,봉안당,봉안당,,,일반실 단 (기본형),W290 * D300 * H270 (단위 : mm) 일반실 6단 (기본형)W290 * D300 * H270 (단위 : mm),60000000
519,양평추모공원 더포레,519,공설,,봉안당,봉안당,봉안당,,,,,60000000
519,양평추모공원 더포레,519,공설,,봉안당,봉안당,봉안당,,,고급실 단 (확장형),W610 * D300 * H245 (단위 : mm),60000000
519,양평추모공원 더포레,519,공설,,봉안당,봉안당,봉안당,,,고급실 원목형 단 확장형,W585 * D410 * H280 (단위 : mm),60000000
519,양평추모공원 더포레,519,공설,,봉안당,봉안당,봉안당,,,고급실 단 (기본형),W290 * D300 * H245 (단위 : mm),70000000
519,양평추모공원 더포레,519,공설,,봉안당,봉안당,봉안당,,,고급실 단 (확장형),W610 * D300 * H245 (단위 : mm),70000000
519,양평추모공원 더포레,519,공설,,봉안당,봉안당,봉안당,,,VIP실 단,W310 * D295 * H300 (단위 : mm),70000000
519,양평추모공원 더포레,519,공설,,봉안당,봉안당,봉안당,,,고급실 원목형,단W260 * D410 * H280 (단위 : mm) 고급실 원목형 3단W260 * D410 * H280 (단위 : mm),70000000
519,양평추모공원 더포레,519,공설,,봉안당,봉안당,봉안당,,,고급실 원목형 단 확장형,W585 * D410 * H280 (단위 : mm),70000000
519,양평추모공원 더포레,519,공설,,봉안당,봉안당,봉안당,,,,,80000000
519,양평추모공원 더포레,519,공설,,봉안당,봉안당,봉안당,,,일반실 단 (기본형),W290 * D300 * H270 (단위 : mm),80000000
519,양평추모공원 더포레,519,공설,,봉안당,봉안당,봉안당,,,일반실 단 (확장형),W585 * D300 * H270 (단위 : mm),80000000
519,양평추모공원 더포레,519,공설,,봉안당,봉안당,봉안당,,,일반실 단 (확장형),W585 * D300 * H270 (단위 : mm),80000000
519,양평추모공원 더포레,519,공설,,봉안당,봉안당,봉안당,,,고급실 단,(기본형)W290 * D300 * H245 (단위 : mm),80000000
519,양평추모공원 더포레,519,공설,,봉안당,봉안당,봉안당,,,고급실 원목형,단W260 * D410 * H280 (단위 : mm) 고급실 원목형 6단W260 * D410 * H280 (단위 : mm),80000000
519,양평추모공원 더포레,519,공설,,봉안당,봉안당,봉안당,,,고급실 단 (기본형),W290 * D300 * H245 (단위 : mm),90000000
519,양평추모공원 더포레,519,공설,,봉안당,봉안당,봉안당,,,고급실 (기본형),"단, 8단; W290 * D300 * H245 (단위 : mm)",90000000
519,양평추모공원 더포레,519,공설,,봉안당,봉안당,봉안당,,,고급실 원목형,단W260 * D410 * H280 (단위 : mm) 고급실 원목형 5단W260 * D410 * H280 (단위 : mm),90000000
519,양평추모공원 더포레,519,공설,,봉안당,봉안당,봉안당,,,고급실 원목형,단W260 * D410 * H280 (단위 : mm) 고급실 원목형 4단W260 * D410 * H280 (단위 : mm),90000000
519,양평추모공원 더포레,519,공설,,봉안당,봉안당,봉안당,,,고급실 단 (확장형),W610 * D300 * H245 (단위 : mm),100000000
519,양평추모공원 더포레,519,공설,,봉안당,봉안당,봉안당,,,고급실 단 (확장형),W610 * D300 * H245 (단위 : mm),100000000
519,양평추모공원 더포레,519,공설,,봉안당,봉안당,봉안당,,,고급실 원목형 단 확장형,W585 * D410 * H280 (단위 : mm),100000000
519,양평추모공원 더포레,519,공설,,봉안당,봉안당,봉안당,,,고급실 원목형 단 확장형,W585 * D410 * H280 (단위 : mm),100000000
519,양평추모공원 더포레,519,공설,,봉안당,봉안당,봉안당,,,VIP실 1단,W310 * D295 * H300 (단위 : mm),110000000
519,양평추모공원 더포레,519,공설,,봉안당,봉안당,봉안당,,,VIP실 1단,W310 * D295 * H300 (단위 : mm),110000000
519,양평추모공원 더포레,519,공설,,봉안당,봉안당,봉안당,,,일반실 단 (확장형),W585 * D300 * H270 (단위 : mm),120000000
519,양평추모공원 더포레,519,공설,,봉안당,봉안당,봉안당,,,일반실 단 (확장형),W585 * D300 * H270 (단위 : mm),120000000
519,양평추모공원 더포레,519,공설,,봉안당,봉안당,봉안당,,,VIP실 1단,W310 * D295 * H300 (단위 : mm),130000000
519,양평추모공원 더포레,519,공설,,봉안당,봉안당,봉안당,,,고급실 단 (확장형),W610 * D300 * H245 (단위 : mm),140000000
519,양평추모공원 더포레,519,공설,,봉안당,봉안당,봉안당,,,VIP실 1단,W310 * D295 * H300 (단위 : mm),140000000
519,양평추모공원 더포레,519,공설,,봉안당,봉안당,봉안당,,,VIP실 1단,W310 * D295 * H300 (단위 : mm)  VIP실 1단W310 * D295 * H300 (단위 : mm),140000000
519,양평추모공원 더포레,519,공설,,봉안당,봉안당,봉안당,,,VIP실 단 (확장형),W645 * D295 * H300 (단위 : mm) VIP실 1단 (확장형)W645 * D295 * H300 (단위 : mm),140000000
519,양평추모공원 더포레,519,공설,,봉안당,봉안당,봉안당,,,고급실 원목형 단 확장형,W585 * D410 * H280 (단위 : mm),140000000
519,양평추모공원 더포레,519,공설,,봉안당,봉안당,봉안당,,,일반실 단 (확장형),W585 * D300 * H270 (단위 : mm) 일반실 5단 (확장형)W585 * D300 * H270 (단위 : mm),160000000
519,양평추모공원 더포레,519,공설,,봉안당,봉안당,봉안당,,,일반실 4단 (확장형),W585 * D300 * H270 (단위 : mm),160000000
519,양평추모공원 더포레,519,공설,,봉안당,봉안당,봉안당,,,고급실 단 (확장형),W610 * D300 * H245 (단위 : mm),160000000
519,양평추모공원 더포레,519,공설,,봉안당,봉안당,봉안당,,,고급실 원목형 8단 확장형,W585 * D410 * H280 (단위 : mm),160000000
519,양평추모공원 더포레,519,공설,,봉안당,봉안당,봉안당,,,고급실 단 (확장형),W610 * D300 * H245 (단위 : mm),180000000
519,양평추모공원 더포레,519,공설,,봉안당,봉안당,봉안당,,,고급실 단 (확장형),W610 * D300 * H245 (단위 : mm),180000000
519,양평추모공원 더포레,519,공설,,봉안당,봉안당,봉안당,,,고급실 원목형 단 확장형,W585 * D410 * H280 (단위 : mm),180000000
519,양평추모공원 더포레,519,공설,,봉안당,봉안당,봉안당,,,고급실 원목형 8단 확장형,W585 * D410 * H280 (단위 : mm),180000000
519,양평추모공원 더포레,519,공설,,봉안당,봉안당,봉안당,,,VIP실 단 (확장형),W645 * D295 * H300 (단위 : mm)1,220000000
519,양평추모공원 더포레,519,공설,,봉안당,봉안당,봉안당,,,VIP실 단 (확장형),W645 * D295 * H300 (단위 : mm) VIP실 1단 (확장형)W645 * D295 * H300 (단위 : mm),220000000
519,양평추모공원 더포레,519,공설,,봉안당,봉안당,봉안당,,,VIP실 단 (확장형),W645 * D295 * H300 (단위 : mm) VIP실 1단 (확장형)W645 * D295 * H300 (단위 : mm),260000000
519,양평추모공원 더포레,519,공설,,봉안당,봉안당,봉안당,,,VIP실 단 (확장형),W645 * D295 * H300 (단위 : mm),280000000
519,양평추모공원 더포레,519,공설,,봉안당,봉안당,봉안당,,,VIP실 단 (확장형),W645 * D295 * H300 (단위 : mm) VIP실 1단 (확장형)W645 * D295 * H300 (단위 : mm),280000000
519,양평추모공원 더포레,519,공설,,봉안당,봉안당,봉안당,가족단,,가족단,단 (최대 4위) 가족단 6단 (최대 4위),360000000
519,양평추모공원 더포레,519,공설,,봉안당,봉안당,봉안당,가족단,,가족단,단 (최대 4위) 가족단 6단 (최대 4위),360000000
519,양평추모공원 더포레,519,공설,,봉안당,봉안당,봉안당,가족단,,"가족단 (단, 6단)",(최대 4위),360000000
519,양평추모공원 더포레,519,공설,,봉안당,봉안당,봉안당,가족단,,가족단,단 (최대 4위) 가족단 6단 (최대 4위),360000000
519,양평추모공원 더포레,519,공설,,봉안당,봉안당,봉안당,,,갤러리형 상단,(최대 6위)W600 * D600 * H1250 (단위 : mm),630000000
519,양평추모공원 더포레,519,공설,,봉안당,봉안당,봉안당,,,갤러리형 하단,"(최대 위), (최대 6위), W600 * D600 * H1250 (단위 : mm)",0
519,양평추모공원 더포레,519,공설,,봉안당,봉안당,봉안당,,,갤러리형 상단 (최대 위),W600 * D600 * H1250 (단위 : mm),0
519,양평추모공원 더포레,519,공설,,봉안당,봉안당,봉안당,,,갤러리형 하단,(최대 위)W600 * D600 * H1250 (단위 : mm) 갤러리형 하단 (최대 6위)W600 * D600 * H1250 (단위 : mm),0
520,수불사추모공원,520,공설,불교,봉안당,봉안당,봉안당,개인단,,층 로얄관 개인단 측면 1단관리비-(5년) 일시 납,1 2층 로얄관 개인단 측면 1단관리비-(5년) 일시 납,30000000
520,수불사추모공원,520,공설,불교,봉안당,봉안당,봉안당,개인단,,층 로얄관 개인단 전면 1단,관리비-(5년) 일시 납,35000000
520,수불사추모공원,520,공설,불교,봉안당,봉안당,봉안당,개인단,,로얄관 개인단,측면 2단 관리비-(5년) 일시 납,40000000
520,수불사추모공원,520,공설,불교,봉안당,봉안당,봉안당,개인단,,로얄관 개인단 측면 8단관리비,"층, 2층, -(5년) 일시 납",40000000
520,수불사추모공원,520,공설,불교,봉안당,봉안당,봉안당,개인단,,층 로얄관 개인단 전면 2단,관리비-(5년) 일시 납,45000000
520,수불사추모공원,520,공설,불교,봉안당,봉안당,봉안당,개인단,,로얄관 개인단 전면,8단관리비-(5년) 일시 납,45000000
520,수불사추모공원,520,공설,불교,봉안당,봉안당,봉안당,개인단,,로얄관 개인단,층 측면 3단관리비-(5년) 일시 납,50000000
520,수불사추모공원,520,공설,불교,봉안당,봉안당,봉안당,개인단,,층 로얄관 개인단 측면 7단관리비-(5년) 일시 납,,50000000
520,수불사추모공원,520,공설,불교,봉안당,봉안당,봉안당,개인단,,로얄관 개인단 전면 3단,2층 로얄관 개인단 전면 3단 관리비-(5년) 일시 납,55000000
520,수불사추모공원,520,공설,불교,봉안당,봉안당,봉안당,개인단,,로얄관 개인단 전면 7단,층 관리비-(5년) 일시 납 2층 관리비-(5년) 일시 납,55000000
520,수불사추모공원,520,공설,불교,봉안당,봉안당,봉안당,개인단,,로얄관 개인단,층 측면 4단 관리비-(5년) 일시 납,60000000
520,수불사추모공원,520,공설,불교,봉안당,봉안당,봉안당,개인단,,층 로얄관 개인단 측면 6단관리비-(5년) 일시 납,2층 로얄관 개인단 측면 6단관리비-(5년) 일시 납,60000000
520,수불사추모공원,520,공설,불교,봉안당,봉안당,봉안당,부부단,,"층 로얄관 부부단 측면 1단(좌, 우)",관리비-(5년) 일시 납,60000000
520,수불사추모공원,520,공설,불교,봉안당,봉안당,봉안당,개인단,,층 로얄관 개인단 전면 4단관리비-(5년) 일시 납,1 2층 로얄관 개인단 전면 4단관리비-(5년) 일시 납,65000000
520,수불사추모공원,520,공설,불교,봉안당,봉안당,봉안당,개인단,,층 로얄관 개인단 전면 6단,관리비-(5년) 일시 납,65000000
520,수불사추모공원,520,공설,불교,봉안당,봉안당,봉안당,개인단,,층 로얄관 개인단 측면 5단관리비,(5년) 일시 납,65000000
520,수불사추모공원,520,공설,불교,봉안당,봉안당,봉안당,개인단,,로얄관 개인단 전면,5단관리비-(5년) 일시 납,70000000
520,수불사추모공원,520,공설,불교,봉안당,봉안당,봉안당,부부단,,"로얄관 부부단 전면 1단(좌, 우)",층 관리비-(5년) 일시 납,70000000
520,수불사추모공원,520,공설,불교,봉안당,봉안당,봉안당,부부단,,"로얄관 부부단 측면 2단(좌, 우)","층, 2층, 관리비-(5년) 일시 납 : 1",80000000
520,수불사추모공원,520,공설,불교,봉안당,봉안당,봉안당,부부단,,"층 로얄관 부부단 측면 8단(좌, 우)",관리비-(5년) 일시 납,80000000
520,수불사추모공원,520,공설,불교,봉안당,봉안당,봉안당,부부단,,로얄관 부부단,"전면 2단(좌, 우) 관리비-(5년) 일시 납",90000000
520,수불사추모공원,520,공설,불교,봉안당,봉안당,봉안당,부부단,,로얄관 부부단,"전면 8단(좌, 우) 관리비-(5년) 일시 납",90000000
520,수불사추모공원,520,공설,불교,봉안당,봉안당,봉안당,부부단,,"로얄관 부부단 측면 3단(좌, 우)",2층 관리비-(5년) 일시 납,100000000
520,수불사추모공원,520,공설,불교,봉안당,봉안당,봉안당,부부단,,로얄관 부부단,"측면 7단(좌, 우) 관리비-(5년) 일시 납",100000000
520,수불사추모공원,520,공설,불교,봉안당,봉안당,봉안당,부부단,,"층 로얄관 부부단 전면 3단(좌, 우)",관리비-(5년) 일시 납,110000000
520,수불사추모공원,520,공설,불교,봉안당,봉안당,봉안당,부부단,,"2층 로얄관 부부단 전면 7단(좌, 우)",관리비-(5년) 일시 납,110000000
520,수불사추모공원,520,공설,불교,봉안당,봉안당,봉안당,부부단,,"2층 로얄관 부부단 측면 4단(좌, 우)",관리비-(5년) 일시 납,120000000
520,수불사추모공원,520,공설,불교,봉안당,봉안당,봉안당,부부단,,"로얄관 부부단 측면 6단(좌, 우)","2층 로얄관 부부단 측면 6단(좌, 우)관리비-(5년) 일시 납  2층 로얄관 부부단 측면 6단(좌, 우)관리비-(5년) 일시 납",120000000
520,수불사추모공원,520,공설,불교,봉안당,봉안당,봉안당,부부단,,"층 로얄관 부부단 측면 5단(좌, 우)",관리비-(5년) 일시 납,130000000
520,수불사추모공원,520,공설,불교,봉안당,봉안당,봉안당,부부단,,로얄관 부부단,"층 전면 4단(좌, 우)관리비-(5년) 일시 납",130000000
520,수불사추모공원,520,공설,불교,봉안당,봉안당,봉안당,부부단,,"로얄관 부부단 전면 6단(좌, 우)",층 관리비-(5년) 일시 납,130000000
520,수불사추모공원,520,공설,불교,봉안당,봉안당,봉안당,부부단,,로얄관 부부단 전면,"5단(좌, 우) 관리비-(5년) 일시 납",140000000
520,수불사추모공원,520,공설,불교,봉안당,봉안당,기타(관리비),,,프리미엄관 일반실,1층 1단관리비-(5년) 일시 납,35000000
520,수불사추모공원,520,공설,불교,봉안당,봉안당,기타(관리비),,,프리미엄관 일반실 2단관리비,층 -(5년) 일시 납 : 층,45000000
520,수불사추모공원,520,공설,불교,봉안당,봉안당,기타(관리비),,,프리미엄관 일반실,8단관리비-(5년) 일시 납,45000000
520,수불사추모공원,520,공설,불교,봉안당,봉안당,기타(관리비),,,프리미엄관 고급실 1단관리비,1층 프리미엄관 고급실 1단관리비-(5년) 일시 납,45000000
520,수불사추모공원,520,공설,불교,봉안당,봉안당,기타(관리비),,,프리미엄관 일반실,1층 3단관리비-(5년) 일시 납,55000000
520,수불사추모공원,520,공설,불교,봉안당,봉안당,기타(관리비),,,층 프리미엄관 일반실 7단관리비,(5년) 일시 납,55000000
520,수불사추모공원,520,공설,불교,봉안당,봉안당,기타(관리비),,,프리미엄관 고급실 2단관리비,층 (5년) 일시 납,55000000
520,수불사추모공원,520,공설,불교,봉안당,봉안당,기타(관리비),,,프리미엄관 고급실,8단관리비-(5년) 일시 납,55000000
520,수불사추모공원,520,공설,불교,봉안당,봉안당,기타(관리비),,,프리미엄관 일반실,4단관리비-(5년) 일시 납,65000000
520,수불사추모공원,520,공설,불교,봉안당,봉안당,기타(관리비),,,층 프리미엄관 일반실 6단관리비-(5년) 일시 납,,65000000
520,수불사추모공원,520,공설,불교,봉안당,봉안당,기타(관리비),,,층 프리미엄관 고급실 3단관리비-(5년) 일시 납,1층 프리미엄관 고급실 3단관리비-(5년) 일시 납,65000000
520,수불사추모공원,520,공설,불교,봉안당,봉안당,기타(관리비),,,프리미엄관 고급실 7단관리비-(5년) 일시 납,1층 프리미엄관 고급실 7단관리비-(5년) 일시 납,65000000
520,수불사추모공원,520,공설,불교,봉안당,봉안당,기타(관리비),,,"프리미엄관 일반실 1단 (좌, 우)",관리비-(5년) 일시 납,70000000
520,수불사추모공원,520,공설,불교,봉안당,봉안당,기타(관리비),,,프리미엄관 일반실,5단관리비-(5년) 일시 납,75000000
520,수불사추모공원,520,공설,불교,봉안당,봉안당,기타(관리비),,,프리미엄관 고급실 4단관리비,1층 (5년) 일시 납,75000000
520,수불사추모공원,520,공설,불교,봉안당,봉안당,기타(관리비),,,층 프리미엄관 고급실,6단관리비-(5년) 일시 납,75000000
520,수불사추모공원,520,공설,불교,봉안당,봉안당,기타(관리비),,,프리미엄관 고급실,"1층, 5단관리비, 5년, 일시 납",85000000
520,수불사추모공원,520,공설,불교,봉안당,봉안당,기타(관리비),,,"프리미엄관 일반실 2단 (좌, 우)","1층 프리미엄관 일반실 2단 (좌, 우) 관리비-(5년) 일시 납",90000000
520,수불사추모공원,520,공설,불교,봉안당,봉안당,기타(관리비),,,프리미엄관 일반실,"8단 (좌, 우)관리비-(5년) 일시 납",90000000
520,수불사추모공원,520,공설,불교,봉안당,봉안당,기타(관리비),,,"프리미엄관 고급실 1단 (좌, 우)",1층 관리비-(5년) 일시 납 : 1층 관리비-(5년) 일시 납 :,90000000
520,수불사추모공원,520,공설,불교,봉안당,봉안당,기타(관리비),,,"프리미엄관 일반실 3단 (좌, 우)",1층 관리비-(5년) 일시 납,110000000
520,수불사추모공원,520,공설,불교,봉안당,봉안당,기타(관리비),,,"프리미엄관 일반실 7단 (좌, 우)",1층 관리비-(5년) 일시 납,110000000
520,수불사추모공원,520,공설,불교,봉안당,봉안당,기타(관리비),,,"프리미엄관 고급실 2단 (좌, 우)",1층 관리비-(5년) 일시 납,110000000
520,수불사추모공원,520,공설,불교,봉안당,봉안당,기타(관리비),,,"층 프리미엄관 고급실 8단 (좌, 우)",관리비-(5년) 일시 납,110000000
520,수불사추모공원,520,공설,불교,봉안당,봉안당,기타(관리비),,,"프리미엄관 일반실 4단 (좌, 우)",층 관리비-(5년) 일시 납,130000000
520,수불사추모공원,520,공설,불교,봉안당,봉안당,기타(관리비),,,"프리미엄관 일반실 6단 (좌, 우)",1층 관리비-(5년) 일시 납,130000000
520,수불사추모공원,520,공설,불교,봉안당,봉안당,기타(관리비),,,"프리미엄관 고급실 3단 (좌, 우)",1층 관리비-(5년) 일시 납,130000000
520,수불사추모공원,520,공설,불교,봉안당,봉안당,기타(관리비),,,"프리미엄관 고급실 7단 (좌, 우)",1층 관리비-(5년) 일시 납,130000000
520,수불사추모공원,520,공설,불교,봉안당,봉안당,기타(관리비),,,"프리미엄관 일반실 5 (좌, 우)",관리비-(5년) 일시 납,150000000
520,수불사추모공원,520,공설,불교,봉안당,봉안당,기타(관리비),,,"프리미엄관 고급실 4단 (좌, 우)",1층 관리비-(5년) 일시 납,150000000
520,수불사추모공원,520,공설,불교,봉안당,봉안당,기타(관리비),,,프리미엄관 고급실 6단,"1층, 층 (좌, 우) 관리비-(5년) 일시 납",150000000
520,수불사추모공원,520,공설,불교,봉안당,봉안당,기타(관리비),,,"프리미엄관 고급실 5단 (좌, 우)",1층 관리비-(5년) 일시 납,170000000
521,(재)용인추모원,521,사설,,봉안당,봉안당,봉안당,개인단,,지하 년 임대 개인단관리비,": 5만원/1구당, 5년 선납 지하 15년 임대 개인단관리비 : 5만원/1구당, 5년 선납",2500000
521,(재)용인추모원,521,사설,,봉안당,봉안당,봉안당,개인단,,지하 년 임대 개인단사용료,1/9단(최저/고단) 지하 15년 임대 개인단사용료 : 1/9단(최저/고단),4000000
521,(재)용인추모원,521,사설,,봉안당,봉안당,봉안당,개인단,,지하 년 임대 개인단사용료,2/8단 지하 15년 임대 개인단사용료 : 2/8단,8000000
521,(재)용인추모원,521,사설,,봉안당,봉안당,봉안당,개인단,,지하 년 임대 개인단사용료,3단 지하 15년 임대 개인단사용료 : 3단,12000000
521,(재)용인추모원,521,사설,,봉안당,봉안당,봉안당,개인단,,지하 년 임대 개인단사용료,지하 15년 임대 개인단사용료,13000000
521,(재)용인추모원,521,사설,,봉안당,봉안당,봉안당,개인단,,임대,지하 년 개인단사용료 : 4단 지하 15년 개인단사용료 : 4단,14000000
521,(재)용인추모원,521,사설,,봉안당,봉안당,봉안당,개인단,,지하 년 임대 개인단사용료,5/6단 지하 15년 임대 개인단사용료 : 5/6단,15000000
521,(재)용인추모원,521,사설,,봉안당,봉안당,봉안당,개인단,,지하 디럭스 개인단사용료,지하 디럭스 개인단사용료 : 9단,18000000
521,(재)용인추모원,521,사설,,봉안당,봉안당,봉안당,개인단,,지하 디럭스 개인단사용료,/8단1 지하 디럭스 개인단사용료 : 1/8단1,25000000
521,(재)용인추모원,521,사설,,봉안당,봉안당,봉안당,개인단,,지하 디럭스 개인단사용료,지하 디럭스 개인단사용료 : 9단,30000000
521,(재)용인추모원,521,사설,,봉안당,봉안당,봉안당,개인단,,럭셔리 개인단사용료,1/8단(최저/고단),35000000
521,(재)용인추모원,521,사설,,봉안당,봉안당,봉안당,개인단,,지하 디럭스 개인단사용료,/7단 지하 디럭스 개인단사용료 : 3/7단,40000000
521,(재)용인추모원,521,사설,,봉안당,봉안당,봉안당,개인단,,럭셔리 개인단사용료,3층 : 1/8단(최저/고단) 2/3층 : 1/8단(최저/고단),40000000
521,(재)용인추모원,521,사설,,봉안당,봉안당,봉안당,개인단,,지하 디럭스 개인단사용료,지하 디럭스 개인단사용료 : 9단,45000000
521,(재)용인추모원,521,사설,,봉안당,봉안당,봉안당,개인단,,럭셔리 개인단사용료,2/7단,45000000
521,(재)용인추모원,521,사설,,봉안당,봉안당,봉안당,개인단,,지하 디럭스 개인단사용료,/6단 지하 디럭스 개인단사용료 : 5/6단,50000000
521,(재)용인추모원,521,사설,,봉안당,봉안당,봉안당,개인단,,럭셔리 개인단사용료,"2/7단, 2/3층",50000000
521,(재)용인추모원,521,사설,,봉안당,봉안당,봉안당,개인단,,럭셔리 개인단사용료,"층, 1층 3단",55000000
521,(재)용인추모원,521,사설,,봉안당,봉안당,봉안당,개인단,,럭셔리 개인단사용료,층 6단 1층 6단,60000000
521,(재)용인추모원,521,사설,,봉안당,봉안당,봉안당,개인단,,럭셔리 개인단사용료,3층 2/3층 : 3단,60000000
521,(재)용인추모원,521,사설,,봉안당,봉안당,봉안당,개인단,,3층 럭셔리 개인단사용료,6단,65000000
521,(재)용인추모원,521,사설,,봉안당,봉안당,봉안당,개인단,,럭셔리 개인단사용료,"4/5단, 1층",70000000
521,(재)용인추모원,521,사설,,봉안당,봉안당,봉안당,개인단,,개인단사용료,층 프리미엄 1/8단(최저/고단) 2층 프리미엄 1/8단(최저/고단),70000000
521,(재)용인추모원,521,사설,,봉안당,봉안당,봉안당,개인단,,럭셔리 개인단사용료,"3층, 2/3층, 4/5단",75000000
521,(재)용인추모원,521,사설,,봉안당,봉안당,봉안당,개인단,,프리미엄 개인단사용료,"층, 2층, 2/7단",90000000
521,(재)용인추모원,521,사설,,봉안당,봉안당,봉안당,개인단,,프리미엄 개인단사용료,"층, 2층",100000000
521,(재)용인추모원,521,사설,,봉안당,봉안당,봉안당,개인단,,개인단사용료,6단 2층 프리미엄,110000000
521,(재)용인추모원,521,사설,,봉안당,봉안당,봉안당,개인단,,프리미엄 개인단사용료,"층, 2층 (4/5단)",120000000
521,(재)용인추모원,521,사설,,봉안당,봉안당,봉안당,가족단,,층 유니크 가족단사용료,1단/6단 (4구 안치 가능),300000000
521,(재)용인추모원,521,사설,,봉안당,봉안당,봉안당,가족단,,3층 프리미엄 가족단 4구용-1,사용료 : 1/6단(최저/고단),320000000
521,(재)용인추모원,521,사설,,봉안당,봉안당,봉안당,가족단,,프리미엄 가족단 4구용-2,"층 프리미엄 가족단 4구용-2사용료 : 1단, 1 3층 프리미엄 가족단 4구용-2사용료 : 1단",340000000
521,(재)용인추모원,521,사설,,봉안당,봉안당,봉안당,가족단,,프리미엄 가족단 4구용-1,층 사용료 : 2단 3층 프리미엄 가족단 4구용-1 사용료 : 2단,360000000
521,(재)용인추모원,521,사설,,봉안당,봉안당,봉안당,가족단,,프리미엄 가족단,3층 4구용-2,360000000
521,(재)용인추모원,521,사설,,봉안당,봉안당,봉안당,가족단,,프리미엄 가족단,3층 4구용-1,390000000
521,(재)용인추모원,521,사설,,봉안당,봉안당,봉안당,가족단,,층 프리미엄 가족단 4구용-1,,430000000
521,(재)용인추모원,521,사설,,봉안당,봉안당,봉안당,가족단,,프리미엄 가족단 4구용-2,층 사용료 : 2단 3층 사용료 : 2단,430000000
521,(재)용인추모원,521,사설,,봉안당,봉안당,봉안당,가족단,,층 유니크 가족단사용료,2단/5단 (4구 안치 가능),500000000
521,(재)용인추모원,521,사설,,봉안당,봉안당,봉안당,가족단,,프리미엄 가족단 6구용,층 -1사용료 : 1단 3층 -1사용료 : 1단,1
521,(재)용인추모원,521,사설,,봉안당,봉안당,봉안당,가족단,,프리미엄 가족단,3층 6구용-1,540000000
521,(재)용인추모원,521,사설,,봉안당,봉안당,봉안당,가족단,,프리미엄 가족단 6구용-2,"층, 3층",1
521,(재)용인추모원,521,사설,,봉안당,봉안당,봉안당,가족단,,프리미엄 가족단 6구용-2,층 사용료 : 2단 3층 사용료 : 2단,2
521,(재)용인추모원,521,사설,,봉안당,봉안당,봉안당,가족단,,프리미엄 가족단 7구용,층 사용료 : 전단 3층 사용료 : 전단,0
521,(재)용인추모원,521,사설,,봉안당,봉안당,봉안당,가족단,,프리미엄 가족단 6구용,층 -1사용료 : 2단 3층 -1사용료 : 2단,0
521,(재)용인추모원,521,사설,,봉안당,봉안당,봉안당,가족단,,3층 프리미엄 가족단 8구용,,680000000
521,(재)용인추모원,521,사설,,봉안당,봉안당,봉안당,가족단,,1층 유니크 가족단사용료,3단/4단 (4구 안치 가능),0
521,(재)용인추모원,521,사설,,봉안당,봉안당,봉안당,가족단,,프리미엄 가족단,3층 8구용 사용료 : 3단,0
521,(재)용인추모원,521,사설,,봉안당,봉안당,봉안당,가족단,,프리미엄 가족단 8구용,"층, 3층",860000000
521,(재)용인추모원,521,사설,,봉안당,봉안당,기타(관리비),,,지하 디럭스,"관리비 : 만원/1구당, 5년 선납 지하 디럭스_ 관리비 : 5만원/1구당, 5년 선납",2500000
521,(재)용인추모원,521,사설,,봉안당,봉안당,기타(관리비),,,층 럭셔리,"_ 관리비관리비 : 만원/1구당, 년 선납",2500000
521,(재)용인추모원,521,사설,,봉안당,봉안당,기타(관리비),가족단,,층 프리미엄 가족단_관리비관리비,"6만원/1구당, 5년 선납",2500000
521,(재)용인추모원,521,사설,,봉안당,봉안당,기타(관리비),,,"2층 프리미엄_관리비관리비, 층 프리미엄_관리비관리비","/1구당, 5년 선납",3000000
521,(재)용인추모원,521,사설,,봉안당,봉안당,기타(관리비),,,층 유니크_관리비관리비,: 70만원 ( 5년 선납),3500000
521,(재)용인추모원,521,사설,,봉안당,봉안당,기타(관리비),,,3층 럭셔리,"관리비 : 5만원/1구당, 5년 선납",25000000
522,연천동막골추모관,522,사설,,"수목장, 봉안당",봉안당,봉안당,,,삼우제기본상차림,삼우제기본상차림,400000
522,연천동막골추모관,522,사설,,"수목장, 봉안당",봉안당,봉안당,,,기제사기본상차림,기제사기본상차림,400000
522,연천동막골추모관,522,사설,,"수목장, 봉안당",봉안당,봉안당,개인단,,개인단,"본관 단(좌,우)관리비-(5년), 본관 1단(좌,우)관리비-(5년)",30000000
522,연천동막골추모관,522,사설,,"수목장, 봉안당",봉안당,봉안당,개인단,,개인단,"본관 단(좌,우)관리비-(5년)개인단 - 본관 1단(좌,우)관리비-(5년)",30000000
522,연천동막골추모관,522,사설,,"수목장, 봉안당",봉안당,봉안당,개인단,,개인단,"신관 단(좌,우)관리비-(5년) 신관 1단(좌,우)관리비-(5년)",30000000
522,연천동막골추모관,522,사설,,"수목장, 봉안당",봉안당,봉안당,개인단,,개인단,"신관 단(좌,우)관리비-(5년) 신관 1단(좌,우)관리비-(5년)",30000000
522,연천동막골추모관,522,사설,,"수목장, 봉안당",봉안당,봉안당,개인단,,개인단,본관 단(정면)관리비-(5년),35000000
522,연천동막골추모관,522,사설,,"수목장, 봉안당",봉안당,봉안당,개인단,,개인단,"본관 단(정면)관리비-(5년), 본관 8단(정면)관리비-(5년)",35000000
522,연천동막골추모관,522,사설,,"수목장, 봉안당",봉안당,봉안당,개인단,,개인단 - 신관 단(정면),관리비-(5년)1,35000000
522,연천동막골추모관,522,사설,,"수목장, 봉안당",봉안당,봉안당,개인단,,개인단,신관 단(정면)관리비-(5년) 신관 1단(정면)관리비-(5년),35000000
522,연천동막골추모관,522,사설,,"수목장, 봉안당",봉안당,봉안당,개인단,,개인단,"본관 단(좌,우)관리비-(5년) 개인단 - 본관 1단(좌,우)관리비-(5년)",40000000
522,연천동막골추모관,522,사설,,"수목장, 봉안당",봉안당,봉안당,개인단,,개인단,"신관 단(좌,우)관리비-(5년), 신관 1단(좌,우)관리비-(5년)",40000000
522,연천동막골추모관,522,사설,,"수목장, 봉안당",봉안당,봉안당,개인단,,개인단,"신관 단(좌,우)관리비-(5년)",40000000
522,연천동막골추모관,522,사설,,"수목장, 봉안당",봉안당,봉안당,개인단,,개인단,"본관 단(좌,우)관리비-(5년) 개인단 - 본관 1단(좌,우)관리비-(5년)",50000000
522,연천동막골추모관,522,사설,,"수목장, 봉안당",봉안당,봉안당,개인단,,개인단,"신관 단(좌,우)관리비-(5년)",50000000
522,연천동막골추모관,522,사설,,"수목장, 봉안당",봉안당,봉안당,개인단,,개인단,"본관 단(정면)관리비-(5년), 본관 2단(정면)관리비-(5년)",50000000
522,연천동막골추모관,522,사설,,"수목장, 봉안당",봉안당,봉안당,개인단,,개인단,신관 단(정면)관리비-(5년),50000000
522,연천동막골추모관,522,사설,,"수목장, 봉안당",봉안당,봉안당,개인단,,개인단,신관 단(정면)관리비-(5년),50000000
522,연천동막골추모관,522,사설,,"수목장, 봉안당",봉안당,봉안당,개인단,,개인단,"본관 단(좌,우)관리비-(5년) 개인단 - 본관 1단(좌,우)관리비-(5년)",60000000
522,연천동막골추모관,522,사설,,"수목장, 봉안당",봉안당,봉안당,부부단,,부부단,"본관 단(좌,우)관리비-(5년) 부부단 - 본관 1단(좌,우)관리비-(5년)",60000000
522,연천동막골추모관,522,사설,,"수목장, 봉안당",봉안당,봉안당,부부단,,부부단,"본관 단(좌,우)관리비-(5년) 부부단 -본관 8단(좌,우)관리비-(5년)",60000000
522,연천동막골추모관,522,사설,,"수목장, 봉안당",봉안당,봉안당,개인단,,개인단,"신관 단(좌,우)관리비-(5년), 신관 1단(좌,우)관리비-(5년)",60000000
522,연천동막골추모관,522,사설,,"수목장, 봉안당",봉안당,봉안당,개인단,,개인단,"신관 단(좌,우) 관리비-(5년)",60000000
522,연천동막골추모관,522,사설,,"수목장, 봉안당",봉안당,봉안당,개인단,,개인단,"신관 단(좌,우)관리비-(5년)",60000000
522,연천동막골추모관,522,사설,,"수목장, 봉안당",봉안당,봉안당,부부단,,"부부단 -신관 단(좌,우)관리비-(5년)","부부단 -신관 1단(좌,우)관리비-(5년)",60000000
522,연천동막골추모관,522,사설,,"수목장, 봉안당",봉안당,봉안당,부부단,,부부단,"-신관 단(좌,우)관리비-(5년) 부부단 -신관 1단(좌,우)관리비-(5년)",60000000
522,연천동막골추모관,522,사설,,"수목장, 봉안당",봉안당,봉안당,개인단,,,,60000000
522,연천동막골추모관,522,사설,,"수목장, 봉안당",봉안당,봉안당,개인단,,개인단,신관 단(정면)관리비-(5년) 신관 1단(정면)관리비-(5년),60000000
522,연천동막골추모관,522,사설,,"수목장, 봉안당",봉안당,봉안당,개인단,,개인단,"본관 단(좌,우)관리비-(5년)개인단 - 본관 1단(좌,우)관리비-(5년)",70000000
522,연천동막골추모관,522,사설,,"수목장, 봉안당",봉안당,봉안당,개인단,,개인단,"본관 단(좌,우)관리비-(5년) 개인단 - 본관 1단(좌,우)관리비-(5년)",70000000
522,연천동막골추모관,522,사설,,"수목장, 봉안당",봉안당,봉안당,개인단,,개인단,"본관 단(좌,우)관리비-(5년) 개인단 - 본관 1단(좌,우)관리비-(5년)",70000000
522,연천동막골추모관,522,사설,,"수목장, 봉안당",봉안당,봉안당,개인단,,,,70000000
522,연천동막골추모관,522,사설,,"수목장, 봉안당",봉안당,봉안당,개인단,,개인단,신관 단(정면)관리비-(5년),70000000
522,연천동막골추모관,522,사설,,"수목장, 봉안당",봉안당,봉안당,개인단,,개인단,신관 단(정면)관리비-(5년),70000000
522,연천동막골추모관,522,사설,,"수목장, 봉안당",봉안당,봉안당,개인단,,개인단,신관 단(정면)관리비-(5년) 개인단 - 신관 1단(정면)관리비-(5년),70000000
522,연천동막골추모관,522,사설,,"수목장, 봉안당",봉안당,봉안당,부부단,,부부단 -신관 단(정면)관리비-,(5년) 부부단 -신관 1단(정면)관리비-(5년),70000000
522,연천동막골추모관,522,사설,,"수목장, 봉안당",봉안당,봉안당,부부단,,부부단 -신관 단(정면)관리비-(5년),부부단 -신관 1단(정면)관리비-(5년),70000000
522,연천동막골추모관,522,사설,,"수목장, 봉안당",봉안당,봉안당,부부단,,부부단,"-본관 단(좌,우)관리비-(5년)1 -본관 8단(좌,우)관리비-(5년)1",80000000
522,연천동막골추모관,522,사설,,"수목장, 봉안당",봉안당,봉안당,부부단,,,,80000000
522,연천동막골추모관,522,사설,,"수목장, 봉안당",봉안당,봉안당,부부단,,부부단,"-신관 단(좌,우)관리비-(5년) 부부단 -신관 1단(좌,우)관리비-(5년)",80000000
522,연천동막골추모관,522,사설,,"수목장, 봉안당",봉안당,봉안당,부부단,,부부단,"신관 단(좌,우)관리비-(5년) 부부단 -신관 1단(좌,우)관리비-(5년)",80000000
522,연천동막골추모관,522,사설,,"수목장, 봉안당",봉안당,봉안당,개인단,,,,80000000
522,연천동막골추모관,522,사설,,"수목장, 봉안당",봉안당,봉안당,개인단,,개인단,"본관 단(정면)관리비-(5년), 본관 5단(정면)관리비-(5년)",80000000
522,연천동막골추모관,522,사설,,"수목장, 봉안당",봉안당,봉안당,개인단,,,,80000000
522,연천동막골추모관,522,사설,,"수목장, 봉안당",봉안당,봉안당,부부단,,"부부단 -신관 단(좌,우)관리비-(5년)","부부단 -신관 1단(좌,우)관리비-(5년)",100000000
522,연천동막골추모관,522,사설,,"수목장, 봉안당",봉안당,봉안당,부부단,,부부단 -신관 단(정면)관리비-,(5년) 부부단 -신관 1단(정면)관리비-(5년),100000000
522,연천동막골추모관,522,사설,,"수목장, 봉안당",봉안당,봉안당,부부단,,부부단 -신관 단(정면)관리비,-(5년)1 부부단 -신관 1단(정면)관리비-(5년)1,100000000
522,연천동막골추모관,522,사설,,"수목장, 봉안당",봉안당,봉안당,부부단,,,,120000000
522,연천동막골추모관,522,사설,,"수목장, 봉안당",봉안당,봉안당,부부단,,,,120000000
522,연천동막골추모관,522,사설,,"수목장, 봉안당",봉안당,봉안당,부부단,,부부단,"-신관 단(좌,우)관리비-(5년) 부부단 -신관 1단(좌,우)관리비-(5년)",120000000
522,연천동막골추모관,522,사설,,"수목장, 봉안당",봉안당,봉안당,부부단,,부부단,"-신관 단(좌,우)관리비-(5년)  부부단 -신관 1단(좌,우)관리비-(5년)",120000000
522,연천동막골추모관,522,사설,,"수목장, 봉안당",봉안당,봉안당,부부단,,부부단 -신관 단(정면)관리비-(5년),부부단 -신관 1단(정면)관리비-(5년),120000000
522,연천동막골추모관,522,사설,,"수목장, 봉안당",봉안당,봉안당,부부단,,,,140000000
522,연천동막골추모관,522,사설,,"수목장, 봉안당",봉안당,봉안당,부부단,,,,140000000
522,연천동막골추모관,522,사설,,"수목장, 봉안당",봉안당,봉안당,부부단,,,,140000000
522,연천동막골추모관,522,사설,,"수목장, 봉안당",봉안당,봉안당,부부단,,부부단 -신관 단(정면)관리비-,(5년) 부부단 -신관 1단(정면)관리비-(5년),140000000
522,연천동막골추모관,522,사설,,"수목장, 봉안당",봉안당,봉안당,부부단,,부부단,신관 단(정면)관리비-(5년),140000000
522,연천동막골추모관,522,사설,,"수목장, 봉안당",봉안당,봉안당,부부단,,부부단 -신관 단(정면)관리비,(5년)1 부부단 -신관 1단(정면)관리비-(5년)1,140000000
522,연천동막골추모관,522,사설,,"수목장, 봉안당",봉안당,수목장,개인단,,잔디,개인단 잔디-개인단,20000
522,연천동막골추모관,522,사설,,"수목장, 봉안당",봉안당,수목장,부부단,,잔디-부부단,잔디-부부단,40000
522,연천동막골추모관,522,사설,,"수목장, 봉안당",봉안당,기타(관리비),가족단,,가족단-본관 관리비,"(기)-(5년), (8기)-(5년)",400000000
523,대덕스카이캐슬 추모관,523,사설,,봉안당,봉안당,봉안당,,,중 진공유골함,25cm x 25cm x 25cm/사기/한국 4중 진공유골함25cm x 25cm x 25cm/사기/한국,300000
523,대덕스카이캐슬 추모관,523,사설,,봉안당,봉안당,봉안당,,,실버실 9단,30cm x 30cm,5000000
523,대덕스카이캐슬 추모관,523,사설,,봉안당,봉안당,봉안당,,,실버실,"1단30cm x 30cm, (년), (15년)",7500000
523,대덕스카이캐슬 추모관,523,사설,,봉안당,봉안당,봉안당,,,실버실 8단,"30cm x 30cm, (년), (15년)",7500000
523,대덕스카이캐슬 추모관,523,사설,,봉안당,봉안당,봉안당,,,실버실,(년) 9단30cm x 57cm1 (15년) 9단30cm x 57cm1,9500000
523,대덕스카이캐슬 추모관,523,사설,,봉안당,봉안당,봉안당,,,실버실 9단,30cm x 30cm,10000000
523,대덕스카이캐슬 추모관,523,사설,,봉안당,봉안당,봉안당,,,실버실 9단,30cm x 30cm,10000000
523,대덕스카이캐슬 추모관,523,사설,,봉안당,봉안당,봉안당,,,실버실,(년) 2단30cm x 30cm (15년) 2단30cm x 30cm,12500000
523,대덕스카이캐슬 추모관,523,사설,,봉안당,봉안당,봉안당,,,실버실,(년) 7단30cm x 30cm1 (15년) 7단30cm x 30cm1,12500000
523,대덕스카이캐슬 추모관,523,사설,,봉안당,봉안당,봉안당,,,실버실,"1단30cm x 57cm1 (년, 15년)",14000000
523,대덕스카이캐슬 추모관,523,사설,,봉안당,봉안당,봉안당,,,실버실,(년) 8단30cm x 57cm (15년) 8단30cm x 57cm,14000000
523,대덕스카이캐슬 추모관,523,사설,,봉안당,봉안당,봉안당,,,실버실,"1단 30cm x 30cm (년), (15년)",15000000
523,대덕스카이캐슬 추모관,523,사설,,봉안당,봉안당,봉안당,,,실버실 8단,"30cm x 30cm, (년), (15년)",15000000
523,대덕스카이캐슬 추모관,523,사설,,봉안당,봉안당,봉안당,,,실버실 8단,"30cm x 30cm, (년), (15년)",15000000
523,대덕스카이캐슬 추모관,523,사설,,봉안당,봉안당,봉안당,,,실버실,"6단30cm x 30cm (년), (15년)",17500000
523,대덕스카이캐슬 추모관,523,사설,,봉안당,봉안당,봉안당,,,실버실,(년) 9단30cm x 57cm1 (15년) 9단30cm x 57cm1,19000000
523,대덕스카이캐슬 추모관,523,사설,,봉안당,봉안당,봉안당,,,실버실 9단,"30cm x 57cm, (년), (15년)",19000000
523,대덕스카이캐슬 추모관,523,사설,,봉안당,봉안당,봉안당,,,골드실,(년) 8단30cm x 30cm1 (90년) 8단30cm x 30cm1,23000000
523,대덕스카이캐슬 추모관,523,사설,,봉안당,봉안당,봉안당,,,실버실,(15년) 2단30cm x 57cm,24000000
523,대덕스카이캐슬 추모관,523,사설,,봉안당,봉안당,봉안당,,,실버실,"7단30cm x 57cm (년), (15년)",24000000
523,대덕스카이캐슬 추모관,523,사설,,봉안당,봉안당,봉안당,,,실버실,(년) 2단30cm x 30cm1 (15년) 2단30cm x 30cm1,25000000
523,대덕스카이캐슬 추모관,523,사설,,봉안당,봉안당,봉안당,,,실버실,(년) 7단30cm x 30cm (15년) 7단30cm x 30cm,25000000
523,대덕스카이캐슬 추모관,523,사설,,봉안당,봉안당,봉안당,,,골드실,"(년) 1단 30cm x 30cm 1, (90년) 1단 30cm x 30cm 1",25000000
523,대덕스카이캐슬 추모관,523,사설,,봉안당,봉안당,봉안당,,,실버실,(년) 1단30cm x 57cm (15년) 1단30cm x 57cm,28000000
523,대덕스카이캐슬 추모관,523,사설,,봉안당,봉안당,봉안당,,,실버실,"(년) 8단30cm x 57cm, (15년) 8단30cm x 57cm",28000000
523,대덕스카이캐슬 추모관,523,사설,,봉안당,봉안당,봉안당,,,실버실,(15년) 8단30cm x 57cm,28000000
523,대덕스카이캐슬 추모관,523,사설,,봉안당,봉안당,봉안당,,,실버실,(년)/(15년) 6단30cm x 57cm,33500000
523,대덕스카이캐슬 추모관,523,사설,,봉안당,봉안당,봉안당,,,실버실,(년)/(90년) 3단30cm x 30cm 1,35000000
523,대덕스카이캐슬 추모관,523,사설,,봉안당,봉안당,봉안당,,,실버실,(년) 6단30cm x 30cm1 (15년) 6단30cm x 30cm1,35000000
523,대덕스카이캐슬 추모관,523,사설,,봉안당,봉안당,봉안당,,,골드실 2단,"30cm x 30cm, (년), (90년)",35000000
523,대덕스카이캐슬 추모관,523,사설,,봉안당,봉안당,봉안당,,,골드실 7단,"30cm x 30cm (년), (90년)",35000000
523,대덕스카이캐슬 추모관,523,사설,,봉안당,봉안당,봉안당,,,실버실,"4단30cm x 30cm (년), (90년)",45000000
523,대덕스카이캐슬 추모관,523,사설,,봉안당,봉안당,봉안당,,,실버실,(년) 5단30cm x 30cm1 (90년) 5단30cm x 30cm1,45000000
523,대덕스카이캐슬 추모관,523,사설,,봉안당,봉안당,봉안당,,,골드실,(년) 3단 30cm x 30cm 1 (90년),45000000
523,대덕스카이캐슬 추모관,523,사설,,봉안당,봉안당,봉안당,,,(년)골드실,6단30cm x 30cm,45000000
523,대덕스카이캐슬 추모관,523,사설,,봉안당,봉안당,봉안당,,,골드실,(년) 8단30cm x 57cm (90년) 8단30cm x 57cm,45000000
523,대덕스카이캐슬 추모관,523,사설,,봉안당,봉안당,봉안당,,,실버실,(년) 2단30cm x 57cm1 (15년) 2단30cm x 57cm1,48000000
523,대덕스카이캐슬 추모관,523,사설,,봉안당,봉안당,봉안당,,,실버실,"7단30cm x 57cm (년), (15년)",48000000
523,대덕스카이캐슬 추모관,523,사설,,봉안당,봉안당,봉안당,,,골드실,(년) 1단30cm x 57cm 1,48000000
523,대덕스카이캐슬 추모관,523,사설,,봉안당,봉안당,봉안당,,,골드실 2단,"30cm x 57cm (년), (90년)",65000000
523,대덕스카이캐슬 추모관,523,사설,,봉안당,봉안당,봉안당,,,골드실 4단,"30cm x 30cm, (년), (90년)",65000000
523,대덕스카이캐슬 추모관,523,사설,,봉안당,봉안당,봉안당,,,골드실 5단,(년)30cm x 30cm (90년)30cm x 30cm,65000000
523,대덕스카이캐슬 추모관,523,사설,,봉안당,봉안당,봉안당,,,골드실 7단,"30cm x 57cm (년), (90년)",65000000
523,대덕스카이캐슬 추모관,523,사설,,봉안당,봉안당,봉안당,,,실버실 3단,"(년)30cm x 57cm, (90년)30cm x 57cm",67000000
523,대덕스카이캐슬 추모관,523,사설,,봉안당,봉안당,봉안당,,,실버실,"6단30cm x 57cm (년), (15년)",67000000
523,대덕스카이캐슬 추모관,523,사설,,봉안당,봉안당,봉안당,,,실버실,(년) 4단30cm x 57cm (90년) 4단30cm x 57cm,84000000
523,대덕스카이캐슬 추모관,523,사설,,봉안당,봉안당,봉안당,,,실버실 5단,"30cm x 57cm (년),(90년)",84000000
523,대덕스카이캐슬 추모관,523,사설,,봉안당,봉안당,봉안당,,,골드실 3단,"30cm x 57cm, (년), (90년)",85000000
523,대덕스카이캐슬 추모관,523,사설,,봉안당,봉안당,봉안당,,,골드실 6단,"30cm x 57cm, (년), (90년)",85000000
523,대덕스카이캐슬 추모관,523,사설,,봉안당,봉안당,봉안당,,,골드실 4단,"30cm x 57cm (년), (90년)",125000000
523,대덕스카이캐슬 추모관,523,사설,,봉안당,봉안당,봉안당,,,골드실 5단,30cm x 57cm (년),125000000
523,대덕스카이캐슬 추모관,523,사설,,봉안당,봉안당,봉안당,,,vip실 A/C면,1단/7단30cm x 57cm,140000000
523,대덕스카이캐슬 추모관,523,사설,,봉안당,봉안당,봉안당,,,vip실 A/C/B면,2단/6단30cm x 57cm,170000000
523,대덕스카이캐슬 추모관,523,사설,,봉안당,봉안당,봉안당,,,vip실 D면 1단/7단,30cm x 57cm (년) (90년),170000000
523,대덕스카이캐슬 추모관,523,사설,,봉안당,봉안당,봉안당,,,vip실 A/C면,3단/4단/5단30cm x 57cm (년) (90년),200000000
523,대덕스카이캐슬 추모관,523,사설,,봉안당,봉안당,봉안당,,,vip실 B면 3단,"30cm x 57cm (년), (90년)",200000000
523,대덕스카이캐슬 추모관,523,사설,,봉안당,봉안당,봉안당,,,vip실 D면,2단/6단30cm x 57cm,200000000
523,대덕스카이캐슬 추모관,523,사설,,봉안당,봉안당,봉안당,,,vip실 D면,"3단/4단/5단 30cm x 57cm (년), (90년)",250000000
523,대덕스카이캐슬 추모관,523,사설,,봉안당,봉안당,기타(관리비),,,실버 관리비,1년/1기당,500000
523,대덕스카이캐슬 추모관,523,사설,,봉안당,봉안당,기타(관리비),,,골드 관리비,1년/1기당,700000
523,대덕스카이캐슬 추모관,523,사설,,봉안당,봉안당,기타(관리비),,,VIP 관리비,1년/1기당,1000000
524,마라나타하늘정원,524,사설,,봉안당,봉안당,봉안당,개인단,,"관리비(기 안치 기준),개인단-10년 선납함",년 5만원,500000
524,마라나타하늘정원,524,사설,,봉안당,봉안당,봉안당,부부단,,"관리비(기 안치 기준),부부단-10년 선납함년","관리비(1기 안치 기준),부부단-10년 선납함년",1000000
524,마라나타하늘정원,524,사설,,봉안당,봉안당,봉안당,개인단,,안치단(단)-개인단(일시납입기준),"가로 28Cm, 세로 26Cm",15000000
524,마라나타하늘정원,524,사설,,봉안당,봉안당,봉안당,개인단,,안치단(단)-개인단(일시납입기준),"가로 28Cm, 세로 26Cm",15000000
524,마라나타하늘정원,524,사설,,봉안당,봉안당,봉안당,개인단,,안치단(단)-개인단,"(분할납입기준,12개월)가로 28Cm, 세로 26Cm",17500000
524,마라나타하늘정원,524,사설,,봉안당,봉안당,봉안당,개인단,,"안치단(단)-개인단(분할납입기준,12개월)","가로 28Cm, 세로 26Cm",17500000
524,마라나타하늘정원,524,사설,,봉안당,봉안당,봉안당,개인단,,"안치단(단)-개인단(분할납입기준,36개월)","가로 28Cm, 세로 26Cm",20000000
524,마라나타하늘정원,524,사설,,봉안당,봉안당,봉안당,개인단,,안치단(단)-개인단,"(분할납입기준,36개월)가로 28Cm, 세로 26Cm",20000000
524,마라나타하늘정원,524,사설,,봉안당,봉안당,봉안당,개인단,,안치단(단)-개인단(일시납입기준),"가로 28Cm, 세로 26Cm",25000000
524,마라나타하늘정원,524,사설,,봉안당,봉안당,봉안당,개인단,,"안치단(단)-개인단(분할납입기준,12개월)","가로 28Cm, 세로 26Cm",27500000
524,마라나타하늘정원,524,사설,,봉안당,봉안당,봉안당,부부단,,안치단(단)-부부단(일시납입기준),"가로 53Cm, 세로 26Cm",30000000
524,마라나타하늘정원,524,사설,,봉안당,봉안당,봉안당,부부단,,안치단(단)-부부단(일시납입기준),"가로 53Cm, 세로 26Cm",30000000
524,마라나타하늘정원,524,사설,,봉안당,봉안당,봉안당,개인단,,"안치단(단)-개인단(분할납입기준,36개월)","가로 28Cm, 세로 26Cm",30000000
524,마라나타하늘정원,524,사설,,봉안당,봉안당,봉안당,개인단,,안치단(단)-개인단(일시납입기준),"가로 28Cm, 세로 26Cm",35000000
524,마라나타하늘정원,524,사설,,봉안당,봉안당,봉안당,개인단,,안치단(단)-개인단(일시납입기준),"가로 28Cm, 세로 26Cm",35000000
524,마라나타하늘정원,524,사설,,봉안당,봉안당,봉안당,부부단,,"안치단(단)-부부단(분할납입기준,12개월)","가로 53Cm, 세로 26Cm",35000000
524,마라나타하늘정원,524,사설,,봉안당,봉안당,봉안당,부부단,,"안치단(단)-부부단(분할납입기준,12개월)","가로 53Cm, 세로 26Cm",35000000
524,마라나타하늘정원,524,사설,,봉안당,봉안당,봉안당,개인단,,"안치단(단)-개인단(분할납입기준,12개월)","가로 28Cm, 세로 26Cm",37500000
524,마라나타하늘정원,524,사설,,봉안당,봉안당,봉안당,개인단,,"안치단(단)-개인단(분할납입기준,12개월)","가로 28Cm, 세로 26Cm",37500000
524,마라나타하늘정원,524,사설,,봉안당,봉안당,봉안당,개인단,,안치단(단)-개인단,"(분할납입기준,36개월)가로 28Cm, 세로 26Cm",40000000
524,마라나타하늘정원,524,사설,,봉안당,봉안당,봉안당,개인단,,안치단(단)-개인단,"(분할납입기준,36개월)가로 28Cm, 세로 26Cm",40000000
524,마라나타하늘정원,524,사설,,봉안당,봉안당,봉안당,부부단,,"안치단(단)-부부단(분할납입기준,36개월)","가로 53Cm, 세로 26Cm",40000000
524,마라나타하늘정원,524,사설,,봉안당,봉안당,봉안당,부부단,,"안치단(단)-부부단(분할납입기준,36개월)","가로 53Cm, 세로 26Cm",40000000
524,마라나타하늘정원,524,사설,,봉안당,봉안당,봉안당,개인단,,안치단(단)-개인단(일시납입기준),"가로 28Cm, 세로 26Cm",50000000
524,마라나타하늘정원,524,사설,,봉안당,봉안당,봉안당,개인단,,안치단(단)-개인단(일시납입기준),"가로 28Cm, 세로 26Cm",50000000
524,마라나타하늘정원,524,사설,,봉안당,봉안당,봉안당,개인단,,안치단(단)-개인단(일시납입기준),"가로 28Cm, 세로 26Cm",50000000
524,마라나타하늘정원,524,사설,,봉안당,봉안당,봉안당,부부단,,안치단(단)-부부단(일시납입기준),"가로 53Cm, 세로 26Cm",50000000
524,마라나타하늘정원,524,사설,,봉안당,봉안당,봉안당,개인단,,"안치단(단)-개인단(분할납입기준,12개월)","가로 28Cm, 세로 26Cm",55000000
524,마라나타하늘정원,524,사설,,봉안당,봉안당,봉안당,개인단,,"안치단(단)-개인단(분할납입기준,12개월)","가로 28Cm, 세로 26Cm",55000000
524,마라나타하늘정원,524,사설,,봉안당,봉안당,봉안당,개인단,,안치단(단)-개인단,"분할납입기준,12개월)가로 28Cm, 세로 26Cm 안치단(1단)-개인단(분할납입기준,12개월)가로 28Cm, 세로 26Cm",55000000
524,마라나타하늘정원,524,사설,,봉안당,봉안당,봉안당,부부단,,"안치단(단)-부부단(분할납입기준,12개월)","가로 53Cm, 세로 26Cm",55000000
524,마라나타하늘정원,524,사설,,봉안당,봉안당,봉안당,개인단,,안치단(단)-개인단,"(분할납입기준,36개월)가로 28Cm, 세로 26Cm",60000000
524,마라나타하늘정원,524,사설,,봉안당,봉안당,봉안당,개인단,,"안치단(단)-개인단(분할납입기준,36개월)","가로 28Cm, 세로 26Cm",60000000
524,마라나타하늘정원,524,사설,,봉안당,봉안당,봉안당,개인단,,안치단(단)-개인단,"(분할납입기준,36개월)가로 28Cm, 세로 26Cm",60000000
524,마라나타하늘정원,524,사설,,봉안당,봉안당,봉안당,부부단,,"안치단(단)-부부단(분할납입기준,36개월)","가로 53Cm, 세로 26Cm",60000000
524,마라나타하늘정원,524,사설,,봉안당,봉안당,봉안당,부부단,,안치단(단)-부부단(일시납입기준),"가로 53Cm, 세로 26Cm",70000000
524,마라나타하늘정원,524,사설,,봉안당,봉안당,봉안당,부부단,,안치단(단)-부부단(일시납입기준),"가로 53Cm, 세로 26Cm",70000000
524,마라나타하늘정원,524,사설,,봉안당,봉안당,봉안당,부부단,,"안치단(단)-부부단(분할납입기준,12개월)","가로 53Cm, 세로 26Cm",75000000
524,마라나타하늘정원,524,사설,,봉안당,봉안당,봉안당,부부단,,"안치단(단)-부부단(분할납입기준,12개월)","가로 53Cm, 세로 26Cm",75000000
524,마라나타하늘정원,524,사설,,봉안당,봉안당,봉안당,부부단,,"안치단(단)-부부단(분할납입기준,36개월)","가로 53Cm, 세로 26Cm",80000000
524,마라나타하늘정원,524,사설,,봉안당,봉안당,봉안당,부부단,,"안치단(단)-부부단(분할납입기준,36개월)","가로 53Cm, 세로 26Cm",80000000
524,마라나타하늘정원,524,사설,,봉안당,봉안당,봉안당,부부단,,안치단(단)-부부단(일시납입기준),"가로 53Cm, 세로 26Cm",100000000
524,마라나타하늘정원,524,사설,,봉안당,봉안당,봉안당,부부단,,안치단(단)-부부단(일시납입기준),"가로 53Cm, 세로 26Cm",100000000
524,마라나타하늘정원,524,사설,,봉안당,봉안당,봉안당,부부단,,안치단(단)-부부단(일시납입기준),"가로 53Cm, 세로 26Cm",100000000
524,마라나타하늘정원,524,사설,,봉안당,봉안당,봉안당,부부단,,"안치단(단)-부부단(분할납입기준,12개월)","가로 53Cm, 세로 26Cm",110000000
524,마라나타하늘정원,524,사설,,봉안당,봉안당,봉안당,부부단,,"안치단(단)-부부단(분할납입기준,12개월)","가로 53Cm, 세로 26Cm",110000000
524,마라나타하늘정원,524,사설,,봉안당,봉안당,봉안당,부부단,,"안치단(단)-부부단(분할납입기준,12개월)","가로 53Cm, 세로 26Cm",110000000
524,마라나타하늘정원,524,사설,,봉안당,봉안당,봉안당,부부단,,안치단(단)-부부단,"(분할납입기준,36개월)가로 53Cm, 세로 26Cm",120000000
524,마라나타하늘정원,524,사설,,봉안당,봉안당,봉안당,부부단,,"안치단(단)-부부단(분할납입기준,36개월)","가로 53Cm, 세로 26Cm",120000000
524,마라나타하늘정원,524,사설,,봉안당,봉안당,봉안당,부부단,,"안치단(단)-부부단(분할납입기준,36개월)","가로 53Cm, 세로 26Cm",120000000
524,마라나타하늘정원,524,사설,,봉안당,봉안당,기타,,,크리스탈 슬림,7cm x 5cm x 18cm/플라스틱/국산,120000
524,마라나타하늘정원,524,사설,,봉안당,봉안당,기타,,,원목 슬림,9cm x 5cm x 20cm/원목 등/국산,120000
524,마라나타하늘정원,524,사설,,봉안당,봉안당,기타,,,원목 직사각,9cm x 5cm x 18cm/원목 등/국산,120000
524,마라나타하늘정원,524,사설,,봉안당,봉안당,기타,,,알미늄 원목,10cm x 5cm x 15cm/알미늄 등/국산,140000
524,마라나타하늘정원,524,사설,,봉안당,봉안당,기타,,,B형 큐브형,18cm x 18cm x 20cm/스텐/국산,600000
524,마라나타하늘정원,524,사설,,봉안당,봉안당,기타,,,성경형,A형 cm x 18cm x 20cm/청동/국산 A형 18cm x 18cm x 20cm/청동/국산,700000
524,마라나타하늘정원,524,사설,,봉안당,봉안당,기타,,,C형 물방울형,"cm x 18cm x 20cm/청동/국산, 18cm x 18cm x 20cm/청동/국산",700000
524,마라나타하늘정원,524,사설,,봉안당,봉안당,기타,,,D형 고서형(어린이용),cm x 20cm x 25cm/청동/국산 D형 고서형(어린이용)8cm x 20cm x 25cm/청동/국산,700000
525,천국의계단추모관(재단법인천국),525,사설,,봉안당,봉안당,봉안당,,,조화화분,조화꽃,10000
525,천국의계단추모관(재단법인천국),525,사설,,봉안당,봉안당,봉안당,개인단,,개인단 테두리 틀조화꽃 틀,(x300) (300x300),30000
525,천국의계단추모관(재단법인천국),525,사설,,봉안당,봉안당,봉안당,부부단,,부부단 테두리 틀조화꽃 틀,부부단 테두리 틀조화꽃 틀(x600) 부부단 테두리 틀조화꽃 틀(300x600),50000
525,천국의계단추모관(재단법인천국),525,사설,,봉안당,봉안당,봉안당,,,제사음식기본상,제사음식기본상,300000
525,천국의계단추모관(재단법인천국),525,사설,,봉안당,봉안당,봉안당,개인단,,개인단 관리비,개인단 관리비1년,500000
525,천국의계단추모관(재단법인천국),525,사설,,봉안당,봉안당,봉안당,부부단,,부부단 관리비,"(구 안치시), (1구 안치시)",500000
525,천국의계단추모관(재단법인천국),525,사설,,봉안당,봉안당,봉안당,부부단,,부부단 관리비,"(구 안치시) 1년, (1구 안치시) 1년",800000
525,천국의계단추모관(재단법인천국),525,사설,,봉안당,봉안당,봉안당,개인단,,개인단 임시안치,1년,5000000
525,천국의계단추모관(재단법인천국),525,사설,,봉안당,봉안당,봉안당,개인단,,일반실 개인단,"단영구사용, 300mm X 300mm 10단영구사용, 300mm X 300mm",10000000
525,천국의계단추모관(재단법인천국),525,사설,,봉안당,봉안당,봉안당,개인단,,개인단 임시안치,년 1년,10000000
525,천국의계단추모관(재단법인천국),525,사설,,봉안당,봉안당,봉안당,개인단,,일반실 개인단,"단영구사용, 300mm X 300mm, 10단영구사용",15000000
525,천국의계단추모관(재단법인천국),525,사설,,봉안당,봉안당,봉안당,개인단,,일반실 개인단,"단영구사용, 300mm X 300mm, 10단영구사용, 300mm X 300mm",18000000
525,천국의계단추모관(재단법인천국),525,사설,,봉안당,봉안당,봉안당,개인단,,일반실 개인단,"단영구사용, 300mm X 300mm, 일반실 개인단 10단영구사용, 300mm X 300mm",18000000
525,천국의계단추모관(재단법인천국),525,사설,,봉안당,봉안당,봉안당,개인단,,특별실 개인단,"단영구사용, 300mm X 300mm 특별실 개인단 9단영구사용, 300mm X 300mm",20000000
525,천국의계단추모관(재단법인천국),525,사설,,봉안당,봉안당,봉안당,개인단,,일반실 개인단,"단영구사용, 300mm X 300mm 일반실 개인단 10단영구사용, 300mm X 300mm",22000000
525,천국의계단추모관(재단법인천국),525,사설,,봉안당,봉안당,봉안당,개인단,,일반실 개인단,"10단영구사용, 300mm X 300mm, 단영구사용",25000000
525,천국의계단추모관(재단법인천국),525,사설,,봉안당,봉안당,봉안당,개인단,,특별실 개인단,"단영구사용, 300mm X 300mm 9단영구사용, 300mm X 300mm",25000000
525,천국의계단추모관(재단법인천국),525,사설,,봉안당,봉안당,봉안당,개인단,,특별실 개인단,"단영구사용, 300mm X 300mm 특별실 개인단 9단영구사용, 300mm X 300mm",25000000
525,천국의계단추모관(재단법인천국),525,사설,,봉안당,봉안당,봉안당,개인단,,일반실 개인단,"단영구사용, 10단영구사용, 300mm X 300mm",30000000
525,천국의계단추모관(재단법인천국),525,사설,,봉안당,봉안당,봉안당,개인단,,특별실 개인단,"단영구사용, 300mm X 300mm 특별실 개인단 9단영구사용, 300mm X 300mm",30000000
525,천국의계단추모관(재단법인천국),525,사설,,봉안당,봉안당,봉안당,개인단,,VIP실 개인단,"단영구사용, 300mm X 300mm VIP실 개인단 9단영구사용, 300mm X 300mm",30000000
525,천국의계단추모관(재단법인천국),525,사설,,봉안당,봉안당,봉안당,개인단,,일반실 개인단,"단영구사용, 300mm X 300mm 일반실 개인단 4단영구사용, 300mm X 300mm",35000000
525,천국의계단추모관(재단법인천국),525,사설,,봉안당,봉안당,봉안당,개인단,,일반실 개인단,"단영구사용, 300mm X 300mm 일반실 개인단 10단영구사용, 300mm X 300mm",35000000
525,천국의계단추모관(재단법인천국),525,사설,,봉안당,봉안당,봉안당,개인단,,일반실 개인단,"단영구사용, 300mm X 300mm1 10단영구사용, 300mm X 300mm1",35000000
525,천국의계단추모관(재단법인천국),525,사설,,봉안당,봉안당,봉안당,개인단,,특별실 개인단,"단영구사용, 300mm X 300mm, 특별실 개인단 9단영구사용, 300mm X 300mm",35000000
525,천국의계단추모관(재단법인천국),525,사설,,봉안당,봉안당,봉안당,개인단,,VIP실 개인단,"영구사용, 300mm X 300mm VIP실 개인단 9단영구사용, 300mm X 300mm",35000000
525,천국의계단추모관(재단법인천국),525,사설,,봉안당,봉안당,봉안당,개인단,,VIP실 개인단,"단영구사용, 300mm X 300mm, VIP실 개인단 9단영구사용, 300mm X 300mm",35000000
525,천국의계단추모관(재단법인천국),525,사설,,봉안당,봉안당,봉안당,개인단,,특별실 개인단,"단영구사용, 300mm X 300mm, 특별실 개인단 9단영구사용, 300mm X 300mm",40000000
525,천국의계단추모관(재단법인천국),525,사설,,봉안당,봉안당,봉안당,부부단,,특별실 부부단,"단영구사용, 600mm X 300mm",40000000
525,천국의계단추모관(재단법인천국),525,사설,,봉안당,봉안당,봉안당,개인단,,특별실 개인단,"단영구사용, 300mm X 300mm 특별실 개인단 9단영구사용, 300mm X 300mm",45000000
525,천국의계단추모관(재단법인천국),525,사설,,봉안당,봉안당,봉안당,개인단,,특별실 개인단,"300mm X 300mm, 영구사용, 특별실 개인단 9단, 300mm X 300mm, 영구사용",45000000
525,천국의계단추모관(재단법인천국),525,사설,,봉안당,봉안당,봉안당,개인단,,특별실 개인단,"단영구사용, 300mm X 300mm1",45000000
525,천국의계단추모관(재단법인천국),525,사설,,봉안당,봉안당,봉안당,개인단,,VIP실 개인단,"단영구사용, 300mm X 300mm VIP실 개인단 9단영구사용, 300mm X 300mm",45000000
525,천국의계단추모관(재단법인천국),525,사설,,봉안당,봉안당,봉안당,부부단,,특별실 부부단,"단영구사용, 600mm X 300mm 특별실 부부단 9단영구사용, 600mm X 300mm",50000000
525,천국의계단추모관(재단법인천국),525,사설,,봉안당,봉안당,봉안당,부부단,,특별실 부부단,"단영구사용, 600mm X 300mm 특별실 부부단 9단영구사용, 600mm X 300mm",50000000
525,천국의계단추모관(재단법인천국),525,사설,,봉안당,봉안당,봉안당,개인단,,VIP실 개인단,"단영구사용, 300mm X 300mm VIP실 개인단 9단영구사용, 300mm X 300mm",50000000
525,천국의계단추모관(재단법인천국),525,사설,,봉안당,봉안당,봉안당,부부단,,특별실 부부단,"단영구사용, 600mm X 300mm",60000000
525,천국의계단추모관(재단법인천국),525,사설,,봉안당,봉안당,봉안당,개인단,,VIP실 개인단,"단영구사용, 300mm X 300mm VIP실 개인단 9단영구사용, 300mm X 300mm",60000000
525,천국의계단추모관(재단법인천국),525,사설,,봉안당,봉안당,봉안당,부부단,,VIP실 부부단,"단영구사용, 600mm X 300mm VIP실 부부단 9단영구사용, 600mm X 300mm",60000000
525,천국의계단추모관(재단법인천국),525,사설,,봉안당,봉안당,봉안당,부부단,,특별실 부부단,"단영구사용, 600mm X 300mm 특별실 부부단 9단영구사용, 600mm X 300mm",70000000
525,천국의계단추모관(재단법인천국),525,사설,,봉안당,봉안당,봉안당,개인단,,VIP실 개인단,"단영구사용, 300mm X 300mm, 9단영구사용",70000000
525,천국의계단추모관(재단법인천국),525,사설,,봉안당,봉안당,봉안당,개인단,,VIP실 개인단,"단영구사용, 300mm X 300mm VIP실 개인단 9단영구사용, 300mm X 300mm",70000000
525,천국의계단추모관(재단법인천국),525,사설,,봉안당,봉안당,봉안당,개인단,,VIP실 개인단,"단영구사용, 300mm X 300mm VIP실 개인단 9단영구사용, 300mm X 300mm",70000000
525,천국의계단추모관(재단법인천국),525,사설,,봉안당,봉안당,봉안당,부부단,,VIP실 부부단,"단영구사용, 600mm X 300mm VIP실 부부단 9단영구사용, 600mm X 300mm",70000000
525,천국의계단추모관(재단법인천국),525,사설,,봉안당,봉안당,봉안당,부부단,,VIP실 부부단,"단영구사용, 600mm X 300mm",70000000
525,천국의계단추모관(재단법인천국),525,사설,,봉안당,봉안당,봉안당,부부단,,특별실 부부단,"단영구사용, 600mm X 300mm",80000000
525,천국의계단추모관(재단법인천국),525,사설,,봉안당,봉안당,봉안당,부부단,,특별실 부부단,"단영구사용, 600mm X 300mm, 특별실 부부단 9단영구사용, 600mm X 300mm",90000000
525,천국의계단추모관(재단법인천국),525,사설,,봉안당,봉안당,봉안당,부부단,,특별실 부부단,"단영구사용, 600mm X 300mm",90000000
525,천국의계단추모관(재단법인천국),525,사설,,봉안당,봉안당,봉안당,부부단,,특별실 부부단,"단영구사용, 600mm X 300mm 9단영구사용, 600mm X 300mm",90000000
525,천국의계단추모관(재단법인천국),525,사설,,봉안당,봉안당,봉안당,부부단,,VIP실 부부단,"단영구사용, 600mm X 300mm VIP실 부부단 9단영구사용, 600mm X 300mm",90000000
525,천국의계단추모관(재단법인천국),525,사설,,봉안당,봉안당,봉안당,부부단,,VIP실 부부단 단영구사용,"600mm X 300mm VIP실 부부단 9단영구사용, 600mm X 300mm",100000000
525,천국의계단추모관(재단법인천국),525,사설,,봉안당,봉안당,봉안당,부부단,,VIP실 부부단,"단영구사용, 600mm X 300mm",120000000
525,천국의계단추모관(재단법인천국),525,사설,,봉안당,봉안당,봉안당,부부단,,VIP실 부부단,"단영구사용, 600mm X 300mm VIP실 부부단 9단영구사용, 600mm X 300mm",140000000
525,천국의계단추모관(재단법인천국),525,사설,,봉안당,봉안당,봉안당,부부단,,VIP실 부부단 단영구사용,"600mm X 300mm VIP실 부부단 9단영구사용, 600mm X 300mm",140000000
525,천국의계단추모관(재단법인천국),525,사설,,봉안당,봉안당,봉안당,부부단,,VIP실 부부단,"단영구사용, 600mm X 300mm VIP실 부부단 9단영구사용, 600mm X 300mm",140000000
526,그린피아추모공원,526,공설,,봉안당,"봉안당, 공원묘지",봉안당,,,액자-중아크릴,국내산 액자-중아크릴/국내산,15000
526,그린피아추모공원,526,공설,,봉안당,"봉안당, 공원묘지",봉안당,,,깔개-소융,국내산 깔개-소융/국내산,15000
526,그린피아추모공원,526,공설,,봉안당,"봉안당, 공원묘지",봉안당,,,꽃화병조화,국내산 꽃화병조화/국내산,20000
526,그린피아추모공원,526,공설,,봉안당,"봉안당, 공원묘지",봉안당,,,액자-대아크릴,국내산 액자-대아크릴/국내산,20000
526,그린피아추모공원,526,공설,,봉안당,"봉안당, 공원묘지",봉안당,,,리스-중조화,국내산,25000
526,그린피아추모공원,526,공설,,봉안당,"봉안당, 공원묘지",봉안당,,,깔개,대융/국내산 깔개-대융/국내산,30000
526,그린피아추모공원,526,공설,,봉안당,"봉안당, 공원묘지",봉안당,,,리스-대조화,국내산 리스-대조화/국내산,50000
526,그린피아추모공원,526,공설,,봉안당,"봉안당, 공원묘지",봉안당,,,소크리스탈,국내산 소크리스탈/국내산,50000
526,그린피아추모공원,526,공설,,봉안당,"봉안당, 공원묘지",봉안당,,,대크리스탈,국내산 대크리스탈/국내산,100000
526,그린피아추모공원,526,공설,,봉안당,"봉안당, 공원묘지",봉안당,,,기본형유리나전칠기,국내산,400000
526,그린피아추모공원,526,공설,,봉안당,"봉안당, 공원묘지",봉안당,,,중급형유리나전칠기,국내산 중급형유리나전칠기/국내산,800000
526,그린피아추모공원,526,공설,,봉안당,"봉안당, 공원묘지",봉안당,,,고급형유리나전칠기,국내산 고급형유리나전칠기/국내산,1000000
526,그린피아추모공원,526,공설,,봉안당,"봉안당, 공원묘지",봉안당,,,고급특형유리나전칠기,국내산 고급특형유리나전칠기/국내산,1200000
526,그린피아추모공원,526,공설,,봉안당,"봉안당, 공원묘지",봉안당,개인단,,일반실 개인단,영구사용 일반실 개인단(8단)영구사용,26000000
526,그린피아추모공원,526,공설,,봉안당,"봉안당, 공원묘지",봉안당,개인단,,일반실 개인단,(단)영구사용 (1단)영구사용,28000000
526,그린피아추모공원,526,공설,,봉안당,"봉안당, 공원묘지",봉안당,개인단,,고급실 개인단,(단)영구사용 (1단)영구사용,32000000
526,그린피아추모공원,526,공설,,봉안당,"봉안당, 공원묘지",봉안당,개인단,,고급실 개인단,(단)영구사용 (7단)영구사용,34000000
526,그린피아추모공원,526,공설,,봉안당,"봉안당, 공원묘지",봉안당,개인단,,,,35000000
526,그린피아추모공원,526,공설,,봉안당,"봉안당, 공원묘지",봉안당,개인단,,,,36000000
526,그린피아추모공원,526,공설,,봉안당,"봉안당, 공원묘지",봉안당,개인단,,,,37000000
526,그린피아추모공원,526,공설,,봉안당,"봉안당, 공원묘지",봉안당,개인단,,일반실 개인단,(단)영구사용 일반실 개인단(3단)영구사용,40000000
526,그린피아추모공원,526,공설,,봉안당,"봉안당, 공원묘지",봉안당,개인단,,고급실II 개인단,(단)영구사용 (1단)영구사용,40000000
526,그린피아추모공원,526,공설,,봉안당,"봉안당, 공원묘지",봉안당,개인단,,고급실II 개인단,(단)영구사용 고급실II 개인단(6단)영구사용,40000000
526,그린피아추모공원,526,공설,,봉안당,"봉안당, 공원묘지",봉안당,개인단,,고급실 개인단,(단)영구사용 (6단)영구사용,42000000
526,그린피아추모공원,526,공설,,봉안당,"봉안당, 공원묘지",봉안당,개인단,,일반실 개인단,(단)영구사용 일반실 개인단(4단)영구사용,44000000
526,그린피아추모공원,526,공설,,봉안당,"봉안당, 공원묘지",봉안당,개인단,,일반실 개인단,(단)영구사용 일반실 개인단(6단)영구사용,44000000
526,그린피아추모공원,526,공설,,봉안당,"봉안당, 공원묘지",봉안당,개인단,,일반실 개인단,(단)영구사용 일반실 개인단(5단)영구사용,46000000
526,그린피아추모공원,526,공설,,봉안당,"봉안당, 공원묘지",봉안당,개인단,,고급실 개인단,(단)영구사용 (3단)영구사용,47000000
526,그린피아추모공원,526,공설,,봉안당,"봉안당, 공원묘지",봉안당,개인단,,고급실 개인단,(단)영구사용 (5단)영구사용,47000000
526,그린피아추모공원,526,공설,,봉안당,"봉안당, 공원묘지",봉안당,개인단,,고급실 개인단,(단)영구사용 (4단)영구사용,48000000
526,그린피아추모공원,526,공설,,봉안당,"봉안당, 공원묘지",봉안당,부부단,,일반실 부부단,단 영구사용 일반실 부부단(8단) 영구사용,50000000
526,그린피아추모공원,526,공설,,봉안당,"봉안당, 공원묘지",봉안당,개인단,,고급실II 개인단,(단)영구사용 고급실II 개인단(2단)영구사용,50000000
526,그린피아추모공원,526,공설,,봉안당,"봉안당, 공원묘지",봉안당,개인단,,고급실II,개인단(단)영구사용,50000000
526,그린피아추모공원,526,공설,,봉안당,"봉안당, 공원묘지",봉안당,부부단,,부부단,일반실 (1단) 영구사용,54000000
526,그린피아추모공원,526,공설,,봉안당,"봉안당, 공원묘지",봉안당,개인단,,고급실II 개인단,(단)영구사용 고급실II 개인단(3단)영구사용,55000000
526,그린피아추모공원,526,공설,,봉안당,"봉안당, 공원묘지",봉안당,개인단,,고급실II 개인단,(단)영구사용 (4단)영구사용,55000000
526,그린피아추모공원,526,공설,,봉안당,"봉안당, 공원묘지",봉안당,부부단,,고급실 부부단,(단)영구사용 고급실 부부단(1단)영구사용,62000000
526,그린피아추모공원,526,공설,,봉안당,"봉안당, 공원묘지",봉안당,부부단,,부부단,고급실 (단)영구사용 고급실 (7단)영구사용,66000000
526,그린피아추모공원,526,공설,,봉안당,"봉안당, 공원묘지",봉안당,부부단,,일반실 부부단,영구사용,68000000
526,그린피아추모공원,526,공설,,봉안당,"봉안당, 공원묘지",봉안당,부부단,,일반실 부부단,"(단)영구사용, (8단)영구사용",70000000
526,그린피아추모공원,526,공설,,봉안당,"봉안당, 공원묘지",봉안당,부부단,,부부단,고급실 (단)영구사용 고급실 (2단)영구사용,72000000
526,그린피아추모공원,526,공설,,봉안당,"봉안당, 공원묘지",봉안당,부부단,,일반실 부부단,(단)영구사용 일반실 부부단(3단)영구사용,78000000
526,그린피아추모공원,526,공설,,봉안당,"봉안당, 공원묘지",봉안당,부부단,,고급실II 부부단,(1단)영구사용,80000000
526,그린피아추모공원,526,공설,,봉안당,"봉안당, 공원묘지",봉안당,부부단,,고급실II 부부단,(단)영구사용 (1단)영구사용,80000000
526,그린피아추모공원,526,공설,,봉안당,"봉안당, 공원묘지",봉안당,부부단,,부부단,고급실 (단)영구사용 고급실 (6단)영구사용,82000000
526,그린피아추모공원,526,공설,,봉안당,"봉안당, 공원묘지",봉안당,부부단,,일반실 부부단,(단)영구사용 일반실 부부단(6단)영구사용,86000000
526,그린피아추모공원,526,공설,,봉안당,"봉안당, 공원묘지",봉안당,부부단,,일반실 부부단,단 영구사용 일반실 부부단(4단)영구사용,87000000
526,그린피아추모공원,526,공설,,봉안당,"봉안당, 공원묘지",봉안당,부부단,,부부단,"일반실, (단)영구사용, (5단)영구사용",90000000
526,그린피아추모공원,526,공설,,봉안당,"봉안당, 공원묘지",봉안당,부부단,,고급실 부부단,(단)영구사용1,92000000
526,그린피아추모공원,526,공설,,봉안당,"봉안당, 공원묘지",봉안당,부부단,,부부단,고급실 (단)영구사용 고급실 (5단)영구사용,92000000
526,그린피아추모공원,526,공설,,봉안당,"봉안당, 공원묘지",봉안당,부부단,,부부단,고급실 (단)영구사용 고급실 (4단)영구사용,94000000
526,그린피아추모공원,526,공설,,봉안당,"봉안당, 공원묘지",봉안당,부부단,,고급실II 부부단,"(단)영구사용, (1단)영구사용",100000000
526,그린피아추모공원,526,공설,,봉안당,"봉안당, 공원묘지",봉안당,부부단,,고급실II 부부단,"(단)영구사용, 고급실II 부부단(1단)영구사용",100000000
526,그린피아추모공원,526,공설,,봉안당,"봉안당, 공원묘지",봉안당,부부단,,고급실II 부부단,(1단) 영구사용,110000000
526,그린피아추모공원,526,공설,,봉안당,"봉안당, 공원묘지",봉안당,부부단,,고급실II 부부단,(단)영구사용,110000000
526,그린피아추모공원,526,공설,,봉안당,"봉안당, 공원묘지",기타(관리비),개인단,,관리비,(위)10년1 (1위)10년1,5000000
527,중앙추모공원(재단법인 현) 봉안시설,527,공설,,"봉안당, 수목장",봉안당,봉안당,,,봉안당 장식,봉안당 장식,10000
527,중앙추모공원(재단법인 현) 봉안시설,527,공설,,"봉안당, 수목장",봉안당,봉안당,,,사진 액자,,10000
527,중앙추모공원(재단법인 현) 봉안시설,527,공설,,"봉안당, 수목장",봉안당,봉안당,,,제례용 포,,10000
527,중앙추모공원(재단법인 현) 봉안시설,527,공설,,"봉안당, 수목장",봉안당,봉안당,,,돗자리,돗자리,10000
527,중앙추모공원(재단법인 현) 봉안시설,527,공설,,"봉안당, 수목장",봉안당,봉안당,,,제례용 정종,,15000
527,중앙추모공원(재단법인 현) 봉안시설,527,공설,,"봉안당, 수목장",봉안당,봉안당,,,표지석 장식,,20000
527,중앙추모공원(재단법인 현) 봉안시설,527,공설,,"봉안당, 수목장",봉안당,봉안당,,,제사상 미니어처,제사상 미니어처,20000
527,중앙추모공원(재단법인 현) 봉안시설,527,공설,,"봉안당, 수목장",봉안당,봉안당,,,돌화병,돌화병,50000
527,중앙추모공원(재단법인 현) 봉안시설,527,공설,,"봉안당, 수목장",봉안당,봉안당,,,제사상,~ ~,150000
527,중앙추모공원(재단법인 현) 봉안시설,527,공설,,"봉안당, 수목장",봉안당,봉안당,,,표지석,표지석,200000
527,중앙추모공원(재단법인 현) 봉안시설,527,공설,,"봉안당, 수목장",봉안당,봉안당,개인단,,일반실 단 개인단사용료,5년 관리비 30만원 일반실 1단 개인단사용료 5년 관리비 30만원,25000000
527,중앙추모공원(재단법인 현) 봉안시설,527,공설,,"봉안당, 수목장",봉안당,봉안당,개인단,,일반실 단 개인단사용료,5년 관리비 30만원 일반실 1단 개인단사용료 5년 관리비 30만원,25000000
527,중앙추모공원(재단법인 현) 봉안시설,527,공설,,"봉안당, 수목장",봉안당,봉안당,개인단,,일반실 단 개인단사용료,5년 관리비 30만원 일반실 8단 개인단사용료 5년 관리비 30만원,30000000
527,중앙추모공원(재단법인 현) 봉안시설,527,공설,,"봉안당, 수목장",봉안당,봉안당,개인단,,고급실 단 개인단사용료,5년 관리비 1,35000000
527,중앙추모공원(재단법인 현) 봉안시설,527,공설,,"봉안당, 수목장",봉안당,봉안당,개인단,,,,35000000
527,중앙추모공원(재단법인 현) 봉안시설,527,공설,,"봉안당, 수목장",봉안당,봉안당,개인단,,개인단,"일반실 단, 5년 관리비",35000000
527,중앙추모공원(재단법인 현) 봉안시설,527,공설,,"봉안당, 수목장",봉안당,봉안당,개인단,,일반실 단 개인단사용료,5년 관리비,40000000
527,중앙추모공원(재단법인 현) 봉안시설,527,공설,,"봉안당, 수목장",봉안당,봉안당,개인단,,,,45000000
527,중앙추모공원(재단법인 현) 봉안시설,527,공설,,"봉안당, 수목장",봉안당,봉안당,개인단,,일반실 단 개인단사용료,5년 관리비 30만원 일반실 6단 개인단사용료 5년 관리비 30만원,45000000
527,중앙추모공원(재단법인 현) 봉안시설,527,공설,,"봉안당, 수목장",봉안당,봉안당,개인단,,VIP실 단 개인단사용료,/ 5년 관리비,50000000
527,중앙추모공원(재단법인 현) 봉안시설,527,공설,,"봉안당, 수목장",봉안당,봉안당,개인단,,일반실 단 개인단사용료,/ 5년 관리비 만원 일반실 4단 개인단사용료 / 5년 관리비 만원,50000000
527,중앙추모공원(재단법인 현) 봉안시설,527,공설,,"봉안당, 수목장",봉안당,봉안당,개인단,,일반실 단 개인단사용료,5년 관리비 30만원 일반실 4단 개인단사용료 5년 관리비 30만원,50000000
527,중앙추모공원(재단법인 현) 봉안시설,527,공설,,"봉안당, 수목장",봉안당,봉안당,부부단,,일반실 단 부부단사용료,/ 5년 관리비 30만원 일반실 1단 부부단사용료 / 5년 관리비 30만원,50000000
527,중앙추모공원(재단법인 현) 봉안시설,527,공설,,"봉안당, 수목장",봉안당,봉안당,부부단,,일반실 단 부부단사용료,/ 5년 관리비 30만원 일반실 1단 부부단사용료 / 5년 관리비 30만원,50000000
527,중앙추모공원(재단법인 현) 봉안시설,527,공설,,"봉안당, 수목장",봉안당,봉안당,개인단,,VIP실 단 개인단사용료,5년 관리비 30만원,60000000
527,중앙추모공원(재단법인 현) 봉안시설,527,공설,,"봉안당, 수목장",봉안당,봉안당,개인단,,고급실 단 개인단사용료,5년 관리비 30만원 고급실 3단 개인단사용료 5년 관리비 30만원,60000000
527,중앙추모공원(재단법인 현) 봉안시설,527,공설,,"봉안당, 수목장",봉안당,봉안당,부부단,,일반실 단 부부단사용료,5년 관리비 30만원 일반실 8단 부부단사용료 5년 관리비 30만원,60000000
527,중앙추모공원(재단법인 현) 봉안시설,527,공설,,"봉안당, 수목장",봉안당,봉안당,부부단,,고급실 단 부부단사용료,/ 5년 관리비 30만원,70000000
527,중앙추모공원(재단법인 현) 봉안시설,527,공설,,"봉안당, 수목장",봉안당,봉안당,부부단,,일반실 단 부부단사용료,5년 관리비 30만원 일반실 2단 부부단사용료 5년 관리비 30만원,70000000
527,중앙추모공원(재단법인 현) 봉안시설,527,공설,,"봉안당, 수목장",봉안당,봉안당,부부단,,일반실,단 부부단사용료 / 5년 관리비,70000000
527,중앙추모공원(재단법인 현) 봉안시설,527,공설,,"봉안당, 수목장",봉안당,봉안당,개인단,,VIP실 단 개인단사용료,5년 관리비 30만원 VIP실 3단 개인단사용료 5년 관리비 30만원,75000000
527,중앙추모공원(재단법인 현) 봉안시설,527,공설,,"봉안당, 수목장",봉안당,봉안당,개인단,,고급실 단 개인단사용료,5년 관리비 30만원 고급실 4단 개인단사용료 5년 관리비 30만원,75000000
527,중앙추모공원(재단법인 현) 봉안시설,527,공설,,"봉안당, 수목장",봉안당,봉안당,부부단,,일반실 단 부부단사용료,5년 관리비 30만원 일반실 3단 부부단사용료 5년 관리비 30만원,80000000
527,중앙추모공원(재단법인 현) 봉안시설,527,공설,,"봉안당, 수목장",봉안당,봉안당,개인단,,고급실 단 개인단사용료,5년 관리비 30만원 고급실 6단 개인단사용료 5년 관리비 30만원,85000000
527,중앙추모공원(재단법인 현) 봉안시설,527,공설,,"봉안당, 수목장",봉안당,봉안당,개인단,,VIP실 단 개인단사용료,/ 5년 관리비,90000000
527,중앙추모공원(재단법인 현) 봉안시설,527,공설,,"봉안당, 수목장",봉안당,봉안당,개인단,,고급실 단 개인단사용료,/ 5년 관리비 30만원 고급실 5단 개인단사용료 / 5년 관리비 30만원,90000000
527,중앙추모공원(재단법인 현) 봉안시설,527,공설,,"봉안당, 수목장",봉안당,봉안당,부부단,,,,90000000
527,중앙추모공원(재단법인 현) 봉안시설,527,공설,,"봉안당, 수목장",봉안당,봉안당,부부단,,일반실 단 부부단사용료,5년 관리비 30만원 일반실 6단 부부단사용료 5년 관리비 30만원,90000000
527,중앙추모공원(재단법인 현) 봉안시설,527,공설,,"봉안당, 수목장",봉안당,봉안당,개인단,,VIP실 단 개인단사용료,5년 관리비 30만원 VIP실 5단 개인단사용료 5년 관리비 30만원,100000000
527,중앙추모공원(재단법인 현) 봉안시설,527,공설,,"봉안당, 수목장",봉안당,봉안당,부부단,,VIP실 단 부부단사용료,5년 관리비 30만원 VIP실 1단 부부단사용료 5년 관리비 30만원,100000000
527,중앙추모공원(재단법인 현) 봉안시설,527,공설,,"봉안당, 수목장",봉안당,봉안당,부부단,,일반실 단 부부단,5년 관리비 30만원,100000000
527,중앙추모공원(재단법인 현) 봉안시설,527,공설,,"봉안당, 수목장",봉안당,봉안당,부부단,,일반실 단 부부단사용료,5년 관리비 30만원,100000000
527,중앙추모공원(재단법인 현) 봉안시설,527,공설,,"봉안당, 수목장",봉안당,봉안당,부부단,,,,120000000
527,중앙추모공원(재단법인 현) 봉안시설,527,공설,,"봉안당, 수목장",봉안당,봉안당,부부단,,고급실 단 부부단사용료,/ 5년 관리비 30만원 고급실 3단 부부단사용료 / 5년 관리비 30만원,120000000
527,중앙추모공원(재단법인 현) 봉안시설,527,공설,,"봉안당, 수목장",봉안당,봉안당,부부단,,VIP실 단 부부단사용료,5년 관리비 30만원 VIP실 3단 부부단사용료 5년 관리비 30만원,150000000
527,중앙추모공원(재단법인 현) 봉안시설,527,공설,,"봉안당, 수목장",봉안당,봉안당,부부단,,고급실 단 부부단사용료,5년 관리비 30만원 고급실 4단 부부단사용료 5년 관리비 30만원,150000000
527,중앙추모공원(재단법인 현) 봉안시설,527,공설,,"봉안당, 수목장",봉안당,봉안당,부부단,,,,170000000
527,중앙추모공원(재단법인 현) 봉안시설,527,공설,,"봉안당, 수목장",봉안당,봉안당,부부단,,VIP실 단 부부단사용료,5년 관리비 30만원 VIP실 4단 부부단사용료 5년 관리비 30만원,180000000
527,중앙추모공원(재단법인 현) 봉안시설,527,공설,,"봉안당, 수목장",봉안당,봉안당,부부단,,고급실 단 부부단사용료,5년 관리비 30만원 고급실 5단 부부단사용료 5년 관리비 30만원,180000000
527,중앙추모공원(재단법인 현) 봉안시설,527,공설,,"봉안당, 수목장",봉안당,봉안당,부부단,,VIP실 단 부부단사용료,5년 관리비 30만원 VIP실 5단 부부단사용료 5년 관리비 30만원,200000000
527,중앙추모공원(재단법인 현) 봉안시설,527,공설,,"봉안당, 수목장",봉안당,수목장,,,자연장 조명 등,자연장 조명 등,10000
527,중앙추모공원(재단법인 현) 봉안시설,527,공설,,"봉안당, 수목장",봉안당,수목장,,,봉안(자연)함,봉안(자연)함,150000
528,유일추모공원,528,공설,,봉안당,봉안당,봉안당,,,"난초매화,송죽관",측면비용의 추가,5000000
528,유일추모공원,528,공설,,봉안당,봉안당,봉안당,,,별관일반,"(층)측면비용의 추가, (2층)측면비용의 추가",5000000
528,유일추모공원,528,공설,,봉안당,봉안당,봉안당,개인단,,별관고급,(층) 측면 전면일반실 금액추가(5단개인단 제외),20000000
528,유일추모공원,528,공설,,봉안당,봉안당,봉안당,,,난초,(지하층)9단-측면영구 난초(지하1층)9단-측면영구,25000000
528,유일추모공원,528,공설,,봉안당,봉안당,봉안당,,,난초,"(지하층)1단-측면영구, (지하1층)1단-측면영구",25000000
528,유일추모공원,528,공설,,봉안당,봉안당,봉안당,,,난초,지하층 8단-측면영구 난초 지하1층 8단-측면영구,30000000
528,유일추모공원,528,공설,,봉안당,봉안당,봉안당,,,난초 2단,"지하층-측면영구, 지하1층-측면영구",30000000
528,유일추모공원,528,공설,,봉안당,봉안당,봉안당,,,난초,지하층 7단-측면영구 난초(지하1층)7단-측면영구,35000000
528,유일추모공원,528,공설,,봉안당,봉안당,봉안당,,,난초 3단,"지하층, 측면영구, 지하1층, 측면영구",35000000
528,유일추모공원,528,공설,,봉안당,봉안당,봉안당,,,난초 4단,"지하층, 측면영구, 지하1층",40000000
528,유일추모공원,528,공설,,봉안당,봉안당,봉안당,,,매화/송죽,"(층,2층)-측면8단영구 매화/송죽(1층,2층)-측면8단영구",40000000
528,유일추모공원,528,공설,,봉안당,봉안당,봉안당,,,매화/송죽,"(층,2층)-측면2단영구 매화/송죽(1층,2층)-측면2단영구",40000000
528,유일추모공원,528,공설,,봉안당,봉안당,봉안당,,,난초,"지하층 6,5단-측면영구 난초(지하1층) 6,5단-측면영구",45000000
528,유일추모공원,528,공설,,봉안당,봉안당,봉안당,,,,,45000000
528,유일추모공원,528,공설,,봉안당,봉안당,봉안당,,,별관일반,(층) 측면 2단영구 (2층) 측면 2단영구,45000000
528,유일추모공원,528,공설,,봉안당,봉안당,봉안당,,,별관일반,(층) 측면 8단영구 (2층) 측면 8단영구,45000000
528,유일추모공원,528,공설,,봉안당,봉안당,봉안당,,,매화/송죽,"(층,2층)-측면7단영구, 매화/송죽(1층,2층)-측면7단영구",50000000
528,유일추모공원,528,공설,,봉안당,봉안당,봉안당,,,매화/송죽,"(층,2층)-측면4단영구 매화/송죽(1층,2층)-측면4단영구",50000000
528,유일추모공원,528,공설,,봉안당,봉안당,봉안당,,,별관일반,(층) 측면 전면 2단영구 (1층) 측면 전면 2단영구,50000000
528,유일추모공원,528,공설,,봉안당,봉안당,봉안당,,,별관일반,(층) 측면 전면 8단영구 (1층) 측면 전면 8단영구,50000000
528,유일추모공원,528,공설,,봉안당,봉안당,봉안당,,,별관고급,(층) 측면 전면 9단영구 (2층) 측면 전면 9단영구,50000000
528,유일추모공원,528,공설,,봉안당,봉안당,봉안당,,,매화/송죽,"(층,2층)-측면6단영구",60000000
528,유일추모공원,528,공설,,봉안당,봉안당,봉안당,,,매화/송죽,"(층,2층)-측면5단영구, (1층,2층)-측면5단영구",60000000
528,유일추모공원,528,공설,,봉안당,봉안당,봉안당,,,별관일반,(층) 측면 전면 3단영구 별관일반(1층) 측면 전면 3단영구,60000000
528,유일추모공원,528,공설,,봉안당,봉안당,봉안당,,,별관일반,"(층) 측면 3단영구, (2층) 측면 3단영구",65000000
528,유일추모공원,528,공설,,봉안당,봉안당,봉안당,,,별관일반,(층) 측면 7단영구 별관일반(2층) 측면 7단영구,65000000
528,유일추모공원,528,공설,,봉안당,봉안당,봉안당,,,별관일반,(층) 측면 전면 4단영구 (1층) 측면 전면 4단영구,70000000
528,유일추모공원,528,공설,,봉안당,봉안당,봉안당,,,별관일반,"(층) 측면 전면 7단영구, (1층) 측면 전면 7단영구",70000000
528,유일추모공원,528,공설,,봉안당,봉안당,봉안당,,,별관고급,(층) 측면 전면 8단영구 (2층) 측면 전면 8단영구,70000000
528,유일추모공원,528,공설,,봉안당,봉안당,봉안당,,,측면 4단영구,"별관일반(층), 별관일반(2층)",75000000
528,유일추모공원,528,공설,,봉안당,봉안당,봉안당,,,별관일반,"별관일반(층) 측면 전면 6단영구, 별관일반(1층) 측면 전면 6단영구",80000000
528,유일추모공원,528,공설,,봉안당,봉안당,봉안당,,,,,80000000
528,유일추모공원,528,공설,,봉안당,봉안당,봉안당,,,별관일반,"(층) 측면 6단영구, (2층) 측면 6단영구",85000000
528,유일추모공원,528,공설,,봉안당,봉안당,봉안당,,,별관일반,"층 측면 전면 5단영구, 별관일반(1층) 측면 전면 5단영구",90000000
528,유일추모공원,528,공설,,봉안당,봉안당,봉안당,,,별관일반,(층) 측면 5단영구 (2층) 측면 5단영구,90000000
528,유일추모공원,528,공설,,봉안당,봉안당,봉안당,,,별관고급(층),측면 전면 2단영구,90000000
528,유일추모공원,528,공설,,봉안당,봉안당,봉안당,,,별관고급,(층) 측면 전면 3단영구,100000000
528,유일추모공원,528,공설,,봉안당,봉안당,봉안당,,,별관고급,(층) 측면 전면 7단영구 (2층) 측면 전면 7단영구,100000000
528,유일추모공원,528,공설,,봉안당,봉안당,기타(관리비),,,관리비,년1 15년1,600000
529,(재)시안 가족추모공원(봉안),529,공설,,"공원묘지, 봉안당",봉안당,공원묘지,,,1년 관리비,(평장6위) 1 ㎡ 당,101340
529,(재)시안 가족추모공원(봉안),529,공설,,"공원묘지, 봉안당",봉안당,공원묘지,,,년 관리비,평장8위 ㎡ 당,101340
529,(재)시안 가족추모공원(봉안),529,공설,,"공원묘지, 봉안당",봉안당,공원묘지,,,년 관리비,(평장묘4위문형D),101340
529,(재)시안 가족추모공원(봉안),529,공설,,"공원묘지, 봉안당",봉안당,공원묘지,,,년 관리비,평장묘6위 윤슬헌,101340
529,(재)시안 가족추모공원(봉안),529,공설,,"공원묘지, 봉안당",봉안당,공원묘지,,,평장묘16위 화향헌,년 관리비 1 ㎡ 당,101340
529,(재)시안 가족추모공원(봉안),529,공설,,"공원묘지, 봉안당",봉안당,공원묘지,개인단,,평장묘,1년 관리비 기당,613000
529,(재)시안 가족추모공원(봉안),529,공설,,"공원묘지, 봉안당",봉안당,공원묘지,,,년 관리비(평장묘2위)기당,1년 관리비(평장묘2위)기당,613000
529,(재)시안 가족추모공원(봉안),529,공설,,"공원묘지, 봉안당",봉안당,공원묘지,,,년 관리비(평장특별)기당,1년 관리비(평장특별)기당,613000
529,(재)시안 가족추모공원(봉안),529,공설,,"공원묘지, 봉안당",봉안당,공원묘지,개인단,,평장묘,(위자미원)기당 (1위자미원)기당,328000000
529,(재)시안 가족추모공원(봉안),529,공설,,"공원묘지, 봉안당",봉안당,공원묘지,,,평장묘,"(위문형D), (4위문형D)",458000000
529,(재)시안 가족추모공원(봉안),529,공설,,"공원묘지, 봉안당",봉안당,공원묘지,,,평장묘,(위자미원)기당 (1위자미원)기당,478000000
529,(재)시안 가족추모공원(봉안),529,공설,,"공원묘지, 봉안당",봉안당,공원묘지,,,평장묘,"6위불로초,문형D, 위불로초,문형D",0
529,(재)시안 가족추모공원(봉안),529,공설,,"공원묘지, 봉안당",봉안당,공원묘지,,,평장묘,(위 윤슬헌)기당 (6위 윤슬헌)기당,0
529,(재)시안 가족추모공원(봉안),529,공설,,"공원묘지, 봉안당",봉안당,공원묘지,,,평장묘,"(위상수대,문형D)",0
529,(재)시안 가족추모공원(봉안),529,공설,,"공원묘지, 봉안당",봉안당,공원묘지,,,평장묘(특별자미원)기당,평장묘(특별자미원)기당,618000000
529,(재)시안 가족추모공원(봉안),529,공설,,"공원묘지, 봉안당",봉안당,공원묘지,,,평장묘,"(위 화향헌), (16위 화향헌)",882000000
529,(재)시안 가족추모공원(봉안),529,공설,,"공원묘지, 봉안당",봉안당,봉안당,개인단,,년 관리비(개인단)기당,1년 관리비(개인단)기당,558000
529,(재)시안 가족추모공원(봉안),529,공설,,"공원묘지, 봉안당",봉안당,봉안당,부부단,,년 관리비(부부단)기당,1년 관리비(부부단)기당,558000
529,(재)시안 가족추모공원(봉안),529,공설,,"공원묘지, 봉안당",봉안당,봉안당,,,봉안담 영구사용기당,봉안담 영구사용기당,258500000
529,(재)시안 가족추모공원(봉안),529,공설,,"공원묘지, 봉안당",봉안당,봉안당,,,봉안담 영구사용기당,봉안담 영구사용기당,258500000
529,(재)시안 가족추모공원(봉안),529,공설,,"공원묘지, 봉안당",봉안당,봉안당,가족단,,가족묘 영구사용,위바위7 기당 가족묘 영구사용 4위바위7 기당,408000000
529,(재)시안 가족추모공원(봉안),529,공설,,"공원묘지, 봉안당",봉안당,봉안당,가족단,,가족묘 영구사용,(위 기타)기당 가족묘 영구사용(4위 기타)기당,438000000
529,(재)시안 가족추모공원(봉안),529,공설,,"공원묘지, 봉안당",봉안당,봉안당,가족단,,가족묘 영구사용,(위 윤슬헌) (4위 윤슬헌),458000000
529,(재)시안 가족추모공원(봉안),529,공설,,"공원묘지, 봉안당",봉안당,봉안당,가족단,,가족묘 영구사용,(위 문형D외)기당 가족묘 영구사용(8위 문형D외)기당,538000000
529,(재)시안 가족추모공원(봉안),529,공설,,"공원묘지, 봉안당",봉안당,봉안당,가족단,,가족묘 영구사용,(위 윤슬헌)기당 가족묘 영구사용(4위 윤슬헌)기당,0
529,(재)시안 가족추모공원(봉안),529,공설,,"공원묘지, 봉안당",봉안당,봉안당,가족단,,가족묘 영구사용,"(위 바위7외), (12위 바위7외)",578000000
529,(재)시안 가족추모공원(봉안),529,공설,,"공원묘지, 봉안당",봉안당,봉안당,가족단,,가족묘 영구사용,(위 바위7외)기당 가족묘 영구사용(12위 바위7외)기당,638000000
529,(재)시안 가족추모공원(봉안),529,공설,,"공원묘지, 봉안당",봉안당,봉안당,가족단,,가족묘 영구사용,(위 윤슬헌)기탕 가족묘 영구사용(12위 윤슬헌)기탕,638000000
529,(재)시안 가족추모공원(봉안),529,공설,,"공원묘지, 봉안당",봉안당,봉안당,가족단,,가족묘 영구사용,(위 윤슬헌)기당 가족묘 영구사용(4위 윤슬헌)기당,688000000
529,(재)시안 가족추모공원(봉안),529,공설,,"공원묘지, 봉안당",봉안당,봉안당,가족단,,가족묘 영구사용,(위 사슴1외)기당 가족묘 영구사용(24위 사슴1외)기당,748000000
529,(재)시안 가족추모공원(봉안),529,공설,,"공원묘지, 봉안당",봉안당,봉안당,가족단,,가족묘 영구사용,(위)기당 가족묘 영구사용(28위)기당,808000000
529,(재)시안 가족추모공원(봉안),529,공설,,"공원묘지, 봉안당",봉안당,봉안당,가족단,,가족묘 영구사용,(고급 위)기당 가족묘 영구사용(고급 32위)기당,1820000000
529,(재)시안 가족추모공원(봉안),529,공설,,"공원묘지, 봉안당",봉안당,봉안당,가족단,,가족묘 영구사용,"특별 위, 특별 20위",1920000000
529,(재)시안 가족추모공원(봉안),529,공설,,"공원묘지, 봉안당",봉안당,봉안당,가족단,,가족묘 영구사용,(특별 위)기당 가족묘 영구사용(특별 위)기당,2420000000
529,(재)시안 가족추모공원(봉안),529,공설,,"공원묘지, 봉안당",봉안당,봉안당,가족단,,가족묘 영구사용,(특별 위) 기당 가족묘 영구사용(특별 20위) 기당,3280000000
529,(재)시안 가족추모공원(봉안),529,공설,,"공원묘지, 봉안당",봉안당,봉안당,가족단,,가족묘 영구사용,"특별 위, 특별 20위",3580000000
529,(재)시안 가족추모공원(봉안),529,공설,,"공원묘지, 봉안당",봉안당,기타(관리비),가족단,,가족묘,4위 바위7 ㎡ 당,101340
529,(재)시안 가족추모공원(봉안),529,공설,,"공원묘지, 봉안당",봉안당,기타(관리비),,,년 관리비(4위 기타),1 ㎡ 당,101340
529,(재)시안 가족추모공원(봉안),529,공설,,"공원묘지, 봉안당",봉안당,기타(관리비),가족단,,가족묘,8위 문형D외 ㎡ 당,101340
529,(재)시안 가족추모공원(봉안),529,공설,,"공원묘지, 봉안당",봉안당,기타(관리비),가족단,,년 관리비(가족묘 12위 바위7외),㎡ 당,101340
529,(재)시안 가족추모공원(봉안),529,공설,,"공원묘지, 봉안당",봉안당,기타(관리비),가족단,,가족묘,16위 바위7외 1 ㎡ 당,101340
529,(재)시안 가족추모공원(봉안),529,공설,,"공원묘지, 봉안당",봉안당,기타(관리비),가족단,,가족묘,24위 사슴1외 ㎡ 당,101340
529,(재)시안 가족추모공원(봉안),529,공설,,"공원묘지, 봉안당",봉안당,기타(관리비),,,년 관리비,1 ㎡ 당,101340
529,(재)시안 가족추모공원(봉안),529,공설,,"공원묘지, 봉안당",봉안당,기타(관리비),,,년 관리비(특별20위),1 ㎡ 당,101340
529,(재)시안 가족추모공원(봉안),529,공설,,"공원묘지, 봉안당",봉안당,기타(관리비),,,년 관리비(특별24위),1 ㎡ 당,101340
529,(재)시안 가족추모공원(봉안),529,공설,,"공원묘지, 봉안당",봉안당,기타(관리비),,,년 관리비(고급 32위),㎡ 당,101340
529,(재)시안 가족추모공원(봉안),529,공설,,"공원묘지, 봉안당",봉안당,기타(관리비),,,년 관리비(특별36위),1 ㎡ 당,101340
529,(재)시안 가족추모공원(봉안),529,공설,,"공원묘지, 봉안당",봉안당,기타(관리비),가족단,,1년 관리비(가족묘 4위 윤슬헌),1 ㎡ 당,101340
529,(재)시안 가족추모공원(봉안),529,공설,,"공원묘지, 봉안당",봉안당,기타(관리비),가족단,,가족묘 8위 윤슬헌,년 관리비 1 ㎡ 당,101340
529,(재)시안 가족추모공원(봉안),529,공설,,"공원묘지, 봉안당",봉안당,기타(관리비),가족단,,가족묘 12위 윤슬헌,년 관리비 1 ㎡ 당,101340
529,(재)시안 가족추모공원(봉안),529,공설,,"공원묘지, 봉안당",봉안당,기타(관리비),가족단,,가족묘 윤슬헌,년 관리비 16위 1 ㎡ 당,101340
529,(재)시안 가족추모공원(봉안),529,공설,,"공원묘지, 봉안당",봉안당,기타(관리비),가족단,,년 관리비(가족묘 특별 36위),1 ㎡ 당,101340
529,(재)시안 가족추모공원(봉안),529,공설,,"공원묘지, 봉안당",봉안당,기타(관리비),,,년 관리비(소나무공원)기당,년 관리비(소나무공원)기당,12270000
530,무궁화추모공원,530,공설,,봉안당,봉안당,봉안당,,,진공유골함,"20~22cm, 고령토백자, 여주, 수공 진공유골함 20*20~22cm, 고령토백자, 여주, 수공",300000
530,무궁화추모공원,530,공설,,봉안당,봉안당,봉안당,개인단,,개인 1단고급실,(임대 10년),10500000
530,무궁화추모공원,530,공설,,봉안당,봉안당,봉안당,개인단,,개인 1단고급실,(임대 10년),14000000
530,무궁화추모공원,530,공설,,봉안당,봉안당,봉안당,개인단,,개인 단고급실,(임대 10년),17500000
530,무궁화추모공원,530,공설,,봉안당,봉안당,봉안당,개인단,,개인 1단고급실,(임대 10년),17500000
530,무궁화추모공원,530,공설,,봉안당,봉안당,봉안당,개인단,,개인 단고급실,(임대 10년),17500000
530,무궁화추모공원,530,공설,,봉안당,봉안당,봉안당,개인단,,개인 1단고급실,(임대 10년),21000000
530,무궁화추모공원,530,공설,,봉안당,봉안당,봉안당,개인단,,개인 단고급실,(임대 10년),21000000
530,무궁화추모공원,530,공설,,봉안당,봉안당,봉안당,개인단,,개인 1단고급실,(임대 10년),21000000
530,무궁화추모공원,530,공설,,봉안당,봉안당,봉안당,부부단,,부부 단고급실,(임대 10년) 부부 1단고급실 (임대 10년),21000000
530,무궁화추모공원,530,공설,,봉안당,봉안당,봉안당,개인단,,개인 1단고급실,(임대 10년),21000000
530,무궁화추모공원,530,공설,,봉안당,봉안당,봉안당,개인단,,개인 단VIP실,개인 1단VIP실,24500000
530,무궁화추모공원,530,공설,,봉안당,봉안당,봉안당,개인단,,개인 단VIP실,개인 1단VIP실,28000000
530,무궁화추모공원,530,공설,,봉안당,봉안당,봉안당,부부단,,부부 단고급실,(임대 10년) 부부 1단고급실 (임대 10년),28000000
530,무궁화추모공원,530,공설,,봉안당,봉안당,봉안당,개인단,,개인 1단고급실,(임대 10년),31500000
530,무궁화추모공원,530,공설,,봉안당,봉안당,봉안당,개인단,,개인 단고급실,(임대 10년),31500000
530,무궁화추모공원,530,공설,,봉안당,봉안당,봉안당,부부단,,부부 단고급실,(임대 10년) 부부 1단고급실 (임대 10년),31500000
530,무궁화추모공원,530,공설,,봉안당,봉안당,봉안당,부부단,,부부 단고급실,(임대 10년) 부부 1단고급실 (임대 10년),35000000
530,무궁화추모공원,530,공설,,봉안당,봉안당,봉안당,부부단,,부부 단고급실,(임대 10년) 부부 1단고급실 (임대 10년),35000000
530,무궁화추모공원,530,공설,,봉안당,봉안당,봉안당,개인단,,개인 단VIP실,개인 1단VIP실,38500000
530,무궁화추모공원,530,공설,,봉안당,봉안당,봉안당,개인단,,개인 단VIP실,개인 1단VIP실,38500000
530,무궁화추모공원,530,공설,,봉안당,봉안당,봉안당,부부단,,부부 단고급실 부부 1단고급실,(임대 10년),38500000
530,무궁화추모공원,530,공설,,봉안당,봉안당,봉안당,부부단,,부부단고급실,(임대 10년),42000000
530,무궁화추모공원,530,공설,,봉안당,봉안당,봉안당,부부단,,부부 단고급실,(임대10년) 부부 4단고급실 (임대10년),42000000
530,무궁화추모공원,530,공설,,봉안당,봉안당,봉안당,부부단,,부부 단고급실,(임대 10년) 부부 1단고급실 (임대 10년),42000000
530,무궁화추모공원,530,공설,,봉안당,봉안당,봉안당,개인단,,개인 1단고급실,(임대 10년),42000000
530,무궁화추모공원,530,공설,,봉안당,봉안당,봉안당,개인단,,개인 1단고급실,(임대 10년),42000000
530,무궁화추모공원,530,공설,,봉안당,봉안당,봉안당,개인단,,개인 단고급실,(임대 10년) 개인 1단고급실 (임대 10년),42000000
530,무궁화추모공원,530,공설,,봉안당,봉안당,봉안당,부부단,,부부 단VIP실,부부 1단VIP실,45500000
530,무궁화추모공원,530,공설,,봉안당,봉안당,봉안당,개인단,,개인 단VIP실,개인 1단VIP실,49000000
530,무궁화추모공원,530,공설,,봉안당,봉안당,봉안당,개인단,,개인 단VIP실,개인 1단VIP실,49000000
530,무궁화추모공원,530,공설,,봉안당,봉안당,봉안당,개인단,,개인 단VIP실,개인 1단VIP실,49000000
530,무궁화추모공원,530,공설,,봉안당,봉안당,봉안당,부부단,,부부 단VIP실,부부 1단VIP실,52500000
530,무궁화추모공원,530,공설,,봉안당,봉안당,봉안당,부부단,,부부 단고급실,임대 10년,59500000
530,무궁화추모공원,530,공설,,봉안당,봉안당,봉안당,부부단,,부부 단고급실,(임대 10년),59500000
530,무궁화추모공원,530,공설,,봉안당,봉안당,봉안당,부부단,,부부 단VIP실,부부 1단VIP실,73500000
530,무궁화추모공원,530,공설,,봉안당,봉안당,봉안당,부부단,,부부 단VIP실,부부 1단VIP실,73500000
530,무궁화추모공원,530,공설,,봉안당,봉안당,봉안당,부부단,,부부 단고급실,(임대 10년) 부부 1단고급실 (임대 10년),77000000
530,무궁화추모공원,530,공설,,봉안당,봉안당,봉안당,부부단,,부부 단고급실,(임대 10년),77000000
530,무궁화추모공원,530,공설,,봉안당,봉안당,봉안당,부부단,,부부 단고급실,(임대 10년) 부부 1단고급실 (임대 10년),77000000
530,무궁화추모공원,530,공설,,봉안당,봉안당,봉안당,부부단,,부부 단VIP실,부부 1단VIP실,91000000
530,무궁화추모공원,530,공설,,봉안당,봉안당,봉안당,부부단,,부부 단VIP실,부부 1단VIP실,91000000
530,무궁화추모공원,530,공설,,봉안당,봉안당,봉안당,부부단,,부부 단VIP실,부부 1단VIP실,91000000
530,무궁화추모공원,530,공설,,봉안당,봉안당,봉안당,,,단특실,1 1단특실 1,182000000
530,무궁화추모공원,530,공설,,봉안당,봉안당,봉안당,,,단특실,1단특실,182000000
530,무궁화추모공원,530,공설,,봉안당,봉안당,봉안당,,,단특실,1단특실,210000000
530,무궁화추모공원,530,공설,,봉안당,봉안당,봉안당,,,단특실,1단특실,210000000
530,무궁화추모공원,530,공설,,봉안당,봉안당,봉안당,가족단,,위가족실,4위가족실,245000000
530,무궁화추모공원,530,공설,,봉안당,봉안당,봉안당,가족단,,위가족실1,4위가족실1,350000000
530,무궁화추모공원,530,공설,,봉안당,봉안당,봉안당,가족단,,위가족실,8위가족실,490000000
530,무궁화추모공원,530,공설,,봉안당,봉안당,봉안당,가족단,,위가족실,10위가족실,560000000
530,무궁화추모공원,530,공설,,봉안당,봉안당,봉안당,가족단,,위가족실,12위가족실,700000000
530,무궁화추모공원,530,공설,,봉안당,봉안당,기타(관리비),,,관리비연,5년치 선납,500000
531,모악추모공원,531,공설,,봉안당,봉안당,봉안당,개인단,,개인단,"일반실 영구분양, 9단영구분양",20000000
531,모악추모공원,531,공설,,봉안당,봉안당,봉안당,개인단,,개인단,일반실 1단영구분양,40000000
531,모악추모공원,531,공설,,봉안당,봉안당,봉안당,개인단,,개인단,일반실 단영구분양 8단영구분양,40000000
531,모악추모공원,531,공설,,봉안당,봉안당,봉안당,부부단,,부부단,"단영구분양, 9단영구분양",40000000
531,모악추모공원,531,공설,,봉안당,봉안당,봉안당,개인단,,HERITAGE 개인단,영구분양,50000000
531,모악추모공원,531,공설,,봉안당,봉안당,봉안당,개인단,,HERITAGE 개인단,영구분양,50000000
531,모악추모공원,531,공설,,봉안당,봉안당,봉안당,개인단,,개인단,일반실 단영구분양 2단영구분양,51000000
531,모악추모공원,531,공설,,봉안당,봉안당,봉안당,개인단,,개인단 단영구분양 개인단 9단영구분양,[일반실],51000000
531,모악추모공원,531,공설,,봉안당,봉안당,봉안당,개인단,,개인단,"일반실 영구분양, 3단영구분양",56000000
531,모악추모공원,531,공설,,봉안당,봉안당,봉안당,개인단,,,,60000000
531,모악추모공원,531,공설,,봉안당,봉안당,봉안당,개인단,,,,60000000
531,모악추모공원,531,공설,,봉안당,봉안당,봉안당,개인단,,,,62000000
531,모악추모공원,531,공설,,봉안당,봉안당,봉안당,개인단,,,,62000000
531,모악추모공원,531,공설,,봉안당,봉안당,봉안당,개인단,,,,65000000
531,모악추모공원,531,공설,,봉안당,봉안당,봉안당,개인단,,HERITAGE 개인단,"단, 영구분양, 3단, 영구분양",70000000
531,모악추모공원,531,공설,,봉안당,봉안당,봉안당,개인단,,[HERITAGE] 개인단,"단, [영구분양], 4단",75000000
531,모악추모공원,531,공설,,봉안당,봉안당,봉안당,개인단,,HERITAGE 개인단,[영구분양]  ~  [HERITAGE] 개인단 4단 [영구분양],75000000
531,모악추모공원,531,공설,,봉안당,봉안당,봉안당,부부단,,,,80000000
531,모악추모공원,531,공설,,봉안당,봉안당,봉안당,부부단,,부부단,[일반실] 단영구분양 [일반실] 9단영구분양,80000000
531,모악추모공원,531,공설,,봉안당,봉안당,봉안당,개인단,,HERITAGE 개인단,"단, 영구분양 HERITAGE 개인단 5단, 영구분양",85000000
531,모악추모공원,531,공설,,봉안당,봉안당,봉안당,부부단,,부부단,[HERITAGE] 부부단 단 [영구분양] [HERITAGE] 부부단 1단 [영구분양],100000000
531,모악추모공원,531,공설,,봉안당,봉안당,봉안당,부부단,,부부단,[HERITAGE] 부부단 단 [영구분양] [HERITAGE] 부부단 1단 [영구분양],100000000
531,모악추모공원,531,공설,,봉안당,봉안당,봉안당,부부단,,부부단,[일반실] 단영구분양 [일반실] 9단영구분양,102000000
531,모악추모공원,531,공설,,봉안당,봉안당,봉안당,부부단,,부부단,"[일반실]단영구분양, [일반실]9단영구분양",102000000
531,모악추모공원,531,공설,,봉안당,봉안당,봉안당,부부단,,,,112000000
531,모악추모공원,531,공설,,봉안당,봉안당,봉안당,부부단,,,,120000000
531,모악추모공원,531,공설,,봉안당,봉안당,봉안당,부부단,,,,120000000
531,모악추모공원,531,공설,,봉안당,봉안당,봉안당,부부단,,,,124000000
531,모악추모공원,531,공설,,봉안당,봉안당,봉안당,부부단,,,,124000000
531,모악추모공원,531,공설,,봉안당,봉안당,봉안당,부부단,,부부단,"단영구분양, 5단영구분양",130000000
531,모악추모공원,531,공설,,봉안당,봉안당,봉안당,부부단,,,,140000000
531,모악추모공원,531,공설,,봉안당,봉안당,봉안당,부부단,,부부단,"단, 4단, 영구분양",150000000
531,모악추모공원,531,공설,,봉안당,봉안당,봉안당,부부단,,,,150000000
531,모악추모공원,531,공설,,봉안당,봉안당,봉안당,부부단,,부부단,"단 영구분양, 5단 영구분양",170000000
531,모악추모공원,531,공설,,봉안당,봉안당,봉안당,부부단,,부부단,[특별실] 단영구분양1 [특별실] 1단영구분양1,180000000
531,모악추모공원,531,공설,,봉안당,봉안당,봉안당,부부단,,[특별실] 부부단,"단영구분양, 1단영구분양",220000000
531,모악추모공원,531,공설,,봉안당,봉안당,봉안당,부부단,,부부단,단영구분양 7단영구분양,220000000
531,모악추모공원,531,공설,,봉안당,봉안당,봉안당,부부단,,부부단,"[특별실] 단영구분양, [특별실] 1단영구분양",250000000
531,모악추모공원,531,공설,,봉안당,봉안당,봉안당,부부단,,부부단 단영구분양,"특별실, 부부단 4단영구분양",250000000
531,모악추모공원,531,공설,,봉안당,봉안당,봉안당,부부단,,부부단,"단영구분양, 5단영구분양",250000000
531,모악추모공원,531,공설,,봉안당,봉안당,봉안당,부부단,,부부단,[특별실] 단영구분양1 [특별실] 1단영구분양1,250000000
531,모악추모공원,531,공설,,봉안당,봉안당,기타(관리비),개인단,,일반실 관리비,위당10년 1위당10년,6000000
531,모악추모공원,531,공설,,봉안당,봉안당,기타(관리비),개인단,,특별실 관리비,위당년 위당년,10000000
532,도성사 봉안당,532,사설,,봉안당,"봉안당, 공원묘지",봉안당,,,유골함,원산지 : 국내산 유골함원산지 : 국내산,350000
532,도성사 봉안당,532,사설,,봉안당,"봉안당, 공원묘지",봉안당,개인단,,개인단 관리비,"년마다 총 8회납, 5년마다 총 8회납",2500000
532,도성사 봉안당,532,사설,,봉안당,"봉안당, 공원묘지",봉안당,부부단,,부부단 관리비,년마다 총 8회납 부부단 관리비5년마다 총 8회납,5000000
532,도성사 봉안당,532,사설,,봉안당,"봉안당, 공원묘지",봉안당,개인단,,개인단,(단)영구 (10단)영구,10000000
532,도성사 봉안당,532,사설,,봉안당,"봉안당, 공원묘지",봉안당,개인단,,개인단,(단)영구 (9단)영구,15000000
532,도성사 봉안당,532,사설,,봉안당,"봉안당, 공원묘지",봉안당,부부단,,부부단,단 영구 부부단 영구,20000000
532,도성사 봉안당,532,사설,,봉안당,"봉안당, 공원묘지",봉안당,개인단,,개인단 관리비영구,개인단 관리비영구,20000000
532,도성사 봉안당,532,사설,,봉안당,"봉안당, 공원묘지",봉안당,개인단,,개인단,(단)영구 (8단)영구,25000000
532,도성사 봉안당,532,사설,,봉안당,"봉안당, 공원묘지",봉안당,부부단,,부부단,단 영구 부부단 (9단) 영구,30000000
532,도성사 봉안당,532,사설,,봉안당,"봉안당, 공원묘지",봉안당,개인단,,개인단,(단 및 7단)영구 개인단 (1단 및 7단)영구,35000000
532,도성사 봉안당,532,사설,,봉안당,"봉안당, 공원묘지",봉안당,부부단,,부부단,부부단 및 년부부단 관리비영구 부부단 및 5년부부단 관리비영구,40000000
532,도성사 봉안당,532,사설,,봉안당,"봉안당, 공원묘지",봉안당,부부단,,면부부단,"(10단)영구, 5면부부단 (10단)영구",40000000
532,도성사 봉안당,532,사설,,봉안당,"봉안당, 공원묘지",봉안당,개인단,,개인단,(단)영구 개인단 (2단)영구,45000000
532,도성사 봉안당,532,사설,,봉안당,"봉안당, 공원묘지",봉안당,개인단,,개인단,(단)영구 (3단)영구,50000000
532,도성사 봉안당,532,사설,,봉안당,"봉안당, 공원묘지",봉안당,부부단,,면부부단,(9단)영구 5면부부단 (9단)영구,50000000
532,도성사 봉안당,532,사설,,봉안당,"봉안당, 공원묘지",봉안당,부부단,,부부단,(단)영구 부부단 (8단)영구,50000000
532,도성사 봉안당,532,사설,,봉안당,"봉안당, 공원묘지",봉안당,개인단,,개인단,(단)영구 (6단)영구,55000000
532,도성사 봉안당,532,사설,,봉안당,"봉안당, 공원묘지",봉안당,개인단,,개인단,(단)영구 (4단)영구,60000000
532,도성사 봉안당,532,사설,,봉안당,"봉안당, 공원묘지",봉안당,개인단,,개인단,(단)영구 (10단)영구,65000000
532,도성사 봉안당,532,사설,,봉안당,"봉안당, 공원묘지",봉안당,부부단,,부부단,단 및 7단 영구 부부단 1단 및 7단 영구,70000000
532,도성사 봉안당,532,사설,,봉안당,"봉안당, 공원묘지",봉안당,부부단,,면부부단 (8단),영구,70000000
532,도성사 봉안당,532,사설,,봉안당,"봉안당, 공원묘지",봉안당,부부단,,부부단,(단)영구 부부단 (2단)영구,90000000
532,도성사 봉안당,532,사설,,봉안당,"봉안당, 공원묘지",봉안당,부부단,,면부부단,(1단)영구,90000000
532,도성사 봉안당,532,사설,,봉안당,"봉안당, 공원묘지",봉안당,부부단,,면부부단,(7단)영구,90000000
532,도성사 봉안당,532,사설,,봉안당,"봉안당, 공원묘지",봉안당,부부단,,부부단,단 영구 부부단 3단 영구,100000000
532,도성사 봉안당,532,사설,,봉안당,"봉안당, 공원묘지",봉안당,부부단,,면부부단 (2단),영구 5면부부단 (2단) 영구,100000000
532,도성사 봉안당,532,사설,,봉안당,"봉안당, 공원묘지",봉안당,부부단,,부부단,(단)영구 부부단 (6단)영구,110000000
532,도성사 봉안당,532,사설,,봉안당,"봉안당, 공원묘지",봉안당,부부단,,부부단,(단)영구 부부단 (4단)영구,120000000
532,도성사 봉안당,532,사설,,봉안당,"봉안당, 공원묘지",봉안당,부부단,,면부부단 (3단)영구,5면부부단 (3단)영구,120000000
532,도성사 봉안당,532,사설,,봉안당,"봉안당, 공원묘지",봉안당,부부단,,부부단,단 영구 부부단 영구,130000000
532,도성사 봉안당,532,사설,,봉안당,"봉안당, 공원묘지",봉안당,부부단,,면부부단 (6단),영구1 5면부부단 (6단) 영구1,140000000
532,도성사 봉안당,532,사설,,봉안당,"봉안당, 공원묘지",봉안당,부부단,,면부부단 (4단),영구1 5면부부단 (4단)영구1,150000000
532,도성사 봉안당,532,사설,,봉안당,"봉안당, 공원묘지",봉안당,부부단,,면부부단 (5단),영구 5면부부단 (5단) 영구,160000000
532,도성사 봉안당,532,사설,불교,봉안당,"봉안당, 공원묘지",봉안당,,,부도탑위영구,부도탑8위영구,320000000
532,도성사 봉안당,532,사설,불교,봉안당,"봉안당, 공원묘지",봉안당,,,부도탑위영구,부도탑8위영구,480000000
532,도성사 봉안당,532,사설,불교,봉안당,"봉안당, 공원묘지",봉안당,,,부도탑위영구,부도탑8위영구,640000000
532,도성사 봉안당,532,사설,불교,봉안당,"봉안당, 공원묘지",봉안당,,,부도탑위영구,부도탑24위영구,960000000
533,크리스찬메모리얼파크,533,사설,,봉안당,"봉안당, 수목장, 공원묘지",봉안당,개인단,,옥외벽식(야외봉안담)개인단,"1, 8단",15000000
533,크리스찬메모리얼파크,533,사설,,봉안당,"봉안당, 수목장, 공원묘지",봉안당,개인단,,승리관개인단,"단2,000,0001 승리관개인단 8단2,000,0001",20000000
533,크리스찬메모리얼파크,533,사설,,봉안당,"봉안당, 수목장, 공원묘지",봉안당,개인단,,옥외벽식(야외봉안담)개인단,"2, 7단",20000000
533,크리스찬메모리얼파크,533,사설,기독교,봉안당,"봉안당, 수목장, 공원묘지",봉안당,개인단,,"일반관(소망사랑,은혜,영생)개인단","1, 9, 10단",25000000
533,크리스찬메모리얼파크,533,사설,,봉안당,"봉안당, 수목장, 공원묘지",봉안당,개인단,,글로리아관개인단,"단, 9단",25000000
533,크리스찬메모리얼파크,533,사설,,봉안당,"봉안당, 수목장, 공원묘지",봉안당,개인단,,승리관개인단,"단2,000,0001 승리관개인단 8단2,000,0001",25000000
533,크리스찬메모리얼파크,533,사설,,봉안당,"봉안당, 수목장, 공원묘지",봉안당,개인단,,옥외벽식(야외봉안담)개인단,~6단 옥외벽식(야외봉안담)개인단 3~6단,25000000
533,크리스찬메모리얼파크,533,사설,기독교,봉안당,"봉안당, 수목장, 공원묘지",봉안당,개인단,,"일반관(소망사랑,은혜,영생)개인단","2,8단",30000000
533,크리스찬메모리얼파크,533,사설,기독교,봉안당,"봉안당, 수목장, 공원묘지",봉안당,개인단,,믿음관개인단,"1, 10단1",30000000
533,크리스찬메모리얼파크,533,사설,,봉안당,"봉안당, 수목장, 공원묘지",봉안당,개인단,,글로리아관개인단,8단,30000000
533,크리스찬메모리얼파크,533,사설,기독교,봉안당,"봉안당, 수목장, 공원묘지",봉안당,개인단,,"일반관(소망사랑,은혜,영생)개인단",3~7단,35000000
533,크리스찬메모리얼파크,533,사설,기독교,봉안당,"봉안당, 수목장, 공원묘지",봉안당,개인단,,믿음관개인단,"8, 9단  믿음관개인단 2, 8, 9단",35000000
533,크리스찬메모리얼파크,533,사설,,봉안당,"봉안당, 수목장, 공원묘지",봉안당,개인단,,글로리아관개인단,"7단, 글로리아관개인단 2, 7단",35000000
533,크리스찬메모리얼파크,533,사설,,봉안당,"봉안당, 수목장, 공원묘지",봉안당,개인단,,승리관개인단,"7단 2, 7단",35000000
533,크리스찬메모리얼파크,533,사설,기독교,봉안당,"봉안당, 수목장, 공원묘지",봉안당,개인단,,믿음관개인단,"3, 6, 7단, 6, 7단",40000000
533,크리스찬메모리얼파크,533,사설,,봉안당,"봉안당, 수목장, 공원묘지",봉안당,개인단,,글로리아관개인단,6단,40000000
533,크리스찬메모리얼파크,533,사설,,봉안당,"봉안당, 수목장, 공원묘지",봉안당,부부단,,승리관부부단,"단4,000,0001 승리관부부단 8단4,000,0001",40000000
533,크리스찬메모리얼파크,533,사설,,봉안당,"봉안당, 수목장, 공원묘지",봉안당,개인단,,승리관개인단,"6단 3, 6단",45000000
533,크리스찬메모리얼파크,533,사설,기독교,봉안당,"봉안당, 수목장, 공원묘지",봉안당,부부단,,"일반관(소망사랑,은혜,영생)부부단 9, 10단","일반관(소망,사랑,은혜,영생)부부단 9, 10단",50000000
533,크리스찬메모리얼파크,533,사설,,봉안당,"봉안당, 수목장, 공원묘지",봉안당,부부단,,글로리아관부부단,단 9단,50000000
533,크리스찬메모리얼파크,533,사설,,봉안당,"봉안당, 수목장, 공원묘지",봉안당,개인단,,승리관개인단,"5단 승리관개인단 4, 5단",50000000
533,크리스찬메모리얼파크,533,사설,,봉안당,"봉안당, 수목장, 공원묘지",봉안당,부부단,,승리관부부단,단1 8단1,50000000
533,크리스찬메모리얼파크,533,사설,기독교,봉안당,"봉안당, 수목장, 공원묘지",봉안당,부부단,,"일반관(소망사랑,은혜,영생)부부단 1, 8단","일반관(소망,사랑,은혜,영생)부부단 1, 8단",55000000
533,크리스찬메모리얼파크,533,사설,,봉안당,"봉안당, 수목장, 공원묘지",봉안당,부부단,,글로리아관부부단,단1 9단1,55000000
533,크리스찬메모리얼파크,533,사설,,봉안당,"봉안당, 수목장, 공원묘지",봉안당,개인단,,글로리아관개인단,"4, 5단",60000000
533,크리스찬메모리얼파크,533,사설,,봉안당,"봉안당, 수목장, 공원묘지",봉안당,부부단,,글로리아관부부단,단 9단,60000000
533,크리스찬메모리얼파크,533,사설,,봉안당,"봉안당, 수목장, 공원묘지",봉안당,부부단,,승리관부부단,"7단 승리관부부단 2, 7단",60000000
533,크리스찬메모리얼파크,533,사설,기독교,봉안당,"봉안당, 수목장, 공원묘지",봉안당,부부단,,"일반관(소망사랑,은혜,영생)부부단",3~7단,65000000
533,크리스찬메모리얼파크,533,사설,,봉안당,"봉안당, 수목장, 공원묘지",봉안당,부부단,,글로리아관부부단,"7단 글로리아관부부단 2, 7단",65000000
533,크리스찬메모리얼파크,533,사설,,봉안당,"봉안당, 수목장, 공원묘지",봉안당,부부단,,글로리아관부부단,단 글로리아관부부단 3단,75000000
533,크리스찬메모리얼파크,533,사설,기독교,봉안당,"봉안당, 수목장, 공원묘지",봉안당,개인단,,믿음관개인단 5단,,80000000
533,크리스찬메모리얼파크,533,사설,,봉안당,"봉안당, 수목장, 공원묘지",봉안당,부부단,,글로리아관부부단,"5단 글로리아관부부단 4, 5단",80000000
533,크리스찬메모리얼파크,533,사설,,봉안당,"봉안당, 수목장, 공원묘지",봉안당,부부단,,승리관부부단,6단 3,80000000
533,크리스찬메모리얼파크,533,사설,,봉안당,"봉안당, 수목장, 공원묘지",봉안당,부부단,,승리관부부단,5단,90000000
533,크리스찬메모리얼파크,533,사설,,봉안당,"봉안당, 수목장, 공원묘지",기타(관리비),,,평장묘 관리비,년 1년,2800000
533,크리스찬메모리얼파크,533,사설,,봉안당,"봉안당, 수목장, 공원묘지",기타,,,산골(유택관),산골(유택관),5000000
533,크리스찬메모리얼파크,533,사설,,봉안당,"봉안당, 수목장, 공원묘지",기타(관리비),,,평장묘 관리비,년 1년,5400000
534,신불산추모공원 납골당,534,공설,,봉안당,봉안당,봉안당,개인단,,단개인단,"관리비 32,000원/년",12000000
534,신불산추모공원 납골당,534,공설,,봉안당,봉안당,봉안당,개인단,,단개인단,관리비 /년,16000000
534,신불산추모공원 납골당,534,공설,,봉안당,봉안당,봉안당,개인단,,단개인단,"관리비 32,000원/년",18000000
534,신불산추모공원 납골당,534,공설,,봉안당,봉안당,봉안당,개인단,,단개인단,"관리비 32,000원/년",20000000
534,신불산추모공원 납골당,534,공설,,봉안당,봉안당,봉안당,개인단,,단개인단,"관리비 32,000원/년",21000000
534,신불산추모공원 납골당,534,공설,,봉안당,봉안당,봉안당,개인단,,단개인단,"관리비 32,000원/년",21000000
534,신불산추모공원 납골당,534,공설,,봉안당,봉안당,봉안당,개인단,,단개인단,"관리비 32,000원/년",24000000
534,신불산추모공원 납골당,534,공설,,봉안당,봉안당,봉안당,개인단,,단개인단,"관리비 32,000원/년",25000000
534,신불산추모공원 납골당,534,공설,,봉안당,봉안당,봉안당,개인단,,단개인단,관리비,28000000
534,신불산추모공원 납골당,534,공설,,봉안당,봉안당,봉안당,개인단,,단개인단,"관리비 32,000원/년",28000000
534,신불산추모공원 납골당,534,공설,,봉안당,봉안당,봉안당,개인단,,단개인단,"관리비 32,000원/년",30000000
534,신불산추모공원 납골당,534,공설,,봉안당,봉안당,봉안당,개인단,,단개인단,"관리비 32,000원/년",30000000
534,신불산추모공원 납골당,534,공설,,봉안당,봉안당,봉안당,개인단,,단개인단,관리비 /년,30000000
534,신불산추모공원 납골당,534,공설,,봉안당,봉안당,봉안당,개인단,,단개인단,"관리비 32,000원/년",30000000
534,신불산추모공원 납골당,534,공설,,봉안당,봉안당,봉안당,부부단,,단부부단,관리비 /년,32000000
534,신불산추모공원 납골당,534,공설,,봉안당,봉안당,봉안당,개인단,,단개인단,"관리비 32,000원/년",35000000
534,신불산추모공원 납골당,534,공설,,봉안당,봉안당,봉안당,개인단,,단개인단,"관리비 32,000원/년",35000000
534,신불산추모공원 납골당,534,공설,,봉안당,봉안당,봉안당,부부단,,단부부단,"관리비 64,000원/년",40000000
534,신불산추모공원 납골당,534,공설,,봉안당,봉안당,봉안당,개인단,,단개인단,"관리비 32,000원/년",40000000
534,신불산추모공원 납골당,534,공설,,봉안당,봉안당,봉안당,개인단,,단개인단,"관리비 32,000원/년",40000000
534,신불산추모공원 납골당,534,공설,,봉안당,봉안당,봉안당,개인단,,단개인단,"1, 관리비",40000000
534,신불산추모공원 납골당,534,공설,,봉안당,봉안당,봉안당,부부단,,단부부단,관리비 /년,48000000
534,신불산추모공원 납골당,534,공설,,봉안당,봉안당,봉안당,개인단,,단개인단,"관리비 32,000원/년",50000000
534,신불산추모공원 납골당,534,공설,,봉안당,봉안당,봉안당,개인단,,단개인단,"관리비 32,000원/년",50000000
534,신불산추모공원 납골당,534,공설,,봉안당,봉안당,봉안당,개인단,,단개인단,"관리비 32,000원/년",50000000
534,신불산추모공원 납골당,534,공설,,봉안당,봉안당,봉안당,부부단,,단부부단,관리비 /년1,50000000
534,신불산추모공원 납골당,534,공설,,봉안당,봉안당,봉안당,부부단,,단부부단,"관리비 64,000원/년",56000000
534,신불산추모공원 납골당,534,공설,,봉안당,봉안당,봉안당,부부단,,단부부단,"관리비 64,000원/년, 1단부부단, 관리비 64,000원/년",56000000
534,신불산추모공원 납골당,534,공설,,봉안당,봉안당,봉안당,부부단,,단부부단,"관리비 64,000원/년 관리비 64,000원/년",60000000
534,신불산추모공원 납골당,534,공설,,봉안당,봉안당,봉안당,부부단,,단부부단,"관리비 64,000원/년, 1단부부단, 관리비 64,000원/년",70000000
534,신불산추모공원 납골당,534,공설,,봉안당,봉안당,봉안당,부부단,,단부부단,"관리비 64,000원/년",70000000
534,신불산추모공원 납골당,534,공설,,봉안당,봉안당,봉안당,부부단,,단부부단,"관리비 64,000원/년",80000000
534,신불산추모공원 납골당,534,공설,,봉안당,봉안당,봉안당,부부단,,단부부단,"관리비 64,000원/년",80000000
534,신불산추모공원 납골당,534,공설,,봉안당,봉안당,봉안당,부부단,,단부부단,"관리비 64,000원/년",80000000
534,신불산추모공원 납골당,534,공설,,봉안당,봉안당,봉안당,부부단,,단부부단,"관리비 64,000원/년",100000000
534,신불산추모공원 납골당,534,공설,,봉안당,봉안당,봉안당,부부단,,단부부단,"관리비 64,000원/년",100000000
534,신불산추모공원 납골당,534,공설,,봉안당,봉안당,봉안당,부부단,,단부부단,"관리비 64,000원/년 관리비 64,000원/년",100000000
535,청련사 극락원,535,사설,불교,봉안당,봉안당,봉안당,개인단,,일반실 개인단,단일반실 일반실 개인단 10단일반실,20000000
535,청련사 극락원,535,사설,불교,봉안당,봉안당,봉안당,개인단,,일반실 개인단,"단일반실, 10단일반실",30000000
535,청련사 극락원,535,사설,불교,봉안당,봉안당,봉안당,개인단,,일반실 개인단,"단일반실, 일반실 개인단 10단일반실",35000000
535,청련사 극락원,535,사설,불교,봉안당,봉안당,봉안당,개인단,,일반실 개인단,단일반실 8단일반실,40000000
535,청련사 극락원,535,사설,불교,봉안당,봉안당,봉안당,부부단,,일반실 부부단,단일반실 10단일반실,40000000
535,청련사 극락원,535,사설,불교,봉안당,봉안당,봉안당,개인단,,일반실,개인단 단일반실 개인단 2단일반실,45000000
535,청련사 극락원,535,사설,불교,봉안당,봉안당,봉안당,개인단,,일반실 개인단,단일반실 7단일반실,55000000
535,청련사 극락원,535,사설,불교,봉안당,봉안당,봉안당,개인단,,일반실 개인단,"단일반실, 10단일반실",60000000
535,청련사 극락원,535,사설,불교,봉안당,봉안당,봉안당,부부단,,일반실 부부단,단일반실 9단일반실,60000000
535,청련사 극락원,535,사설,불교,봉안당,봉안당,봉안당,개인단,,일반실 개인단,단일반실 일반실 개인단 10단일반실,65000000
535,청련사 극락원,535,사설,불교,봉안당,봉안당,봉안당,부부단,,일반실 부부단,단일반실 1단일반실,70000000
535,청련사 극락원,535,사설,불교,봉안당,봉안당,봉안당,개인단,,일반실 개인단,단일반실 일반실 개인단 5단일반실,70000000
535,청련사 극락원,535,사설,불교,봉안당,봉안당,봉안당,개인단,,일반실 개인단,단일반실 6단일반실,70000000
535,청련사 극락원,535,사설,불교,봉안당,봉안당,봉안당,개인단,,VIP 개인단,"단 특별실, 8단 특별실",70000000
535,청련사 극락원,535,사설,불교,봉안당,봉안당,봉안당,개인단,,VIP 개인단,"특별실, VIP 개인단 8단 특별실",75000000
535,청련사 극락원,535,사설,불교,봉안당,봉안당,봉안당,부부단,,일반실 부부단,단일반실 8단일반실,80000000
535,청련사 극락원,535,사설,불교,봉안당,봉안당,봉안당,개인단,,VIP 개인단,"특별실, 8단특별실",85000000
535,청련사 극락원,535,사설,불교,봉안당,봉안당,봉안당,부부단,,일반실 부부단,단일반실 2단일반실,90000000
535,청련사 극락원,535,사설,불교,봉안당,봉안당,봉안당,개인단,,VIP 개인단,"특별실, 8단특별실",90000000
535,청련사 극락원,535,사설,불교,봉안당,봉안당,봉안당,개인단,,VIP 개인단,특별실 VIP 개인단 8단 특별실,100000000
535,청련사 극락원,535,사설,불교,봉안당,봉안당,봉안당,부부단,,일반실 부부단,단일반실 7단일반실,110000000
535,청련사 극락원,535,사설,불교,봉안당,봉안당,봉안당,개인단,,VIP 개인단,"단 특별실 7,000,0001 VIP 개인단 8단 특별실 7,000,0001",110000000
535,청련사 극락원,535,사설,불교,봉안당,봉안당,봉안당,부부단,,일반실 부부단,"10단일반실, 단일반실",120000000
535,청련사 극락원,535,사설,불교,봉안당,봉안당,봉안당,개인단,,VIP 개인단,단 특별실 VIP 개인단 8단 특별실,120000000
535,청련사 극락원,535,사설,불교,봉안당,봉안당,봉안당,개인단,,VIP 개인단,"특별실, 8단특별실",120000000
535,청련사 극락원,535,사설,불교,봉안당,봉안당,봉안당,부부단,,일반실 부부단,단일반실 10단일반실,130000000
535,청련사 극락원,535,사설,불교,봉안당,봉안당,봉안당,부부단,,일반실 부부단,단일반실 5단일반실,140000000
535,청련사 극락원,535,사설,불교,봉안당,봉안당,봉안당,부부단,,일반실 부부단,단일반실 6단일반실,140000000
535,청련사 극락원,535,사설,불교,봉안당,봉안당,봉안당,부부단,,VIP 부부단,1단특별실,140000000
535,청련사 극락원,535,사설,불교,봉안당,봉안당,봉안당,부부단,,VIP 부부단,단특별실 1단특별실,140000000
535,청련사 극락원,535,사설,불교,봉안당,봉안당,봉안당,부부단,,VIP 부부단,단특별실 VIP 부부단 2단특별실,170000000
535,청련사 극락원,535,사설,불교,봉안당,봉안당,봉안당,부부단,,VIP 부부단,7단특별실,180000000
535,청련사 극락원,535,사설,불교,봉안당,봉안당,봉안당,부부단,,VIP 부부단,3단특별실,200000000
535,청련사 극락원,535,사설,불교,봉안당,봉안당,봉안당,부부단,,VIP 부부단,단특별실1,220000000
535,청련사 극락원,535,사설,불교,봉안당,봉안당,봉안당,부부단,,VIP 부부단,단특별실 VIP 부부단 5단특별실,240000000
535,청련사 극락원,535,사설,불교,봉안당,봉안당,봉안당,부부단,,VIP 부부단,6단특별실,240000000
536,서남권추모공원 봉안당,536,공설,,"봉안당, 공원묘지",봉안당,공원묘지,,,흰색 잎새 봉분국산,흰색 잎새 봉분국산,300000
536,서남권추모공원 봉안당,536,공설,,"봉안당, 공원묘지",봉안당,공원묘지,,,진주 종교 봉분,"(불교기독교,천주교)국산 진주 종교 봉분(불교,기독교,천주교)국산",500000
536,서남권추모공원 봉안당,536,공설,,"봉안당, 공원묘지",봉안당,공원묘지,,,진주 학 봉분국산,,500000
536,서남권추모공원 봉안당,536,공설,,"봉안당, 공원묘지",봉안당,공원묘지,,,진주 난 봉분국산,진주 난 봉분국산,500000
536,서남권추모공원 봉안당,536,공설,,"봉안당, 공원묘지",봉안당,공원묘지,,,은장 봉분국산,은장 봉분국산,650000
536,서남권추모공원 봉안당,536,공설,,"봉안당, 공원묘지",봉안당,공원묘지,,,금장 봉분국산,금장 봉분국산,650000
536,서남권추모공원 봉안당,536,공설,,"봉안당, 공원묘지",봉안당,봉안당,,,나무함오동나무,국산,30000
536,서남권추모공원 봉안당,536,공설,,"봉안당, 공원묘지",봉안당,봉안당,,,진주원통함국산,,200000
536,서남권추모공원 봉안당,536,공설,,"봉안당, 공원묘지",봉안당,봉안당,,,한지 봉안함국산,한지 봉안함국산,250000
536,서남권추모공원 봉안당,536,공설,,"봉안당, 공원묘지",봉안당,봉안당,,,명패석+한지함국산,,320000
536,서남권추모공원 봉안당,536,공설,,"봉안당, 공원묘지",봉안당,봉안당,,,꽃학 황토,"중함국산, 3중함국산",350000
536,서남권추모공원 봉안당,536,공설,,"봉안당, 공원묘지",봉안당,봉안당,,,꽃띠 황토,중함국산 3중함국산,350000
536,서남권추모공원 봉안당,536,공설,,"봉안당, 공원묘지",봉안당,봉안당,,,종교 황토 중,"(불교,기독교,천주교)국산",350000
536,서남권추모공원 봉안당,536,공설,,"봉안당, 공원묘지",봉안당,봉안당,,,은꽃 받침단지국산,,600000
536,서남권추모공원 봉안당,536,공설,,"봉안당, 공원묘지",봉안당,봉안당,,,금꽃 받침단지,국산,600000
536,서남권추모공원 봉안당,536,공설,,"봉안당, 공원묘지",봉안당,봉안당,,,흰꽃 실크,"중, 3중, 함국산",600000
536,서남권추모공원 봉안당,536,공설,,"봉안당, 공원묘지",봉안당,봉안당,,,흰꽃 받침단지국산,흰꽃 받침단지국산,600000
536,서남권추모공원 봉안당,536,공설,,"봉안당, 공원묘지",봉안당,봉안당,,,듀얼화이트 은띠단지국산,,700000
536,서남권추모공원 봉안당,536,공설,,"봉안당, 공원묘지",봉안당,봉안당,,,듀얼화이트 금띠단지국산,듀얼화이트 금띠단지국산,700000
536,서남권추모공원 봉안당,536,공설,,"봉안당, 공원묘지",봉안당,봉안당,,,핑크루미나(듀얼)국산,핑크루미나(듀얼)국산,700000
536,서남권추모공원 봉안당,536,공설,,"봉안당, 공원묘지",봉안당,봉안당,,,소라루미나(듀얼)국산,,800000
536,서남권추모공원 봉안당,536,공설,,"봉안당, 공원묘지",봉안당,봉안당,,,순금 송학,국산 순금 송학 국산,1500000
536,서남권추모공원 봉안당,536,공설,,"봉안당, 공원묘지",봉안당,봉안당,개인단,관내,무연유골,관내(정읍시) (1위) 10년,1500000
536,서남권추모공원 봉안당,536,공설,,"봉안당, 공원묘지",봉안당,봉안당,,,백금 십장생국산,백금 십장생국산,2000000
536,서남권추모공원 봉안당,536,공설,,"봉안당, 공원묘지",봉안당,봉안당,,,순금 십장생국산,순금 십장생국산,2000000
536,서남권추모공원 봉안당,536,공설,,"봉안당, 공원묘지",봉안당,봉안당,,,년,최초 감면,2500000
536,서남권추모공원 봉안당,536,공설,,"봉안당, 공원묘지",봉안당,봉안당,개인단,관내,국가유공자,관내(정읍시)개인단(위)-15년(최초 감면),2500000
536,서남권추모공원 봉안당,536,공설,,"봉안당, 공원묘지",봉안당,봉안당,개인단,관내,개인단,관내(정읍시)-1위 15년 관내(정읍시)-1위 15년,5000000
536,서남권추모공원 봉안당,536,공설,,"봉안당, 공원묘지",봉안당,봉안당,,,년,"최초 감면, 15년 최초 감면",5000000
536,서남권추모공원 봉안당,536,공설,,"봉안당, 공원묘지",봉안당,봉안당,부부단,관내,관내(정읍시)부부단,"위-국가유공자15년(최초 50%감면), 2위-국가유공자15년(최초 50%감면)",5000000
536,서남권추모공원 봉안당,536,공설,,"봉안당, 공원묘지",봉안당,봉안당,개인단,,도내-개인단,"(위)15년, (1위)15년",8000000
536,서남권추모공원 봉안당,536,공설,,"봉안당, 공원묘지",봉안당,봉안당,개인단,관외,관외-개인단,(위)15년,10000000
536,서남권추모공원 봉안당,536,공설,,"봉안당, 공원묘지",봉안당,봉안당,부부단,관내,,,10000000
536,서남권추모공원 봉안당,536,공설,,"봉안당, 공원묘지",봉안당,봉안당,부부단,,,,16000000
536,서남권추모공원 봉안당,536,공설,,"봉안당, 공원묘지",봉안당,봉안당,부부단,관외,부부단,"관외, 15년, (위)1, (위)2",20000000
537,재단법인조안공원양주지사,537,사설,,공원묘지,봉안당,공원묘지,,,일반실,"단1, 9단1",25000000
537,재단법인조안공원양주지사,537,사설,,공원묘지,봉안당,공원묘지,,,고급실단,고급실9단,25000000
537,재단법인조안공원양주지사,537,사설,,공원묘지,봉안당,공원묘지,,,일반실단,일반실8단,35000000
537,재단법인조안공원양주지사,537,사설,,공원묘지,봉안당,공원묘지,,,고급실단,고급실8단,35000000
537,재단법인조안공원양주지사,537,사설,,공원묘지,봉안당,공원묘지,,,일반실단,일반실1단,40000000
537,재단법인조안공원양주지사,537,사설,,공원묘지,봉안당,공원묘지,,,고급실단,고급실1단,40000000
537,재단법인조안공원양주지사,537,사설,,공원묘지,봉안당,공원묘지,,,특실,단 특실 8단,45000000
537,재단법인조안공원양주지사,537,사설,,공원묘지,봉안당,공원묘지,,,일반실단,일반실2단,50000000
537,재단법인조안공원양주지사,537,사설,,공원묘지,봉안당,공원묘지,,,특실,"단, 특실8단",50000000
537,재단법인조안공원양주지사,537,사설,,공원묘지,봉안당,공원묘지,,,VIP실단,VIP실8단,50000000
537,재단법인조안공원양주지사,537,사설,,공원묘지,봉안당,공원묘지,,,VIP실단,VIP실1단,55000000
537,재단법인조안공원양주지사,537,사설,,공원묘지,봉안당,공원묘지,,,일반실단,일반실7단,65000000
537,재단법인조안공원양주지사,537,사설,,공원묘지,봉안당,공원묘지,,,일반실단,일반실3단,70000000
537,재단법인조안공원양주지사,537,사설,,공원묘지,봉안당,공원묘지,,,일반실,"단(1개), 9단(1개)",80000000
537,재단법인조안공원양주지사,537,사설,,공원묘지,봉안당,공원묘지,,,일반실단,일반실4단,80000000
537,재단법인조안공원양주지사,537,사설,,공원묘지,봉안당,공원묘지,,,고급실단,고급실7단,80000000
537,재단법인조안공원양주지사,537,사설,,공원묘지,봉안당,공원묘지,,,고급실단,고급실2단,80000000
537,재단법인조안공원양주지사,537,사설,,공원묘지,봉안당,공원묘지,,,,,85000000
537,재단법인조안공원양주지사,537,사설,,공원묘지,봉안당,공원묘지,,,,,100000000
537,재단법인조안공원양주지사,537,사설,,공원묘지,봉안당,공원묘지,,,특실,"단, 특실8단",100000000
537,재단법인조안공원양주지사,537,사설,,공원묘지,봉안당,공원묘지,,,특실,"단4,500,0001 특실8단4,500,0001",100000000
537,재단법인조안공원양주지사,537,사설,,공원묘지,봉안당,공원묘지,,,VIP실단,VIP실8단,110000000
537,재단법인조안공원양주지사,537,사설,,공원묘지,봉안당,공원묘지,,,VIP실,단 8단,110000000
537,재단법인조안공원양주지사,537,사설,,공원묘지,봉안당,공원묘지,,,,,120000000
537,재단법인조안공원양주지사,537,사설,,공원묘지,봉안당,공원묘지,,,,,120000000
537,재단법인조안공원양주지사,537,사설,,공원묘지,봉안당,공원묘지,,,고급실단,고급실4단,120000000
537,재단법인조안공원양주지사,537,사설,,공원묘지,봉안당,공원묘지,,,특실,"단, 특실8단",120000000
537,재단법인조안공원양주지사,537,사설,,공원묘지,봉안당,공원묘지,,,특실,"단4,500,0001 특실8단4,500,0001",130000000
537,재단법인조안공원양주지사,537,사설,,공원묘지,봉안당,공원묘지,,,특실,"단4,500,0001 특실8단4,500,0001",130000000
537,재단법인조안공원양주지사,537,사설,,공원묘지,봉안당,공원묘지,,,특실,"단, 특실8단",130000000
537,재단법인조안공원양주지사,537,사설,,공원묘지,봉안당,공원묘지,,,VIP실,"단, VIP실8단",130000000
537,재단법인조안공원양주지사,537,사설,,공원묘지,봉안당,공원묘지,,,VIP실,"단, VIP실 단",150000000
537,재단법인조안공원양주지사,537,사설,,공원묘지,봉안당,공원묘지,,,VIP실단,VIP실5단,150000000
537,재단법인조안공원양주지사,537,사설,,공원묘지,봉안당,공원묘지,,,VIP실단,VIP실4단,150000000
538,약사사지장전추모관,538,사설,불교,봉안당,봉안당,봉안당,,,미타실단,미타실8단,2000000
538,약사사지장전추모관,538,사설,불교,봉안당,봉안당,봉안당,,,정토실단,정토실8단,2000000
538,약사사지장전추모관,538,사설,불교,봉안당,봉안당,봉안당,,,연화실단,연화실8단,2000000
538,약사사지장전추모관,538,사설,불교,봉안당,봉안당,봉안당,,,금강실단,8단,2000000
538,약사사지장전추모관,538,사설,불교,봉안당,봉안당,봉안당,,,선재실단,선재실8단,2000000
538,약사사지장전추모관,538,사설,불교,봉안당,봉안당,봉안당,,,반야실단,"2, 8단",2000000
538,약사사지장전추모관,538,사설,불교,봉안당,봉안당,봉안당,,,미타실,~7단 미타실1~7단,3000000
538,약사사지장전추모관,538,사설,불교,봉안당,봉안당,봉안당,,,정토실,~7단 정토실1~7단,3000000
538,약사사지장전추모관,538,사설,불교,봉안당,봉안당,봉안당,,,연화실,7단 연화실1~7단,3000000
538,약사사지장전추모관,538,사설,불교,봉안당,봉안당,봉안당,,,금강실,"7단, 금강실1~7단",3000000
538,약사사지장전추모관,538,사설,불교,봉안당,봉안당,봉안당,,,선재실,7단 선재실1~7단,3000000
538,약사사지장전추모관,538,사설,불교,봉안당,봉안당,봉안당,,,반야실,"7단, 반야실1~7단",3000000
538,약사사지장전추모관,538,사설,불교,봉안당,봉안당,봉안당,,,보현실단,보현실1단,3500000
538,약사사지장전추모관,538,사설,불교,봉안당,봉안당,봉안당,,,보현실단,보현실7단,3500000
538,약사사지장전추모관,538,사설,불교,봉안당,봉안당,봉안당,,,문수실단,문수실1단,3500000
538,약사사지장전추모관,538,사설,불교,봉안당,봉안당,봉안당,,,문수실단,문수실7단,3500000
538,약사사지장전추모관,538,사설,불교,봉안당,봉안당,봉안당,,,보현실,"~3단, 보현실2~3단",4000000
538,약사사지장전추모관,538,사설,불교,봉안당,봉안당,봉안당,,,보현실단,보현실6단,4000000
538,약사사지장전추모관,538,사설,불교,봉안당,봉안당,봉안당,,,문수실,"3단, 문수실2~3단",4000000
538,약사사지장전추모관,538,사설,불교,봉안당,봉안당,봉안당,,,문수실단,문수실1단,4000000
538,약사사지장전추모관,538,사설,불교,봉안당,봉안당,봉안당,,,보현실,"~5단, 4~5단",4500000
538,약사사지장전추모관,538,사설,불교,봉안당,봉안당,봉안당,,,문수실,"~5단, 4~5단",4500000
538,약사사지장전추모관,538,사설,불교,봉안당,봉안당,봉안당,부부단,,보현실,부부단1단,7000000
538,약사사지장전추모관,538,사설,불교,봉안당,봉안당,봉안당,부부단,,보현실,부부단7단,7000000
538,약사사지장전추모관,538,사설,불교,봉안당,봉안당,봉안당,부부단,,문수실 부부단단,문수실 부부단1단,7000000
538,약사사지장전추모관,538,사설,불교,봉안당,봉안당,봉안당,부부단,,문수실 부부단,단,7000000
538,약사사지장전추모관,538,사설,불교,봉안당,봉안당,봉안당,부부단,,보현실 부부단,보현실 부부단2,8000000
538,약사사지장전추모관,538,사설,불교,봉안당,봉안당,봉안당,부부단,,보현실 부부단,6단,8000000
538,약사사지장전추모관,538,사설,불교,봉안당,봉안당,봉안당,부부단,,문수실 부부단,"~3단, 2~3단",8000000
538,약사사지장전추모관,538,사설,불교,봉안당,봉안당,봉안당,부부단,,문수실 부부단,"단, 1단",8000000
538,약사사지장전추모관,538,사설,불교,봉안당,봉안당,봉안당,부부단,,보현실 부부단,"5단, 부현실 부부단4~5단",9000000
538,약사사지장전추모관,538,사설,불교,봉안당,봉안당,봉안당,부부단,,문수실 부부단,"~5단, 4~5단",9000000
538,약사사지장전추모관,538,사설,불교,봉안당,봉안당,기타(관리비),개인단,,관리비,년 1위당 관리비 1년 1위당,500000
538,약사사지장전추모관,538,사설,불교,봉안당,봉안당,기타(관리비),개인단,,관리비,년 1위당 관리비 1년 1위당,500000
539,(재)법화세계추모관,539,사설,,봉안당,봉안당,봉안당,개인단,,관리비(개인단)안치,"후 년 (1년=,안치일기준)1 후 10년 (1년=,안치일기준)1",3000000
539,(재)법화세계추모관,539,사설,,봉안당,봉안당,봉안당,부부단,,관리비(부부단)안치 후,년 (안치일기준),6000000
539,(재)법화세계추모관,539,사설,,봉안당,봉안당,봉안당,,,일반관가단,일반관가단1,15000000
539,(재)법화세계추모관,539,사설,,봉안당,봉안당,봉안당,,,일반관나단,일반관나단,25000000
539,(재)법화세계추모관,539,사설,,봉안당,봉안당,봉안당,,,일반관자단,일반관자단,30000000
539,(재)법화세계추모관,539,사설,,봉안당,봉안당,봉안당,,,일반관가단,일반관가단,30000000
539,(재)법화세계추모관,539,사설,,봉안당,봉안당,봉안당,,,일반관다단,일반관다단,35000000
539,(재)법화세계추모관,539,사설,,봉안당,봉안당,봉안당,,,일반관아단,일반관아단,35000000
539,(재)법화세계추모관,539,사설,,봉안당,봉안당,봉안당,,,프리미엄관가단,프리미엄관가단,35000000
539,(재)법화세계추모관,539,사설,,봉안당,봉안당,봉안당,,,프리미엄관사단,프리미엄관사단,35000000
539,(재)법화세계추모관,539,사설,,봉안당,봉안당,봉안당,,,일반관라단,일반관라단,45000000
539,(재)법화세계추모관,539,사설,,봉안당,봉안당,봉안당,,,일반관사단,일반관사단,45000000
539,(재)법화세계추모관,539,사설,,봉안당,봉안당,봉안당,,,프리미엄관나단,프리미엄관나단,45000000
539,(재)법화세계추모관,539,사설,,봉안당,봉안당,봉안당,,,프리미엄관바단,프리미엄관바단1,45000000
539,(재)법화세계추모관,539,사설,,봉안당,봉안당,봉안당,,,일반관마단,일반관마단,50000000
539,(재)법화세계추모관,539,사설,,봉안당,봉안당,봉안당,,,일반관바단,일반관바단,50000000
539,(재)법화세계추모관,539,사설,,봉안당,봉안당,봉안당,,,일반관나단,일반관나단,50000000
539,(재)법화세계추모관,539,사설,,봉안당,봉안당,봉안당,,,프리미엄관다단,프리미엄관다단,50000000
539,(재)법화세계추모관,539,사설,,봉안당,봉안당,봉안당,,,프리미엄관라단,프리미엄관라단1,50000000
539,(재)법화세계추모관,539,사설,,봉안당,봉안당,봉안당,,,프리미엄관마단,프리미엄관마단,50000000
539,(재)법화세계추모관,539,사설,,봉안당,봉안당,봉안당,,,일반관자단,일반관자단,60000000
539,(재)법화세계추모관,539,사설,,봉안당,봉안당,봉안당,,,일반관다단,일반관다단,70000000
539,(재)법화세계추모관,539,사설,,봉안당,봉안당,봉안당,,,일반관아단,일반관아단,70000000
539,(재)법화세계추모관,539,사설,,봉안당,봉안당,봉안당,,,프리미엄관가단,프리미엄관가단,70000000
539,(재)법화세계추모관,539,사설,,봉안당,봉안당,봉안당,,,프리미엄관사단,프리미엄관사단,70000000
539,(재)법화세계추모관,539,사설,,봉안당,봉안당,봉안당,,,일반관라단,일반관라단,90000000
539,(재)법화세계추모관,539,사설,,봉안당,봉안당,봉안당,,,일반관사단,일반관사단,90000000
539,(재)법화세계추모관,539,사설,,봉안당,봉안당,봉안당,,,프리미엄관나단,프리미엄관나단,90000000
539,(재)법화세계추모관,539,사설,,봉안당,봉안당,봉안당,,,프리미엄관바단,프리미엄관바단,90000000
539,(재)법화세계추모관,539,사설,,봉안당,봉안당,봉안당,,,일반관마단,일반관마단,100000000
539,(재)법화세계추모관,539,사설,,봉안당,봉안당,봉안당,,,일반관바단,일반관바단,100000000
539,(재)법화세계추모관,539,사설,,봉안당,봉안당,봉안당,,,프리미엄관다단,프리미엄관다단,100000000
539,(재)법화세계추모관,539,사설,,봉안당,봉안당,봉안당,,,프리미엄관라단,프리미엄관라단,100000000
539,(재)법화세계추모관,539,사설,,봉안당,봉안당,봉안당,,,프리미엄관마단,프리미엄관마단,100000000
540,유토피아추모공원(헤리티지관),540,공설,,봉안당,봉안당,봉안당,,,유골함교체작업비,유골함폐기비포함,400000
540,유토피아추모공원(헤리티지관),540,공설,,봉안당,봉안당,봉안당,개인단,,일반실,영구사용 일반실 개인단 1단,30000000
540,유토피아추모공원(헤리티지관),540,공설,,봉안당,봉안당,봉안당,개인단,,일반실 영구사용일반실 개인단,8단,35000000
540,유토피아추모공원(헤리티지관),540,공설,,봉안당,봉안당,봉안당,개인단,,일반실,영구사용 개인단 2단,40000000
540,유토피아추모공원(헤리티지관),540,공설,,봉안당,봉안당,봉안당,개인단,,일반실,영구사용 일반실 개인단 7단,45000000
540,유토피아추모공원(헤리티지관),540,공설,,봉안당,봉안당,봉안당,개인단,,일반실,영구사용 개인단 3단,50000000
540,유토피아추모공원(헤리티지관),540,공설,,봉안당,봉안당,봉안당,개인단,,고급실,영구사용 고급실 개인단 단 1단,50000000
540,유토피아추모공원(헤리티지관),540,공설,,봉안당,봉안당,봉안당,개인단,,고급실,"영구사용 고급실 개인단, 영구사용 고급실 개인단 1단",55000000
540,유토피아추모공원(헤리티지관),540,공설,,봉안당,봉안당,봉안당,개인단,,일반실,영구사용일반실 개인단 4단,60000000
540,유토피아추모공원(헤리티지관),540,공설,,봉안당,봉안당,봉안당,개인단,,일반실,영구사용 일반실 개인단 6단,60000000
540,유토피아추모공원(헤리티지관),540,공설,,봉안당,봉안당,봉안당,부부단,,일반실,영구사용일반실 부부단 단 일반실 영구사용일반실 부부단 1단,60000000
540,유토피아추모공원(헤리티지관),540,공설,,봉안당,봉안당,봉안당,개인단,,고급실,영구사용 고급실 개인단 단 1단,60000000
540,유토피아추모공원(헤리티지관),540,공설,,봉안당,봉안당,봉안당,개인단,,일반실,영구사용 일반실 개인단 5단,70000000
540,유토피아추모공원(헤리티지관),540,공설,,봉안당,봉안당,봉안당,부부단,,일반실,영구사용일반실 부부단 단 일반실 영구사용일반실 부부단 1단,70000000
540,유토피아추모공원(헤리티지관),540,공설,,봉안당,봉안당,봉안당,개인단,,고급실,영구사용고급실 개인단 단 1단,70000000
540,유토피아추모공원(헤리티지관),540,공설,,봉안당,봉안당,봉안당,부부단,,일반실,영구사용일반실 부부단 단 일반실 영구사용일반실 부부단 1단,80000000
540,유토피아추모공원(헤리티지관),540,공설,,봉안당,봉안당,봉안당,개인단,,고급실,"영구사용 고급실 개인단, 영구사용 고급실 개인단 1단",80000000
540,유토피아추모공원(헤리티지관),540,공설,,봉안당,봉안당,봉안당,부부단,,일반실,영구사용일반실 부부단 단 일반실 영구사용일반실 부부단 1단,90000000
540,유토피아추모공원(헤리티지관),540,공설,,봉안당,봉안당,봉안당,개인단,,고급실,"영구사용 고급실 개인단 단, 영구사용 고급실 개인단 1단",90000000
540,유토피아추모공원(헤리티지관),540,공설,,봉안당,봉안당,봉안당,부부단,,일반실,영구사용일반실 부부단 단 일반실 영구사용일반실 부부단 1단,100000000
540,유토피아추모공원(헤리티지관),540,공설,,봉안당,봉안당,봉안당,개인단,,고급실,영구사용 고급실 개인단 단 1단,100000000
540,유토피아추모공원(헤리티지관),540,공설,,봉안당,봉안당,봉안당,부부단,,고급실,영구사용 고급실 부부단 단 고급실 영구사용 고급실 부부단 1단,100000000
540,유토피아추모공원(헤리티지관),540,공설,,봉안당,봉안당,봉안당,부부단,,고급실,영구사용 고급실 부부단 1단,110000000
540,유토피아추모공원(헤리티지관),540,공설,,봉안당,봉안당,봉안당,부부단,,일반실,영구사용일반실 부부단 단 일반실 영구사용일반실 부부단 1단,120000000
540,유토피아추모공원(헤리티지관),540,공설,,봉안당,봉안당,봉안당,부부단,,일반실 영구사용일반실 부부단,단,120000000
540,유토피아추모공원(헤리티지관),540,공설,,봉안당,봉안당,봉안당,부부단,,고급실,영구사용고급실 부부단 단 고급실 영구사용고급실 부부단 1단,120000000
540,유토피아추모공원(헤리티지관),540,공설,,봉안당,봉안당,봉안당,부부단,,일반실,영구사용일반실 부부단 단 일반실 영구사용일반실 부부단 1단,140000000
540,유토피아추모공원(헤리티지관),540,공설,,봉안당,봉안당,봉안당,부부단,,고급실,영구사용 고급실 부부단 1단,140000000
540,유토피아추모공원(헤리티지관),540,공설,,봉안당,봉안당,봉안당,부부단,,고급실,영구사용 고급실 부부단 1단,160000000
540,유토피아추모공원(헤리티지관),540,공설,,봉안당,봉안당,봉안당,부부단,,고급실,영구사용 고급실 부부단 1단,180000000
540,유토피아추모공원(헤리티지관),540,공설,,봉안당,봉안당,봉안당,부부단,,고급실,영구사용 고급실 부부단 1단,200000000
540,유토피아추모공원(헤리티지관),540,공설,,봉안당,봉안당,기타(관리비),,,관리비일반실,기/5년 관리비일반실 1기/5년,3500000
540,유토피아추모공원(헤리티지관),540,공설,,봉안당,봉안당,기타(관리비),,,관리비고급실,기/5년 관리비고급실 1기/5년,4500000
541,영모묘원 대원전,541,사설,,공원묘지,봉안당,공원묘지,,,진공유골함,x22x21.5/고령토백자/국내산 진공유골함28x22x21.5/고령토백자/국내산,300000
541,영모묘원 대원전,541,사설,,공원묘지,봉안당,공원묘지,,,대원전층 1단,30㎝x30㎝x30㎝ 대원전1층 1단 30㎝x30㎝x30㎝,18000000
541,영모묘원 대원전,541,사설,,공원묘지,봉안당,공원묘지,,,대원전층,2단 대원전1층 2단,23000000
541,영모묘원 대원전,541,사설,,공원묘지,봉안당,공원묘지,,,대원전층 고급실,1단 대원전2층 고급실 1단,23000000
541,영모묘원 대원전,541,사설,,공원묘지,봉안당,공원묘지,,,대원전층 고급실 7단,대원전2층 고급실 7단,25000000
541,영모묘원 대원전,541,사설,,공원묘지,봉안당,공원묘지,,,대원전층 5단,대원전1층 5단,30000000
541,영모묘원 대원전,541,사설,,공원묘지,봉안당,공원묘지,,,대원전층 7단,대원전1층 7단,30000000
541,영모묘원 대원전,541,사설,,공원묘지,봉안당,공원묘지,,,대원전층 고급실,"2, 6단 대원전2층 고급실 2, 6단",30000000
541,영모묘원 대원전,541,사설,,공원묘지,봉안당,공원묘지,,,대원전층 로얄실,1단 대원전2층 로얄실 1단,33000000
541,영모묘원 대원전,541,사설,,공원묘지,봉안당,공원묘지,,,대원전층,"3, 4단 대원전1층 3, 4단",35000000
541,영모묘원 대원전,541,사설,,공원묘지,봉안당,공원묘지,,,대원전층,"1, 6단 대원전1층 1, 6단",35000000
541,영모묘원 대원전,541,사설,,공원묘지,봉안당,공원묘지,,,대원전층 로얄실,7단 대원전2층 로얄실 7단,35000000
541,영모묘원 대원전,541,사설,,공원묘지,봉안당,공원묘지,,,대원전층 고급실,"3, 4, 5단 대원전2층 고급실 3, 4, 5단",40000000
541,영모묘원 대원전,541,사설,,공원묘지,봉안당,공원묘지,,,대원전층 로얄실,"2, 6 단 대원전2층 로얄실 2, 6 단",40000000
541,영모묘원 대원전,541,사설,,공원묘지,봉안당,공원묘지,,,대원전층 특실,"1단 대원전2층 특실 1,7단",40000000
541,영모묘원 대원전,541,사설,,공원묘지,봉안당,공원묘지,,,대원전층,"2, 5단 대원전1층 2, 5단",45000000
541,영모묘원 대원전,541,사설,,공원묘지,봉안당,공원묘지,,,대원전층 고급실,1단 대원전2층 고급실 1단,45000000
541,영모묘원 대원전,541,사설,,공원묘지,봉안당,공원묘지,,,"대원전층, 대원전2층",고급실 7단,50000000
541,영모묘원 대원전,541,사설,,공원묘지,봉안당,공원묘지,,,대원전층 로얄실,"3, 4, 5단 대원전2층 로얄실 3, 4, 5단",50000000
541,영모묘원 대원전,541,사설,,공원묘지,봉안당,공원묘지,,,"대원전층 특실, 대원전2층 특실","2,6단",50000000
541,영모묘원 대원전,541,사설,,공원묘지,봉안당,공원묘지,,,대원전층,"3, 4단, 대원전1층 3, 4단",55000000
541,영모묘원 대원전,541,사설,,공원묘지,봉안당,공원묘지,,,대원전층 고급실,"2, 6단 대원전2층 고급실 2, 6단",60000000
541,영모묘원 대원전,541,사설,,공원묘지,봉안당,공원묘지,,,대원전층 특실,"3,4,5단 창밑단 대원전2층 특실 3,4,5단 창밑단",60000000
541,영모묘원 대원전,541,사설,,공원묘지,봉안당,공원묘지,,,"대원전2층 로얄실, 대원전층 로얄실",1단,65000000
541,영모묘원 대원전,541,사설,,공원묘지,봉안당,공원묘지,,,대원전층 로얄실,7단 대원전2층 로얄실 7단,70000000
541,영모묘원 대원전,541,사설,,공원묘지,봉안당,공원묘지,,,대원전층,"고급실 3, 4, 5단",80000000
541,영모묘원 대원전,541,사설,,공원묘지,봉안당,공원묘지,,,대원전층 로얄실,"2, 6단 대원전2층 로얄실 2, 6단",80000000
541,영모묘원 대원전,541,사설,,공원묘지,봉안당,공원묘지,,,대원전층,"특실 1,7단; 대원전2층 특실 1,7단",80000000
541,영모묘원 대원전,541,사설,,공원묘지,봉안당,공원묘지,,,대원전층 로얄실,"3, 4, 5단 대원전2층 로얄실 3, 4, 5단",100000000
541,영모묘원 대원전,541,사설,,공원묘지,봉안당,공원묘지,,,"대원전층 특실, 대원전2층 특실","2,6단",100000000
541,영모묘원 대원전,541,사설,,공원묘지,봉안당,공원묘지,,,"대원전층 특실, 대원전2층 특실","3,4,5단 창밑단",120000000
542,부산추모공원 봉안당,542,공설,,봉안당,"봉안당, 공원묘지, 수목장",봉안당,,,외함 홀더플라스틱,"cm*35cm, 35cm*35cm",20000
542,부산추모공원 봉안당,542,공설,,봉안당,"봉안당, 공원묘지, 수목장",봉안당,,,제물중 제물중,,35000
542,부산추모공원 봉안당,542,공설,,봉안당,"봉안당, 공원묘지, 수목장",봉안당,,,봉안함 외함 뚜껑ABS,,38000
542,부산추모공원 봉안당,542,공설,,봉안당,"봉안당, 공원묘지, 수목장",봉안당,,,봉안당 명패세라믹(꽃형),봉안당 명패세라믹(꽃형),50000
542,부산추모공원 봉안당,542,공설,,봉안당,"봉안당, 공원묘지, 수목장",봉안당,,,봉안함 외함 각인일반,,53000
542,부산추모공원 봉안당,542,공설,,봉안당,"봉안당, 공원묘지, 수목장",봉안당,,,봉안당 명패세라믹,(사진형),60000
542,부산추모공원 봉안당,542,공설,,봉안당,"봉안당, 공원묘지, 수목장",봉안당,,,봉안당 명패세라막(합장형),,80000
542,부산추모공원 봉안당,542,공설,,봉안당,"봉안당, 공원묘지, 수목장",봉안당,,,제물대,제물대,90000
542,부산추모공원 봉안당,542,공설,,봉안당,"봉안당, 공원묘지, 수목장",봉안당,,,봉안함무지중함,봉안함무지중함,110000
542,부산추모공원 봉안당,542,공설,,봉안당,"봉안당, 공원묘지, 수목장",봉안당,,,표석 각인기본형,,120000
542,부산추모공원 봉안당,542,공설,,봉안당,"봉안당, 공원묘지, 수목장",봉안당,,,봉안함 외함ABS,봉안함 외함ABS,120000
542,부산추모공원 봉안당,542,공설,,봉안당,"봉안당, 공원묘지, 수목장",봉안당,,,봉안함태림,봉안함태림,150000
542,부산추모공원 봉안당,542,공설,,봉안당,"봉안당, 공원묘지, 수목장",봉안당,,,표석 각인일반형,,180000
542,부산추모공원 봉안당,542,공설,,봉안당,"봉안당, 공원묘지, 수목장",봉안당,,,제물특대,제물특대,200000
542,부산추모공원 봉안당,542,공설,,봉안당,"봉안당, 공원묘지, 수목장",봉안당,,,봉안함자개중함,봉안함자개중함,220000
542,부산추모공원 봉안당,542,공설,,봉안당,"봉안당, 공원묘지, 수목장",봉안당,,,표석 각인사진형,표석 각인사진형,240000
542,부산추모공원 봉안당,542,공설,,봉안당,"봉안당, 공원묘지, 수목장",봉안당,,,봉안함진주운학,난,340000
542,부산추모공원 봉안당,542,공설,,봉안당,"봉안당, 공원묘지, 수목장",봉안당,개인단,,벽식봉안담(개인단)연장관리비,"(년), (5년)",350000
542,부산추모공원 봉안당,542,공설,,봉안당,"봉안당, 공원묘지, 수목장",봉안당,,,봉안함넝굴모란,"봉안함넝굴,모란",390000
542,부산추모공원 봉안당,542,공설,,봉안당,"봉안당, 공원묘지, 수목장",봉안당,,,봉안함,"화이트골드, 화이트,골드",460000
542,부산추모공원 봉안당,542,공설,,봉안당,"봉안당, 공원묘지, 수목장",봉안당,,,봉안함오동나무,,540000
542,부산추모공원 봉안당,542,공설,,봉안당,"봉안당, 공원묘지, 수목장",봉안당,가족단,,가족봉안묘 표석일체형,cm*60cm 가족봉안묘 표석일체형(40cm*60cm),650000
542,부산추모공원 봉안당,542,공설,,봉안당,"봉안당, 공원묘지, 수목장",봉안당,,,봉안함홍한지,봉안함홍한지,700000
542,부산추모공원 봉안당,542,공설,,봉안당,"봉안당, 공원묘지, 수목장",봉안당,가족단,,가족봉안묘 표석분리형,"(40cm*60cm), (cm*60cm)",700000
542,부산추모공원 봉안당,542,공설,,봉안당,"봉안당, 공원묘지, 수목장",봉안당,부부단,,벽식봉안담(부부단)연장관리비,(년) 벽식봉안담(부부단)연장관리비(5년),700000
542,부산추모공원 봉안당,542,공설,,봉안당,"봉안당, 공원묘지, 수목장",봉안당,,,봉안당연장사용료,(년) 봉안당연장사용료(5년),850000
542,부산추모공원 봉안당,542,공설,,봉안당,"봉안당, 공원묘지, 수목장",봉안당,가족단,,가족봉안묘(6위형),연장관리비(5년),2090000
542,부산추모공원 봉안당,542,공설,,봉안당,"봉안당, 공원묘지, 수목장",봉안당,,,봉안당최초사용료,년 15년,3260000
542,부산추모공원 봉안당,542,공설,,봉안당,"봉안당, 공원묘지, 수목장",봉안당,가족단,,가족봉안묘,(위형) 연장관리비(5년) 가족봉안묘(12위형) 연장관리비(5년),4180000
542,부산추모공원 봉안당,542,공설,,봉안당,"봉안당, 공원묘지, 수목장",봉안당,개인단,,벽식봉안담(개인단)최초납입금액,년 벽식봉안담(개인단)최초납입금액(15년),5970000
542,부산추모공원 봉안당,542,공설,,봉안당,"봉안당, 공원묘지, 수목장",봉안당,부부단,,벽식봉안담(부부단),최초납입금액(년) 벽식봉안담(부부단)최초납입금액(15년),11940000
542,부산추모공원 봉안당,542,공설,,봉안당,"봉안당, 공원묘지, 수목장",봉안당,가족단,,가족봉안묘,(위형)최초납입금액(15년) (6위형)최초납입금액(15년),27870000
542,부산추모공원 봉안당,542,공설,,봉안당,"봉안당, 공원묘지, 수목장",봉안당,가족단,,가족봉안묘,"위형, 12위형, 최초납입금액(15년)",55740000
543,메모리얼펠리스추모관(실로암),543,사설,불교,봉안당,봉안당,봉안당,,,진주국내산,진주국내산,150000
543,메모리얼펠리스추모관(실로암),543,사설,불교,봉안당,봉안당,봉안당,,,"진주난,진주학",국내산,200000
543,메모리얼펠리스추모관(실로암),543,사설,기독교,봉안당,봉안당,봉안당,,,"기독교천주교,불교","국내산 기독교,천주교,불교국내산",200000
543,메모리얼펠리스추모관(실로암),543,사설,불교,봉안당,봉안당,봉안당,,,"당초 블루,당초 화이트",국내산,250000
543,메모리얼펠리스추모관(실로암),543,사설,불교,봉안당,봉안당,봉안당,,,은나노 핑크,은나노 비취국내산,400000
543,메모리얼펠리스추모관(실로암),543,사설,불교,봉안당,봉안당,봉안당,,,은나노 은장,"은나노 은장, 은나노 금장국내산",400000
543,메모리얼펠리스추모관(실로암),543,사설,불교,봉안당,봉안당,봉안당,,,은나노 청자국내산,은나노 청자국내산,500000
543,메모리얼펠리스추모관(실로암),543,사설,불교,봉안당,봉안당,봉안당,개인단,,개인단-관리비연장관리비,년선납 5년선납,1500000
543,메모리얼펠리스추모관(실로암),543,사설,불교,봉안당,봉안당,봉안당,,,기본단,단영구사용(5년선납기준) 기본단 8단영구사용(5년선납기준),20000000
543,메모리얼펠리스추모관(실로암),543,사설,불교,봉안당,봉안당,봉안당,,,기본단,단영구사용(5년선납기준),25000000
543,메모리얼펠리스추모관(실로암),543,사설,불교,봉안당,봉안당,봉안당,,,기본단,단영구사용(5년선납기준) 기본단 7단영구사용(5년선납기준),30000000
543,메모리얼펠리스추모관(실로암),543,사설,불교,봉안당,봉안당,봉안당,,,,,35000000
543,메모리얼펠리스추모관(실로암),543,사설,불교,봉안당,봉안당,봉안당,,,고급단,"단영구사 용(5년선납기준,1년4만원)",35000000
543,메모리얼펠리스추모관(실로암),543,사설,불교,봉안당,봉안당,봉안당,,,,,35000000
543,메모리얼펠리스추모관(실로암),543,사설,불교,봉안당,봉안당,봉안당,,,고급단(특),단영구사용(5년선납기준),40000000
543,메모리얼펠리스추모관(실로암),543,사설,불교,봉안당,봉안당,봉안당,,,,,40000000
543,메모리얼펠리스추모관(실로암),543,사설,불교,봉안당,봉안당,봉안당,,,기본단,단영구사용(5년선납기준) 기본단 3단영구사용(5년선납기준),45000000
543,메모리얼펠리스추모관(실로암),543,사설,불교,봉안당,봉안당,봉안당,,,기본단,단영구사용(5년선납기준) 기본단 6단영구사용(5년선납기준),45000000
543,메모리얼펠리스추모관(실로암),543,사설,불교,봉안당,봉안당,봉안당,,,기본단,단영구사용(5년선납기준) 기본단 4단영구사용(5년선납기준),50000000
543,메모리얼펠리스추모관(실로암),543,사설,불교,봉안당,봉안당,봉안당,,,고급단,단영구사용(5년선납기준) 고급단 7단영구사용(5년선납기준),50000000
543,메모리얼펠리스추모관(실로암),543,사설,불교,봉안당,봉안당,봉안당,,,기본단,단영구사용(5년선납기준) 기본단 5단영구사용(5년선납기준),60000000
543,메모리얼펠리스추모관(실로암),543,사설,불교,봉안당,봉안당,봉안당,,,고급단 단영구사용,"5년선납기준,1년4만원 고급단 2단영구사용(5년선납기준,1년4만원)",60000000
543,메모리얼펠리스추모관(실로암),543,사설,불교,봉안당,봉안당,봉안당,,,고급단(특),단영구사용(5년선납기준),60000000
543,메모리얼펠리스추모관(실로암),543,사설,불교,봉안당,봉안당,봉안당,,,고급단(특),"1단영구사용(5년선납기준,1년4만원)",70000000
543,메모리얼펠리스추모관(실로암),543,사설,불교,봉안당,봉안당,봉안당,,,고급단 단영구사용,"5년선납기준, 1년",80000000
543,메모리얼펠리스추모관(실로암),543,사설,불교,봉안당,봉안당,봉안당,,,고급단 단영구사용,"5년선납기준, 1년",80000000
543,메모리얼펠리스추모관(실로암),543,사설,불교,봉안당,봉안당,봉안당,,,고급단(특),단영구사용(5년선납기준) 고급단(특) 3단영구사용(5년선납기준),90000000
543,메모리얼펠리스추모관(실로암),543,사설,불교,봉안당,봉안당,봉안당,,,,,90000000
543,메모리얼펠리스추모관(실로암),543,사설,불교,봉안당,봉안당,봉안당,,,고급단,"단영구사용(5년선납기준,1년)",100000000
543,메모리얼펠리스추모관(실로암),543,사설,불교,봉안당,봉안당,봉안당,,,고급단 단영구사용,"5년선납기준, 1년",110000000
543,메모리얼펠리스추모관(실로암),543,사설,불교,봉안당,봉안당,봉안당,,,,,110000000
543,메모리얼펠리스추모관(실로암),543,사설,불교,봉안당,봉안당,봉안당,,,,,120000000
543,메모리얼펠리스추모관(실로암),543,사설,불교,봉안당,봉안당,기타(관리비),,,,,2000000
544,목포추모관 휴,544,사설,,봉안당,봉안당,봉안당,,,,,15000000
544,목포추모관 휴,544,사설,,봉안당,봉안당,봉안당,,,,,20000000
544,목포추모관 휴,544,사설,,봉안당,봉안당,봉안당,,,,,20000000
544,목포추모관 휴,544,사설,,봉안당,봉안당,봉안당,,,일반실단영구,일반실2단영구,25000000
544,목포추모관 휴,544,사설,,봉안당,봉안당,봉안당,,,특별실단영구,특별실8단영구,25000000
544,목포추모관 휴,544,사설,,봉안당,봉안당,봉안당,,,일반실단영구,일반실8단영구,30000000
544,목포추모관 휴,544,사설,,봉안당,봉안당,봉안당,,,특별실단영구,특별실1단영구,30000000
544,목포추모관 휴,544,사설,,봉안당,봉안당,봉안당,,,특별실단영구,특별실7단영구,30000000
544,목포추모관 휴,544,사설,,봉안당,봉안당,봉안당,,,일반실단영구,일반실6단영구,35000000
544,목포추모관 휴,544,사설,,봉안당,봉안당,봉안당,,,특별실단영구,특별실2단영구,35000000
544,목포추모관 휴,544,사설,,봉안당,봉안당,봉안당,,,일반실단영구,일반실3단영구,40000000
544,목포추모관 휴,544,사설,,봉안당,봉안당,봉안당,,,일반실단영구,일반실4단영구,40000000
544,목포추모관 휴,544,사설,,봉안당,봉안당,봉안당,,,일반실단영구,일반실5단영구,40000000
544,목포추모관 휴,544,사설,,봉안당,봉안당,봉안당,,,일반실단영구,일반실1단영구,40000000
544,목포추모관 휴,544,사설,,봉안당,봉안당,봉안당,,,일반실단영구,일반실7단영구,40000000
544,목포추모관 휴,544,사설,,봉안당,봉안당,봉안당,,,특별실단영구,특별실6단영구,45000000
544,목포추모관 휴,544,사설,,봉안당,봉안당,봉안당,,,일반실단영구,일반실2단영구,50000000
544,목포추모관 휴,544,사설,,봉안당,봉안당,봉안당,,,특별실단영구,특별실3단영구,50000000
544,목포추모관 휴,544,사설,,봉안당,봉안당,봉안당,,,특별실단영구,특별실4단영구,50000000
544,목포추모관 휴,544,사설,,봉안당,봉안당,봉안당,,,특별실단영구,특별실5단영구,50000000
544,목포추모관 휴,544,사설,,봉안당,봉안당,봉안당,,,특별실,"단영구, 8단영구",50000000
544,목포추모관 휴,544,사설,,봉안당,봉안당,봉안당,,,특별실단영구1,특별실8단영구1,60000000
544,목포추모관 휴,544,사설,,봉안당,봉안당,봉안당,,,특별실단영구,특별실7단영구,60000000
544,목포추모관 휴,544,사설,,봉안당,봉안당,봉안당,,,일반실단영구,일반실6단영구,70000000
544,목포추모관 휴,544,사설,,봉안당,봉안당,봉안당,,,특별실단영구,특별실2단영구,70000000
544,목포추모관 휴,544,사설,,봉안당,봉안당,봉안당,,,일반실단영구,일반실3단영구,80000000
544,목포추모관 휴,544,사설,,봉안당,봉안당,봉안당,,,일반실단영구,일반실4단영구,80000000
544,목포추모관 휴,544,사설,,봉안당,봉안당,봉안당,,,일반실단영구,일반실5단영구,80000000
544,목포추모관 휴,544,사설,,봉안당,봉안당,봉안당,,,특별실단영구,특별실6단영구,90000000
544,목포추모관 휴,544,사설,,봉안당,봉안당,봉안당,,,특별실단영구,특별실3단영구,96000000
544,목포추모관 휴,544,사설,,봉안당,봉안당,봉안당,,,특별실단영구,특별실4단영구,96000000
544,목포추모관 휴,544,사설,,봉안당,봉안당,봉안당,,,특별실,"단영구, 8단영구",96000000
544,목포추모관 휴,544,사설,,봉안당,봉안당,봉안당,,,AB구역1열부터19열영구,"A,B구역1열부터19열영구",120000000
545,(재)평화공원 파라다이스 추모관,545,사설,,봉안당,봉안당,봉안당,,,일반실,"단27cm * 27cm, 9단27cm * 27cm",15000000
545,(재)평화공원 파라다이스 추모관,545,사설,,봉안당,봉안당,봉안당,,,일반실,단27cm * 27cm 일반실 1단27cm * 27cm,25000000
545,(재)평화공원 파라다이스 추모관,545,사설,,봉안당,봉안당,봉안당,,,일반실,"단27cm * 27cm, 9단27cm * 27cm",25000000
545,(재)평화공원 파라다이스 추모관,545,사설,,봉안당,봉안당,봉안당,,,일반실,단50cm * 27cm 9단50cm * 27cm,30000000
545,(재)평화공원 파라다이스 추모관,545,사설,,봉안당,봉안당,봉안당,,,일반실,단27cm * 27cm1 / 9단27cm * 27cm1,35000000
545,(재)평화공원 파라다이스 추모관,545,사설,,봉안당,봉안당,봉안당,,,일반실,단27cm * 27cm 7단27cm * 27cm,35000000
545,(재)평화공원 파라다이스 추모관,545,사설,,봉안당,봉안당,봉안당,,,일반실,단27cm * 27cm 9단27cm * 27cm,43000000
545,(재)평화공원 파라다이스 추모관,545,사설,,봉안당,봉안당,봉안당,,,일반실,단27cm * 27cm 9단27cm * 27cm,48000000
545,(재)평화공원 파라다이스 추모관,545,사설,,봉안당,봉안당,봉안당,,,일반실,"단50cm * 27cm, 9단50cm * 27cm",50000000
545,(재)평화공원 파라다이스 추모관,545,사설,,봉안당,봉안당,봉안당,,,일반실,단50cm * 27cm 일반실 8단50cm * 27cm,50000000
545,(재)평화공원 파라다이스 추모관,545,사설,,봉안당,봉안당,봉안당,,,일반실,단27cm * 27cm 일반실 4단27cm * 27cm,52000000
545,(재)평화공원 파라다이스 추모관,545,사설,,봉안당,봉안당,봉안당,,,일반실,단27cm * 27cm 일반실 5단27cm * 27cm,52000000
545,(재)평화공원 파라다이스 추모관,545,사설,,봉안당,봉안당,봉안당,,,VIP실,"단35cm * 30cm1, 1단35cm * 30cm1",60000000
545,(재)평화공원 파라다이스 추모관,545,사설,,봉안당,봉안당,봉안당,,,일반실,단50cm * 27cm 9단50cm * 27cm,70000000
545,(재)평화공원 파라다이스 추모관,545,사설,,봉안당,봉안당,봉안당,,,일반실,단50cm * 27cm 일반실 7단50cm * 27cm,70000000
545,(재)평화공원 파라다이스 추모관,545,사설,,봉안당,봉안당,봉안당,,,VIP실,단35cm * 30cm,70000000
545,(재)평화공원 파라다이스 추모관,545,사설,,봉안당,봉안당,봉안당,,,VIP실,단35cm * 30cm VIP실 1단35cm * 30cm,70000000
545,(재)평화공원 파라다이스 추모관,545,사설,,봉안당,봉안당,봉안당,,,일반실,단50cm * 27cm 9단50cm * 27cm,86000000
545,(재)평화공원 파라다이스 추모관,545,사설,,봉안당,봉안당,봉안당,,,일반실,단50cm * 27cm 6단50cm * 27cm,96000000
545,(재)평화공원 파라다이스 추모관,545,사설,,봉안당,봉안당,봉안당,,,VIP실,단35cm * 30cm1 VIP실 1단35cm * 30cm1,100000000
545,(재)평화공원 파라다이스 추모관,545,사설,,봉안당,봉안당,봉안당,,,VIP실 단,35cm * 30cm VIP실 1단 35cm * 30cm,100000000
545,(재)평화공원 파라다이스 추모관,545,사설,,봉안당,봉안당,봉안당,,,VIP실,단35cm * 30cm,100000000
545,(재)평화공원 파라다이스 추모관,545,사설,,봉안당,봉안당,봉안당,,,일반실,단50cm * 27cm 일반실 4단50cm * 27cm,104000000
545,(재)평화공원 파라다이스 추모관,545,사설,,봉안당,봉안당,봉안당,,,일반실,단50cm * 27cm1 9단50cm * 27cm1,104000000
545,(재)평화공원 파라다이스 추모관,545,사설,,봉안당,봉안당,봉안당,,,VIP실,단60cm * 30cm1 1단60cm * 30cm1,120000000
545,(재)평화공원 파라다이스 추모관,545,사설,,봉안당,봉안당,봉안당,,,VIP실,단60cm * 30cm 1단60cm * 30cm,140000000
545,(재)평화공원 파라다이스 추모관,545,사설,,봉안당,봉안당,봉안당,,,VIP실,단60cm * 30cm 1단60cm * 30cm,140000000
545,(재)평화공원 파라다이스 추모관,545,사설,,봉안당,봉안당,봉안당,,,VIP실,단60cm * 30cm1 1단60cm * 30cm1,200000000
545,(재)평화공원 파라다이스 추모관,545,사설,,봉안당,봉안당,봉안당,,,VIP실,단60cm * 30cm1 VIP실 1단60cm * 30cm1,200000000
545,(재)평화공원 파라다이스 추모관,545,사설,,봉안당,봉안당,봉안당,,,VIP실,단60cm * 30cm1 VIP실 1단60cm * 30cm1,200000000
545,(재)평화공원 파라다이스 추모관,545,사설,,봉안당,봉안당,기타(관리비),개인단,,관리비(유골함 위 기준)1위,1년,500000
546,유토피아추모관,546,사설,불교,봉안당,봉안당,봉안당,,,영정사진 서비스영상용 사진,1회 무료신청,30000
546,유토피아추모관,546,사설,,봉안당,봉안당,봉안당,,,유골함교체비 및 폐기비,작업비,40000
546,유토피아추모관,546,사설,,봉안당,봉안당,봉안당,,,제사상제례음식 주문,,240000
546,유토피아추모관,546,사설,,봉안당,봉안당,봉안당,,,제사상제례음식 주문,,300000
546,유토피아추모관,546,사설,,봉안당,봉안당,봉안당,,,제사상제례음식 주문,,390000
546,유토피아추모관,546,사설,,봉안당,봉안당,봉안당,부부단,,일반실 관리비,년/1기기준5년납 (부부단*2기) 일반실 관리비/1기기준5년납 (부부단*2기),3000000
546,유토피아추모관,546,사설,,봉안당,봉안당,봉안당,부부단,,특별실관리비,년/1기기준5년납(부부단*2) 특별실관리비/1기기준5년납(부부단*2),4000000
546,유토피아추모관,546,사설,,봉안당,봉안당,봉안당,개인단,,저층 브론즈 개인단,1단영구사용,18000000
546,유토피아추모관,546,사설,,봉안당,봉안당,봉안당,개인단,,저층 브론즈 개인단,단영구사용 1단영구사용,20000000
546,유토피아추모관,546,사설,,봉안당,봉안당,봉안당,개인단,,저층 브론즈 개인단,"단,7단영구사용, 2단,7단영구사용",25000000
546,유토피아추모관,546,사설,,봉안당,봉안당,봉안당,개인단,,저층 브론즈 개인단단영구사용,저층 브론즈 개인단3단영구사용,30000000
546,유토피아추모관,546,사설,,봉안당,봉안당,봉안당,개인단,,저층 브론즈 개인단,"단,5단,6단영구사용",35000000
546,유토피아추모관,546,사설,,봉안당,봉안당,봉안당,개인단,,지상 브론즈 개인단,"1단,8단영구사용",35000000
546,유토피아추모관,546,사설,,봉안당,봉안당,봉안당,부부단,,지상 향나무 개인단,8단/부부단*2영구사용,35000000
546,유토피아추모관,546,사설,,봉안당,봉안당,봉안당,개인단,,지상 브론즈 개인단,"단,7단영구사용",40000000
546,유토피아추모관,546,사설,,봉안당,봉안당,봉안당,부부단,,지상 향나무 개인단,"단/부부단*2영구사용, 지상 향나무 개인단 2단/부부단*2영구사용",40000000
546,유토피아추모관,546,사설,,봉안당,봉안당,봉안당,부부단,,지상 향나무 개인단,단/부부단*2영구사용 지상 향나무 개인단 2단/부부단*2영구사용,42000000
546,유토피아추모관,546,사설,,봉안당,봉안당,봉안당,개인단,,지상 브론즈 개인단,"3단영구사용, 단영구사용",45000000
546,유토피아추모관,546,사설,,봉안당,봉안당,봉안당,,,지상브론즈 고급실,단영구사용,45000000
546,유토피아추모관,546,사설,,봉안당,봉안당,봉안당,부부단,,지상 향나무 개인단단/부부단,*2영구사용,47000000
546,유토피아추모관,546,사설,,봉안당,봉안당,봉안당,개인단,,지상 브론즈 개인단,"단,6단영구사용 4단,6단영구사용",55000000
546,유토피아추모관,546,사설,,봉안당,봉안당,봉안당,개인단,,지상 브론즈 개인단,"단영구사용, 3단영구사용",60000000
546,유토피아추모관,546,사설,,봉안당,봉안당,봉안당,부부단,,지상 향나무 개인단단,6단/부부단*2영구사용,60000000
546,유토피아추모관,546,사설,,봉안당,봉안당,봉안당,부부단,,지상 향나무 개인단,"단/부부단*2영구사용, 2단/부부단*2영구사용",65000000
546,유토피아추모관,546,사설,,봉안당,봉안당,봉안당,부부단,,지상 브론즈 부부단,"단, 8단영구사용, 1단, 8단영구사용",70000000
546,유토피아추모관,546,사설,,봉안당,봉안당,봉안당,부부단,,지상 브론즈 부부단,"단, 7단영구사용 지상 브론즈 부부단 2단, 7단영구사용",80000000
546,유토피아추모관,546,사설,,봉안당,봉안당,봉안당,부부단,,지상 브론즈 부부단,"단영구사용, 3단영구사용",90000000
546,유토피아추모관,546,사설,,봉안당,봉안당,봉안당,부부단,,지상 브론즈 부부단,"단,6단영구사용 4단,6단영구사용",110000000
546,유토피아추모관,546,사설,,봉안당,봉안당,봉안당,부부단,,지상 브론주 부부단,"단영구사용, 5단영구사용",120000000
547,(재)자하연 일산(봉안),547,사설,,"봉안당, 수목장",공원묘지,봉안당,,,"매장묘, 봉안묘",1년 관리비(평당),270000
547,(재)자하연 일산(봉안),547,사설,,"봉안당, 수목장",공원묘지,봉안당,,,매장묘 봉안묘사용료,(평당),19500000
547,(재)자하연 일산(봉안),547,사설,,"봉안당, 수목장",공원묘지,봉안당,개인단,,,,20000000
547,(재)자하연 일산(봉안),547,사설,,"봉안당, 수목장",공원묘지,봉안당,개인단,,봉안담 개인단(단)사용료,"(200만원,5년관리비 135,000원)",25000000
547,(재)자하연 일산(봉안),547,사설,,"봉안당, 수목장",공원묘지,봉안당,부부단,,봉안담 부부단(단),사용료(5년관리비),30000000
547,(재)자하연 일산(봉안),547,사설,,"봉안당, 수목장",공원묘지,봉안당,개인단,,봉안담 개인단(단)사용료,"(200만원,5년관리비 135,000원) 봉안담 개인단(1단)사용료(200만원,5년관리비 135,000원)",40000000
547,(재)자하연 일산(봉안),547,사설,,"봉안당, 수목장",공원묘지,봉안당,개인단,,봉안담 개인단(단)사용료,"(5년관리비 135,000원)",40000000
547,(재)자하연 일산(봉안),547,사설,,"봉안당, 수목장",공원묘지,봉안당,부부단,,봉안담 부부단(단),사용료(5년관리비),40000000
547,(재)자하연 일산(봉안),547,사설,,"봉안당, 수목장",공원묘지,봉안당,개인단,,봉안담 개인단(단)사용료,"(5년관리비 135,000원) 봉안담 개인단(1단)사용료 (5년관리비 135,000원)",45000000
547,(재)자하연 일산(봉안),547,사설,,"봉안당, 수목장",공원묘지,봉안당,개인단,,봉안담 개인단,(단)사용료(5년관리비),45000000
547,(재)자하연 일산(봉안),547,사설,,"봉안당, 수목장",공원묘지,봉안당,부부단,,봉안담 부부단(단),사용료(5년관리비),55000000
547,(재)자하연 일산(봉안),547,사설,,"봉안당, 수목장",공원묘지,봉안당,부부단,,봉안담 부부단(단),사용료(5년관리비),55000000
547,(재)자하연 일산(봉안),547,사설,,"봉안당, 수목장",공원묘지,봉안당,부부단,,봉안담 부부단(단),사용료(5년관리비),70000000
547,(재)자하연 일산(봉안),547,사설,,"봉안당, 수목장",공원묘지,봉안당,부부단,,봉안담 부부단(단),사용료(5년관리비),70000000
547,(재)자하연 일산(봉안),547,사설,불교,"봉안당, 수목장",공원묘지,봉안당,,,봉안 탑형사용료,"기 (5년관리비)1, 2기 (5년관리비)1",175000000
547,(재)자하연 일산(봉안),547,사설,불교,"봉안당, 수목장",공원묘지,봉안당,,,봉안 탑형사용료,"기 (5년관리비)1, 2기 (5년관리비)1",195000000
547,(재)자하연 일산(봉안),547,사설,불교,"봉안당, 수목장",공원묘지,봉안당,,,봉안 탑형사용료,"기 (5년관리비)1, 2기 (5년관리비)1",195000000
547,(재)자하연 일산(봉안),547,사설,불교,"봉안당, 수목장",공원묘지,봉안당,,,봉안 탑형사용료,"기 (5년관리비)1, 2기 (5년관리비)1",215000000
547,(재)자하연 일산(봉안),547,사설,,"봉안당, 수목장",공원묘지,봉안당,,,봉안위사용료,5년관리비,325000000
547,(재)자하연 일산(봉안),547,사설,,"봉안당, 수목장",공원묘지,봉안당,,,봉안위사용료,5년관리비,355000000
547,(재)자하연 일산(봉안),547,사설,,"봉안당, 수목장",공원묘지,봉안당,,,봉안위사용료,5년관리비,390000000
547,(재)자하연 일산(봉안),547,사설,,"봉안당, 수목장",공원묘지,수목장,,,평장 자연장사용료,"1기, 2기, 5년관리비",145000000
547,(재)자하연 일산(봉안),547,사설,,"봉안당, 수목장",공원묘지,수목장,,,평장 자연장,기 (동향)사용료(5년관리비)1,180000000
547,(재)자하연 일산(봉안),547,사설,,"봉안당, 수목장",공원묘지,수목장,,,평장 기 자연장 (서향),사용료(5년관리비),190000000
547,(재)자하연 일산(봉안),547,사설,,"봉안당, 수목장",공원묘지,수목장,,,봉안위(자연장)사용료,5년관리비,240000000
547,(재)자하연 일산(봉안),547,사설,,"봉안당, 수목장",공원묘지,수목장,,,평장 기 자연장 (북향),사용료(5년관리비)1,245000000
547,(재)자하연 일산(봉안),547,사설,,"봉안당, 수목장",공원묘지,수목장,,,평장 기 자연장 (남향),사용료(5년관리비),265000000
547,(재)자하연 일산(봉안),547,사설,,"봉안당, 수목장",공원묘지,수목장,,,봉안위(자연장)사용료,5년관리비 1,300000000
548,천주교 비봉추모관,548,사설,천주교,봉안당,"봉안당, 공원묘지",봉안당,,,석제위폐,X16 석제5X16,50000
548,천주교 비봉추모관,548,사설,천주교,봉안당,"봉안당, 공원묘지",봉안당,,,산골위폐,.5X13.5 9.5X13.5,200000
548,천주교 비봉추모관,548,사설,천주교,봉안당,"봉안당, 공원묘지",봉안당,,,진공유골함,(종)22x22/고령토/한국 (11종)22x22/고령토/한국,250000
548,천주교 비봉추모관,548,사설,천주교,봉안당,"봉안당, 공원묘지",봉안당,,,지상낙원x22,고령토/한국,300000
548,천주교 비봉추모관,548,사설,천주교,봉안당,"봉안당, 공원묘지",봉안당,,,황금사원(골드. 실버),x22/고령토/한국 22x22/고령토/한국,600000
548,천주교 비봉추모관,548,사설,천주교,봉안당,"봉안당, 공원묘지",봉안당,,,황금원통x22,고령토/한국,600000
548,천주교 비봉추모관,548,사설,천주교,봉안당,"봉안당, 공원묘지",봉안당,,,실크보석,실크보석(퍼플)x22/고령토/한국,600000
548,천주교 비봉추모관,548,사설,천주교,봉안당,"봉안당, 공원묘지",봉안당,,,봉안당 단 일반실,10년 관리비 불포함,19000000
548,천주교 비봉추모관,548,사설,천주교,봉안당,"봉안당, 공원묘지",봉안당,,,봉안당 단 일반실,10년 관리비 불포함1,20000000
548,천주교 비봉추모관,548,사설,천주교,봉안당,"봉안당, 공원묘지",봉안당,,,봉안당 단 일반실,10년 관리비 불포함,23000000
548,천주교 비봉추모관,548,사설,천주교,봉안당,"봉안당, 공원묘지",봉안당,,,봉안당,"단 일반실 10년 관리비 불포함, 9단 일반실 10년 관리비 불포함",24000000
548,천주교 비봉추모관,548,사설,천주교,봉안당,"봉안당, 공원묘지",봉안당,,,봉안당 일반실,단 10년 관리비 불포함 봉안당 9단 10년 관리비 불포함,29000000
548,천주교 비봉추모관,548,사설,천주교,봉안당,"봉안당, 공원묘지",봉안당,,,봉안당 일반실,단 10년 관리비 불포함 봉안당 9단 10년 관리비 불포함,32000000
548,천주교 비봉추모관,548,사설,천주교,봉안당,"봉안당, 공원묘지",봉안당,,,봉안당 단 일반실,10년 관리비 불포함,38000000
548,천주교 비봉추모관,548,사설,천주교,봉안당,"봉안당, 공원묘지",봉안당,,,봉안당 일반실,10년 관리비 불포함,40000000
548,천주교 비봉추모관,548,사설,천주교,봉안당,"봉안당, 공원묘지",봉안당,,,,,46000000
548,천주교 비봉추모관,548,사설,천주교,봉안당,"봉안당, 공원묘지",봉안당,,,,,48000000
548,천주교 비봉추모관,548,사설,천주교,봉안당,"봉안당, 공원묘지",봉안당,,,봉안당 9단 일반실,10년 관리비 불포함 1,58000000
548,천주교 비봉추모관,548,사설,천주교,봉안당,"봉안당, 공원묘지",봉안당,,,봉안당 단 일반실,10년 관리비 불포함,64000000
548,천주교 비봉추모관,548,사설,천주교,봉안당,"봉안당, 공원묘지",봉안당,,,봉안당,7단 (특별실) 10년 관리비 불포함,80000000
548,천주교 비봉추모관,548,사설,천주교,봉안당,"봉안당, 공원묘지",봉안당,,,봉안당,6단 (특별실)10년 관리비 불포함,85000000
548,천주교 비봉추모관,548,사설,천주교,봉안당,"봉안당, 공원묘지",봉안당,,,봉안당,5단 (특별실)10년 관리비 불포함,90000000
548,천주교 비봉추모관,548,사설,천주교,봉안당,"봉안당, 공원묘지",봉안당,,,봉안당 단 (특별실),10년 관리비 불포함,95000000
548,천주교 비봉추모관,548,사설,천주교,봉안당,"봉안당, 공원묘지",봉안당,,,봉안당 (피에타실),"년 관리비 불포함, 10년 관리비 불포함",100000000
548,천주교 비봉추모관,548,사설,천주교,봉안당,"봉안당, 공원묘지",봉안당,,,봉안당,7단 (특별실)10년 관리비 불포함,120000000
548,천주교 비봉추모관,548,사설,천주교,봉안당,"봉안당, 공원묘지",봉안당,,,봉안당,6단 (특별실) 10년 관리비 불포함,128000000
548,천주교 비봉추모관,548,사설,천주교,봉안당,"봉안당, 공원묘지",봉안당,,,봉안당 . 5단 (특별실),10년 관리비 불포함,135000000
548,천주교 비봉추모관,548,사설,천주교,봉안당,"봉안당, 공원묘지",봉안당,,,,,143000000
548,천주교 비봉추모관,548,사설,천주교,봉안당,"봉안당, 공원묘지",봉안당,가족단,,봉안당 +4단 (가족실),10년 관리비 불포함,278000000
549,천주교 서울대교구 평화묘원 봉안묘,549,사설,천주교,봉안당,봉안당,봉안당,,,일반 단장형(봉안담) 관리비,년분 30년분,3000000
549,천주교 서울대교구 평화묘원 봉안묘,549,사설,천주교,봉안당,봉안당,봉안당,,,일반 합장형(봉안담) 관리비,년분 30년분,4500000
549,천주교 서울대교구 평화묘원 봉안묘,549,사설,천주교,봉안당,봉안당,봉안당,,,일반 단장형(봉안담),층1 일반 단장형(봉안담)1층1,18000000
549,천주교 서울대교구 평화묘원 봉안묘,549,사설,천주교,봉안당,봉안당,봉안당,,,일반 단장형(봉안담),층 일반 단장형(봉안담)6층,18000000
549,천주교 서울대교구 평화묘원 봉안묘,549,사설,천주교,봉안당,봉안당,봉안당,,,단장형(봉안담),일반 층 일반 2층,19000000
549,천주교 서울대교구 평화묘원 봉안묘,549,사설,천주교,봉안당,봉안당,봉안당,,,일반 단장형(봉안담),층 일반 단장형(봉안담)5층,19000000
549,천주교 서울대교구 평화묘원 봉안묘,549,사설,천주교,봉안당,봉안당,봉안당,,,일반 단장형(봉안담),층1 일반 단장형(봉안담)1층1,23000000
549,천주교 서울대교구 평화묘원 봉안묘,549,사설,천주교,봉안당,봉안당,봉안당,,,단장형(봉안담),일반 층 일반 4층,23000000
549,천주교 서울대교구 평화묘원 봉안묘,549,사설,천주교,봉안당,봉안당,봉안당,,,제대동 단장형(봉안담),층1,33000000
549,천주교 서울대교구 평화묘원 봉안묘,549,사설,천주교,봉안당,봉안당,봉안당,,,제대동 단장형(봉안담),층 제대동 단장형(봉안담)2층,34000000
549,천주교 서울대교구 평화묘원 봉안묘,549,사설,천주교,봉안당,봉안당,봉안당,,,일반 합장형(봉안담),층 일반 합장형(봉안담)1층,36000000
549,천주교 서울대교구 평화묘원 봉안묘,549,사설,천주교,봉안당,봉안당,봉안당,,,합장형(봉안담),일반 층 일반 6층,36000000
549,천주교 서울대교구 평화묘원 봉안묘,549,사설,천주교,봉안당,봉안당,봉안당,,,제대동 단장형(봉안담),층 제대동 단장형(봉안담)7층,37000000
549,천주교 서울대교구 평화묘원 봉안묘,549,사설,천주교,봉안당,봉안당,봉안당,,,합장형(봉안담),일반 층 일반 2층,38000000
549,천주교 서울대교구 평화묘원 봉안묘,549,사설,천주교,봉안당,봉안당,봉안당,,,일반 합장형(봉안담),"층, 1층",38000000
549,천주교 서울대교구 평화묘원 봉안묘,549,사설,천주교,봉안당,봉안당,봉안당,,,제대동 단장형(봉안담),층 제대동 단장형(봉안담)6층,38000000
549,천주교 서울대교구 평화묘원 봉안묘,549,사설,천주교,봉안당,봉안당,봉안당,,,제대동 단장형(봉안담),층 제대동 단장형(봉안담)3층,40000000
549,천주교 서울대교구 평화묘원 봉안묘,549,사설,천주교,봉안당,봉안당,봉안당,,,제대동 단장형(봉안담),층 제대동 단장형(봉안담)4층,40000000
549,천주교 서울대교구 평화묘원 봉안묘,549,사설,천주교,봉안당,봉안당,봉안당,,,제대동 단장형(봉안담),5층,40000000
549,천주교 서울대교구 평화묘원 봉안묘,549,사설,천주교,봉안당,봉안당,봉안당,,,합장형(봉안담),일반 층 일반 3층,46000000
549,천주교 서울대교구 평화묘원 봉안묘,549,사설,천주교,봉안당,봉안당,봉안당,,,합장형(봉안담),일반 층 일반 4층,46000000
549,천주교 서울대교구 평화묘원 봉안묘,549,사설,천주교,봉안당,봉안당,봉안당,,,제대동 합장형(봉안담),"층6,000,0001 제대동 합장형(봉안담)1층6,000,0001",60000000
549,천주교 서울대교구 평화묘원 봉안묘,549,사설,천주교,봉안당,봉안당,봉안당,,,제대동 합장형(봉안담),7층,60000000
549,천주교 서울대교구 평화묘원 봉안묘,549,사설,천주교,봉안당,봉안당,봉안당,,,제대동 합장형(봉안담),"층6,000,0001 제대동 합장형(봉안담)1층",63000000
549,천주교 서울대교구 평화묘원 봉안묘,549,사설,천주교,봉안당,봉안당,봉안당,,,제대동 합장형(봉안담),"층6,000,0001 제대동 합장형(봉안담)1층",70000000
549,천주교 서울대교구 평화묘원 봉안묘,549,사설,천주교,봉안당,봉안당,봉안당,,,제대동 합장형(봉안담),"층6,000,0001 제대동 합장형(봉안담)1층",75000000
549,천주교 서울대교구 평화묘원 봉안묘,549,사설,천주교,봉안당,봉안당,봉안당,,,제대동 합장형(봉안담),층 제대동 합장형(봉안담)4층,75000000
549,천주교 서울대교구 평화묘원 봉안묘,549,사설,천주교,봉안당,봉안당,봉안당,,,제대동 합장형(봉안담),층 제대동 합장형(봉안담)5층,75000000
550,생극추모공원,550,공설,,봉안당,"봉안당, 공원묘지",봉안당,,,오석일반,(단/8단)15년 오석일반(1단/8단)15년,15000000
550,생극추모공원,550,공설,,봉안당,"봉안당, 공원묘지",봉안당,,,,,15000000
550,생극추모공원,550,공설,,봉안당,"봉안당, 공원묘지",봉안당,,,실비아일반,(단/8단) (1단/8단),15000000
550,생극추모공원,550,공설,,봉안당,"봉안당, 공원묘지",봉안당,,,,,15000000
550,생극추모공원,550,공설,,봉안당,"봉안당, 공원묘지",봉안당,,,오석일반,(단/8단)평생 오석일반(1단/8단)평생,30000000
550,생극추모공원,550,공설,,봉안당,"봉안당, 공원묘지",봉안당,,,실비아일반,(단/8단)평생 (1단/8단)평생,30000000
550,생극추모공원,550,공설,,봉안당,"봉안당, 공원묘지",봉안당,부부단,,오석/장미목 부부단,(단/8단)15년 오석/장미목 부부단(1단/8단)15년,30000000
550,생극추모공원,550,공설,,봉안당,"봉안당, 공원묘지",봉안당,부부단,,,,30000000
550,생극추모공원,550,공설,,봉안당,"봉안당, 공원묘지",봉안당,부부단,,,,30000000
550,생극추모공원,550,공설,,봉안당,"봉안당, 공원묘지",봉안당,부부단,,실비아부부단,(단/7단)15년 실비아부부단(2단/7단)15년,30000000
550,생극추모공원,550,공설,,봉안당,"봉안당, 공원묘지",봉안당,,,,,35000000
550,생극추모공원,550,공설,,봉안당,"봉안당, 공원묘지",봉안당,,,실비아일반,(단/7단)평생 (2단/7단)평생,35000000
550,생극추모공원,550,공설,,봉안당,"봉안당, 공원묘지",봉안당,,,오석일반,(단/6단)평생 오석일반(3단/6단)평생,40000000
550,생극추모공원,550,공설,,봉안당,"봉안당, 공원묘지",봉안당,,,오석일반,(단/5단)평생 오석일반(4단/5단)평생,40000000
550,생극추모공원,550,공설,,봉안당,"봉안당, 공원묘지",봉안당,,,실비아일반,(단/6단)평생 실비아일반(3단/6단)평생,40000000
550,생극추모공원,550,공설,,봉안당,"봉안당, 공원묘지",봉안당,,,실비아일반,(단/5단)평생 (4단/5단)평생,40000000
550,생극추모공원,550,공설,,봉안당,"봉안당, 공원묘지",봉안당,부부단,,오석/장미목 부부단,(단/8단)평생,60000000
550,생극추모공원,550,공설,,봉안당,"봉안당, 공원묘지",봉안당,부부단,,실비아부부단,(단/8단)평생1,60000000
550,생극추모공원,550,공설,,봉안당,"봉안당, 공원묘지",봉안당,부부단,,오석/장미목 부부단,(단/7단)평생 오석/장미목 부부단(2단/7단)평생,70000000
550,생극추모공원,550,공설,,봉안당,"봉안당, 공원묘지",봉안당,부부단,,실비아부부단,(단/7단)평생 실비아부부단(2단/7단)평생,70000000
550,생극추모공원,550,공설,,봉안당,"봉안당, 공원묘지",봉안당,부부단,,,,80000000
550,생극추모공원,550,공설,,봉안당,"봉안당, 공원묘지",봉안당,부부단,,,,80000000
550,생극추모공원,550,공설,,봉안당,"봉안당, 공원묘지",봉안당,부부단,,,,80000000
550,생극추모공원,550,공설,,봉안당,"봉안당, 공원묘지",봉안당,부부단,,,,80000000
550,생극추모공원,550,공설,,봉안당,"봉안당, 공원묘지",봉안당,가족단,,가족단 위평생,1 가족단 4위평생,160000000
550,생극추모공원,550,공설,,봉안당,"봉안당, 공원묘지",봉안당,가족단,,가족단 위평생,1 가족단 4위평생,240000000
550,생극추모공원,550,공설,,봉안당,"봉안당, 공원묘지",봉안당,가족단,,가족단 위평생,1 가족단 4위평생,290000000
551,하늘소망추모관,551,사설,기독교,봉안당,봉안당,봉안당,개인단,,개인 일반실,"단270mm*260mm, 9단270mm*260mm",15000000
551,하늘소망추모관,551,사설,기독교,봉안당,봉안당,봉안당,개인단,,개인 일반실,"단270mm*260mm1, 9단270mm*260mm1",15000000
551,하늘소망추모관,551,사설,기독교,봉안당,봉안당,봉안당,개인단,,개인일반실,"단270mm*260mm, 8단270mm*260mm",18000000
551,하늘소망추모관,551,사설,기독교,봉안당,봉안당,봉안당,개인단,,개인 일반실,"단270mm*260mm1, 9단270mm*260mm1",18000000
551,하늘소망추모관,551,사설,기독교,봉안당,봉안당,봉안당,개인단,,개인 일반실,"단270mm*260mm, 9단270mm*260mm",21000000
551,하늘소망추모관,551,사설,기독교,봉안당,봉안당,봉안당,개인단,,개인 일반실,(평생) 단270mm*260mm (평생) 9단270mm*260mm,21000000
551,하늘소망추모관,551,사설,기독교,봉안당,봉안당,봉안당,개인단,,개인 일반실,"단270mm*260mm1, (평생) 개인 일반실 9단270mm*260mm1",24000000
551,하늘소망추모관,551,사설,기독교,봉안당,봉안당,봉안당,개인단,,개인 일반실,"단270mm*260mm, 9단270mm*260mm",24000000
551,하늘소망추모관,551,사설,기독교,봉안당,봉안당,봉안당,개인단,,개인 일반실,"단270mm*260mm, 9단270mm*260mm",24000000
551,하늘소망추모관,551,사설,기독교,봉안당,봉안당,봉안당,가족단,,가족단 일반실,"단570mm*260mm, 9단570mm*260mm",25000000
551,하늘소망추모관,551,사설,기독교,봉안당,봉안당,봉안당,가족단,,가족단 일반실,"단570mm*260mm, 9단570mm*260mm",25000000
551,하늘소망추모관,551,사설,기독교,봉안당,봉안당,봉안당,가족단,,가족단 일반실,"단570mm*260mm, 9단570mm*260mm",30000000
551,하늘소망추모관,551,사설,기독교,봉안당,봉안당,봉안당,가족단,,가족단 일반실,"단570mm*260mm, 9단570mm*260mm",30000000
551,하늘소망추모관,551,사설,기독교,봉안당,봉안당,봉안당,가족단,,,,35000000
551,하늘소망추모관,551,사설,기독교,봉안당,봉안당,봉안당,가족단,,(평생) 가족단 일반실,단570mm*260mm1 9단570mm*260mm1,35000000
551,하늘소망추모관,551,사설,기독교,봉안당,봉안당,봉안당,가족단,,가족단 VIP실,"평생, 단570mm*270mm, 9단570mm*270mm",35000000
551,하늘소망추모관,551,사설,기독교,봉안당,봉안당,봉안당,가족단,,가족단 VIP실,"(평생) 가족단 VIP실 단570mm*270mm, (평생) 가족단 VIP실 9단570mm*270mm",35000000
551,하늘소망추모관,551,사설,기독교,봉안당,봉안당,봉안당,가족단,,(평생) 가족단 일반실,"단570mm*260mm1, 9단570mm*260mm1",40000000
551,하늘소망추모관,551,사설,기독교,봉안당,봉안당,봉안당,가족단,,(평생) 가족단 일반실,9단/단 570mm*260mm1,40000000
551,하늘소망추모관,551,사설,기독교,봉안당,봉안당,봉안당,가족단,,(평생) 가족단 일반실,"단570mm*260mm, 9단570mm*260mm",40000000
551,하늘소망추모관,551,사설,기독교,봉안당,봉안당,봉안당,가족단,,(평생) 가족단 VIP실,단570mm*270mm1 9단570mm*270mm1,40000000
551,하늘소망추모관,551,사설,기독교,봉안당,봉안당,봉안당,가족단,,(평생) 가족단 VIP실,"단570mm*270mm1, 9단570mm*270mm1",40000000
551,하늘소망추모관,551,사설,기독교,봉안당,봉안당,봉안당,가족단,,(평생) 가족단 VIP실,"단 570mm*270mm, 9단 570mm*270mm",45000000
551,하늘소망추모관,551,사설,기독교,봉안당,봉안당,봉안당,가족단,,가족단 VIP실,"단570mm*270mm, 9단570mm*270mm",45000000
551,하늘소망추모관,551,사설,기독교,봉안당,봉안당,봉안당,가족단,,가족단 VIP실,(평생) 단570mm*270mm (평생) 9단570mm*270mm,50000000
551,하늘소망추모관,551,사설,기독교,봉안당,봉안당,봉안당,가족단,,가족단 VIP실,(평생) 단570mm*270mm (평생) 9단570mm*270mm,50000000
551,하늘소망추모관,551,사설,기독교,봉안당,봉안당,봉안당,가족단,,(평생) 가족단 VIP실,"단570mm*270mm, 9단570mm*270mm",50000000
552,대한불교조계종 삼봉사 봉안당,552,사설,불교,봉안당,"봉안당, 공원묘지",봉안당,,재추출(병합),1577-3444전화번호,,1577
552,대한불교조계종 삼봉사 봉안당,552,사설,불교,봉안당,"봉안당, 공원묘지",정보없음,,정보없음,정보없음,자동 추출 실패 (푸터 텍스트),
553,천주교안성추모공원(봉안),553,사설,천주교,봉안당,봉안당,봉안당,,,부활황토직경 cm,"높이 21cm / 고령토 / 제조 : 홀리 부활황토직경 21cm, 높이 21cm / 고령토 / 제조 : 홀리",220000
553,천주교안성추모공원(봉안),553,사설,천주교,봉안당,봉안당,봉안당,,,처이중직경,"21cm, 높이 21cm / 고령토 / 제조 : 홀리",250000
553,천주교안성추모공원(봉안),553,사설,천주교,봉안당,봉안당,봉안당,,,천주당초직경 cm,높이 21cm / 고령토 / 제조 : 홀리,300000
553,천주교안성추모공원(봉안),553,사설,천주교,봉안당,봉안당,봉안당,,,성요셉,"직경 22cm, 높이 22cm / 고령토 / 제조 : 홀리",600000
553,천주교안성추모공원(봉안),553,사설,천주교,봉안당,봉안당,봉안당,,,성모상,"직경 cm, 높이 22cm / 고령토 / 제조 : 홀리",600000
553,천주교안성추모공원(봉안),553,사설,천주교,봉안당,봉안당,봉안당,,,하늘담,하늘담 1단,17000000
553,천주교안성추모공원(봉안),553,사설,천주교,봉안당,봉안당,봉안당,,,하늘담,하늘담 1단,21000000
553,천주교안성추모공원(봉안),553,사설,천주교,봉안당,봉안당,봉안당,,,하늘담,단 1단,22000000
553,천주교안성추모공원(봉안),553,사설,천주교,봉안당,봉안당,봉안당,,,하늘담,하늘담 1단,25000000
553,천주교안성추모공원(봉안),553,사설,천주교,봉안당,봉안당,봉안당,,,하늘담,하늘담 1단,28900000
553,천주교안성추모공원(봉안),553,사설,천주교,봉안당,봉안당,봉안당,,,하늘담,~6단 하늘담 3~6단,29000000
553,천주교안성추모공원(봉안),553,사설,천주교,봉안당,봉안당,봉안당,,,하늘담,단 1단,30600000
553,천주교안성추모공원(봉안),553,사설,천주교,봉안당,봉안당,봉안당,,,천상담,"단, 천상담 1단",33700000
553,천주교안성추모공원(봉안),553,사설,천주교,봉안당,봉안당,봉안당,,,하늘담,단1 1단1,35700000
553,천주교안성추모공원(봉안),553,사설,천주교,봉안당,봉안당,봉안당,,,하늘담,하늘담 1단,37400000
553,천주교안성추모공원(봉안),553,사설,천주교,봉안당,봉안당,봉안당,,,천상담,~6단 2~6단,42200000
553,천주교안성추모공원(봉안),553,사설,천주교,봉안당,봉안당,봉안당,,,하늘담,단 1단,42500000
553,천주교안성추모공원(봉안),553,사설,천주교,봉안당,봉안당,봉안당,,,하늘담,~6단 하늘담 3~6단,49300000
553,천주교안성추모공원(봉안),553,사설,천주교,봉안당,봉안당,봉안당,,,천상담,,50500000
553,천주교안성추모공원(봉안),553,사설,천주교,봉안당,봉안당,봉안당,,,천상담,~6단 천상담 2~6단,63300000
553,천주교안성추모공원(봉안),553,사설,천주교,봉안당,봉안당,기타(관리비),개인단,,관리비,인10년1 1인10년1,5000000
553,천주교안성추모공원(봉안),553,사설,천주교,봉안당,봉안당,기타(관리비),,,관리비,인10년 1인10년,7000000
554,아산메모리얼파크 휴온 봉안당,554,사설,,봉안당,공원묘지,봉안당,,,,,25000000
554,아산메모리얼파크 휴온 봉안당,554,사설,,봉안당,공원묘지,봉안당,,,봉안당,단. 봉안당 1단.,30000000
554,아산메모리얼파크 휴온 봉안당,554,사설,,봉안당,공원묘지,봉안당,,,봉안당,단. 봉안당 2단.,35000000
554,아산메모리얼파크 휴온 봉안당,554,사설,,봉안당,공원묘지,봉안당,,,봉안당,단. 봉안당 7단.,35000000
554,아산메모리얼파크 휴온 봉안당,554,사설,,봉안당,공원묘지,봉안당,개인단,,봉안묘 개인묘,위. 봉안묘 개인묘 1위.,40000000
554,아산메모리얼파크 휴온 봉안당,554,사설,,봉안당,공원묘지,봉안당,,,봉안당,"단, 8단",45000000
554,아산메모리얼파크 휴온 봉안당,554,사설,,봉안당,공원묘지,봉안당,,,봉안당,단. 봉안당 6단.,45000000
554,아산메모리얼파크 휴온 봉안당,554,사설,,봉안당,공원묘지,봉안당,부부단,,봉안당 부부단,8단,45000000
554,아산메모리얼파크 휴온 봉안당,554,사설,,봉안당,공원묘지,봉안당,부부단,,봉안당 부부단,1단,55000000
554,아산메모리얼파크 휴온 봉안당,554,사설,,봉안당,공원묘지,봉안당,,,봉안당,단. 봉안당 4단.,60000000
554,아산메모리얼파크 휴온 봉안당,554,사설,,봉안당,공원묘지,봉안당,,,봉안당,단. 봉안당 5단.,60000000
554,아산메모리얼파크 휴온 봉안당,554,사설,,봉안당,공원묘지,봉안당,부부단,,봉안당 부부단,2단,65000000
554,아산메모리얼파크 휴온 봉안당,554,사설,,봉안당,공원묘지,봉안당,부부단,,봉안당 부부단,"단, 7단",65000000
554,아산메모리얼파크 휴온 봉안당,554,사설,,봉안당,공원묘지,봉안당,부부단,,봉안묘 부부묘,위. 봉안묘 부부묘 2위.,70000000
554,아산메모리얼파크 휴온 봉안당,554,사설,,봉안당,공원묘지,봉안당,부부단,,봉안당 부부단,단 8단,85000000
554,아산메모리얼파크 휴온 봉안당,554,사설,,봉안당,공원묘지,봉안당,부부단,,봉안당 부부단,단 6단,85000000
554,아산메모리얼파크 휴온 봉안당,554,사설,,봉안당,공원묘지,봉안당,부부단,,봉안당 부부단,4단,110000000
554,아산메모리얼파크 휴온 봉안당,554,사설,,봉안당,공원묘지,봉안당,부부단,,봉안당 부부단,5단,110000000
554,아산메모리얼파크 휴온 봉안당,554,사설,,봉안당,공원묘지,봉안당,가족단,,봉안묘 가족묘,위. 봉안묘 가족묘 4위.,130000000
554,아산메모리얼파크 휴온 봉안당,554,사설,,봉안당,공원묘지,봉안당,가족단,,봉안묘 가족묘,위. 봉안묘 가족묘 4위.,150000000
554,아산메모리얼파크 휴온 봉안당,554,사설,,봉안당,공원묘지,봉안당,가족단,,봉안묘 가족묘,위. 봉안묘 가족묘 4위.,170000000
554,아산메모리얼파크 휴온 봉안당,554,사설,,봉안당,공원묘지,봉안당,가족단,,봉안묘 가족묘,위 4위,200000000
554,아산메모리얼파크 휴온 봉안당,554,사설,,봉안당,공원묘지,봉안당,가족단,,봉안묘 가족묘,위. 봉안묘 가족묘 4위.,220000000
554,아산메모리얼파크 휴온 봉안당,554,사설,,봉안당,공원묘지,봉안당,가족단,,봉안묘 가족묘,"위, 봉안묘 가족묘 4위",250000000
554,아산메모리얼파크 휴온 봉안당,554,사설,,봉안당,공원묘지,봉안당,가족단,,봉안묘 가족묘,위 4위,270000000
554,아산메모리얼파크 휴온 봉안당,554,사설,,봉안당,공원묘지,봉안당,가족단,,봉안묘 가족묘,"위, 봉안묘 가족묘 4위",300000000
555,청통추모관,555,사설,,봉안당,봉안당,봉안당,,,봉안실,1단영구봉안 2봉안실/1단영구봉안,20000000
555,청통추모관,555,사설,,봉안당,봉안당,봉안당,,,봉안실,"1단영구봉안 5,6봉안실/1단영구봉안",20000000
555,청통추모관,555,사설,,봉안당,봉안당,봉안당,,,봉안실/8단영구봉안,"1 3,5,6봉안실/8단영구봉안1",20000000
555,청통추모관,555,사설,,봉안당,봉안당,봉안당,,,봉안실,2단영구봉안 2봉안실/2단영구봉안,25000000
555,청통추모관,555,사설,,봉안당,봉안당,봉안당,,,봉안실/4단영구봉안,,30000000
555,청통추모관,555,사설,,봉안당,봉안당,봉안당,,,봉안실/5단영구봉안,,30000000
555,청통추모관,555,사설,,봉안당,봉안당,봉안당,,,봉안실,6단영구봉안 1봉안실/6단영구봉안,30000000
555,청통추모관,555,사설,,봉안당,봉안당,봉안당,,,봉안실,"2단영구봉안 3,5,6봉안실/2단영구봉안",30000000
555,청통추모관,555,사설,,봉안당,봉안당,봉안당,,,봉안실/3단영구봉안,,35000000
555,청통추모관,555,사설,,봉안당,봉안당,봉안당,,,봉안실/7단영구봉안,"1 3,5,6봉안실/7단영구봉안1",35000000
555,청통추모관,555,사설,,봉안당,봉안당,봉안당,,,봉안실/4단영구봉안,,40000000
555,청통추모관,555,사설,,봉안당,봉안당,봉안당,,,봉안실,6단영구봉안1 1봉안실/6단영구봉안1,40000000
555,청통추모관,555,사설,,봉안당,봉안당,봉안당,,,봉안실/3단영구봉안,,40000000
555,청통추모관,555,사설,,봉안당,봉안당,봉안당,,,봉안실,"1단영구봉안 5,6봉안실/1단영구봉안",40000000
555,청통추모관,555,사설,,봉안당,봉안당,봉안당,,,봉안실/8단영구봉안,"1 3,5,6봉안실/8단영구봉안1",40000000
555,청통추모관,555,사설,,봉안당,봉안당,봉안당,,,봉안실/5단영구봉안,,50000000
555,청통추모관,555,사설,,봉안당,봉안당,봉안당,,,봉안실/4단영구봉안,,50000000
555,청통추모관,555,사설,,봉안당,봉안당,봉안당,,,봉안실,"6단영구봉안 3,5,6봉안실/6단영구봉안",50000000
555,청통추모관,555,사설,,봉안당,봉안당,봉안당,,,봉안실/5단영구봉안,,60000000
555,청통추모관,555,사설,,봉안당,봉안당,봉안당,,,봉안실,"2단영구봉안 5,6봉안실/2단영구봉안",60000000
555,청통추모관,555,사설,,봉안당,봉안당,봉안당,,,봉안실,6단영구봉안 2봉안실/6단영구봉안,70000000
555,청통추모관,555,사설,,봉안당,봉안당,봉안당,,,봉안실/7단영구봉안,"1 3,5,6봉안실/7단영구봉안1",70000000
555,청통추모관,555,사설,,봉안당,봉안당,봉안당,,,봉안실/3단영구봉안,,80000000
555,청통추모관,555,사설,,봉안당,봉안당,봉안당,,,봉안실/4단영구봉안,,100000000
555,청통추모관,555,사설,,봉안당,봉안당,봉안당,,,봉안실,"6단영구봉안 3,5,6봉안실/6단영구봉안",100000000
555,청통추모관,555,사설,,봉안당,봉안당,봉안당,,,봉안실/5단영구봉안,,120000000
556,예래원(봉안시설),556,사설,무관,"봉안당, 공원묘지",공원묘지,공원묘지,,,안치비(평장묘),회1,3300000
556,예래원(봉안시설),556,사설,무관,"봉안당, 공원묘지",공원묘지,공원묘지,부부단,,석물(부부평장묘B),1기,10700000
556,예래원(봉안시설),556,사설,무관,"봉안당, 공원묘지",공원묘지,공원묘지,부부단,,석물(부부평장묘C),1기,12000000
556,예래원(봉안시설),556,사설,무관,"봉안당, 공원묘지",공원묘지,공원묘지,가족단,,,,16600000
556,예래원(봉안시설),556,사설,무관,"봉안당, 공원묘지",공원묘지,공원묘지,가족단,,,,19500000
556,예래원(봉안시설),556,사설,무관,"봉안당, 공원묘지",공원묘지,공원묘지,가족단,,,,22000000
556,예래원(봉안시설),556,사설,무관,"봉안당, 공원묘지",공원묘지,공원묘지,가족단,,,,25300000
556,예래원(봉안시설),556,사설,무관,"봉안당, 공원묘지",공원묘지,공원묘지,가족단,,,,28500000
556,예래원(봉안시설),556,사설,무관,"봉안당, 공원묘지",공원묘지,공원묘지,가족단,,석물,(가족평장묘위C)1기 석물(가족평장묘16위C)1기,34500000
556,예래원(봉안시설),556,사설,무관,"봉안당, 공원묘지",공원묘지,봉안당,,,관리비,"봉안묘평장묘㎡, 1년 관리비(봉안묘,평장묘)㎡, 1년",76700
556,예래원(봉안시설),556,사설,무관,"봉안당, 공원묘지",공원묘지,봉안당,개인단,,관리비(벽체식/회랑형 봉안담),"위,1년 관리비(벽체식/회랑형 봉안담)1위,1년",200000
556,예래원(봉안시설),556,사설,무관,"봉안당, 공원묘지",공원묘지,봉안당,,,안치비,"(봉안묘벽체형/회랑형)1회 안치비(봉안묘,벽체형/회랑형)1회",1100000
556,예래원(봉안시설),556,사설,무관,"봉안당, 공원묘지",공원묘지,봉안당,,,토지사용료,"(봉안묘평장묘)㎡ 토지사용료(봉안묘,평장묘)㎡",3733700
556,예래원(봉안시설),556,사설,무관,"봉안당, 공원묘지",공원묘지,봉안당,부부단,,석물(부부봉안묘C),1기,11700000
556,예래원(봉안시설),556,사설,무관,"봉안당, 공원묘지",공원묘지,봉안당,가족단,,,,16600000
556,예래원(봉안시설),556,사설,무관,"봉안당, 공원묘지",공원묘지,봉안당,가족단,,석물,가족봉안묘위A 1기 석물 가족봉안묘8위A 1기,18700000
556,예래원(봉안시설),556,사설,무관,"봉안당, 공원묘지",공원묘지,봉안당,가족단,,,,22700000
556,예래원(봉안시설),556,사설,무관,"봉안당, 공원묘지",공원묘지,봉안당,가족단,,,,24900000
556,예래원(봉안시설),556,사설,무관,"봉안당, 공원묘지",공원묘지,봉안당,가족단,,,,28900000
556,예래원(봉안시설),556,사설,무관,"봉안당, 공원묘지",공원묘지,봉안당,가족단,,,,29800000
556,예래원(봉안시설),556,사설,무관,"봉안당, 공원묘지",공원묘지,봉안당,,,,,32400000
556,예래원(봉안시설),556,사설,무관,"봉안당, 공원묘지",공원묘지,봉안당,가족단,,,,35200000
556,예래원(봉안시설),556,사설,무관,"봉안당, 공원묘지",공원묘지,봉안당,,,,,36500000
556,예래원(봉안시설),556,사설,무관,"봉안당, 공원묘지",공원묘지,봉안당,가족단,,,,45000000
556,예래원(봉안시설),556,사설,무관,"봉안당, 공원묘지",공원묘지,봉안당,개인단,,사용료(벽체형/회랑형 봉안담)개인단,사용료(벽체형/회랑형 봉안담)개인단,58000000
556,예래원(봉안시설),556,사설,무관,"봉안당, 공원묘지",공원묘지,봉안당,부부단,,봉안담,사용료(벽체형/회랑형) 부부단,95000000
557,재단법인 로엠(봉안시설),557,사설,,봉안당,"공원묘지, 봉안당",봉안당,개인단,,갈비탕,1인,10000
557,재단법인 로엠(봉안시설),557,사설,,봉안당,"공원묘지, 봉안당",봉안당,,,비석각자비(大),글자당,14000
557,재단법인 로엠(봉안시설),557,사설,,봉안당,"공원묘지, 봉안당",봉안당,,,각자공임비(와비),건,66000
557,재단법인 로엠(봉안시설),557,사설,,봉안당,"공원묘지, 봉안당",봉안당,,,비석각자비,"마크무늬, 1개당",66000
557,재단법인 로엠(봉안시설),557,사설,,봉안당,"공원묘지, 봉안당",봉안당,,,석물경보수,"건, 1건",88000
557,재단법인 로엠(봉안시설),557,사설,,봉안당,"공원묘지, 봉안당",봉안당,,,각자공임비(피라미드),"건121,000 각자공임비(피라미드)1건121,000",121000
557,재단법인 로엠(봉안시설),557,사설,,봉안당,"공원묘지, 봉안당",봉안당,,,천막설치,1개,150000
557,재단법인 로엠(봉안시설),557,사설,,봉안당,"공원묘지, 봉안당",봉안당,,,석물준중보수,건,220000
557,재단법인 로엠(봉안시설),557,사설,,봉안당,"공원묘지, 봉안당",봉안당,,,봉안개봉비,회,250000
557,재단법인 로엠(봉안시설),557,사설,,봉안당,"공원묘지, 봉안당",봉안당,,,개장석물폐기,개장석물폐기1건,490000
557,재단법인 로엠(봉안시설),557,사설,,봉안당,"공원묘지, 봉안당",봉안당,,,석물해체및조립,석물해체및조립1건,880000
557,재단법인 로엠(봉안시설),557,사설,,봉안당,"공원묘지, 봉안당",봉안당,,,평안봉안묘(일반형)세트,(사용료및관리비 별도),8700000
557,재단법인 로엠(봉안시설),557,사설,,봉안당,"공원묘지, 봉안당",봉안당,,,평안봉안묘(고급형)세트,(사용료및관리비 별도)1세트,9300000
557,재단법인 로엠(봉안시설),557,사설,,봉안당,"공원묘지, 봉안당",봉안당,,,,,10400000
557,재단법인 로엠(봉안시설),557,사설,,봉안당,"공원묘지, 봉안당",봉안당,,,봉안8기,".67㎡, 14.67㎡",154000000
557,재단법인 로엠(봉안시설),557,사설,,봉안당,"공원묘지, 봉안당",봉안당,,,봉안20기,".44㎡, 26.44㎡",242000000
557,재단법인 로엠(봉안시설),557,사설,,봉안당,"공원묘지, 봉안당",봉안당,,,봉안24기,".05㎡, 봉안24기 33.05㎡, 봉안24기",280000000
557,재단법인 로엠(봉안시설),557,사설,,봉안당,"공원묘지, 봉안당",기타(관리비),,,다솜세트,(사용료및관리비 별도) 다솜1세트(사용료및관리비 별도),12300000
557,재단법인 로엠(봉안시설),557,사설,,봉안당,"공원묘지, 봉안당",기타(관리비),,,다솜라운드세트,사용료및관리비 별도 다솜라운드1세트(사용료및관리비 별도),12300000
557,재단법인 로엠(봉안시설),557,사설,,봉안당,"공원묘지, 봉안당",기타(관리비),,,,,12800000
557,재단법인 로엠(봉안시설),557,사설,,봉안당,"공원묘지, 봉안당",기타(관리비),,,화목세트,사용료및관리비 별도,12800000
558,(재)효원가족공원,558,사설,,"봉안당, 수목장","봉안당, 공원묘지",봉안당,,,임대 봉안당,"2~7단, 10년 임대 봉안당 2~7단",3000000
558,(재)효원가족공원,558,사설,,"봉안당, 수목장","봉안당, 공원묘지",봉안당,,,임대 봉안당,2~7단 10년 임대 봉안당 2~7단,6000000
558,(재)효원가족공원,558,사설,,"봉안당, 수목장","봉안당, 공원묘지",봉안당,,,,,10000000
558,(재)효원가족공원,558,사설,,"봉안당, 수목장","봉안당, 공원묘지",봉안당,,,,,15000000
558,(재)효원가족공원,558,사설,,"봉안당, 수목장","봉안당, 공원묘지",봉안당,,,,,15000000
558,(재)효원가족공원,558,사설,,"봉안당, 수목장","봉안당, 공원묘지",봉안당,,,,,20000000
558,(재)효원가족공원,558,사설,,"봉안당, 수목장","봉안당, 공원묘지",봉안당,,,,,20000000
558,(재)효원가족공원,558,사설,,"봉안당, 수목장","봉안당, 공원묘지",봉안당,,,,,25000000
558,(재)효원가족공원,558,사설,,"봉안당, 수목장","봉안당, 공원묘지",봉안당,,,,,30000000
558,(재)효원가족공원,558,사설,,"봉안당, 수목장","봉안당, 공원묘지",봉안당,,,,,30000000
558,(재)효원가족공원,558,사설,,"봉안당, 수목장","봉안당, 공원묘지",봉안당,,,,,30000000
558,(재)효원가족공원,558,사설,,"봉안당, 수목장","봉안당, 공원묘지",봉안당,,,,,35000000
558,(재)효원가족공원,558,사설,,"봉안당, 수목장","봉안당, 공원묘지",봉안당,,,,,40000000
558,(재)효원가족공원,558,사설,,"봉안당, 수목장","봉안당, 공원묘지",봉안당,,,,,40000000
558,(재)효원가족공원,558,사설,,"봉안당, 수목장","봉안당, 공원묘지",봉안당,,,,,45000000
558,(재)효원가족공원,558,사설,,"봉안당, 수목장","봉안당, 공원묘지",봉안당,,,,,50000000
558,(재)효원가족공원,558,사설,,"봉안당, 수목장","봉안당, 공원묘지",봉안당,,,,,60000000
558,(재)효원가족공원,558,사설,,"봉안당, 수목장","봉안당, 공원묘지",봉안당,,,,,70000000
558,(재)효원가족공원,558,사설,,"봉안당, 수목장","봉안당, 공원묘지",봉안당,,,,,80000000
558,(재)효원가족공원,558,사설,,"봉안당, 수목장","봉안당, 공원묘지",봉안당,,,,,90000000
558,(재)효원가족공원,558,사설,,"봉안당, 수목장","봉안당, 공원묘지",수목장,,,자연장지,년 관리비 자연장지 30년 관리비,6000000
558,(재)효원가족공원,558,사설,,"봉안당, 수목장","봉안당, 공원묘지",수목장,,,자연장지,년 사용료 자연장지30년 사용료,20000000
558,(재)효원가족공원,558,사설,,"봉안당, 수목장","봉안당, 공원묘지",기타(관리비),,,년 관리비일반/VIP,5년 관리비일반/VIP,3000000
558,(재)효원가족공원,558,사설,,"봉안당, 수목장","봉안당, 공원묘지",기타(관리비),,,년 관리비VVIP,5년 관리비VVIP,3000000
558,(재)효원가족공원,558,사설,,"봉안당, 수목장","봉안당, 공원묘지",기타(관리비),,,년 관리비일반/VIP,5년 관리비일반/VIP,6000000
558,(재)효원가족공원,558,사설,,"봉안당, 수목장","봉안당, 공원묘지",기타(관리비),,,년 관리비VVIP,5년 관리비VVIP,6000000
559,극락사추모공원,559,공설,불교,봉안당,봉안당,봉안당,,,"하늘관,5관","- 8단, 하늘3관,5관 - 8단",20000000
559,극락사추모공원,559,공설,불교,봉안당,봉안당,봉안당,,,"하늘관,2관,6관,7관,8관","8단 하늘1관,2관,6관,7관,8관 - 8단",30000000
559,극락사추모공원,559,공설,불교,봉안당,봉안당,봉안당,,,"하늘관,5관","7단 하늘3관,5관 - 7단",30000000
559,극락사추모공원,559,공설,불교,봉안당,봉안당,봉안당,,,"하늘관,2관,6관,7관,8관","7단 하늘1관,2관,6관,7관,8관 - 7단",40000000
559,극락사추모공원,559,공설,불교,봉안당,봉안당,봉안당,,,"하늘관,5관","8단 하늘3관,5관 - 8단",40000000
559,극락사추모공원,559,공설,불교,봉안당,봉안당,봉안당,,,"하늘관,2관","- 2단, 6단 하늘1관,2관 - 2단, 6단",50000000
559,극락사추모공원,559,공설,불교,봉안당,봉안당,봉안당,,,"하늘관,5관,6관,7관,8관","2단,6단 하늘3관,5관,6관,7관,8관 - 2단,6단",50000000
559,극락사추모공원,559,공설,불교,봉안당,봉안당,봉안당,,,"하늘관,2관","1단 하늘1관,2관 - 1단",50000000
559,극락사추모공원,559,공설,불교,봉안당,봉안당,봉안당,,,"하늘관,5관,6관,7관,8관","1단 하늘3관,5관,6관,7관,8관 - 1단",50000000
559,극락사추모공원,559,공설,불교,봉안당,봉안당,봉안당,,,"하늘관,5관","5단 하늘3관,5관 - 5단",60000000
559,극락사추모공원,559,공설,불교,봉안당,봉안당,봉안당,,,"하늘관,2관,6관,7관,8관","8단 하늘1관,2관,6관,7관,8관 - 8단",60000000
559,극락사추모공원,559,공설,불교,봉안당,봉안당,봉안당,,,"하늘관,5관","- 7단 하늘3관,5관 - 7단",60000000
559,극락사추모공원,559,공설,불교,봉안당,봉안당,봉안당,,,"하늘 관,2관,6관,7관,8관 - 3단","하늘 1관,2관,6관,7관,8관 - 3단",60000000
559,극락사추모공원,559,공설,불교,봉안당,봉안당,봉안당,,,"하늘관,2관,6관,7관,8관","- 4단,5단 하늘1관,2관,6관,7관,8관 - 4단,5단",70000000
559,극락사추모공원,559,공설,불교,봉안당,봉안당,봉안당,,,"하늘관,5관","- 3단,4단 하늘3관,5관 - 3단,4단",70000000
559,극락사추모공원,559,공설,불교,봉안당,봉안당,봉안당,,,"하늘관,2관,6관,7관,8관","- 7단 하늘1관,2관,6관,7관,8관 - 7단",80000000
559,극락사추모공원,559,공설,불교,봉안당,봉안당,봉안당,,,"하늘관,2관,6관,7관,8관","2단,6단",100000000
559,극락사추모공원,559,공설,불교,봉안당,봉안당,봉안당,,,"하늘관,5관","2단,6단 하늘3관,5관 - 2단,6단",100000000
559,극락사추모공원,559,공설,불교,봉안당,봉안당,봉안당,,,"하늘관,2관","1단 하늘1관,2관 - 1단",100000000
559,극락사추모공원,559,공설,불교,봉안당,봉안당,봉안당,,,"하늘관,5관,6관,7관,8관","1단 하늘3관,5관,6관,7관,8관 - 1단",100000000
559,극락사추모공원,559,공설,불교,봉안당,봉안당,봉안당,,,"하늘관,5관","5단 하늘3관,5관 - 5단",120000000
559,극락사추모공원,559,공설,불교,봉안당,봉안당,봉안당,,,"하늘 관,2관,6관,7관,8관","3단 하늘 1관,2관,6관,7관,8관- 3단",120000000
559,극락사추모공원,559,공설,불교,봉안당,봉안당,봉안당,,,"하늘관,2관,6관,7관,8관","4단,5단 하늘1관,2관,6관,7관,8관 - 4단,5단",140000000
559,극락사추모공원,559,공설,불교,봉안당,봉안당,봉안당,,,"하늘관,5관","- 3단,4단 하늘3관,5관 - 3단,4단",140000000
559,극락사추모공원,559,공설,불교,봉안당,봉안당,기타(관리비),,,관리비,년 단위로 일괄 납부 하여야 한다.,5000000
560,미상(자동복구),560,미분류,,공원묘지,공원묘지,정보없음,,정보없음,정보없음,자동 추출 실패 (푸터 텍스트),
561,금릉공원묘원 제1봉안당,561,사설,,봉안당,,봉안당,,,제례실 사용료,제례실 사용료,50000
561,금릉공원묘원 제1봉안당,561,사설,,봉안당,,봉안당,,,식당 사용료,식당 사용료,100000
561,금릉공원묘원 제1봉안당,561,사설,,봉안당,,봉안당,,,위패오석,중국산,110000
561,금릉공원묘원 제1봉안당,561,사설,,봉안당,,봉안당,,,유골함도자기,국산,220000
561,금릉공원묘원 제1봉안당,561,사설,,봉안당,,봉안당,,,단,최저단,10000000
561,금릉공원묘원 제1봉안당,561,사설,,봉안당,,봉안당,,,유품보관단,1 (位),15000000
561,금릉공원묘원 제1봉안당,561,사설,,봉안당,,봉안당,,,단,(최저단)1~2 (位)  1단 (최저단)1~2 (位),20000000
561,금릉공원묘원 제1봉안당,561,사설,,봉안당,,봉안당,,,유품보관단,1~2 (位),20000000
561,금릉공원묘원 제1봉안당,561,사설,,봉안당,,봉안당,,,단1,2단1,25000000
561,금릉공원묘원 제1봉안당,561,사설,,봉안당,,봉안당,,,단,(최고단)1 (位) 8단 (최고단)1 (位),25000000
561,금릉공원묘원 제1봉안당,561,사설,,봉안당,,봉안당,,,단1 1,2단1 1,30000000
561,금릉공원묘원 제1봉안당,561,사설,,봉안당,,봉안당,,,단1,2단1,35000000
561,금릉공원묘원 제1봉안당,561,사설,,봉안당,,봉안당,,,단1,2단1,50000000
561,금릉공원묘원 제1봉안당,561,사설,,봉안당,,봉안당,,,단1 (位),2단1 (位),50000000
561,금릉공원묘원 제1봉안당,561,사설,,봉안당,,봉안당,,,단1,2단1,50000000
561,금릉공원묘원 제1봉안당,561,사설,,봉안당,,봉안당,,,단1~2 (位),단1~2 (位),50000000
561,금릉공원묘원 제1봉안당,561,사설,,봉안당,,봉안당,,,단,(최고단)1~2 (位)1 8단 (최고단)1~2 (位)1,50000000
561,금릉공원묘원 제1봉안당,561,사설,,봉안당,,봉안당,,,단1~2 (位),단1~2 (位),60000000
561,금릉공원묘원 제1봉안당,561,사설,,봉안당,,봉안당,,,단1~2 (位),단1~2 (位),70000000
561,금릉공원묘원 제1봉안당,561,사설,,봉안당,,봉안당,,,단1~2 (位),2단1~2 (位),100000000
561,금릉공원묘원 제1봉안당,561,사설,,봉안당,,봉안당,,,단1~2 (位),1 2단1~2 (位)1,100000000
561,금릉공원묘원 제1봉안당,561,사설,,봉안당,,봉안당,,,단1~2 (位),2단1~2 (位),100000000
561,금릉공원묘원 제1봉안당,561,사설,,봉안당,,기타(관리비),,,관리비,년선납/1년 관리비 (10년선납)/1년,500000
562,(주)광림공원 동산공원묘원(봉안),562,사설,기독교,"수목장, 봉안당, 공원묘지","봉안당, 공원묘지",공원묘지,가족단,,가족평장묘,(위형)사용료 및 석물대금(10단지) (4위형)사용료 및 석물대금(10단지),147950000
562,(주)광림공원 동산공원묘원(봉안),562,사설,기독교,"수목장, 봉안당, 공원묘지","봉안당, 공원묘지",공원묘지,가족단,,가족평장묘,위형 사용료 및 석물대금(7단지) 가족평장묘(8위형)사용료 및 석물대금(7단지),215620000
562,(주)광림공원 동산공원묘원(봉안),562,사설,기독교,"수목장, 봉안당, 공원묘지","봉안당, 공원묘지",공원묘지,가족단,,가족평장묘,위형B 사용료 및 석물대금(13단지) 가족평장묘(8위형B)사용료 및 석물대금(13단지),220550000
562,(주)광림공원 동산공원묘원(봉안),562,사설,기독교,"수목장, 봉안당, 공원묘지","봉안당, 공원묘지",공원묘지,가족단,,가족평장묘,위형B 사용료 및 석물대금 (13단지) 가족평장묘 (12위형B) 사용료 및 석물대금 (13단지),344500000
562,(주)광림공원 동산공원묘원(봉안),562,사설,기독교,"수목장, 봉안당, 공원묘지","봉안당, 공원묘지",봉안당,개인단,,봉안담(위형)사용료 및 석물대금,13단지,36340000
562,(주)광림공원 동산공원묘원(봉안),562,사설,기독교,"수목장, 봉안당, 공원묘지","봉안당, 공원묘지",봉안당,,,봉안담(위형),사용료 및 석물대금(13단지),56700000
562,(주)광림공원 동산공원묘원(봉안),562,사설,기독교,"수목장, 봉안당, 공원묘지","봉안당, 공원묘지",봉안당,개인단,,개인봉안묘(위형)사용료 및 석물대금,(11단지9열),93440000
562,(주)광림공원 동산공원묘원(봉안),562,사설,기독교,"수목장, 봉안당, 공원묘지","봉안당, 공원묘지",봉안당,개인단,,개인봉안묘(위형)사용료 및 석물대금,(10단지11열),105670000
562,(주)광림공원 동산공원묘원(봉안),562,사설,기독교,"수목장, 봉안당, 공원묘지","봉안당, 공원묘지",봉안당,가족단,,가족봉안묘,위형 사용료 및 석물대금(14단지) 가족봉안묘(6위형) 사용료 및 석물대금(14단지),130490000
562,(주)광림공원 동산공원묘원(봉안),562,사설,기독교,"수목장, 봉안당, 공원묘지","봉안당, 공원묘지",봉안당,가족단,,가족봉안묘,(위형B)사용료 및 석물대금(11단지),162550000
562,(주)광림공원 동산공원묘원(봉안),562,사설,기독교,"수목장, 봉안당, 공원묘지","봉안당, 공원묘지",봉안당,가족단,,가족봉안묘,(위형C)사용료 및 석물대금(13단지) (4위형C)사용료 및 석물대금(13단지),168310000
562,(주)광림공원 동산공원묘원(봉안),562,사설,기독교,"수목장, 봉안당, 공원묘지","봉안당, 공원묘지",봉안당,가족단,,,,204030000
562,(주)광림공원 동산공원묘원(봉안),562,사설,기독교,"수목장, 봉안당, 공원묘지","봉안당, 공원묘지",봉안당,가족단,,가족봉안묘(위형C),사용료 및 석물대금(13단지),219290000
562,(주)광림공원 동산공원묘원(봉안),562,사설,기독교,"수목장, 봉안당, 공원묘지","봉안당, 공원묘지",봉안당,가족단,,가족봉안묘(위형B),사용료 및 석물대금(11단지),226650000
562,(주)광림공원 동산공원묘원(봉안),562,사설,기독교,"수목장, 봉안당, 공원묘지","봉안당, 공원묘지",봉안당,가족단,,가족봉안묘,(위형A고급)사용료 및 석물대금(7단지),255320000
562,(주)광림공원 동산공원묘원(봉안),562,사설,기독교,"수목장, 봉안당, 공원묘지","봉안당, 공원묘지",봉안당,가족단,,,,323320000
562,(주)광림공원 동산공원묘원(봉안),562,사설,기독교,"수목장, 봉안당, 공원묘지","봉안당, 공원묘지",봉안당,가족단,,,,342560000
562,(주)광림공원 동산공원묘원(봉안),562,사설,기독교,"수목장, 봉안당, 공원묘지","봉안당, 공원묘지",봉안당,,,혼합묘,(매장+봉안위)사용료 및 석물대금(6/7단지) 및 (매장+봉안16위)사용료 및 석물대금(6/7단지),367450000
562,(주)광림공원 동산공원묘원(봉안),562,사설,기독교,"수목장, 봉안당, 공원묘지","봉안당, 공원묘지",수목장,개인단,,수목장,위형 사용료 및 석물대금 (14단지),27640000
562,(주)광림공원 동산공원묘원(봉안),562,사설,기독교,"수목장, 봉안당, 공원묘지","봉안당, 공원묘지",수목장,,,수목장(위형),사용료 및 석물대금(14단지),150880000
562,(주)광림공원 동산공원묘원(봉안),562,사설,기독교,"수목장, 봉안당, 공원묘지","봉안당, 공원묘지",수목장,,,수목형평장묘(위형),사용료 및 석물대금(14단지),153390000
562,(주)광림공원 동산공원묘원(봉안),562,사설,기독교,"수목장, 봉안당, 공원묘지","봉안당, 공원묘지",수목장,,,수목형평장묘,(위형)사용료 및 석물대금(14단지)1 (2위형)사용료 및 석물대금(14단지)1,211090000
562,(주)광림공원 동산공원묘원(봉안),562,사설,기독교,"수목장, 봉안당, 공원묘지","봉안당, 공원묘지",수목장,,,수목장,"(위형)사용료 및 석물대금(14단지), (1위형)사용료 및 석물대금(14단지)",235010000
563,한국불교태고종 극락사 안양원,563,사설,불교,봉안당,봉안당,봉안당,개인단,,연화실(일반실) 관리비,/1년 (개인단 1위 기준),300000
563,한국불교태고종 극락사 안양원,563,사설,불교,봉안당,봉안당,봉안당,개인단,,화엄실(특별싷),관리비/1년 (개인단 1위 기준),400000
563,한국불교태고종 극락사 안양원,563,사설,불교,봉안당,봉안당,봉안당,,,추가비용(정면창측)각 단의 봉안비,#ERROR!,10000000
563,한국불교태고종 극락사 안양원,563,사설,불교,봉안당,봉안당,봉안당,개인단,,연화실-개인단일반실,단 연화실-개인단일반실-1단,42000000
563,한국불교태고종 극락사 안양원,563,사설,불교,봉안당,봉안당,봉안당,개인단,,연화실-개인단일반실,단 연화실-개인단일반실-9단,42000000
563,한국불교태고종 극락사 안양원,563,사설,불교,봉안당,봉안당,봉안당,개인단,,연화실-개인단일반실,단 연화실-개인단일반실-2단,45000000
563,한국불교태고종 극락사 안양원,563,사설,불교,봉안당,봉안당,봉안당,개인단,,연화실-개인단일반실,단 연화실-개인단일반실-8단,45000000
563,한국불교태고종 극락사 안양원,563,사설,불교,봉안당,봉안당,봉안당,개인단,,연화실-개인단일반실,단 연화실-개인단일반실-3단,48000000
563,한국불교태고종 극락사 안양원,563,사설,불교,봉안당,봉안당,봉안당,개인단,,연화실-개인단일반실,단 연화실-개인단일반실-7단,48000000
563,한국불교태고종 극락사 안양원,563,사설,불교,봉안당,봉안당,봉안당,개인단,,연화실,개인단일반실-단,50000000
563,한국불교태고종 극락사 안양원,563,사설,불교,봉안당,봉안당,봉안당,개인단,,연화실-개인단일반실,단 연화실-개인단일반실-6단,50000000
563,한국불교태고종 극락사 안양원,563,사설,불교,봉안당,봉안당,봉안당,개인단,,연화실-개인단일반실,단 연화실-개인단일반실-5단,52000000
563,한국불교태고종 극락사 안양원,563,사설,불교,봉안당,봉안당,봉안당,개인단,,화엄실-개인단특별실,1단,52000000
563,한국불교태고종 극락사 안양원,563,사설,불교,봉안당,봉안당,봉안당,개인단,,화엄실-개인단특별실,단 화엄실-개인단특별실-9단,52000000
563,한국불교태고종 극락사 안양원,563,사설,불교,봉안당,봉안당,봉안당,개인단,,화엄실-개인단특별실,2단,55000000
563,한국불교태고종 극락사 안양원,563,사설,불교,봉안당,봉안당,봉안당,개인단,,화엄실-개인단특별실,단 화엄실-개인단특별실-8단,55000000
563,한국불교태고종 극락사 안양원,563,사설,불교,봉안당,봉안당,봉안당,개인단,,화엄실-개인단특별실,3단,58000000
563,한국불교태고종 극락사 안양원,563,사설,불교,봉안당,봉안당,봉안당,개인단,,,,58000000
563,한국불교태고종 극락사 안양원,563,사설,불교,봉안당,봉안당,봉안당,개인단,,,,60000000
563,한국불교태고종 극락사 안양원,563,사설,불교,봉안당,봉안당,봉안당,개인단,,,,60000000
563,한국불교태고종 극락사 안양원,563,사설,불교,봉안당,봉안당,봉안당,개인단,,,,62000000
563,한국불교태고종 극락사 안양원,563,사설,불교,봉안당,봉안당,기타(관리비),가족단,,연화실(일반실) 가족단 관리비,만원/1년 연화실(일반실) 가족단 관리비 6만원/1년,600000
563,한국불교태고종 극락사 안양원,563,사설,불교,봉안당,봉안당,기타(관리비),가족단,,화엄실(특별실) 가족단 관리비,만원/1년 화엄실(특별실) 가족단 관리비만원/1년,800000
564,재단법인 에덴낙원,564,사설,,봉안당,봉안당,봉안당,,,관리비,봉안 후 발생 10년,12000000
564,재단법인 에덴낙원,564,사설,,봉안당,봉안당,봉안당,,,관리비,"봉안 후 발생, 1기당 10년",12000000
564,재단법인 에덴낙원,564,사설,,봉안당,봉안당,기타,,,각인비한국,각인비한국,60000
564,재단법인 에덴낙원,564,사설,,봉안당,봉안당,기타,,,유골함,도자기/한국,300000
564,재단법인 에덴낙원,564,사설,,봉안당,봉안당,기타,,,사용료(지정형),30cmx30cm 사용료(지정형)30cmx30cm,52500000
564,재단법인 에덴낙원,564,사설,,봉안당,봉안당,기타,,,사용료(지정형),30cmx30cm,55000000
564,재단법인 에덴낙원,564,사설,,봉안당,봉안당,기타,,,사용료,균등형:~8단 30cmx30cm 균등형:1~8단 30cmx30cm,61000000
564,재단법인 에덴낙원,564,사설,,봉안당,봉안당,기타,,,,,62500000
564,재단법인 에덴낙원,564,사설,,봉안당,봉안당,기타,,,,,65000000
564,재단법인 에덴낙원,564,사설,,봉안당,봉안당,기타,,,,,65000000
564,재단법인 에덴낙원,564,사설,,봉안당,봉안당,기타,,,,,70000000
564,재단법인 에덴낙원,564,사설,,봉안당,봉안당,기타,,,사용료,"지정형:단 30cmx30cm 사용료(지정형:3,4,5,6단)30cmx30cm",85000000
564,재단법인 에덴낙원,564,사설,,봉안당,봉안당,기타,,,사용료,"지정형:단 30cmx30cm 사용료(지정형:3,4,5,6단)30cmx30cm",92500000
564,재단법인 에덴낙원,564,사설,,봉안당,봉안당,기타,,,사용료,(지정형:단)30cmx60cm 사용료(지정형:1단)30cmx60cm,105000000
564,재단법인 에덴낙원,564,사설,,봉안당,봉안당,기타,,,사용료,(지정형:단)30cmx60cm 사용료(지정형:1단)30cmx60cm,110000000
564,재단법인 에덴낙원,564,사설,,봉안당,봉안당,기타,,,사용료(균등형:~8단),30cmx60cm,122000000
564,재단법인 에덴낙원,564,사설,,봉안당,봉안당,기타,,,사용료,(지정형:단)30cmx60cm (지정형:1단)30cmx60cm,125000000
564,재단법인 에덴낙원,564,사설,,봉안당,봉안당,기타,,,사용료,"(지정형:단)30cmx60cm, (지정형:1단)30cmx60cm",130000000
564,재단법인 에덴낙원,564,사설,,봉안당,봉안당,기타,,,사용료,지정형:단 30cmx60cm 지정형:8단 30cmx60cm,130000000
564,재단법인 에덴낙원,564,사설,,봉안당,봉안당,기타,,,사용료,"(지정형:단)30cmx60cm, (지정형:1단)30cmx60cm",140000000
564,재단법인 에덴낙원,564,사설,,봉안당,봉안당,기타,,,사용료(지정형:단),30cmx60cm,170000000
564,재단법인 에덴낙원,564,사설,,봉안당,봉안당,기타,,,,,185000000
565,분당스카이캐슬추모공원,565,공설,,봉안당,봉안당,봉안당,,,무지개,(지하층 )영구분양가격1단 무지개(지하1층 )영구분양가격1단,20000000
565,분당스카이캐슬추모공원,565,공설,,봉안당,봉안당,봉안당,,,무지개,"(지하층)영구분양가격2단, 무지개(지하1층)영구분양가격2단",25000000
565,분당스카이캐슬추모공원,565,공설,,봉안당,봉안당,봉안당,,,봉황,지상층 영구분양가격 1단 봉황(지상3층) 영구분양가격 1단,30000000
565,분당스카이캐슬추모공원,565,공설,,봉안당,봉안당,봉안당,,,무지개 영구분양가격,"지하층 3단,7단 지하1층 3단,7단",35000000
565,분당스카이캐슬추모공원,565,공설,,봉안당,봉안당,봉안당,,,무지개,"지하층 영구분양가격 4단, 지하1층 영구분양가격 4단",45000000
565,분당스카이캐슬추모공원,565,공설,,봉안당,봉안당,봉안당,,,봉황,"지상층 영구분양가격 2단,7단  지상3층 영구분양가격 2단,7단",45000000
565,분당스카이캐슬추모공원,565,공설,,봉안당,봉안당,봉안당,,,황제,(지상F층)영구분양가격단,45000000
565,분당스카이캐슬추모공원,565,공설,,봉안당,봉안당,봉안당,,,무지개,"지하층 영구분양가격6단, 지하1층 영구분양가격6단",50000000
565,분당스카이캐슬추모공원,565,공설,,봉안당,봉안당,봉안당,,,무지개,"(지하층)영구분양, (지하1층)영구분양",55000000
565,분당스카이캐슬추모공원,565,공설,,봉안당,봉안당,봉안당,,,행복,지상층 영구분양가격1단 행복 지상1층 영구분양가격1단,55000000
565,분당스카이캐슬추모공원,565,공설,,봉안당,봉안당,봉안당,,,봉황,"지상층 영구분양가격 3단, 7단",60000000
565,분당스카이캐슬추모공원,565,공설,,봉안당,봉안당,봉안당,,,황제,(지상F층)영구분양가격단.8단 황제(지상F층)영구분양가격2단.8단,60000000
565,분당스카이캐슬추모공원,565,공설,,봉안당,봉안당,봉안당,,,행복 영구분양,"지상층 가격 2단, 7단, 지상1층 가격 2단, 7단",65000000
565,분당스카이캐슬추모공원,565,공설,,봉안당,봉안당,봉안당,,,봉황,"지상층 영구분양가격 4단, 5단, 6단, 지상3층 영구분양가격 4단, 5단, 6단",75000000
565,분당스카이캐슬추모공원,565,공설,,봉안당,봉안당,봉안당,,,황제,(지상F층)영구분양가격 단7단 황제(지상F층)영구분양가격 3단7단,85000000
565,분당스카이캐슬추모공원,565,공설,,봉안당,봉안당,봉안당,,,행복 영구분양가격,"지상층 3단, 6단, 지상1층 3단, 6단",85000000
565,분당스카이캐슬추모공원,565,공설,,봉안당,봉안당,봉안당,,,행복,(지상층) (지상1층),95000000
565,분당스카이캐슬추모공원,565,공설,,봉안당,봉안당,봉안당,,,황제(지상F층)영구분양가격,"단,5단,6단 황제(지상F층)영구분양가격4단,5단,6단",100000000
565,분당스카이캐슬추모공원,565,공설,,봉안당,봉안당,봉안당,,,행복,(지상층)영구분양가격5단 행복(지상1층)영구분양가격5단,100000000
565,분당스카이캐슬추모공원,565,공설,,봉안당,봉안당,봉안당,개인단,,,,175000000
565,분당스카이캐슬추모공원,565,공설,,봉안당,봉안당,봉안당,부부단,,영구분양가격로얄단(부부단),"천상(지상층), 천상(지상5층)",350000000
566,녹야원추모관,566,사설,,봉안당,봉안당,봉안당,,,1년 관리비,(봉안함1기당),600000
566,녹야원추모관,566,사설,,봉안당,봉안당,봉안당,,,기간실,"년봉안 9단, 15년봉안 9단",9000000
566,녹야원추모관,566,사설,,봉안당,봉안당,봉안당,,,기간실,"(년봉안) 1단/8단1, (15년봉안) 1단/8단1",13000000
566,녹야원추모관,566,사설,,봉안당,봉안당,봉안당,,,기간실,"(년봉안) 2단/7단, (15년봉안) 2단/7단",18000000
566,녹야원추모관,566,사설,,봉안당,봉안당,봉안당,,,기간실 3단/6단,(년봉안) (15년봉안),23000000
566,녹야원추모관,566,사설,,봉안당,봉안당,봉안당,,,기간실,"(년봉안) 4단, (15년봉안) 4단",25000000
566,녹야원추모관,566,사설,,봉안당,봉안당,봉안당,,,일반실(영구봉안),"단, 일반실(영구봉안) 9",25000000
566,녹야원추모관,566,사설,,봉안당,봉안당,봉안당,부부단,,기간실 부부단 1단 가격 예시,각 실별 개인단 금액의 2배*표시금액,26000000
566,녹야원추모관,566,사설,,봉안당,봉안당,봉안당,,,기간실,"년봉안 5단, 15년봉안 5단",30000000
566,녹야원추모관,566,사설,,봉안당,봉안당,봉안당,,,일반실(영구봉안),단/8단 일반실(영구봉안) 1단/8단,30000000
566,녹야원추모관,566,사설,,봉안당,봉안당,봉안당,,,일반실(영구봉안),단/7단 일반실(영구봉안) 2단/7단,35000000
566,녹야원추모관,566,사설,,봉안당,봉안당,봉안당,,,특별실(영구봉안),단 11단,35000000
566,녹야원추모관,566,사설,,봉안당,봉안당,봉안당,,,일반실(영구봉안),단/6단 3단/6단,40000000
566,녹야원추모관,566,사설,,봉안당,봉안당,봉안당,,,특별실(영구봉안),단 1 특별실(영구봉안) 11,40000000
566,녹야원추모관,566,사설,,봉안당,봉안당,봉안당,,,일반실(영구봉안),단 일반실(영구봉안) 4단,45000000
566,녹야원추모관,566,사설,,봉안당,봉안당,봉안당,,,일반실(영구봉안),"단, 일반실(영구봉안) 9",50000000
566,녹야원추모관,566,사설,,봉안당,봉안당,봉안당,,,특별실(영구봉안),단 특별실(영구봉안) 11,50000000
566,녹야원추모관,566,사설,,봉안당,봉안당,봉안당,,,특별실(영구봉안),"단/8단, 1단/8단",60000000
566,녹야원추모관,566,사설,,봉안당,봉안당,봉안당,,,특별실(영구봉안),단/7단 특별실(영구봉안) 2단/7단,70000000
566,녹야원추모관,566,사설,,봉안당,봉안당,봉안당,,,특별실(영구봉안),"단/6단, 3단/6단",80000000
566,녹야원추모관,566,사설,,봉안당,봉안당,봉안당,,,특별실(영구봉안),11,85000000
566,녹야원추모관,566,사설,,봉안당,봉안당,봉안당,,,특별실(영구봉안),,90000000
567,(재)한국SGI이천평화공원,567,사설,,봉안당,봉안당,봉안당,,,관리비봉안함,1기 30년 기준,3300000
567,(재)한국SGI이천평화공원,567,사설,,봉안당,봉안당,봉안당,개인단,,개인단봉안공양금,(1기),3700000
567,(재)한국SGI이천평화공원,567,사설,,봉안당,봉안당,봉안당,,,추선금봉안함,1기 30년 기준,6000000
567,(재)한국SGI이천평화공원,567,사설,,봉안당,봉안당,봉안당,부부단,,부부단봉안공양금,부부1단봉안공양금(2기),7400000
567,(재)한국SGI이천평화공원,567,사설,,봉안당,봉안당,봉안당,개인단,,개인단봉안공양금,(1기) 1,7700000
567,(재)한국SGI이천평화공원,567,사설,,봉안당,봉안당,봉안당,개인단,,개인단봉안공양금,(1기) 1 개인1단봉안공양금(1기) 1,8700000
567,(재)한국SGI이천평화공원,567,사설,,봉안당,봉안당,봉안당,개인단,,개인봉안공양금,단(1기)1 1단(1기)1,13700000
567,(재)한국SGI이천평화공원,567,사설,,봉안당,봉안당,봉안당,개인단,,"개인단봉안공양금, 개인1단봉안공양금",(1기),13700000
567,(재)한국SGI이천평화공원,567,사설,,봉안당,봉안당,봉안당,개인단,,개인단봉안공양금,(1기)1 개인1단봉안공양금(1기)1,14700000
567,(재)한국SGI이천평화공원,567,사설,,봉안당,봉안당,봉안당,부부단,,부부단봉안공양금(2기),부부1단봉안공양금(2기),15400000
567,(재)한국SGI이천평화공원,567,사설,,봉안당,봉안당,봉안당,개인단,,개인 봉안공양금,"1기, 개인 6단",16700000
567,(재)한국SGI이천평화공원,567,사설,,봉안당,봉안당,봉안당,개인단,,개인봉안공양금,"단(1기), 1단(1기)",16700000
567,(재)한국SGI이천평화공원,567,사설,,봉안당,봉안당,봉안당,부부단,,부부단봉안공양금,부부2단봉안공양금(2기),17400000
567,(재)한국SGI이천평화공원,567,사설,,봉안당,봉안당,봉안당,가족단,,가족단봉안공양금,"가족1,2단봉안공양금(4기)",24800000
567,(재)한국SGI이천평화공원,567,사설,,봉안당,봉안당,봉안당,부부단,,부부단봉안공양금,2기 부부7단봉안공양금(2기),27400000
567,(재)한국SGI이천평화공원,567,사설,,봉안당,봉안당,봉안당,부부단,,부부단봉안공양금,2기,27400000
567,(재)한국SGI이천평화공원,567,사설,,봉안당,봉안당,봉안당,부부단,,부부단봉안공양금(2기),부부1단봉안공양금(2기),29400000
567,(재)한국SGI이천평화공원,567,사설,,봉안당,봉안당,봉안당,부부단,,부부단봉안공양금,2기 부부6단봉안공양금 2기,33400000
567,(재)한국SGI이천평화공원,567,사설,,봉안당,봉안당,봉안당,부부단,,부부단봉안공양금,2기 부부5단봉안공양금(2기),33400000
567,(재)한국SGI이천평화공원,567,사설,,봉안당,봉안당,봉안당,가족단,,가족단봉안공양금,"가족7,8단봉안공양금",42800000
567,(재)한국SGI이천평화공원,567,사설,,봉안당,봉안당,봉안당,가족단,,가족단봉안공양금,"4기 가족1,2단봉안공양금 4기",56800000
567,(재)한국SGI이천평화공원,567,사설,,봉안당,봉안당,봉안당,가족단,,가족단봉안공양금,"(4기) 가족1,2단봉안공양금(4기)",66800000
568,상상추모공원,568,공설,,봉안당,봉안당,봉안당,,,이용료,시간1시간,10000
568,상상추모공원,568,공설,,봉안당,봉안당,봉안당,,,유골함 글새김검정색,유골함 글새김검정색,30000
568,상상추모공원,568,공설,,봉안당,봉안당,봉안당,,,C형 제례준비황칠차,"해물 육류 없음, 제례집전없음",100000
568,상상추모공원,568,공설,,봉안당,봉안당,봉안당,,,B형 제례준비황칠차,"해물 육류 없음, 제례집전없음",200000
568,상상추모공원,568,공설,,봉안당,봉안당,봉안당,,,유골함기본형,유골함기본형,200000
568,상상추모공원,568,공설,,봉안당,봉안당,봉안당,,,A형 제례준비술대신 황칠차,"해물 육류 없음, 제례집전없음",300000
568,상상추모공원,568,공설,,봉안당,봉안당,봉안당,,,유골함고급형,유골함고급형,400000
568,상상추모공원,568,공설,,봉안당,봉안당,기타(관리비),,,C형,1년관리비 별도,700000
568,상상추모공원,568,공설,,봉안당,봉안당,기타(관리비),,,B형,1년관리비 별도,1000000
568,상상추모공원,568,공설,,봉안당,봉안당,기타(관리비),,,C형,3년관리비 별도,1400000
568,상상추모공원,568,공설,,봉안당,봉안당,기타(관리비),,,A형,1년관리비 별도,1500000
568,상상추모공원,568,공설,,봉안당,봉안당,기타(관리비),,,,,2000000
568,상상추모공원,568,공설,,봉안당,봉안당,기타(관리비),,,A형(단~7단),3년관리비 별도,3000000
568,상상추모공원,568,공설,,봉안당,봉안당,기타(관리비),,,C형,10년관리비 별도 C형 10년관리비 별도,3000000
568,상상추모공원,568,공설,,봉안당,봉안당,기타(관리비),,,,,4500000
568,상상추모공원,568,공설,,봉안당,봉안당,기타(관리비),,,C형,30년관리비 별도 C형 30년관리비 별도,6000000
568,상상추모공원,568,공설,,봉안당,봉안당,기타(관리비),,,A형,단~7단 10년관리비 별도 A형 2단~7단 10년관리비 별도,6500000
568,상상추모공원,568,공설,,봉안당,봉안당,기타(관리비),,,C형,~12단 60년관리비 별도 C형(9~12단) 60년관리비 별도,9000000
568,상상추모공원,568,공설,,봉안당,봉안당,기타(관리비),,,B형,30년관리비 별도,10000000
568,상상추모공원,568,공설,,봉안당,봉안당,기타(관리비),,,A형,단~7단 30년관리비 별도 A형(2단~7단) 30년관리비 별도,16000000
568,상상추모공원,568,공설,,봉안당,봉안당,기타(관리비),,,B형,60년관리비 별도,17000000
568,상상추모공원,568,공설,,봉안당,봉안당,기타(관리비),,,A형,단~7단 60년관리비 별도 A형(2단~7단) 60년관리비 별도,25000000
569,양주추모공원,569,공설,,봉안당,공원묘지,봉안당,,관내,"동1단, 8단","(양주시민 20% 그 외 지역 10%할인)3,500,0001 4,5,6동1단, 8단(양주시민 20% 그 외 지역 10%할인)3,500,0001",35000000
569,양주추모공원,569,공설,,봉안당,공원묘지,봉안당,,관내,"동2단, 7단","(양주시민 20% 그 외 지역 10%할인)4,000,0001 4,5,6동2단, 7단(양주시민 20% 그 외 지역 10%할인)",40000000
569,양주추모공원,569,공설,,봉안당,공원묘지,봉안당,,관내,"동3단, 6단",양주시민 20% 그 외 지역 10%할인,45000000
569,양주추모공원,569,공설,,봉안당,공원묘지,봉안당,,관내,동1단,(양주시민 20% 그 외 지역 10%할인),45000000
569,양주추모공원,569,공설,,봉안당,공원묘지,봉안당,,관내,"동4단, 5단","(양주시민 20% 그 외 지역 10%할인) 4, 5, 6동4단, 5단(양주시민 20% 그 외 지역 10%할인)",50000000
569,양주추모공원,569,공설,,봉안당,공원묘지,봉안당,,관내,동2단,양주시민 20% 그 외 지역 10%할인,50000000
569,양주추모공원,569,공설,,봉안당,공원묘지,봉안당,,관내,동3단,"(양주시민 20% 그 외 지역 10%할인)1 2,3동3단(양주시민 20% 그 외 지역 10%할인)1",55000000
569,양주추모공원,569,공설,,봉안당,공원묘지,봉안당,,관내,동6단,"(양주시민 20% 그 외 지역 10%할인) 2,3동6단(양주시민 20% 그 외 지역 10%할인)",55000000
569,양주추모공원,569,공설,,봉안당,공원묘지,봉안당,,관내,"동1단, 8단","(양주시민 20% 그 외 지역 10%할인) 4,5,6동1단, 8단 (양주시민 20% 그 외 지역 10%할인)",55000000
569,양주추모공원,569,공설,,봉안당,공원묘지,봉안당,,관내,"동4단, 5단","(양주시민 20% 그 외 지역 10%할인) 4,5,6동4단, 5단(양주시민 20% 그 외 지역 10%할인)",60000000
569,양주추모공원,569,공설,,봉안당,공원묘지,봉안당,,관내,"동2단, 7단","(양주시민 20% 그 외 지역 10%할인)4,000,0001 4,5,6동2단, 7단(양주시민 20% 그 외 지역 10%할인)",60000000
569,양주추모공원,569,공설,,봉안당,공원묘지,봉안당,,관내,"동3단, 6단","(양주시민 20% 그 외 지역 10%할인)4,5,6동3단, 6단(양주시민 20% 그 외 지역 10%할인)",65000000
569,양주추모공원,569,공설,,봉안당,공원묘지,봉안당,,관내,동1단,"(양주시민 20% 그 외 지역 10%할인) 2,3동1단(양주시민 20% 그 외 지역 10%할인)",65000000
569,양주추모공원,569,공설,,봉안당,공원묘지,봉안당,,관내,"동4단, 5단","(양주시민 20% 그 외 지역 10%할인) 4,5,6동4단, 5단(양주시민 20% 그 외 지역 10%할인)",70000000
569,양주추모공원,569,공설,,봉안당,공원묘지,봉안당,,관내,동2단,양주시민 20% 그 외 지역 10%할인,70000000
569,양주추모공원,569,공설,,봉안당,공원묘지,봉안당,,관내,동1단,(양주시민 20% 그 외 지역 10%할인),70000000
569,양주추모공원,569,공설,,봉안당,공원묘지,봉안당,,관내,동3단,"(양주시민 20% 그 외 지역 10%할인) 2,3 동3단 (양주시민 20% 그 외 지역 10%할인)",75000000
569,양주추모공원,569,공설,,봉안당,공원묘지,봉안당,,관내,동6단,"양주시민 20% 그 외 지역 10%할인 2,3 동6단 양주시민 20% 그 외 지역 10%할인",75000000
569,양주추모공원,569,공설,,봉안당,공원묘지,봉안당,,관내,"4단, 5단","(양주시민 20% 그 외 지역 10%할인) 4, 5, 6동 4단, 5단(양주시민 20% 그 외 지역 10%할인)",80000000
569,양주추모공원,569,공설,,봉안당,공원묘지,봉안당,,관내,동2단,양주시민 20% 그 외 지역 10%할인,80000000
569,양주추모공원,569,공설,,봉안당,공원묘지,봉안당,,관내,동3단,"양주시민 20% 그 외 지역 10%할인 1 2,3 동3단 양주시민 20% 그 외 지역 10%할인 1",100000000
569,양주추모공원,569,공설,,봉안당,공원묘지,봉안당,,관내,"4단, 5단","(양주시민 20% 그 외 지역 10%할인) 4,5,6동 4단, 5단 (양주시민 20% 그 외 지역 10%할인)",100000000
570,(재)한국SGI청도평화공원,570,사설,,봉안당,,봉안당,,,관리비봉안함,1기 30년 기준,3300000
570,(재)한국SGI청도평화공원,570,사설,,봉안당,,봉안당,개인단,,개인단봉안공양금,"1기, 1 개인, 1단봉안공양금, 1기",3700000
570,(재)한국SGI청도평화공원,570,사설,,봉안당,,봉안당,,,추선금봉안함,1기 30년 기준,6000000
570,(재)한국SGI청도평화공원,570,사설,,봉안당,,봉안당,부부단,,부부단봉안공양금,부부1단봉안공양금(2기),7400000
570,(재)한국SGI청도평화공원,570,사설,,봉안당,,봉안당,개인단,,개인단봉안공양금,1기 개인8단봉안공양금(1기),7700000
570,(재)한국SGI청도평화공원,570,사설,,봉안당,,봉안당,개인단,,개인단봉안공양금,1기 1 개인1단봉안공양금 1기 1,8700000
570,(재)한국SGI청도평화공원,570,사설,,봉안당,,봉안당,개인단,,개인단봉안공양금,"1기, 1",13700000
570,(재)한국SGI청도평화공원,570,사설,,봉안당,,봉안당,개인단,,개인단봉안공양금,1기 1 개인1단봉안공양금 1기 1,13700000
570,(재)한국SGI청도평화공원,570,사설,,봉안당,,봉안당,개인단,,개인단봉안공양금,"1기, 1",14700000
570,(재)한국SGI청도평화공원,570,사설,,봉안당,,봉안당,부부단,,부부단봉안공양금(2기),부부1단봉안공양금(2기),15400000
570,(재)한국SGI청도평화공원,570,사설,,봉안당,,봉안당,개인단,,개인단봉안공양금,"1기, 1",16700000
570,(재)한국SGI청도평화공원,570,사설,,봉안당,,봉안당,개인단,,개인단봉안공양금,1기 1 개인1단봉안공양금 1기 1,16700000
570,(재)한국SGI청도평화공원,570,사설,,봉안당,,봉안당,부부단,,부부단봉안공양금,2기 부부2단봉안공양금(2기),17400000
570,(재)한국SGI청도평화공원,570,사설,,봉안당,,봉안당,가족단,,가족단봉안공양금,"(4기) 가족1,2단봉안공양금(4기)",24800000
570,(재)한국SGI청도평화공원,570,사설,,봉안당,,봉안당,부부단,,부부단봉안공양금,2기 부부7단봉안공양금(2기),27400000
570,(재)한국SGI청도평화공원,570,사설,,봉안당,,봉안당,부부단,,부부단봉안공양금,2기,27400000
570,(재)한국SGI청도평화공원,570,사설,,봉안당,,봉안당,부부단,,부부단봉안공양금,2기 부부4단봉안공양금 2기,29400000
570,(재)한국SGI청도평화공원,570,사설,,봉안당,,봉안당,부부단,,부부단봉안공양금,(2기) 부부6단봉안공양금(2기),33400000
570,(재)한국SGI청도평화공원,570,사설,,봉안당,,봉안당,부부단,,부부단봉안공양금,2기 부부5단봉안공양금(2기),33400000
570,(재)한국SGI청도평화공원,570,사설,,봉안당,,봉안당,가족단,,8단봉안공양금,가족(4기) 가족(4기),42800000
570,(재)한국SGI청도평화공원,570,사설,,봉안당,,봉안당,가족단,,가족단봉안공양금,"4기 가족1,2단봉안공양금 4기",56800000
570,(재)한국SGI청도평화공원,570,사설,,봉안당,,봉안당,가족단,,가족단봉안공양금,"가족5,6단봉안공양금(4기)",66800000
571,약사사 하늘재추모원 ,571,사설,불교,봉안당,봉안당,봉안당,개인단,,개인단 영구안치,개인단 영구안치 10단,15000000
571,약사사 하늘재추모원 ,571,사설,불교,봉안당,봉안당,봉안당,개인단,,개인단 영구안치,개인단 영구안치 10단,17000000
571,약사사 하늘재추모원 ,571,사설,불교,봉안당,봉안당,봉안당,개인단,,개인단 영구안치,개인단 영구안치 10단,20000000
571,약사사 하늘재추모원 ,571,사설,불교,봉안당,봉안당,봉안당,개인단,,개인단 영구안치,개인단 영구안치 10단,20000000
571,약사사 하늘재추모원 ,571,사설,불교,봉안당,봉안당,봉안당,개인단,,개인단 영구안치,개인단 영구안치 10단,25000000
571,약사사 하늘재추모원 ,571,사설,불교,봉안당,봉안당,봉안당,개인단,,개인단 영구안치,개인단 영구안치 10단,25000000
571,약사사 하늘재추모원 ,571,사설,불교,봉안당,봉안당,봉안당,개인단,,개인단 영구안치,개인단 영구안치 10단,25000000
571,약사사 하늘재추모원 ,571,사설,불교,봉안당,봉안당,봉안당,개인단,,개인단 영구안치,개인단 영구안치 10단,28000000
571,약사사 하늘재추모원 ,571,사설,불교,봉안당,봉안당,봉안당,개인단,,개인단 영구안치,개인단 영구안치 10단,28000000
571,약사사 하늘재추모원 ,571,사설,불교,봉안당,봉안당,봉안당,개인단,,개인단 영구안치,개인단 영구안치 10단,28000000
571,약사사 하늘재추모원 ,571,사설,불교,봉안당,봉안당,봉안당,부부단,,부부단 영구안치,"단3,000,0001 부부단 영구안치 10단3,000,0001",30000000
571,약사사 하늘재추모원 ,571,사설,불교,봉안당,봉안당,봉안당,부부단,,부부단 영구안치,"단3,000,0001 부부단 영구안치 10단3,000,0001",34000000
571,약사사 하늘재추모원 ,571,사설,불교,봉안당,봉안당,봉안당,부부단,,부부단 영구안치,"단3,000,0001 부부단 영구안치 10단3,000,0001",40000000
571,약사사 하늘재추모원 ,571,사설,불교,봉안당,봉안당,봉안당,부부단,,부부단 영구안치,"단3,000,0001 부부단 영구안치 10단3,000,0001",40000000
571,약사사 하늘재추모원 ,571,사설,불교,봉안당,봉안당,봉안당,부부단,,부부단 영구안치,"단3,000,0001 부부단 영구안치 10단3,000,0001",50000000
571,약사사 하늘재추모원 ,571,사설,불교,봉안당,봉안당,봉안당,부부단,,부부단 영구안치,"단3,000,0001 부부단 영구안치 10단3,000,0001",50000000
571,약사사 하늘재추모원 ,571,사설,불교,봉안당,봉안당,봉안당,부부단,,부부단 영구안치,"단3,000,0001 부부단 영구안치 10단3,000,0001",50000000
571,약사사 하늘재추모원 ,571,사설,불교,봉안당,봉안당,봉안당,부부단,,부부단 영구안치,"단3,000,0001 부부단 영구안치 10단3,000,0001",56000000
571,약사사 하늘재추모원 ,571,사설,불교,봉안당,봉안당,봉안당,부부단,,부부단 영구안치,"단3,000,0001 부부단 영구안치 10단3,000,0001",56000000
571,약사사 하늘재추모원 ,571,사설,불교,봉안당,봉안당,봉안당,부부단,,부부단 영구안치,"단3,000,0001 부부단 영구안치 10단3,000,0001",56000000
571,약사사 하늘재추모원 ,571,사설,불교,봉안당,봉안당,기타(관리비),개인단,,관리비 개인,년 (3만원 * 5년) 관리비 개인 5년 (3만원 * 5년),1500000
572,천주교 금상동성당 하늘자리,572,사설,천주교,공원묘지,봉안당,기타,,,유골함(민자),cm*21cm 유골함(민자)21cm*21cm,1000000
572,천주교 금상동성당 하늘자리,572,사설,천주교,공원묘지,봉안당,기타,,,,,2000000
572,천주교 금상동성당 하늘자리,572,사설,천주교,공원묘지,봉안당,기타,,,유골함(자개),cm*21cm 유골함(자개)21cm*21cm,3000000
572,천주교 금상동성당 하늘자리,572,사설,천주교,공원묘지,봉안당,기타(관리비),,,관리비,년1 15년1,7500000
572,천주교 금상동성당 하늘자리,572,사설,천주교,공원묘지,봉안당,기타(관리비),개인단,,관리비,년관리비(1인당) 15년관리비(1인당),7500000
572,천주교 금상동성당 하늘자리,572,사설,천주교,공원묘지,봉안당,기타,,,사용료,"단, 20년용료 사용료, 1,2단, 20년용료",12000000
572,천주교 금상동성당 하늘자리,572,사설,천주교,공원묘지,봉안당,기타,,,사용료(단),"20년사용료1 사용료(3,7,8단)20년사용료1",13000000
572,천주교 금상동성당 하늘자리,572,사설,천주교,공원묘지,봉안당,기타(관리비),,,관리비년형,관리비20년형,14000000
572,천주교 금상동성당 하늘자리,572,사설,천주교,공원묘지,봉안당,기타(관리비),개인단,,관리비년형,1인당 관리비20년형 1인당,14000000
572,천주교 금상동성당 하늘자리,572,사설,천주교,공원묘지,봉안당,기타,,,사용료(단),"20년사용료, 사용료(3,7,8단)20년사용료",15000000
572,천주교 금상동성당 하늘자리,572,사설,천주교,공원묘지,봉안당,기타,,,사용료,"(단) 45년 사용료 , 사용료 (1,2단) 45년 사용료",16000000
572,천주교 금상동성당 하늘자리,572,사설,천주교,공원묘지,봉안당,기타,,,사용료,"(단)45년사용료, 사용료(1,2단)45년사용료",18000000
572,천주교 금상동성당 하늘자리,572,사설,천주교,공원묘지,봉안당,기타,,,사용료,"(단) 45년 사용료 1 사용료 (1,2단) 45년 사용료 1",20000000
572,천주교 금상동성당 하늘자리,572,사설,천주교,공원묘지,봉안당,기타(관리비),개인단,,관리비년 일시납형,1인당 관리비45년 일시납형(1인당),20000000
572,천주교 금상동성당 하늘자리,572,사설,천주교,공원묘지,봉안당,기타(관리비),개인단,,관리비년 일시납형,1인당 관리비45년 일시납형(1인당),20000000
572,천주교 금상동성당 하늘자리,572,사설,천주교,공원묘지,봉안당,기타,,,사용료,20년 사용료,22000000
572,천주교 금상동성당 하늘자리,572,사설,천주교,공원묘지,봉안당,기타,,,사용료,"20년 사용료, (단)20년 사용료, (1,2단)20년 사용료",24000000
572,천주교 금상동성당 하늘자리,572,사설,천주교,공원묘지,봉안당,기타,,,사용료,20년 사용료 사용료 20년 사용료,28000000
572,천주교 금상동성당 하늘자리,572,사설,천주교,공원묘지,봉안당,기타,,,사용료,"단 45년사용료 사용료 1,2단 45년사용료",30000000
572,천주교 금상동성당 하늘자리,572,사설,천주교,공원묘지,봉안당,기타,,,사용료,"단 45년 사용료, 1,2단 45년 사용료",34000000
572,천주교 금상동성당 하늘자리,572,사설,천주교,공원묘지,봉안당,기타,,,사용료,"단)45년사용료, 사용료(1,2단)45년사용료",38000000
573,보령시모란공원 봉안당,573,사설,,봉안당,봉안당,봉안당,,관내,봉안당,관내거주자(연장시) 봉안당 / 관리비 = 연장시 봉안당-관내거주자(연장시) 봉안당 / 관리비 = 연장시,2000000
573,보령시모란공원 봉안당,573,사설,,봉안당,봉안당,봉안당,,,봉안당,개월1년미만거주등록기준(연장시)봉안당 / 관리비 = 연장시 봉안당-3개월1년미만거주등록기준(연장시)봉안당 / 관리비 = 연장시,4000000
573,보령시모란공원 봉안당,573,사설,,봉안당,봉안당,봉안당,,관외,봉안당,개월이하관외자(기사용자 연장시) 봉안당 / 관리비 = 연장시 봉안당-3개월이하관외자(기사용자 연장시) 봉안당 / 관리비 = 연장시,6000000
573,보령시모란공원 봉안당,573,사설,,봉안당,봉안당,봉안당,,관내,봉안당,관내거주자봉안당 / 사용료 + 관리비 = 안장시 봉안당-관내거주자봉안당 / 사용료 + 관리비 = 안장시,7000000
573,보령시모란공원 봉안당,573,사설,,봉안당,봉안당,봉안당,,,봉안당,관내거주자봉안당 / 사용료 + 관리비 = 안장시 봉안당-관내거주자봉안당 / 사용료 + 관리비 = 안장시,12000000
573,보령시모란공원 봉안당,573,사설,,봉안당,봉안당,봉안당,개인단,관내,봉안담,관내거주자(연장시)봉안담(개인형) / 관리비 = 연장시 봉안담-관내거주자(연장시)봉안담(개인형) / 관리비 = 연장시,16000000
573,보령시모란공원 봉안당,573,사설,,봉안당,봉안당,봉안당,부부단,관내,봉안담-관내거주자(연장시)봉안담(부부형),관리비 = 연장시 봉안담-관내거주자(연장시)봉안담(부부형) / 관리비 = 연장시,20000000
573,보령시모란공원 봉안당,573,사설,,봉안당,봉안당,봉안당,개인단,관내,봉안담-관내거주자봉안담(개인형),사용료 + 관리비 = 안장시,23000000
573,보령시모란공원 봉안당,573,사설,,봉안당,봉안당,봉안당,개인단,,봉안담,"개월1년미만거주등록기준(연장시)봉안담(개인형) / 관리비 = 연장시, 3개월1년미만거주등록기준(연장시)봉안담(개인형) / 관리비 = 연장시",24000000
573,보령시모란공원 봉안당,573,사설,,봉안당,봉안당,봉안당,부부단,관내,봉안담-관내거주자봉안담(부부형),사용료 + 관리비 = 안장시 봉안담-관내거주자봉안담(부부형)/ 사용료 + 관리비 = 안장시,29000000
573,보령시모란공원 봉안당,573,사설,,봉안당,봉안당,봉안당,부부단,,봉안담(부부형),"개월1년미만거주등록기준(연장시) / 관리비 = 연장시, 3개월1년미만거주등록기준(연장시) / 관리비 = 연장시",30000000
573,보령시모란공원 봉안당,573,사설,,봉안당,봉안당,봉안당,개인단,관외,봉안담(개인형),개월이하관외자(기사용자 연장시) / 관리비 = 연장시,32000000
573,보령시모란공원 봉안당,573,사설,,봉안당,봉안당,봉안당,개인단,,봉안담(개인형),사용료 + 관리비 = 안장시 봉안담(개인형) / 사용료 + 관리비 = 안장시,38000000
573,보령시모란공원 봉안당,573,사설,,봉안당,봉안당,봉안당,부부단,관외,봉안담(부부형),개월이하관외자(기사용자 연장시) / 관리비 = 연장시 개월이하관외자(기사용자 연장시) / 관리비 = 연장시,40000000
573,보령시모란공원 봉안당,573,사설,,봉안당,봉안당,봉안당,부부단,,봉안담-관내거주자봉안담(부부형),사용료 + 관리비 = 안장시 봉안담-관내거주자봉안담(부부형)/ 사용료 + 관리비 = 안장시,48000000
573,보령시모란공원 봉안당,573,사설,,봉안당,봉안당,봉안당,,관내,봉안묘-관내거주자봉안묘(기형),사용료 + 관리비 + 석물 = 계약시,52800000
573,보령시모란공원 봉안당,573,사설,,봉안당,봉안당,봉안당,,관내,,,65500000
573,보령시모란공원 봉안당,573,사설,,봉안당,봉안당,봉안당,,,,,77800000
573,보령시모란공원 봉안당,573,사설,,봉안당,봉안당,봉안당,,,,,97500000
573,보령시모란공원 봉안당,573,사설,,봉안당,봉안당,봉안당,,관내,,,175320000
573,보령시모란공원 봉안당,573,사설,,봉안당,봉안당,봉안당,,,,,280320000
574,(재)영호공원,574,사설,,공원묘지,"봉안당, 공원묘지",공원묘지,,,,,15000000
574,(재)영호공원,574,사설,,공원묘지,"봉안당, 공원묘지",공원묘지,,,,,18000000
574,(재)영호공원,574,사설,,공원묘지,"봉안당, 공원묘지",공원묘지,,,일반실,단불교/유교 1단불교/유교,20000000
574,(재)영호공원,574,사설,,공원묘지,"봉안당, 공원묘지",공원묘지,,,일반실,단불교/유교 8단불교/유교,25000000
574,(재)영호공원,574,사설,,공원묘지,"봉안당, 공원묘지",공원묘지,,,특별실,단기독교/불교/유교 특별실 1단기독교/불교/유교,25000000
574,(재)영호공원,574,사설,,공원묘지,"봉안당, 공원묘지",공원묘지,,,일반실,단불교/유교 7단불교/유교,30000000
574,(재)영호공원,574,사설,,공원묘지,"봉안당, 공원묘지",공원묘지,,,일반실,단불교/유교 2단불교/유교,30000000
574,(재)영호공원,574,사설,,공원묘지,"봉안당, 공원묘지",공원묘지,,,특별실,단기독교/불교/유교 특별실 8단기독교/불교/유교,30000000
574,(재)영호공원,574,사설,,공원묘지,"봉안당, 공원묘지",공원묘지,,,일반실,단불교/유교 6단불교/유교,35000000
574,(재)영호공원,574,사설,,공원묘지,"봉안당, 공원묘지",공원묘지,,,일반실,단불교/유교 5단불교/유교,35000000
574,(재)영호공원,574,사설,,공원묘지,"봉안당, 공원묘지",공원묘지,,,일반실,단불교/유교 4단불교/유교,35000000
574,(재)영호공원,574,사설,,공원묘지,"봉안당, 공원묘지",공원묘지,,,일반실,단불교/유교 3단불교/유교,35000000
574,(재)영호공원,574,사설,,공원묘지,"봉안당, 공원묘지",공원묘지,,,특별실,단기독교/불교/유교 특별실 7단기독교/불교/유교,35000000
574,(재)영호공원,574,사설,,공원묘지,"봉안당, 공원묘지",공원묘지,,,특별실,단기독교/불교/유교 특별실 2단기독교/불교/유교,35000000
574,(재)영호공원,574,사설,,공원묘지,"봉안당, 공원묘지",공원묘지,,,특별실,단기독교/불교/유교 특별실 6단기독교/불교/유교,40000000
574,(재)영호공원,574,사설,,공원묘지,"봉안당, 공원묘지",공원묘지,,,특별실,단기독교/불교/유교 특별실 5단기독교/불교/유교,40000000
574,(재)영호공원,574,사설,,공원묘지,"봉안당, 공원묘지",공원묘지,,,특별실,단기독교/불교/유교 특별실 4단기독교/불교/유교,40000000
574,(재)영호공원,574,사설,,공원묘지,"봉안당, 공원묘지",공원묘지,,,특별실,단기독교/불교/유교 특별실 3단기독교/불교/유교,40000000
575,대원사 봉안당,575,사설,,봉안당,봉안당,봉안당,,,기제사기본상차림,기제사기본상차림,500000
575,대원사 봉안당,575,사설,불교,봉안당,봉안당,봉안당,,,대웅전 영구위패 봉안영구,대웅전 영구위패 봉안영구,1000000
575,대원사 봉안당,575,사설,,봉안당,봉안당,봉안당,,,선예약영구봉안,"단, 1, 7단",16000000
575,대원사 봉안당,575,사설,,봉안당,봉안당,봉안당,,,영구봉안,7단,20000000
575,대원사 봉안당,575,사설,,봉안당,봉안당,봉안당,,,영구봉안,1단 선예약,20000000
575,대원사 봉안당,575,사설,,봉안당,봉안당,봉안당,,,,,21000000
575,대원사 봉안당,575,사설,,봉안당,봉안당,봉안당,,,영구봉안,1단,25000000
575,대원사 봉안당,575,사설,,봉안당,봉안당,봉안당,,,3단 선예약영구보관,단 선예약영구보관,28000000
575,대원사 봉안당,575,사설,,봉안당,봉안당,봉안당,,,선예약영구보관,"단, 6단",28000000
575,대원사 봉안당,575,사설,,봉안당,봉안당,봉안당,,,영구봉안,2단,30000000
575,대원사 봉안당,575,사설,,봉안당,봉안당,봉안당,,,선예약영구보관,단 4단,35000000
575,대원사 봉안당,575,사설,,봉안당,봉안당,봉안당,,,"단, 2단",선예약영구보관,38500000
575,대원사 봉안당,575,사설,,봉안당,봉안당,봉안당,,,봉안실,1단영구봉안,40000000
575,대원사 봉안당,575,사설,,봉안당,봉안당,봉안당,,,봉안실,1단영구봉안,40000000
575,대원사 봉안당,575,사설,,봉안당,봉안당,봉안당,,,봉안실,1단영구봉안,50000000
575,대원사 봉안당,575,사설,,봉안당,봉안당,봉안당,,,단영구봉안,5단영구봉안,55000000
575,대원사 봉안당,575,사설,,봉안당,봉안당,기타(관리비),,,관리비,년납 5년납,2500000
575,대원사 봉안당,575,사설,,봉안당,봉안당,기타(관리비),,,유골 봉안후 영구 관리비영구,,15000000
576,자임추모공원,576,공설,,봉안당,봉안당,봉안당,,,싱글단,"층, 10단1, 1층",30000000
576,자임추모공원,576,공설,,봉안당,봉안당,봉안당,,,1층 싱글단 9단,1개,38000000
576,자임추모공원,576,공설,,봉안당,봉안당,봉안당,,,층 싱글단,1단,40000000
576,자임추모공원,576,공설,,봉안당,봉안당,봉안당,,,싱글단,층 8단 1층 8단,45000000
576,자임추모공원,576,공설,,봉안당,봉안당,봉안당,,,층 싱글단 2단,1 1층 싱글단 2단,48000000
576,자임추모공원,576,공설,,봉안당,봉안당,봉안당,,,층 싱글단 7단,1층 싱글단 7단,52000000
576,자임추모공원,576,공설,,봉안당,봉안당,봉안당,,,싱글단 3단,층 1층 1 1,55000000
576,자임추모공원,576,공설,,봉안당,봉안당,봉안당,,,층 싱글단 6단,1 1층 싱글단 6단,55000000
576,자임추모공원,576,공설,,봉안당,봉안당,봉안당,,,프리미엄단,층 10단 1 1층 10단 1,60000000
576,자임추모공원,576,공설,,봉안당,봉안당,봉안당,,,층 싱글단 4단,1층 싱글단 4단,65000000
576,자임추모공원,576,공설,,봉안당,봉안당,봉안당,,,층 싱글단,5단,65000000
576,자임추모공원,576,공설,,봉안당,봉안당,봉안당,,,프리미엄단,층 9단 1층 9단,76000000
576,자임추모공원,576,공설,,봉안당,봉안당,봉안당,,,프리미엄단,층 1층,80000000
576,자임추모공원,576,공설,,봉안당,봉안당,봉안당,,,프리미엄단,층 1층,90000000
576,자임추모공원,576,공설,,봉안당,봉안당,봉안당,,,프리미엄단,"층 2단1, 1층 2단1",96000000
576,자임추모공원,576,공설,,봉안당,봉안당,봉안당,,,프리미엄단,7단 1층,104000000
576,자임추모공원,576,공설,,봉안당,봉안당,봉안당,,,프리미엄단,층 3단 1층 3단,110000000
576,자임추모공원,576,공설,,봉안당,봉안당,봉안당,,,프리미엄단,층 6단1 1층 6단1,110000000
576,자임추모공원,576,공설,,봉안당,봉안당,봉안당,,,프리미엄단,"4단 1층, 4단 1층",130000000
576,자임추모공원,576,공설,,봉안당,봉안당,봉안당,,,프리미엄단 5단,"층, 1층",130000000
577,삼우추모공원,577,공설,,봉안당,봉안당,봉안당,개인단,,관리비(개인단),"년, 10년 선납(영구, 임대)",4000000
577,삼우추모공원,577,공설,,봉안당,봉안당,봉안당,부부단,,관리비(부부단),"년 , 10년 선납(영구) 관리비(부부단)1년 , 10년 선납(영구)",8000000
577,삼우추모공원,577,공설,,봉안당,봉안당,봉안당,개인단,,봉안 2관(개인단),"(F) 2단20년 임대, 최저층 (2F) 2단20년 임대, 최저층",10000000
577,삼우추모공원,577,공설,,봉안당,봉안당,봉안당,개인단,,봉안 2관(개인단),(F) 3단20년 임대 (2F) 3단20년 임대,20000000
577,삼우추모공원,577,공설,,봉안당,봉안당,봉안당,개인단,,봉안 2관(개인단),"(F), (2F), 6단20년 임대, 최상층(총 5층 구조), 1",22500000
577,삼우추모공원,577,공설,,봉안당,봉안당,봉안당,개인단,,"봉안 1,3,4,5관(개인단)","(F) 2단영구, 최저층 (2F) 2단영구, 최저층",25000000
577,삼우추모공원,577,공설,,봉안당,봉안당,봉안당,개인단,,봉안 2관(개인단),(F) 4단20년 임대 (2F) 4단20년 임대,27500000
577,삼우추모공원,577,공설,,봉안당,봉안당,봉안당,개인단,,봉안 2관(개인단),"5단20년 임대, ROYAL",30000000
577,삼우추모공원,577,공설,,봉안당,봉안당,봉안당,개인단,,"봉안 1,3,4,5관(개인단)",3단영구,40000000
577,삼우추모공원,577,공설,,봉안당,봉안당,봉안당,개인단,,봉안,"(F) 1,3,4,5관(개인단) 6단영구, 최상층(총 5층 구조) (2F) 1,3,4,5관(개인단) 6단영구, 최상층(총 5층 구조)",45000000
577,삼우추모공원,577,공설,불교,봉안당,봉안당,봉안당,부부단,,극락전(부부단) 2단영구,"(F) 극락전(부부단) 2단영구, 최저층 (1F) 극락전(부부단) 2단영구, 최저층",50000000
577,삼우추모공원,577,공설,,봉안당,봉안당,봉안당,개인단,,"봉안 1,3,4,5관(개인단)","4단영구 (F), (2F)",55000000
577,삼우추모공원,577,공설,,봉안당,봉안당,봉안당,개인단,,"봉안 1,3,4,5관(개인단) 5단영구","(F), ROYAL (2F), ROYAL",60000000
577,삼우추모공원,577,공설,불교,봉안당,봉안당,봉안당,부부단,,극락전(부부단),"(F) 3단영구, (1F) 3단영구",80000000
577,삼우추모공원,577,공설,불교,봉안당,봉안당,봉안당,부부단,,극락전(부부단) 6단영구,최상층(총 5층 구조),90000000
577,삼우추모공원,577,공설,불교,봉안당,봉안당,봉안당,부부단,,극락전(부부단),(F) 4단영구 (1F) 4단영구,110000000
577,삼우추모공원,577,공설,불교,봉안당,봉안당,봉안당,부부단,,극락전(부부단) 5단영구,"(F) 극락전(부부단) 5단영구, ROYAL, (1F) 극락전(부부단) 5단영구, ROYAL",120000000
578,예진추모관,578,사설,,봉안당,봉안당,봉안당,,,고급실정면,9단,25000000
578,예진추모관,578,사설,,봉안당,봉안당,봉안당,,,고급실정면,9단,30000000
578,예진추모관,578,사설,,봉안당,봉안당,봉안당,,,VIP실정면,VIP실정면 9단,35000000
578,예진추모관,578,사설,,봉안당,봉안당,봉안당,,,고급실정면,9단,35000000
578,예진추모관,578,사설,,봉안당,봉안당,봉안당,,,VIP실정면,VIP실정면 9단,40000000
578,예진추모관,578,사설,,봉안당,봉안당,봉안당,,,VIP실정면,VIP실정면 9단,40000000
578,예진추모관,578,사설,,봉안당,봉안당,봉안당,,,고급실정면,9단,40000000
578,예진추모관,578,사설,,봉안당,봉안당,봉안당,,,고급실정면,9단,40000000
578,예진추모관,578,사설,,봉안당,봉안당,봉안당,,,VIP실정면,VIP실정면 9단,50000000
578,예진추모관,578,사설,,봉안당,봉안당,봉안당,,,고급실정면,"단, 9단",50000000
578,예진추모관,578,사설,,봉안당,봉안당,봉안당,,,VIP실정면,VIP실정면 9단,55000000
578,예진추모관,578,사설,,봉안당,봉안당,봉안당,,,VIP실정면,VIP실정면 9단,60000000
578,예진추모관,578,사설,,봉안당,봉안당,봉안당,,,고급실정면,"단,6단 고급실정면 4단,6단",60000000
578,예진추모관,578,사설,,봉안당,봉안당,봉안당,,,고급실정면,단 고급실정면 9단,65000000
578,예진추모관,578,사설,,봉안당,봉안당,봉안당,,,VIP실정면,"단, 6단 VIP실정면 4단",70000000
578,예진추모관,578,사설,,봉안당,봉안당,봉안당,,,VIP실정면,VIP실정면 9단,75000000
579,(재)호정공원(봉안),579,사설,,"봉안당, 공원묘지","공원묘지, 수목장",공원묘지,가족단,,가족평장기사용료,"석물 / 안장비 별도, 관리비 별도 (80,000원/년)",144000000
579,(재)호정공원(봉안),579,사설,,"봉안당, 공원묘지","공원묘지, 수목장",봉안당,,,각자비 대자당,봉안묘만 해당,13000
579,(재)호정공원(봉안),579,사설,,"봉안당, 공원묘지","공원묘지, 수목장",봉안당,,,봉안담 안장비,봉안담 안장비,200000
579,(재)호정공원(봉안),579,사설,,"봉안당, 공원묘지","공원묘지, 수목장",봉안당,,,봉안담 유골반출비,봉안담 유골반출비,200000
579,(재)호정공원(봉안),579,사설,,"봉안당, 공원묘지","공원묘지, 수목장",봉안당,,,봉안묘 안장비,봉안묘 안장비,500000
579,(재)호정공원(봉안),579,사설,,"봉안당, 공원묘지","공원묘지, 수목장",봉안당,,,봉안묘 유골반출비,봉안묘 유골반출비,500000
579,(재)호정공원(봉안),579,사설,,"봉안당, 공원묘지","공원묘지, 수목장",봉안당,개인단,,봉안담 기(1단)사용료,"안장비 별도,개인단 관리비별도(35,600원/년) 봉안담 1기(1단)사용료 / 안장비 별도,개인단 관리비별도(35,600원/년)",23000000
579,(재)호정공원(봉안),579,사설,,"봉안당, 공원묘지","공원묘지, 수목장",봉안당,,,"봉안담 기(2,7단)사용료",안장비별도,29000000
579,(재)호정공원(봉안),579,사설,,"봉안당, 공원묘지","공원묘지, 수목장",봉안당,,,봉안담 기(3.6단)사용료,안장비 별도,33000000
579,(재)호정공원(봉안),579,사설,,"봉안당, 공원묘지","공원묘지, 수목장",봉안당,,,봉안담 1기(4.5단)사용료,안장비 별도,35000000
579,(재)호정공원(봉안),579,사설,,"봉안당, 공원묘지","공원묘지, 수목장",봉안당,부부단,,,,41000000
579,(재)호정공원(봉안),579,사설,,"봉안당, 공원묘지","공원묘지, 수목장",봉안당,,,"봉안담 기(2,7단)사용료",안장비별도,53000000
579,(재)호정공원(봉안),579,사설,,"봉안당, 공원묘지","공원묘지, 수목장",봉안당,,,봉안담,"기(3.6단)사용료 / 안장비별도, 2기(3.6단)사용료 / 안장비별도",59000000
579,(재)호정공원(봉안),579,사설,,"봉안당, 공원묘지","공원묘지, 수목장",봉안당,,,봉안담,기(4.5단)사용료 / 안장비별도 2기(4.5단)사용료 / 안장비별도,63000000
579,(재)호정공원(봉안),579,사설,,"봉안당, 공원묘지","공원묘지, 수목장",봉안당,,,봉안묘 2기사용료,"석물 / 안장비 별도,관리비별도(년)",93000000
579,(재)호정공원(봉안),579,사설,,"봉안당, 공원묘지","공원묘지, 수목장",봉안당,,,봉안묘 기사용료,"석물 / 안장비 별도, 관리비 별도 (80,000원/년)",173000000
579,(재)호정공원(봉안),579,사설,,"봉안당, 공원묘지","공원묘지, 수목장",봉안당,,,봉안묘 8기사용료,"석물 / 안장비 별도,관리비별도(108,000원/년)",228000000
580,용미리건물식추모의집,580,사설,,봉안당,"봉안당, 공원묘지",봉안당,,관내,봉안관리비,"관내-기초생활 수급자 매 년마다, 관내-기초생활 수급자 매 5년마다",250000
580,용미리건물식추모의집,580,사설,,봉안당,"봉안당, 공원묘지",봉안당,,관외,봉안관리비,"관외-기초생활 수급자, 매 년마다 봉안관리비(관외-기초생활 수급자)매 5년마다",450000
580,용미리건물식추모의집,580,사설,,봉안당,"봉안당, 공원묘지",봉안당,,관내,봉안재사용료,관내-국가유공자 및 그 배우자 년마다 기간연장시 봉안재사용료 관내-국가유공자 및 그 배우자 5년마다 기간연장시,500000
580,용미리건물식추모의집,580,사설,,봉안당,"봉안당, 공원묘지",봉안당,,관내,봉안재사용료,"(관내-기초생활 수급자)년마다 기간연장시, (관내-기초생활 수급자)5년마다 기간연장시",500000
580,용미리건물식추모의집,580,사설,,봉안당,"봉안당, 공원묘지",봉안당,,관내,봉안관리비,"(관내-국가유공자 및 그 배우자) 매 년마다, (관내-국가유공자 및 그 배우자) 매 5년마다",500000
580,용미리건물식추모의집,580,사설,,봉안당,"봉안당, 공원묘지",봉안당,,관외,봉안관리비,관외-국가유공자 및 그 배우자 매 년마다 봉안관리비 관외-국가유공자 및 그 배우자 매 5년마다,900000
580,용미리건물식추모의집,580,사설,,봉안당,"봉안당, 공원묘지",봉안당,,관내,봉안재사용료,(관내-일반)년마다 기간연장시 봉안재사용료(관내-일반)5년마다 기간연장시,1000000
580,용미리건물식추모의집,580,사설,,봉안당,"봉안당, 공원묘지",봉안당,,관내,봉안관리비,"관내-일반 매 년마다, 관내-일반 매 5년마다",1000000
580,용미리건물식추모의집,580,사설,,봉안당,"봉안당, 공원묘지",봉안당,,관외,봉안재사용료,"(관외-기초생활 수급자)년마다 기간연장시, (관외-기초생활 수급자)5년마다 기간연장시",1200000
580,용미리건물식추모의집,580,사설,,봉안당,"봉안당, 공원묘지",봉안당,,관외,봉안재사용료,"관외-국가유공자 및 그 배우자, 년마다 기간연장시, 5년마다 기간연장시",1500000
580,용미리건물식추모의집,580,사설,,봉안당,"봉안당, 공원묘지",봉안당,,관외,봉안관리비,"관외-일반 매 년마다, 관외-일반 매 5년마다",1800000
580,용미리건물식추모의집,580,사설,,봉안당,"봉안당, 공원묘지",봉안당,,관외,봉안재사용료,관외-일반 년마다 기간연장시 5년마다 기간연장시,3000000
581,화엄사,581,사설,,공원묘지,수목장,정보없음,,정보없음,정보없음,자동 추출 실패 (푸터 텍스트),
581,화엄사,581,사설,,공원묘지,수목장,기타,,재추출(병합),별단 하단,별단 하단,120000000
581,화엄사,581,사설,,공원묘지,수목장,기타,,재추출(병합),별단 상단,별단 상단,150000000
582,(재)밀양추모공원묘원,582,공설,,"봉안당, 공원묘지",봉안당,공원묘지,,,평장기,평장2기,70000000
582,(재)밀양추모공원묘원,582,공설,,"봉안당, 공원묘지",봉안당,봉안당,,,봉안당 안치단,1기,1000000
582,(재)밀양추모공원묘원,582,공설,,"봉안당, 공원묘지",봉안당,봉안당,,,봉안당 안치단,1기,2000000
582,(재)밀양추모공원묘원,582,공설,,"봉안당, 공원묘지",봉안당,봉안당,,,봉안당 안치단,기 1기,2500000
582,(재)밀양추모공원묘원,582,공설,,"봉안당, 공원묘지",봉안당,봉안당,,,봉안당 안치단,1기,3500000
582,(재)밀양추모공원묘원,582,공설,,"봉안당, 공원묘지",봉안당,봉안당,,,봉안묘 (평장),"2기, 기",7000000
582,(재)밀양추모공원묘원,582,공설,,"봉안당, 공원묘지",봉안당,봉안당,,,봉안당 안치단,기 1기,10000000
582,(재)밀양추모공원묘원,582,공설,,"봉안당, 공원묘지",봉안당,봉안당,,,봉안당 안치단,"기, 1기",20000000
582,(재)밀양추모공원묘원,582,공설,,"봉안당, 공원묘지",봉안당,봉안당,,,봉안당 안치단,1기 기,25000000
582,(재)밀양추모공원묘원,582,공설,,"봉안당, 공원묘지",봉안당,봉안당,,,봉안당 안치단,1기,35000000
583,다보정사 안미원,583,사설,불교,봉안당,"봉안당, 공원묘지",봉안당,부부단,,실내 봉안당 부부함,회차 봉안비회,2000000
583,다보정사 안미원,583,사설,불교,봉안당,"봉안당, 공원묘지",봉안당,개인단,,실내 봉안당 개인함,관리비 10년,3000000
583,다보정사 안미원,583,사설,불교,봉안당,"봉안당, 공원묘지",봉안당,,,야외 봉안탑,회차 봉안비회 야외 봉안탑 2회차 봉안비회,3000000
583,다보정사 안미원,583,사설,불교,봉안당,"봉안당, 공원묘지",봉안당,부부단,,실내 봉안당 부부함 관리비,년 10년 실내 봉안당 부부함 관리비 10년 10년,4500000
583,다보정사 안미원,583,사설,불교,봉안당,"봉안당, 공원묘지",봉안당,,,야외 봉안탑 관리비,년10년 야외 봉안탑 관리비 10년10년,5000000
583,다보정사 안미원,583,사설,불교,봉안당,"봉안당, 공원묘지",봉안당,,,실내 봉안당 일반실,단영구 2단영구,6000000
583,다보정사 안미원,583,사설,불교,봉안당,"봉안당, 공원묘지",봉안당,,,실내 봉안당 일반실,"단, 8단영구 실내 봉안당 일반실 3단, 8단영구",12000000
583,다보정사 안미원,583,사설,불교,봉안당,"봉안당, 공원묘지",봉안당,,,실내 봉안당 특실,"단영구, 2단영구",16000000
583,다보정사 안미원,583,사설,불교,봉안당,"봉안당, 공원묘지",봉안당,,,실내 봉안당 일반실,"단, 7단영구 실내 봉안당 일반실 4단, 7단영구",18000000
583,다보정사 안미원,583,사설,불교,봉안당,"봉안당, 공원묘지",봉안당,,,실내 봉안당 특실,"3단, 8단영구",22000000
583,다보정사 안미원,583,사설,불교,봉안당,"봉안당, 공원묘지",봉안당,,,실내 봉안당,"단(2기)영구, 2단(2기)영구",22000000
583,다보정사 안미원,583,사설,불교,봉안당,"봉안당, 공원묘지",봉안당,,,실내 봉안당 일반실,"단, 6단영구 5단, 6단영구",25000000
583,다보정사 안미원,583,사설,불교,봉안당,"봉안당, 공원묘지",봉안당,,,실내 봉안당 특실,"단, 7단영구, 실내 봉안당 특실 4단, 7단영구",28000000
583,다보정사 안미원,583,사설,불교,봉안당,"봉안당, 공원묘지",봉안당,,,실내 봉안당,"단, 8단(2기)영구 실내 봉안당 3단, 8단(2기)영구",30000000
583,다보정사 안미원,583,사설,불교,봉안당,"봉안당, 공원묘지",봉안당,,,실내 봉안당 특실,"단, 6단영구 실내 봉안당 특실 5단, 6단영구",35000000
583,다보정사 안미원,583,사설,불교,봉안당,"봉안당, 공원묘지",봉안당,,,실내 봉안당,"단, 7단(2기)영구 실내 봉안당 4단, 7단(2기)영구",40000000
583,다보정사 안미원,583,사설,불교,봉안당,"봉안당, 공원묘지",봉안당,,,실내 봉안당,"단, 6단(2기)영구 실내 봉안당 5단, 6단(2기)영구",50000000
583,다보정사 안미원,583,사설,불교,봉안당,"봉안당, 공원묘지",봉안당,부부단,,야외 봉안탑 부부,"(구)2구, (2구)2구",150000000
583,다보정사 안미원,583,사설,불교,봉안당,"봉안당, 공원묘지",봉안당,가족단,,야외 봉안탑 가족,(구)10구1 (10구)10구1,200000000
584,서울시립승화원 추모의집,584,공설,,봉안당,봉안당,봉안당,,관내,봉안관리비,"관내-기초생활 수급자, 매 년마다, 매 5년마다",250000
584,서울시립승화원 추모의집,584,공설,,봉안당,봉안당,봉안당,,관외,봉안관리비(관외-기초생활 수급자),"매 년마다, 매 5년마다",450000
584,서울시립승화원 추모의집,584,공설,,봉안당,봉안당,봉안당,,관내,봉안재사용료,(관내-국가유공자 및 그 배우자)년마다 기간연장시 봉안재사용료(관내-국가유공자 및 그 배우자)5년마다 기간연장시,500000
584,서울시립승화원 추모의집,584,공설,,봉안당,봉안당,봉안당,,관내,봉안재사용료(관내-기초생활 수급자),기간연장시 (년마다 또는 5년마다),500000
584,서울시립승화원 추모의집,584,공설,,봉안당,봉안당,봉안당,,관내,봉안관리비,"(관내-국가유공자 및 그 배우자) 매 년마다, (관내-국가유공자 및 그 배우자) 매 5년마다",500000
584,서울시립승화원 추모의집,584,공설,,봉안당,봉안당,봉안당,,관외,봉안관리비,관외-국가유공자 및 그 배우자 매 년마다 봉안관리비 관외-국가유공자 및 그 배우자 매 5년마다,900000
584,서울시립승화원 추모의집,584,공설,,봉안당,봉안당,봉안당,,관내,봉안재사용료,(관내-일반)년마다 기간연장시 봉안재사용료(관내-일반)5년마다 기간연장시,1000000
584,서울시립승화원 추모의집,584,공설,,봉안당,봉안당,봉안당,,관내,봉안관리비,관내-일반 매 년마다 봉안관리비(관내-일반)매 5년마다,1000000
584,서울시립승화원 추모의집,584,공설,,봉안당,봉안당,봉안당,,관외,봉안재사용료,"(관외-기초생활 수급자)년마다 기간연장시, (관외-기초생활 수급자)5년마다 기간연장시",1200000
584,서울시립승화원 추모의집,584,공설,,봉안당,봉안당,봉안당,,관외,봉안재사용료,"관외-국가유공자 및 그 배우자, 년마다 기간연장시 봉안재사용료 5년마다 기간연장시",1500000
584,서울시립승화원 추모의집,584,공설,,봉안당,봉안당,봉안당,,관외,봉안관리비,"관외-일반 매 년마다, 관외-일반 매 5년마다",1800000
584,서울시립승화원 추모의집,584,공설,,봉안당,봉안당,봉안당,,관외,봉안재사용료,관외-일반 년마다 기간연장시 봉안재사용료 관외-일반 5년마다 기간연장시,3000000
585,보현정사,585,사설,불교,공원묘지,봉안당,정보없음,,정보없음,정보없음,자동 추출 실패 (푸터 텍스트),
586,용미리왕릉벽식추모의집,586,사설,,봉안당,"봉안당, 공원묘지",봉안당,,관내,봉안관리비,관내-기초생활 수급자 매 년마다 봉안관리비 관내-기초생활 수급자 매 5년마다,250000
586,용미리왕릉벽식추모의집,586,사설,,봉안당,"봉안당, 공원묘지",봉안당,,관외,봉안관리비,관외-기초생활 수급자 매 년마다 봉안관리비(관외-기초생활 수급자)매 5년마다,450000
586,용미리왕릉벽식추모의집,586,사설,,봉안당,"봉안당, 공원묘지",봉안당,,관내,봉안재사용료,"관내-국가유공자 및 그 배우자, 년마다 기간연장시 5년마다 기간연장시",500000
586,용미리왕릉벽식추모의집,586,사설,,봉안당,"봉안당, 공원묘지",봉안당,,관내,봉안재사용료,"(관내-기초생활 수급자)년마다 기간연장시, (관내-기초생활 수급자)5년마다 기간연장시",500000
586,용미리왕릉벽식추모의집,586,사설,,봉안당,"봉안당, 공원묘지",봉안당,,관내,봉안관리비,"(관내-국가유공자 및 그 배우자) 매 년마다, (관내-국가유공자 및 그 배우자) 매 5년마다",500000
586,용미리왕릉벽식추모의집,586,사설,,봉안당,"봉안당, 공원묘지",봉안당,,관외,봉안관리비,"관외-국가유공자 및 그 배우자 매 년마다, 관외-국가유공자 및 그 배우자 매 5년마다",900000
586,용미리왕릉벽식추모의집,586,사설,,봉안당,"봉안당, 공원묘지",봉안당,,관내,봉안재사용료,(관내-일반)년마다 기간연장시 봉안재사용료(관내-일반)5년마다 기간연장시,1000000
586,용미리왕릉벽식추모의집,586,사설,,봉안당,"봉안당, 공원묘지",봉안당,,관내,봉안관리비,"관내-일반 매 년마다, 관내-일반 매 5년마다",1000000
586,용미리왕릉벽식추모의집,586,사설,,봉안당,"봉안당, 공원묘지",봉안당,,관외,봉안재사용료(관외-기초생활 수급자),"5년마다 기간연장시, 년마다 기간연장시",1200000
586,용미리왕릉벽식추모의집,586,사설,,봉안당,"봉안당, 공원묘지",봉안당,,관외,봉안재사용료,관외-국가유공자 및 그 배우자 년마다 기간연장시 봉안재사용료 관외-국가유공자 및 그 배우자 5년마다 기간연장시,1500000
586,용미리왕릉벽식추모의집,586,사설,,봉안당,"봉안당, 공원묘지",봉안당,,관외,봉안관리비,관외-일반 매 년마다 봉안관리비 관외-일반 매 5년마다,1800000
586,용미리왕릉벽식추모의집,586,사설,,봉안당,"봉안당, 공원묘지",봉안당,,관외,봉안재사용료,관외-일반 년마다 기간연장시 봉안재사용료 관외-일반 5년마다 기간연장시,3000000
587,용미리분묘형추모의집,587,사설,,봉안당,"봉안당, 공원묘지",봉안당,,관내,,,250000
587,용미리분묘형추모의집,587,사설,,봉안당,"봉안당, 공원묘지",봉안당,,관외,,,450000
587,용미리분묘형추모의집,587,사설,,봉안당,"봉안당, 공원묘지",봉안당,,관내,,,500000
587,용미리분묘형추모의집,587,사설,,봉안당,"봉안당, 공원묘지",봉안당,,관내,봉안재사용료,"(관내-기초생활 수급자)년마다 기간연장시, (관내-기초생활 수급자)5년마다 기간연장시",500000
587,용미리분묘형추모의집,587,사설,,봉안당,"봉안당, 공원묘지",봉안당,,관내,봉안관리비,"(관내-국가유공자 및 그 배우자) 매 년마다, 매 5년마다",500000
587,용미리분묘형추모의집,587,사설,,봉안당,"봉안당, 공원묘지",봉안당,,관외,봉안관리비(관외-국가유공자 및 그 배우자),"매 년마다, 매 5년마다",900000
587,용미리분묘형추모의집,587,사설,,봉안당,"봉안당, 공원묘지",봉안당,,관내,봉안재사용료(관내-일반),"년마다 기간연장시, 5년마다 기간연장시",1000000
587,용미리분묘형추모의집,587,사설,,봉안당,"봉안당, 공원묘지",봉안당,,관내,,,1000000
587,용미리분묘형추모의집,587,사설,,봉안당,"봉안당, 공원묘지",봉안당,,관외,봉안재사용료,"(관외-기초생활 수급자)년마다 기간연장시, (관외-기초생활 수급자)5년마다 기간연장시",1200000
587,용미리분묘형추모의집,587,사설,,봉안당,"봉안당, 공원묘지",봉안당,,관외,,,1500000
587,용미리분묘형추모의집,587,사설,,봉안당,"봉안당, 공원묘지",봉안당,,관외,,,1800000
587,용미리분묘형추모의집,587,사설,,봉안당,"봉안당, 공원묘지",봉안당,,관외,,,3000000
588,용미리벽식추모의집,588,사설,,봉안당,"봉안당, 공원묘지",봉안당,,관내,,,250000
588,용미리벽식추모의집,588,사설,,봉안당,"봉안당, 공원묘지",봉안당,,관외,,,450000
588,용미리벽식추모의집,588,사설,,봉안당,"봉안당, 공원묘지",봉안당,,관내,봉안재사용료,(관내-국가유공자 및 그 배우자)년마다 기간연장시,500000
588,용미리벽식추모의집,588,사설,,봉안당,"봉안당, 공원묘지",봉안당,,관내,봉안재사용료(관내-기초생활 수급자),년마다 기간연장시 5년마다 기간연장시,500000
588,용미리벽식추모의집,588,사설,,봉안당,"봉안당, 공원묘지",봉안당,,관내,봉안관리비,"(관내-국가유공자 및 그 배우자) 매 년마다, 봉안관리비 (관내-국가유공자 및 그 배우자) 매 5년마다",500000
588,용미리벽식추모의집,588,사설,,봉안당,"봉안당, 공원묘지",봉안당,,관외,봉안관리비,관외-국가유공자 및 그 배우자 매 년마다 봉안관리비 관외-국가유공자 및 그 배우자 매 5년마다,900000
588,용미리벽식추모의집,588,사설,,봉안당,"봉안당, 공원묘지",봉안당,,관내,봉안재사용료,(관내-일반)년마다 기간연장시 봉안재사용료(관내-일반)5년마다 기간연장시,1000000
588,용미리벽식추모의집,588,사설,,봉안당,"봉안당, 공원묘지",봉안당,,관내,봉안관리비,"관내-일반 매 년마다, 관내-일반 매 5년마다",1000000
588,용미리벽식추모의집,588,사설,,봉안당,"봉안당, 공원묘지",봉안당,,관외,봉안재사용료,"(관외-기초생활 수급자)년마다 기간연장시, 5년마다 기간연장시",1200000
588,용미리벽식추모의집,588,사설,,봉안당,"봉안당, 공원묘지",봉안당,,관외,봉안재사용료,"관외-국가유공자 및 그 배우자 년마다 기간연장시, 관외-국가유공자 및 그 배우자 5년마다 기간연장시",1500000
588,용미리벽식추모의집,588,사설,,봉안당,"봉안당, 공원묘지",봉안당,,관외,봉안관리비,"관외-일반 매 년마다, 관외-일반 매 5년마다",1800000
588,용미리벽식추모의집,588,사설,,봉안당,"봉안당, 공원묘지",봉안당,,관외,봉안재사용료,관외-일반 년마다 기간연장시 봉안재사용료 관외-일반 5년마다 기간연장시,3000000
589,(재)서호추모공원,589,공설,,"봉안당, 수목장","봉안당, 수목장, 공원묘지",봉안당,개인단,,"골드단 1단, 8단 개인단영구분양","1, 1-1",15000000
589,(재)서호추모공원,589,공설,,"봉안당, 수목장","봉안당, 수목장, 공원묘지",봉안당,개인단,,골드단 2단 개인단영구분양,1 1-2,25000000
589,(재)서호추모공원,589,공설,,"봉안당, 수목장","봉안당, 수목장, 공원묘지",봉안당,개인단,,골드단 7단 개인단영구분양,1 1-7. 골드단 7단 개인단영구분양,29000000
589,(재)서호추모공원,589,공설,,"봉안당, 수목장","봉안당, 수목장, 공원묘지",봉안당,부부단,,골드단,"1단, 8단 부부단영구분양",30000000
589,(재)서호추모공원,589,공설,,"봉안당, 수목장","봉안당, 수목장, 공원묘지",봉안당,개인단,,골드단 3단 개인단영구분양,1 1-3. 골드단 3단 개인단영구분양,35000000
589,(재)서호추모공원,589,공설,,"봉안당, 수목장","봉안당, 수목장, 공원묘지",봉안당,개인단,,골드단 4단 개인단영구분양,1 1-4. 골드단 4단 개인단영구분양,45000000
589,(재)서호추모공원,589,공설,,"봉안당, 수목장","봉안당, 수목장, 공원묘지",봉안당,부부단,,골드단 2단 부부단영구분양,1 1-2. 골드단 2단 부부단영구분양,50000000
589,(재)서호추모공원,589,공설,,"봉안당, 수목장","봉안당, 수목장, 공원묘지",봉안당,개인단,,골드단 6단 개인단영구분양,1 1-6. 골드단 6단 개인단영구분양,50000000
589,(재)서호추모공원,589,공설,,"봉안당, 수목장","봉안당, 수목장, 공원묘지",봉안당,부부단,,골드단 7단 부부단영구분양,골드단 7단 부부단영구분양,58000000
589,(재)서호추모공원,589,공설,,"봉안당, 수목장","봉안당, 수목장, 공원묘지",봉안당,개인단,,골드단 5단 개인단영구분양,1 1-5. 골드단 5단 개인단영구분양,60000000
589,(재)서호추모공원,589,공설,,"봉안당, 수목장","봉안당, 수목장, 공원묘지",봉안당,부부단,,골드단 3단 부부단영구분양,1 1-3. 골드단 3단 부부단영구분양,70000000
589,(재)서호추모공원,589,공설,,"봉안당, 수목장","봉안당, 수목장, 공원묘지",봉안당,부부단,,골드단 4단 부부단영구분양,1 1-4. 골드단 4단 부부단영구분양,90000000
589,(재)서호추모공원,589,공설,,"봉안당, 수목장","봉안당, 수목장, 공원묘지",봉안당,부부단,,골드단 6단 부부단영구분양,골드단 6단 부부단영구분양,100000000
589,(재)서호추모공원,589,공설,,"봉안당, 수목장","봉안당, 수목장, 공원묘지",봉안당,부부단,,골드단 5단 부부단영구분양,1 1-5. 골드단 5단 부부단영구분양,120000000
589,(재)서호추모공원,589,공설,,"봉안당, 수목장","봉안당, 수목장, 공원묘지",수목장,개인단,,잔디장(개인)영구분양,잔디장(개인)영구분양,20000000
589,(재)서호추모공원,589,공설,,"봉안당, 수목장","봉안당, 수목장, 공원묘지",수목장,부부단,,잔디장(부부)영구분양,잔디장(부부)영구분양,40000000
589,(재)서호추모공원,589,공설,,"봉안당, 수목장","봉안당, 수목장, 공원묘지",수목장,부부단,,수목장(부부목)영구분양,수목장(부부목)영구분양,80000000
589,(재)서호추모공원,589,공설,,"봉안당, 수목장","봉안당, 수목장, 공원묘지",수목장,가족단,,수목장(가족목)영구분양,수목장(가족목)영구분양,120000000
590,천주교안동교구 봉안경당,590,사설,천주교,봉안당,봉안당,봉안당,,,으뜸천주함,21cmX21cm/고령토세라믹도자기/국내제작,300000
590,천주교안동교구 봉안경당,590,사설,천주교,봉안당,봉안당,봉안당,,,다온천주함(진공)cmX21cm,고령토세라믹도자기/국내제작,400000
590,천주교안동교구 봉안경당,590,사설,천주교,봉안당,봉안당,기타(관리비),부부단,,단(부부)사용료,/관리비: 연간 20년 관리비: /안치비:,10200000
590,천주교안동교구 봉안경당,590,사설,천주교,봉안당,봉안당,기타(관리비),개인단,,단(개인)사용료,관리비: 연간 5만원(1인당)/초기 20년 관리비: 100만원/안치비:20만원,42000000
590,천주교안동교구 봉안경당,590,사설,천주교,봉안당,봉안당,기타(관리비),개인단,,단(개인),사용료 / 관리비: 연간 (1인당) / 초기 20년 관리비 / 안치비,42000000
590,천주교안동교구 봉안경당,590,사설,천주교,봉안당,봉안당,기타(관리비),개인단,,단(개인)사용료,관리비: 연간 5만원(1인당)/초기 20년 관리비: 100만원/안치비:20만원,52000000
590,천주교안동교구 봉안경당,590,사설,천주교,봉안당,봉안당,기타(관리비),개인단,,단(개인)사용료,관리비: 연간 5만원(1인당)/초기 20년 관리비: 100만원/안치비:20만원,52000000
590,천주교안동교구 봉안경당,590,사설,천주교,봉안당,봉안당,기타(관리비),부부단,,단(부부)사용료,관리비: 연간 5만원(1인당)/초기 20년 관리비: 100만원/안치비:20만원,62000000
590,천주교안동교구 봉안경당,590,사설,천주교,봉안당,봉안당,기타(관리비),개인단,,단(개인),"사용료, 관리비: 연간 (1인당), 초기 20년 관리비, 안치비",62000000
590,천주교안동교구 봉안경당,590,사설,천주교,봉안당,봉안당,기타(관리비),개인단,,단(개인)사용료,"관리비: 연간 5만원(1인당)/초기 20년 관리비: 100만원/안치비:20만원, 단(개인)사용료: 관리비: 연간 5만원(1인당)/초기 20년 관리비: 100만원/안치비:20만원",62000000
590,천주교안동교구 봉안경당,590,사설,천주교,봉안당,봉안당,기타(관리비),개인단,,단(개인)사용료,관리비: 연간 5만원(1인당)/초기 20년 관리비: 100만원/안치비:20만원,62000000
590,천주교안동교구 봉안경당,590,사설,천주교,봉안당,봉안당,기타(관리비),개인단,,단(개인)사용료,관리비: 연간 5만원(1인당)/초기 20년 관리비: 100만원/안치비:20만원,62000000
590,천주교안동교구 봉안경당,590,사설,천주교,봉안당,봉안당,기타(관리비),부부단,,단(부부)사용료,"관리비: 연간 5만원(1인당)/초기 20년 관리비: 100만원/안치비:20만원, 단(부부)사용료: 관리비: 연간 5만원(1인당)/초기 20년 관리비: 100만원/안치비:20만원",62000000
590,천주교안동교구 봉안경당,590,사설,천주교,봉안당,봉안당,기타(관리비),부부단,,단(부부)사용료,관리비: 연간 5만원(1인당)/초기 20년 관리비: 100만원/안치비:20만원,82000000
590,천주교안동교구 봉안경당,590,사설,천주교,봉안당,봉안당,기타(관리비),부부단,,단(부부),사용료/관리비: 연간 (1인당)/초기 20년 관리비/안치비,82000000
590,천주교안동교구 봉안경당,590,사설,천주교,봉안당,봉안당,기타(관리비),부부단,,단(부부)사용료,관리비: 연간 5만원(1인당)/초기 20년 관리비: 100만원/안치비:20만원,102000000
590,천주교안동교구 봉안경당,590,사설,천주교,봉안당,봉안당,기타(관리비),부부단,,단(부부),사용료/관리비: 연간 (1인당)/초기 20년 관리비/안치비,102000000
590,천주교안동교구 봉안경당,590,사설,천주교,봉안당,봉안당,기타(관리비),부부단,,단(부부)사용료,관리비: 연간 5만원(1인당)/초기 20년 관리비: 100만원/안치비:20만원,102000000
591,보장사 영각당,591,사설,,공원묘지,봉안당,기타(관리비),개인단,,관리비위당5년선납1,관리비1위당5년선납1,2500000
591,보장사 영각당,591,사설,,공원묘지,봉안당,기타,,,"일반형단/8단, 일반형1단/8단",24.5 X26.5X28.2 cm1,30000000
591,보장사 영각당,591,사설,,공원묘지,봉안당,기타,,,일반형단/7단,X26.5X28.2 cm 일반형2단/7단 X26.5X28.2 cm,37000000
591,보장사 영각당,591,사설,,공원묘지,봉안당,기타,,,고급형단/8단,24.5 X26.5X28.2 cm3 고급형1단/8단 24.5 X26.5X28.2 cm3,37000000
591,보장사 영각당,591,사설,,공원묘지,봉안당,기타,,,일반형단/6단,일반형3단/6단,42000000
591,보장사 영각당,591,사설,,공원묘지,봉안당,기타,,,고급형단/7단,24.5 X26.5X28.2 cm 고급형2단/7단24.5 X26.5X28.2 cm,42000000
591,보장사 영각당,591,사설,,공원묘지,봉안당,기타,,,고급형단/6단,24.5 X26.5X28.2 cm 고급형3단/6단24.5 X26.5X28.2 cm,45000000
591,보장사 영각당,591,사설,,공원묘지,봉안당,기타,,,일반형단/5단,24.5 X26.5X28.2 cm 일반형4단/5단 24.5 X26.5X28.2 cm,47000000
591,보장사 영각당,591,사설,,공원묘지,봉안당,기타,,,고급형단/5단,24.5 X26.5X28.2 cm 1,50000000
591,보장사 영각당,591,사설,,공원묘지,봉안당,기타,,,일반형단/8단,"51,8X25.8X28.8 cm",60000000
591,보장사 영각당,591,사설,,공원묘지,봉안당,기타,,,,,68000000
591,보장사 영각당,591,사설,,공원묘지,봉안당,기타,,,,,75000000
591,보장사 영각당,591,사설,,공원묘지,봉안당,기타,,,고급형단,58.5X29.5X28.8 cm1 고급형1단58.5X29.5X28.8 cm1,80000000
591,보장사 영각당,591,사설,,공원묘지,봉안당,기타,,,일반형단/5단,"51,8X25.8X28.8 cm",85000000
591,보장사 영각당,591,사설,,공원묘지,봉안당,기타,,,,,85000000
591,보장사 영각당,591,사설,,공원묘지,봉안당,기타,,,"고급형단/6단, 고급형3단/6단","58.5X29.5X28.8 cm1, 58.5X29.5X28.8 cm1",90000000
591,보장사 영각당,591,사설,,공원묘지,봉안당,기타,,,고급형단,5단58.5X29.5X28.8 cm 고급형4단/5단58.5X29.5X28.8 cm,100000000
592,(재)화산추모공원(봉안),592,공설,,봉안당,봉안당,봉안당,,,납골기봉안비,납골12기봉안비,2500000
592,(재)화산추모공원(봉안),592,공설,,봉안당,봉안당,봉안당,,,납골기봉안비,납골24기봉안비,2500000
592,(재)화산추모공원(봉안),592,공설,,봉안당,봉안당,봉안당,,,납골기봉안비,납골36기봉안비,2500000
592,(재)화산추모공원(봉안),592,공설,,봉안당,봉안당,봉안당,,,납골기봉안비,납골60기봉안비,2500000
592,(재)화산추모공원(봉안),592,공설,,봉안당,봉안당,봉안당,,,납골기,15년 관리비 납골 6기 15년 관리비,8600000
592,(재)화산추모공원(봉안),592,공설,,봉안당,봉안당,봉안당,,,납골기,"15년 관리비, 납골6기15년 관리비",13000000
592,(재)화산추모공원(봉안),592,공설,,봉안당,봉안당,봉안당,,,납골기,"15년 관리비, 1기/6기",17300000
592,(재)화산추모공원(봉안),592,공설,,봉안당,봉안당,봉안당,,,납골기,"15년, 6기15년",26000000
592,(재)화산추모공원(봉안),592,공설,,봉안당,봉안당,봉안당,,,납골,기영구사용료 납골6기영구사용료,26300000
592,(재)화산추모공원(봉안),592,공설,,봉안당,봉안당,봉안당,,,납골기,영구사용료 납골12기영구사용료,39500000
592,(재)화산추모공원(봉안),592,공설,,봉안당,봉안당,봉안당,,,납골기,"1, 15년, 6기",43400000
592,(재)화산추모공원(봉안),592,공설,,봉안당,봉안당,봉안당,,,납골기,영구사용료 납골6기영구사용료,52700000
592,(재)화산추모공원(봉안),592,공설,,봉안당,봉안당,봉안당,,,납골기,영구사용료 납골36기 영구사용료,79000000
592,(재)화산추모공원(봉안),592,공설,,봉안당,봉안당,봉안당,,,납골기,영구사용료 납골60기 영구사용료,131800000
593,예원추모관,593,사설,,봉안당,봉안당,봉안당,,,기본형밥 탕국 없음 (당일 주문 가능),세부품목은 홈페이지 참조,170000
593,예원추모관,593,사설,,봉안당,봉안당,봉안당,,,일반형,1일 전 예약 필수 (세부 품목은 홈페이지 참조),300000
593,예원추모관,593,사설,,봉안당,봉안당,봉안당,,,고급형,1일 전 예약 필수 (세부 품목은 홈페이지 참조),700000
593,예원추모관,593,사설,,봉안당,봉안당,기타(관리비),,,일반실(목련),관리비:5년,16000000
593,예원추모관,593,사설,,봉안당,봉안당,기타(관리비),,,일반실 (매화 난초),사용료:  관리비: 5년,20000000
593,예원추모관,593,사설,,봉안당,봉안당,기타(관리비),,,국화실 매화실버실사용료,관리비:5년,25000000
593,예원추모관,593,사설,,봉안당,봉안당,기타(관리비),,,난초 골드실(VIP),사용료:만원~만원 관리비:5년 36만원만원 난초 골드실(VIP)사용료:만원~만원 관리비:5년 36만원만원,30000000
593,예원추모관,593,사설,,봉안당,봉안당,기타(관리비),,,미소실사용료,관리비:5년 30만원,30000000
593,예원추모관,593,사설,,봉안당,봉안당,기타(관리비),,,일반실(목련),"사용료:만원~750만원 관리비:5년 60만원3,200,0001 일반실(목련)사용료:320만원~750만원 관리비:5년 60만원3,200,0001",32000000
593,예원추모관,593,사설,,봉안당,봉안당,기타(관리비),,,일반실 (매화 난초),사용료: 관리비: 5년,40000000
593,예원추모관,593,사설,,봉안당,봉안당,기타(관리비),,,매화 특별실사용료,관리비:5년,45000000
593,예원추모관,593,사설,,봉안당,봉안당,기타(관리비),,,국화실 매화실버실,"사용료:  관리비:5년 60만원 국화실, 매화실버실사용료: 관리비:5년 60만원",50000000
593,예원추모관,593,사설,,봉안당,봉안당,기타(관리비),,,난초 골드실(VIP),사용료:만원~만원 관리비:5년 만원1 난초 골드실(VIP)사용료:만원~만원 관리비:5년 만원1,60000000
593,예원추모관,593,사설,,봉안당,봉안당,기타(관리비),,,미소실사용료,"관리비:5년60만원6,000,0001 미소실사용료: 관리비:5년60만원6,000,0001",60000000
593,예원추모관,593,사설,,봉안당,봉안당,기타(관리비),,,매화 특별실사용료,관리비:5년 60만원,85000000
594,재단법인 세심사하늘공원,594,사설,,봉안당,봉안당,봉안당,개인단,,개인단 관리비,년 기준,350000
594,재단법인 세심사하늘공원,594,사설,,봉안당,봉안당,봉안당,부부단,,부부단 관리비,년기준,600000
594,재단법인 세심사하늘공원,594,사설,,봉안당,봉안당,봉안당,개인단,,일반실 개인단,"단영구사용, 300mm X 300mm 일반실 개인단 10단영구사용, 300mm X 300mm",24000000
594,재단법인 세심사하늘공원,594,사설,,봉안당,봉안당,봉안당,개인단,,일반실 개인단,"단영구사용, 300mm X 300mm1 일반실 개인단 10단영구사용, 300mm X 300mm1",26000000
594,재단법인 세심사하늘공원,594,사설,,봉안당,봉안당,봉안당,개인단,,개인단 단영구사용,,29000000
594,재단법인 세심사하늘공원,594,사설,,봉안당,봉안당,봉안당,개인단,,일반실 개인단,"단영구사용, 300mm X 300mm, 일반실 개인단 10단영구사용, 300mm X 300mm",29000000
594,재단법인 세심사하늘공원,594,사설,,봉안당,봉안당,봉안당,개인단,,일반실 개인단,"단영구사용, 300mm X 300mm, 10단영구사용, 300mm X 300mm",29000000
594,재단법인 세심사하늘공원,594,사설,,봉안당,봉안당,봉안당,개인단,,일반실 개인단,"단영구사용, 300mm X 300mm 일반실 개인단 10단영구사용, 300mm X 300mm",31000000
594,재단법인 세심사하늘공원,594,사설,,봉안당,봉안당,봉안당,개인단,,일반실 개인단,"단영구사용, 300mm X 300mm1 일반실 개인단 10단영구사용, 300mm X 300mm1",31000000
594,재단법인 세심사하늘공원,594,사설,,봉안당,봉안당,봉안당,부부단,,특별실 부부단,"단영구사용, 600mm X 300mm, 특별실 부부단 9단영구사용, 600mm X 300mm",48000000
594,재단법인 세심사하늘공원,594,사설,,봉안당,봉안당,봉안당,부부단,,특별실 부부단,"단영구사용, 600mm X 300mm",52000000
594,재단법인 세심사하늘공원,594,사설,,봉안당,봉안당,봉안당,부부단,,특별실 부부단,"단영구사용, 600mm X 300mm, 특별실 부부단 9단영구사용, 600mm X 300mm",58000000
594,재단법인 세심사하늘공원,594,사설,,봉안당,봉안당,봉안당,부부단,,특별실 부부단,"단영구사용, 600mm X 300mm 특별실 부부단 9단영구사용, 600mm X 300mm",58000000
594,재단법인 세심사하늘공원,594,사설,,봉안당,봉안당,봉안당,부부단,,특별실 부부단,"단영구사용, 600mm X 300mm",58000000
594,재단법인 세심사하늘공원,594,사설,,봉안당,봉안당,봉안당,부부단,,특별실 부부단,"단영구사용, 600mm X 300mm",62000000
594,재단법인 세심사하늘공원,594,사설,,봉안당,봉안당,봉안당,부부단,,부부단,단영구사용 부부단 5단영구사용,62000000
595,천주교용인공원묘원(봉안),595,사설,천주교,봉안당,"봉안당, 공원묘지",봉안당,,,사각 유골함,250*300mm/목재/한국 사각 유골함250*250*300mm/목재/한국,185000
595,천주교용인공원묘원(봉안),595,사설,천주교,봉안당,"봉안당, 공원묘지",봉안당,,,원형 유골함,230*250mm/목재/한국 원형 유골함230*230*250mm/목재/한국,215000
595,천주교용인공원묘원(봉안),595,사설,천주교,봉안당,"봉안당, 공원묘지",봉안당,개인단,,관리비 (봉안담 개인형),"년, 10년",2000000
595,천주교용인공원묘원(봉안),595,사설,천주교,봉안당,"봉안당, 공원묘지",봉안당,부부단,,봉안담 부부형,관리비 년 관리비 10년,4000000
595,천주교용인공원묘원(봉안),595,사설,천주교,봉안당,"봉안당, 공원묘지",봉안당,가족단,,가족봉안묘,"기형 10년 관리비, 8기형 10년",12000000
595,천주교용인공원묘원(봉안),595,사설,천주교,봉안당,"봉안당, 공원묘지",봉안당,개인단,,봉안담 개인형(단),10년관리비 포함,16000000
595,천주교용인공원묘원(봉안),595,사설,천주교,봉안당,"봉안당, 공원묘지",봉안당,가족단,,관리비,(가족봉안묘 기형) 10년 관리비 (가족봉안묘 8기형) 10년,16000000
595,천주교용인공원묘원(봉안),595,사설,천주교,봉안당,"봉안당, 공원묘지",봉안당,개인단,,봉안담 개인형(단),10년관리비 포함,19000000
595,천주교용인공원묘원(봉안),595,사설,천주교,봉안당,"봉안당, 공원묘지",봉안당,가족단,,가족봉안묘,기형 10년 관리비 (가족봉안묘 10기형) 10년,20000000
595,천주교용인공원묘원(봉안),595,사설,천주교,봉안당,"봉안당, 공원묘지",봉안당,개인단,,봉안담 개인형,"단 10년관리비 포함 봉안담 개인형 (3,4,5단) 10년관리비 포함",27000000
595,천주교용인공원묘원(봉안),595,사설,천주교,봉안당,"봉안당, 공원묘지",봉안당,부부단,,봉안담 부부형(단),10년관리비 포함,32000000
595,천주교용인공원묘원(봉안),595,사설,천주교,봉안당,"봉안당, 공원묘지",봉안당,부부단,,봉안담 부부형(단),"10년관리비 포함 봉안담 부부형(2,6,7단)10년관리비 포함1",38000000
595,천주교용인공원묘원(봉안),595,사설,천주교,봉안당,"봉안당, 공원묘지",봉안당,부부단,,봉안담 부부형(단),10년관리비 포함,54000000
595,천주교용인공원묘원(봉안),595,사설,천주교,봉안당,"봉안당, 공원묘지",봉안당,가족단,,가족봉안묘 기형,10년관리비 포함 가족봉안묘 6기형 10년관리비 포함,108000000
595,천주교용인공원묘원(봉안),595,사설,천주교,봉안당,"봉안당, 공원묘지",봉안당,가족단,,가족봉안묘,"기형 10년관리비 포함, 6기형 10년관리비 포함",144000000
595,천주교용인공원묘원(봉안),595,사설,천주교,봉안당,"봉안당, 공원묘지",봉안당,가족단,,가족봉안묘,"기형 10년관리비 포함, 6기형 10년관리비 포함",180000000
596,홍성추모공원봉안당,596,공설,기독교,봉안당,"봉안당, 공원묘지",봉안당,,관내,유택동산관내/관외,유택동산관내/관외,100000
596,홍성추모공원봉안당,596,공설,,봉안당,"봉안당, 공원묘지",봉안당,,관내,시신 화장,만 15세 미만 관내,200000
596,홍성추모공원봉안당,596,공설,,봉안당,"봉안당, 공원묘지",봉안당,,관내,시신 화장 (만 세 이상),관내,300000
596,홍성추모공원봉안당,596,공설,,봉안당,"봉안당, 공원묘지",봉안당,,관외,시신 화장(만 세 미만)관외,,300000
596,홍성추모공원봉안당,596,공설,,봉안당,"봉안당, 공원묘지",봉안당,,관외,시신 화장,"(만 세 이상) 관외, (만 15세 이상) 관외",600000
596,홍성추모공원봉안당,596,공설,,봉안당,"봉안당, 공원묘지",봉안당,,관내,화장장(죽은태아),관내 화장장(죽은태아)관내,700000
596,홍성추모공원봉안당,596,공설,,봉안당,"봉안당, 공원묘지",봉안당,개인단,관내,봉안당-무연유골,"(위, 10년)관내/관외 봉안당-무연유골(1위, 10년)관내/관외",2000000
596,홍성추모공원봉안당,596,공설,,봉안당,"봉안당, 공원묘지",봉안당,,관내,화장장(개장유골),관내 화장장(개장유골)관내,2000000
596,홍성추모공원봉안당,596,공설,,봉안당,"봉안당, 공원묘지",봉안당,,관외,화장장(죽은태아)관외,화장장(죽은태아)관외,2000000
596,홍성추모공원봉안당,596,공설,,봉안당,"봉안당, 공원묘지",봉안당,,관내,화장장(일반)관내,화장장(일반)관내,3000000
596,홍성추모공원봉안당,596,공설,,봉안당,"봉안당, 공원묘지",봉안당,,관외,화장장(개장유골)관외,화장장(개장유골)관외,3000000
596,홍성추모공원봉안당,596,공설,,봉안당,"봉안당, 공원묘지",봉안당,개인단,관내,봉안당-일반,"(위, 15년)관내 봉안당-일반 (1위, 15년)관내",6000000
596,홍성추모공원봉안당,596,공설,,봉안당,"봉안당, 공원묘지",봉안당,,관외,화장장(일반)관외,화장장(일반)관외,6000000
596,홍성추모공원봉안당,596,공설,,봉안당,"봉안당, 공원묘지",봉안당,개인단,관외,"봉안당-일반 (위, 15년)",관외,9000000
596,홍성추모공원봉안당,596,공설,,봉안당,"봉안당, 공원묘지",봉안당,부부단,관내,봉안당-부부용,"(위, 15년)관내 (2위, 15년)관내",15000000
596,홍성추모공원봉안당,596,공설,,봉안당,"봉안당, 공원묘지",봉안당,부부단,관외,봉안당-부부용,"(위, 15년)관외",20000000
597,청풍추모공원,597,공설,,"봉안당, 공원묘지",봉안당,공원묘지,,,합장단,"년 이용1단, 10년 이용1단",16000000
597,청풍추모공원,597,공설,,"봉안당, 공원묘지",봉안당,공원묘지,,,합장단,"년 이용2단, 8단, 10년 이용2단, 8단",24000000
597,청풍추모공원,597,공설,,"봉안당, 공원묘지",봉안당,공원묘지,,,합장단,"년 이용3단, 7단, 10년 이용3단, 7단",32000000
597,청풍추모공원,597,공설,,"봉안당, 공원묘지",봉안당,공원묘지,,,합장단,영구 이용1단,32000000
597,청풍추모공원,597,공설,,"봉안당, 공원묘지",봉안당,공원묘지,,,,,40000000
597,청풍추모공원,597,공설,,"봉안당, 공원묘지",봉안당,공원묘지,,,,,48000000
597,청풍추모공원,597,공설,,"봉안당, 공원묘지",봉안당,공원묘지,,,,,64000000
597,청풍추모공원,597,공설,,"봉안당, 공원묘지",봉안당,공원묘지,,,[합장단] 영구 이용,"단, 4단, 5단, 6단",80000000
597,청풍추모공원,597,공설,,"봉안당, 공원묘지",봉안당,봉안당,개인단,,년 이용,1단,8000000
597,청풍추모공원,597,공설,,"봉안당, 공원묘지",봉안당,봉안당,개인단,,개인단,"년 이용2단, 8단, 10년 이용2단, 8단",12000000
597,청풍추모공원,597,공설,,"봉안당, 공원묘지",봉안당,봉안당,개인단,,"년 이용3단, 7단","[개인단] , [개인단] 10년 이용3단, 7단",16000000
597,청풍추모공원,597,공설,,"봉안당, 공원묘지",봉안당,봉안당,개인단,,영구 이용단,개인단,16000000
597,청풍추모공원,597,공설,,"봉안당, 공원묘지",봉안당,봉안당,개인단,,개인단,"년 이용4단, 5단, 6단, 10년 이용4단, 5단, 6단",20000000
597,청풍추모공원,597,공설,,"봉안당, 공원묘지",봉안당,봉안당,개인단,,,,24000000
597,청풍추모공원,597,공설,,"봉안당, 공원묘지",봉안당,봉안당,개인단,,,,32000000
597,청풍추모공원,597,공설,,"봉안당, 공원묘지",봉안당,봉안당,개인단,,,,40000000
598,전통사찰95호 동도사,598,사설,불교,공원묘지,공원묘지,기타,,,단30x30 cm,1 1단30x30 cm,30000000
598,전통사찰95호 동도사,598,사설,불교,공원묘지,공원묘지,기타,,,단30x30 cm,1 1단30x30 cm,30000000
598,전통사찰95호 동도사,598,사설,불교,공원묘지,공원묘지,기타,,,단30x30 cm,1 1단30x30 cm1,40000000
598,전통사찰95호 동도사,598,사설,불교,공원묘지,공원묘지,기타,,,단30x30 cm,1 1단30x30 cm,40000000
598,전통사찰95호 동도사,598,사설,불교,공원묘지,공원묘지,기타,,,단30x30 cm,1단30x30 cm,50000000
598,전통사찰95호 동도사,598,사설,불교,공원묘지,공원묘지,기타,,,단30x30 cm,1 1단30x30 cm,50000000
598,전통사찰95호 동도사,598,사설,불교,공원묘지,공원묘지,기타,,,단30x30 cm,1 1단30x30 cm,60000000
598,전통사찰95호 동도사,598,사설,불교,공원묘지,공원묘지,기타,,,단30x30 cm,1 1단30x30 cm,60000000
598,전통사찰95호 동도사,598,사설,불교,공원묘지,공원묘지,기타,,,단,60x30 cm 8단60x30 cm,60000000
598,전통사찰95호 동도사,598,사설,불교,공원묘지,공원묘지,기타,,,단,60x30 cm 8단60x30 cm,70000000
598,전통사찰95호 동도사,598,사설,불교,공원묘지,공원묘지,기타,,,단60x30 cm,8단60x30 cm,80000000
598,전통사찰95호 동도사,598,사설,불교,공원묘지,공원묘지,기타,,,단60x30 cm,8단60x30 cm,80000000
598,전통사찰95호 동도사,598,사설,불교,공원묘지,공원묘지,기타,,,단60x30 cm,8단60x30 cm,120000000
598,전통사찰95호 동도사,598,사설,불교,공원묘지,공원묘지,기타,,,단60x30 cm,8단60x30 cm,120000000
598,전통사찰95호 동도사,598,사설,불교,공원묘지,공원묘지,기타,,,단60x30 cm,8단60x30 cm,140000000
598,전통사찰95호 동도사,598,사설,불교,공원묘지,공원묘지,기타,,,단 8단,60x30 cm 60x30 cm,140000000
599,동천교회 납골묘,599,사설,기독교,봉안당,공원묘지,봉안당,,,단,15cm*20cm 1단15cm*20cm,8000000
599,동천교회 납골묘,599,사설,기독교,봉안당,공원묘지,봉안당,,,단,15cm*20cm 1단15cm*20cm,8000000
599,동천교회 납골묘,599,사설,기독교,봉안당,공원묘지,봉안당,,,단15cm*20cm,1 1단15cm*20cm,10000000
599,동천교회 납골묘,599,사설,기독교,봉안당,공원묘지,봉안당,,,단15cm*20cm,1 1단15cm*20cm,10000000
599,동천교회 납골묘,599,사설,기독교,봉안당,공원묘지,봉안당,,,단,15cm*20cm 1단15cm*20cm,12000000
599,동천교회 납골묘,599,사설,기독교,봉안당,공원묘지,봉안당,,,단15cm*20cm,1단15cm*20cm,12000000
599,동천교회 납골묘,599,사설,기독교,봉안당,공원묘지,봉안당,,,단15cm*20cm,1 1단15cm*20cm,12000000
599,동천교회 납골묘,599,사설,기독교,봉안당,공원묘지,봉안당,,,1단,"단, 15cm*20cm",12000000
599,동천교회 납골묘,599,사설,기독교,봉안당,공원묘지,봉안당,,,단,15cm*20cm 1단15cm*20cm,12000000
599,동천교회 납골묘,599,사설,기독교,봉안당,공원묘지,봉안당,,,단,15cm*20cm 1단15cm*20cm,15000000
599,동천교회 납골묘,599,사설,기독교,봉안당,공원묘지,봉안당,,,단15cm*20cm,1 1단15cm*20cm,15000000
599,동천교회 납골묘,599,사설,기독교,봉안당,공원묘지,봉안당,,,단,15cm*20cm 1단15cm*20cm,18000000
599,동천교회 납골묘,599,사설,기독교,봉안당,공원묘지,봉안당,,,단,15cm*20cm 1단15cm*20cm,18000000
599,동천교회 납골묘,599,사설,기독교,봉안당,공원묘지,봉안당,,,단,15cm*20cm 1단15cm*20cm,18000000
599,동천교회 납골묘,599,사설,기독교,봉안당,공원묘지,봉안당,,,단,15cm*20cm 1단15cm*20cm,18000000
599,동천교회 납골묘,599,사설,기독교,봉안당,공원묘지,봉안당,,,단15cm*20cm*21,1단15cm*20cm*21,212000000
600,대국사,600,사설,,공원묘지,봉안당,정보없음,,정보없음,정보없음,자동 추출 실패 (푸터 텍스트),
601,상월사 봉안당,601,사설,,봉안당,봉안당,봉안당,,,봉안실,단250mm*270mm 봉안실 1단250mm*270mm,20000000
601,상월사 봉안당,601,사설,,봉안당,봉안당,봉안당,,,봉안실,단250mm*270mm 봉안실 8단250mm*270mm,20000000
601,상월사 봉안당,601,사설,,봉안당,봉안당,봉안당,,,봉안실,단250mm*270mm 봉안실 2단250mm*270mm,30000000
601,상월사 봉안당,601,사설,,봉안당,봉안당,봉안당,,,봉안실,단250mm*270mm 봉안실 7단250mm*270mm,30000000
601,상월사 봉안당,601,사설,,봉안당,봉안당,봉안당,,,봉안실,"단250mm*500mm, 1단250mm*500mm",40000000
601,상월사 봉안당,601,사설,,봉안당,봉안당,봉안당,,,봉안실,단250mm*500mm1 1단250mm*500mm1,40000000
601,상월사 봉안당,601,사설,,봉안당,봉안당,봉안당,,,봉안실,단250mm*270mm 봉안실 3단250mm*270mm,50000000
601,상월사 봉안당,601,사설,,봉안당,봉안당,봉안당,,,봉안실,단250mm*270mm 봉안실 4단250mm*270mm,60000000
601,상월사 봉안당,601,사설,,봉안당,봉안당,봉안당,,,봉안실,단250mm*270mm 봉안실 5단250mm*270mm,60000000
601,상월사 봉안당,601,사설,,봉안당,봉안당,봉안당,,,봉안실,단250mm*270mm 6단250mm*270mm,60000000
601,상월사 봉안당,601,사설,,봉안당,봉안당,봉안당,,,봉안실,"단250mm*500mm, 1단250mm*500mm",60000000
601,상월사 봉안당,601,사설,,봉안당,봉안당,봉안당,,,봉안실,단250mm*500mm 봉안실 7단250mm*500mm,60000000
601,상월사 봉안당,601,사설,,봉안당,봉안당,봉안당,,,봉안실,단250mm*500mm 봉안실 3단250mm*500mm,100000000
601,상월사 봉안당,601,사설,,봉안당,봉안당,봉안당,,,봉안실,단250mm*500mm1 1단250mm*500mm1,120000000
601,상월사 봉안당,601,사설,,봉안당,봉안당,봉안당,,,봉안실,단250mm*500mm 봉안실 5단250mm*500mm,120000000
601,상월사 봉안당,601,사설,,봉안당,봉안당,봉안당,,,봉안실,단250mm*500mm 6단250mm*500mm,120000000
602,대한불교조계종관음사,602,사설,불교,봉안당,봉안당,봉안당,개인단,,개인8단,개인8단8단,30000000
602,대한불교조계종관음사,602,사설,불교,봉안당,봉안당,봉안당,개인단,,개인7단,개인7단,35000000
602,대한불교조계종관음사,602,사설,불교,봉안당,봉안당,봉안당,개인단,,개인단1단,개인1단1단,50000000
602,대한불교조계종관음사,602,사설,불교,봉안당,봉안당,봉안당,개인단,,개인6단,개인6단6단,50000000
602,대한불교조계종관음사,602,사설,불교,봉안당,봉안당,봉안당,개인단,,개인2단,개인2단,60000000
602,대한불교조계종관음사,602,사설,불교,봉안당,봉안당,봉안당,개인단,,개인3단,개인3단3단,60000000
602,대한불교조계종관음사,602,사설,불교,봉안당,봉안당,봉안당,개인단,,개인5단,개인5단,60000000
602,대한불교조계종관음사,602,사설,불교,봉안당,봉안당,봉안당,부부단,,부부단8단,부부8단8단,60000000
602,대한불교조계종관음사,602,사설,불교,봉안당,봉안당,봉안당,부부단,,부부단7단,부부7단7단,70000000
602,대한불교조계종관음사,602,사설,불교,봉안당,봉안당,봉안당,개인단,,개인4단,개인4단,75000000
602,대한불교조계종관음사,602,사설,불교,봉안당,봉안당,봉안당,부부단,,부부단1단,부부1단1단,100000000
602,대한불교조계종관음사,602,사설,불교,봉안당,봉안당,봉안당,부부단,,부부단6단,부부6단6단,100000000
602,대한불교조계종관음사,602,사설,불교,봉안당,봉안당,봉안당,부부단,,부부단2단,부부2단2단,120000000
602,대한불교조계종관음사,602,사설,불교,봉안당,봉안당,봉안당,부부단,,부부단3단,부부3단3단,120000000
602,대한불교조계종관음사,602,사설,불교,봉안당,봉안당,봉안당,부부단,,부부단5단,부부5단5단,120000000
602,대한불교조계종관음사,602,사설,불교,봉안당,봉안당,봉안당,부부단,,부부단4단,부부4단4단,150000000
603,석예정사,603,사설,불교,공원묘지,봉안당,기타(관리비),,,석예관 8단관리비,1년* 5만원(5년선납),25000000
603,석예정사,603,사설,불교,공원묘지,봉안당,기타(관리비),,,석예관 8단관리비,1년* 5만원(5년선납),30000000
603,석예정사,603,사설,불교,공원묘지,봉안당,기타(관리비),,,석예관 7단관리비,1년* 5만원(5년선납),35000000
603,석예정사,603,사설,불교,공원묘지,봉안당,기타(관리비),,,,,40000000
603,석예정사,603,사설,불교,공원묘지,봉안당,기타(관리비),,,석예관 7단관리비,1년* 5만원(5년선납),45000000
603,석예정사,603,사설,불교,공원묘지,봉안당,기타(관리비),,,석예관 1단관리비,1년* 5만원(5년선납),50000000
603,석예정사,603,사설,불교,공원묘지,봉안당,기타(관리비),,,석예관 2단관리비,1년* 5만원(5년선납),50000000
603,석예정사,603,사설,불교,공원묘지,봉안당,기타(관리비),,,석예관 2단관리비,1년* 5만원(5년선납),60000000
603,석예정사,603,사설,불교,공원묘지,봉안당,기타(관리비),,,석예관 6단관리비,1년* 5만원(5년선납),60000000
603,석예정사,603,사설,불교,공원묘지,봉안당,기타(관리비),,,,,60000000
603,석예정사,603,사설,불교,공원묘지,봉안당,기타(관리비),,,석예관 6단관리비,1년* 5만원(5년선납),70000000
603,석예정사,603,사설,불교,공원묘지,봉안당,기타(관리비),,,석예관 3단관리비,1년* 5만원(5년선납),70000000
603,석예정사,603,사설,불교,공원묘지,봉안당,기타(관리비),,,석예관 5단관리비,1년* 5만원(5년선납),70000000
603,석예정사,603,사설,불교,공원묘지,봉안당,기타(관리비),,,"석예관 4단관리비, 석예2관 4단관리비",1년* (5년선납),70000000
603,석예정사,603,사설,불교,공원묘지,봉안당,기타(관리비),,,석예관 5단관리비,1년(5년선납),80000000
603,석예정사,603,사설,불교,공원묘지,봉안당,기타(관리비),,,석예관,4단관리비 1년* (5년선납),80000000
604,(재)경춘공원묘원 봉안당,604,사설,,"공원묘지, 봉안당, 수목장",공원묘지,공원묘지,,,묘지사용료,"3m2당, 3.3m2당",13000000
604,(재)경춘공원묘원 봉안당,604,사설,,"공원묘지, 봉안당, 수목장",공원묘지,봉안당,부부단,,부부형봉안묘(평장형),"1기봉안, 2기봉안",79000000
604,(재)경춘공원묘원 봉안당,604,사설,,"공원묘지, 봉안당, 수목장",공원묘지,봉안당,가족단,,가족봉안묘,"경춘호8기봉안, 경춘8호8기봉안",150000000
604,(재)경춘공원묘원 봉안당,604,사설,,"공원묘지, 봉안당, 수목장",공원묘지,봉안당,가족단,,,,210000000
604,(재)경춘공원묘원 봉안당,604,사설,,"공원묘지, 봉안당, 수목장",공원묘지,봉안당,가족단,,가족봉안묘,"경춘호20기봉안, 경춘7호20기봉안",230000000
604,(재)경춘공원묘원 봉안당,604,사설,,"공원묘지, 봉안당, 수목장",공원묘지,봉안당,가족단,,,,250000000
604,(재)경춘공원묘원 봉안당,604,사설,,"공원묘지, 봉안당, 수목장",공원묘지,봉안당,가족단,,가족봉안묘,"경춘호16기봉안, 경춘11호16기봉안",250000000
604,(재)경춘공원묘원 봉안당,604,사설,,"공원묘지, 봉안당, 수목장",공원묘지,봉안당,가족단,,가족봉안묘-경춘호,(혼합형)매장2기+봉안12기1,265000000
604,(재)경춘공원묘원 봉안당,604,사설,,"공원묘지, 봉안당, 수목장",공원묘지,봉안당,가족단,,가족봉안묘-경춘호,20기봉안 1,275000000
604,(재)경춘공원묘원 봉안당,604,사설,,"공원묘지, 봉안당, 수목장",공원묘지,봉안당,가족단,,가족봉안묘,경춘호22기봉안 가족봉안묘-경춘4호22기봉안,275000000
604,(재)경춘공원묘원 봉안당,604,사설,,"공원묘지, 봉안당, 수목장",공원묘지,봉안당,가족단,,,,370000000
604,(재)경춘공원묘원 봉안당,604,사설,,"공원묘지, 봉안당, 수목장",공원묘지,봉안당,가족단,,가족봉안묘,경춘호46기봉안1,390000000
604,(재)경춘공원묘원 봉안당,604,사설,,"공원묘지, 봉안당, 수목장",공원묘지,봉안당,가족단,,가족봉안묘,경춘호40기봉안 가족봉안묘-경춘1호40기봉안,460000000
604,(재)경춘공원묘원 봉안당,604,사설,,"공원묘지, 봉안당, 수목장",공원묘지,수목장,,,평장형 자연장,6기봉안,99000000
604,(재)경춘공원묘원 봉안당,604,사설,,"공원묘지, 봉안당, 수목장",공원묘지,기타(관리비),,,관리비,.3m2당 3.3m2당,180000
605,남한강공원묘원(봉안),605,사설,무관,봉안당,공원묘지,정보없음,,정보없음,정보없음,자동 추출 실패 (푸터 텍스트),
605,남한강공원묘원(봉안),605,사설,무관,봉안당,공원묘지,봉안당,,재추출(병합),석물 설치,설치비계약후,1500000
606,양산 석굴암 극락전 추모관,606,사설,불교,봉안당,봉안당,봉안당,개인단,,개인단영구관리,"1층, 관리비없음",30000000
606,양산 석굴암 극락전 추모관,606,사설,불교,봉안당,봉안당,봉안당,개인단,,개인단영구관리,1층 개인단영구관리 / 관리비없음,30000000
606,양산 석굴암 극락전 추모관,606,사설,불교,봉안당,봉안당,봉안당,개인단,,개인단영구관리,"1층, 층 개인단영구관리 / 관리비없음,  / 관리비없음",45000000
606,양산 석굴암 극락전 추모관,606,사설,불교,봉안당,봉안당,봉안당,개인단,,개인단영구관리,"층 / 관리비없음, 1층 / 관리비없음",45000000
606,양산 석굴암 극락전 추모관,606,사설,불교,봉안당,봉안당,봉안당,부부단,,층 부부단영구관리,관리비없음,50000000
606,양산 석굴암 극락전 추모관,606,사설,불교,봉안당,봉안당,봉안당,개인단,,개인단영구관리,"1층, 관리비없음",50000000
606,양산 석굴암 극락전 추모관,606,사설,불교,봉안당,봉안당,봉안당,개인단,,개인단영구관리,층 / 관리비없음1 1층 / 관리비없음1,50000000
606,양산 석굴암 극락전 추모관,606,사설,불교,봉안당,봉안당,봉안당,부부단,,층 부부단영구관리,관리비없음,50000000
606,양산 석굴암 극락전 추모관,606,사설,불교,봉안당,봉안당,봉안당,개인단,,개인단영구관리,"층, 관리비없음, 1층",65000000
606,양산 석굴암 극락전 추모관,606,사설,불교,봉안당,봉안당,봉안당,부부단,,층 부부단영구관리,관리비없음,80000000
606,양산 석굴암 극락전 추모관,606,사설,불교,봉안당,봉안당,봉안당,부부단,,층 부부단영구관리,관리비없음,80000000
606,양산 석굴암 극락전 추모관,606,사설,불교,봉안당,봉안당,봉안당,부부단,,층 부부단영구관리,관리비없음,90000000
606,양산 석굴암 극락전 추모관,606,사설,불교,봉안당,봉안당,봉안당,부부단,,,,90000000
606,양산 석굴암 극락전 추모관,606,사설,불교,봉안당,봉안당,봉안당,부부단,,부부단영구관리,층 / 관리비없음 4층 / 관리비없음,100000000
607,수암사 영혼의쉼터,607,사설,불교,봉안당,봉안당,봉안당,개인단,,법당식(층) 특별단개인단,1구좌가격임 법당식(1층) 특별단개인단 1구좌가격임,120000000
607,수암사 영혼의쉼터,607,사설,불교,봉안당,봉안당,기타,,,도자기항아리,국산 도자기항아리 국산,300000
607,수암사 영혼의쉼터,607,사설,불교,봉안당,봉안당,기타,,,지장보살유골함국산,지장보살유골함국산,400000
607,수암사 영혼의쉼터,607,사설,불교,봉안당,봉안당,기타,,,옷장식(층),"1단,6단",30000000
607,수암사 영혼의쉼터,607,사설,불교,봉안당,봉안당,기타,,,법당식,(층)14~15단 1 법당식(1층)14~15단 1,40000000
607,수암사 영혼의쉼터,607,사설,불교,봉안당,봉안당,기타,,,옷장식,"(층) 2~5단, (1층) 2~5단",40000000
607,수암사 영혼의쉼터,607,사설,불교,봉안당,봉안당,기타,,,층,1단 2층 1단,49000000
607,수암사 영혼의쉼터,607,사설,불교,봉안당,봉안당,기타,,,층,6단 2층(6단),49000000
607,수암사 영혼의쉼터,607,사설,불교,봉안당,봉안당,기타,,,법당식(층),9~13단 법당식(1층) 9~13단,50000000
607,수암사 영혼의쉼터,607,사설,불교,봉안당,봉안당,기타,,,층,"2층(2,5단)",55000000
607,수암사 영혼의쉼터,607,사설,불교,봉안당,봉안당,기타,,,법당식(층),1~8단,60000000
607,수암사 영혼의쉼터,607,사설,불교,봉안당,봉안당,기타,,,층,"3,4단 2층(3,4단)",65000000
607,수암사 영혼의쉼터,607,사설,불교,봉안당,봉안당,기타,,,특별단,"1층, 2층",120000000
607,수암사 영혼의쉼터,607,사설,불교,봉안당,봉안당,기타,가족단,,가족단,층(가족단1~5단)10칸가족단 10구좌가격임 2층(가족단1~5단)10칸가족단 10구좌가격임,500000000
608,(사)민족불교해동조계종 해동사,608,사설,불교,공원묘지,봉안당,기타(관리비),,,관리비용,"년, 5년",100000
608,(사)민족불교해동조계종 해동사,608,사설,불교,공원묘지,봉안당,기타,,,유골함,기1기1 유골함 1기1기,100000
608,(사)민족불교해동조계종 해동사,608,사설,불교,공원묘지,봉안당,기타(관리비),,,관리비용,"년, 5년",200000
608,(사)민족불교해동조계종 해동사,608,사설,불교,공원묘지,봉안당,기타(관리비),,,관리비용,"년, 5년",300000
608,(사)민족불교해동조계종 해동사,608,사설,불교,공원묘지,봉안당,기타,,,영구관리영구보관,영구관리영구보관,500000
608,(사)민족불교해동조계종 해동사,608,사설,불교,공원묘지,봉안당,기타,,,단1단,1단1단,10000000
608,(사)민족불교해동조계종 해동사,608,사설,불교,공원묘지,봉안당,기타,,,단2단,분양가격 2단2단 분양가격,15000000
608,(사)민족불교해동조계종 해동사,608,사설,불교,공원묘지,봉안당,기타,,,단8단,"분양가격1, 8단8단 분양가격1",15000000
608,(사)민족불교해동조계종 해동사,608,사설,불교,공원묘지,봉안당,기타,,,단7단,분양가격 1 7단7단 분양가격 1,18000000
608,(사)민족불교해동조계종 해동사,608,사설,불교,공원묘지,봉안당,기타,,,단3단,분양가격 3단3단 분양가격,20000000
608,(사)민족불교해동조계종 해동사,608,사설,불교,공원묘지,봉안당,기타,,,단 ~ 6단4단 부터 6단,4단 ~ 6단4단 부터 6단,30000000
609,천주교하늘공원 봉안당,609,사설,천주교,봉안당,"봉안당, 공원묘지",봉안당,개인단,,개인단 관리비,개인단 관리비1년,300000
609,천주교하늘공원 봉안당,609,사설,천주교,봉안당,"봉안당, 공원묘지",봉안당,부부단,,부부단 관리비,년마다 총 8회납 부부단 관리비5년마다 총 8회납,400000
609,천주교하늘공원 봉안당,609,사설,천주교,봉안당,"봉안당, 공원묘지",봉안당,가족단,,가족봉안묘,위 관리비1년1 6위 관리비1년1,400000
609,천주교하늘공원 봉안당,609,사설,천주교,봉안당,"봉안당, 공원묘지",봉안당,가족단,,가족봉안묘,위 관리비1년 가족봉안묘 위 관리비1년,500000
609,천주교하늘공원 봉안당,609,사설,천주교,봉안당,"봉안당, 공원묘지",봉안당,개인단,,개인단(층 1단/2단/7단/8단)1위형,관리비 별도,25000000
609,천주교하늘공원 봉안당,609,사설,천주교,봉안당,"봉안당, 공원묘지",봉안당,개인단,,개인단,"(층 3단/4단/5단/6단, 2층전체)1위형/관리비 별도 개인단(1층 3단/4단/5단/6단, 2층전체)1위형/관리비 별도",30000000
609,천주교하늘공원 봉안당,609,사설,천주교,봉안당,"봉안당, 공원묘지",봉안당,부부단,,부부단(층 1단/2단/7단/8단)2위형,관리비 별도,50000000
609,천주교하늘공원 봉안당,609,사설,천주교,봉안당,"봉안당, 공원묘지",봉안당,부부단,,부부단,"(층/1층 3단/4단/5단/6단, 2층전체)2위형/관리비 별도",60000000
609,천주교하늘공원 봉안당,609,사설,천주교,봉안당,"봉안당, 공원묘지",봉안당,가족단,,가족봉안묘위6위형,관리비 별도 가족봉안묘6위6위형/관리비 별도,120000000
609,천주교하늘공원 봉안당,609,사설,천주교,봉안당,"봉안당, 공원묘지",봉안당,가족단,,가족봉안묘위8위형,관리비 별도 가족봉안묘8위8위형/관리비 별도,150000000
609,천주교하늘공원 봉안당,609,사설,천주교,봉안당,"봉안당, 공원묘지",기타(관리비),가족단,,가족단 관리비,가족단 관리비1년,500000
609,천주교하늘공원 봉안당,609,사설,천주교,봉안당,"봉안당, 공원묘지",기타(관리비),가족단,,가족단(층 1단/4단)4위형,관리비 별도 가족단(1층 1단/4단)4위형/관리비 별도,90000000
609,천주교하늘공원 봉안당,609,사설,천주교,봉안당,"봉안당, 공원묘지",기타(관리비),가족단,,가족단,"(층 2단/3단, 2층 전체)4위형/ (1층 2단/3단, 2층 전체)4위형/",100000000
610,추모공원 하늘문,610,공설,기독교,봉안당,봉안당,봉안당,개인단,,믿음관 일반실(개인단)사용료,"/ 관리비:5년 35만원2,000,0001",20000000
610,추모공원 하늘문,610,공설,기독교,봉안당,봉안당,봉안당,개인단,,사랑관 일반실(개인단)사용료,/ 관리비:5년,20000000
610,추모공원 하늘문,610,공설,기독교,봉안당,봉안당,봉안당,개인단,,소망관 일반스페셜실(개인단)사용료,/ 관리비:5년,35000000
610,추모공원 하늘문,610,공설,기독교,봉안당,봉안당,봉안당,부부단,,믿음관 일반실(부부단)사용료,/ 관리비:5년 ,40000000
610,추모공원 하늘문,610,공설,기독교,봉안당,봉안당,봉안당,개인단,,믿음관VIP실(개인단)사용료,관리비:5년,40000000
610,추모공원 하늘문,610,공설,기독교,봉안당,봉안당,봉안당,부부단,,사랑관 일반실(부부단)사용료,"/ 관리비:5년 70만원4,000,0001 사랑관 일반실(부부단)사용료: / 관리비:5년 70만원4,000,0001",40000000
610,추모공원 하늘문,610,공설,기독교,봉안당,봉안당,봉안당,개인단,,사랑관 특별단(개인단),사용료: / 관리비:5년,40000000
610,추모공원 하늘문,610,공설,기독교,봉안당,봉안당,봉안당,개인단,,소망관 VIPVVIP실(개인단)사용료,관리비:5년 35만원,55000000
610,추모공원 하늘문,610,공설,기독교,봉안당,봉안당,봉안당,부부단,,소망관 일반스페셜실(부부단)사용료,"/ 관리비:5년 70만원 소망관 일반,스페셜실(부부단)사용료/ 관리비:5년 70만원",70000000
610,추모공원 하늘문,610,공설,기독교,봉안당,봉안당,봉안당,부부단,,믿음관VIP실(부부단)사용료,"/ 관리비:5년 70만원8,000,0001 믿음관VIP실(부부단)사용료: / 관리비:5년 70만원8,000,0001",80000000
610,추모공원 하늘문,610,공설,기독교,봉안당,봉안당,봉안당,부부단,,사랑관 특별단(부부단),사용료:  / 관리비:5년70만원,80000000
610,추모공원 하늘문,610,공설,기독교,봉안당,봉안당,봉안당,부부단,,소망관 VIPVVIP실(부부단),사용료: / 관리비:5년,110000000
610,추모공원 하늘문,610,공설,기독교,봉안당,봉안당,기타(관리비),개인단,,사랑관 특별단(VIP)사용료,관리비:5년 35만원(1위),180000000
611,은하수공원 달님의집(봉안당),611,사설,,봉안당,"봉안당, 수목장",봉안당,개인단,관내,봉안당 사용료개인단,관내(세종시 편입 개장유골) 봉안당 사용료개인단/ 관내(세종시 편입 개장유골),3000000
611,은하수공원 달님의집(봉안당),611,사설,,봉안당,"봉안당, 수목장",봉안당,개인단,관내,봉안당 사용료,개인단/관내,3800000
611,은하수공원 달님의집(봉안당),611,사설,,봉안당,"봉안당, 수목장",봉안당,부부단,관내,봉안당 사용료부부단,관내(세종시 편입 개장유골) 봉안당 사용료부부단/관내(세종시 편입 개장유골),4400000
611,은하수공원 달님의집(봉안당),611,사설,,봉안당,"봉안당, 수목장",봉안당,부부단,관내,봉안당 사용료부부단/관내(세종시 편입 개장유골),봉안당 사용료부부단/관내(세종시 편입 개장유골),5700000
611,은하수공원 달님의집(봉안당),611,사설,,봉안당,"봉안당, 수목장",봉안당,,관외,봉안당 사용료,유공자/관외 봉안당 사용료유공자/관외,7600000
611,은하수공원 달님의집(봉안당),611,사설,,봉안당,"봉안당, 수목장",봉안당,,관외,봉안당 사용료,유공자/관외 봉안당 사용료유공자/관외,11400000
611,은하수공원 달님의집(봉안당),611,사설,,봉안당,"봉안당, 수목장",봉안당,개인단,관외,봉안당 사용료,개인단/관외 봉안당 사용료개인단/관외,15200000
611,은하수공원 달님의집(봉안당),611,사설,,봉안당,"봉안당, 수목장",봉안당,부부단,관외,봉안당 사용료,부부단/관외 봉안당 사용료부부단/관외,22800000
612,속초시추모의집,612,사설,,봉안당,봉안당,봉안당,개인단,관내,봉안당이용료개인단,기초생활수급자(관내) 봉안당이용료개인단 기초생활수급자(관내),1000000
612,속초시추모의집,612,사설,,봉안당,봉안당,봉안당,개인단,관내,봉안당이용료개인단,국가유공자(관내),1000000
612,속초시추모의집,612,사설,,봉안당,봉안당,봉안당,부부단,관내,봉안당이용료부부단,기초생활수급자(관내),1500000
612,속초시추모의집,612,사설,,봉안당,봉안당,봉안당,부부단,관내,봉안당이용료부부단 국가유공자(관내),봉안당이용료부부단 국가유공자(관내) 봉안당이용료부부단 국가유공자(관내),1500000
612,속초시추모의집,612,사설,,봉안당,봉안당,봉안당,개인단,관내,봉안당이용료개인단(관내),봉안당이용료개인단(관내),2000000
612,속초시추모의집,612,사설,,봉안당,봉안당,봉안당,부부단,관내,봉안당이용료부부단(관내),봉안당이용료부부단(관내),3000000
612,속초시추모의집,612,사설,,봉안당,봉안당,봉안당,개인단,관외,봉안당이용료개인단,기초생활수급자(관외),4800000
612,속초시추모의집,612,사설,,봉안당,봉안당,봉안당,개인단,관외,봉안당이용료개인단,국가유공자(관외),4800000
612,속초시추모의집,612,사설,,봉안당,봉안당,봉안당,개인단,관외,봉안당이용료개인단(관외),봉안당이용료개인단(관외),6000000
612,속초시추모의집,612,사설,,봉안당,봉안당,봉안당,부부단,관외,봉안당이용료부부단,기초생활수급자(관외),7200000
612,속초시추모의집,612,사설,,봉안당,봉안당,봉안당,부부단,관외,봉안당이용료부부단,국가유공자(관외) 봉안당이용료부부단 국가유공자(관외),7200000
612,속초시추모의집,612,사설,,봉안당,봉안당,봉안당,부부단,관외,봉안당이용료부부단(관외),봉안당이용료부부단(관외) 봉안당이용료부부단(관외),9000000
613,예산군추모의집 제1관,613,사설,,봉안당,봉안당,봉안당,개인단,관내,관리비(개인단),예산군에 계속 년이상 주민등록이 되어 있는 자 예산군에 계속 3년이상 주민등록이 되어 있는 자,1000000
613,예산군추모의집 제1관,613,사설,,봉안당,봉안당,봉안당,개인단,관내,관리비(개인단)예산군,"월이상 3년미만 주민등록이 되어 있는자, 6월이상 등록기준지가 되어 있는자",1500000
613,예산군추모의집 제1관,613,사설,,봉안당,봉안당,봉안당,개인단,관내,사용료(개인단),예산군에 계속 3년이상 주민등록이 되어 있는 자,2500000
613,예산군추모의집 제1관,613,사설,,봉안당,봉안당,봉안당,개인단,,관리비(개인단),예산군 이외 사용자 관리비(개인단)예산군 이외 사용자,2500000
613,예산군추모의집 제1관,613,사설,,봉안당,봉안당,봉안당,부부단,관내,관리비(부부단),예산군에 계속 년이상 주민등록이 되어 있는 자 관리비(부부단)예산군에 계속 3년이상 주민등록이 되어 있는 자,3000000
613,예산군추모의집 제1관,613,사설,,봉안당,봉안당,봉안당,개인단,관내,사용료(개인단)예산군,"월이상 3년미만 주민등록이 되어 있는자, 6월이상 등록기준지가 되어 있는자",3500000
613,예산군추모의집 제1관,613,사설,,봉안당,봉안당,봉안당,부부단,관내,관리비(부부단)예산군,"월이상 3년미만 주민등록이 되어 있는자, 6월이상 등록기준지가 되어 있는자",3500000
613,예산군추모의집 제1관,613,사설,,봉안당,봉안당,봉안당,개인단,,사용료(개인단),예산군 이외 사용자 사용료(개인단) 예산군 이외 사용자,5000000
613,예산군추모의집 제1관,613,사설,,봉안당,봉안당,봉안당,부부단,,관리비(부부단),예산군 이외 사용자 관리비(부부단)예산군 이외 사용자,5000000
613,예산군추모의집 제1관,613,사설,,봉안당,봉안당,봉안당,부부단,관내,사용료(부부단),예산군에 계속 년이상 주민등록이 되어 있는 자 예산군에 계속 3년이상 주민등록이 되어 있는 자,7000000
613,예산군추모의집 제1관,613,사설,,봉안당,봉안당,봉안당,부부단,관내,사용료(부부단)예산군,"월이상 3년미만 주민등록이 되어 있는자, 6월이상 등록기준지가 되어 있는자, 6월이상 3년미만 주민등록이 되어 있는자, 6월이상 등록기준지가 되어 있는자",11500000
613,예산군추모의집 제1관,613,사설,,봉안당,봉안당,봉안당,부부단,,사용료,(부부단)예산군 이외 사용자,15000000
614,일산푸른솔추모공원,614,공설,,봉안당,"봉안당, 공원묘지",봉안당,개인단,,관 2층 고급1호실 (개인),사용료:,70000000
614,일산푸른솔추모공원,614,공설,,봉안당,"봉안당, 공원묘지",봉안당,부부단,,관 2층 고급1호실 (부부),사용료,140000000
614,일산푸른솔추모공원,614,공설,,봉안당,"봉안당, 공원묘지",기타(관리비),개인단,,일반실 (개인),층 사용료: 관리비:5년 1 2층 사용료: 관리비:5년 1,15000000
614,일산푸른솔추모공원,614,공설,,봉안당,"봉안당, 공원묘지",기타(관리비),개인단,,일반실 (개인)사용료,층 관리비:5년,20000000
614,일산푸른솔추모공원,614,공설,,봉안당,"봉안당, 공원묘지",기타(관리비),부부단,,층 일반실 (부부),사용료: 관리비:5년,30000000
614,일산푸른솔추모공원,614,공설,,봉안당,"봉안당, 공원묘지",기타(관리비),개인단,,고급실 (개인),"3층, 2층 관리비:5년",35000000
614,일산푸른솔추모공원,614,공설,,봉안당,"봉안당, 공원묘지",기타(관리비),개인단,,3층 고급실 (개인)사용료,관리비:5년,35000000
614,일산푸른솔추모공원,614,공설,,봉안당,"봉안당, 공원묘지",기타(관리비),부부단,,일반실 (부부)사용료,층 관리비:5년,40000000
614,일산푸른솔추모공원,614,공설,,봉안당,"봉안당, 공원묘지",기타(관리비),개인단,,VIP실 (개인)사용료,관리비:5년,65000000
614,일산푸른솔추모공원,614,공설,,봉안당,"봉안당, 공원묘지",기타(관리비),부부단,,층 고급실 (부부),사용료: 관리비:5년,70000000
614,일산푸른솔추모공원,614,공설,,봉안당,"봉안당, 공원묘지",기타(관리비),부부단,,3층 고급실 (부부),사용료: 관리비:5년,70000000
614,일산푸른솔추모공원,614,공설,,봉안당,"봉안당, 공원묘지",기타(관리비),부부단,,VIP실 (부부)사용료,만원 ~  관리비:5년 80만원 VIP실 (부부)사용료:만원 ~  관리비:5년 80만원,130000000
615,양구봉안공원 봉안당,615,사설,,봉안당,"봉안당, 공원묘지",봉안당,개인단,,봉안담,"(개인 관리비)최초관리비15년, (년x15년)",1050000
615,양구봉안공원 봉안당,615,사설,,봉안당,"봉안당, 공원묘지",봉안당,개인단,,봉안담(개인 연장관리비),"연장관리비15년, (년7,000원x15년)",1050000
615,양구봉안공원 봉안당,615,사설,,봉안당,"봉안당, 공원묘지",봉안당,부부단,,봉안담,(부부 연장관리비)연장관리비15년,1050000
615,양구봉안공원 봉안당,615,사설,,봉안당,"봉안당, 공원묘지",봉안당,부부단,,봉안담(부부 관리비),최초관리비15년,1500000
615,양구봉안공원 봉안당,615,사설,,봉안당,"봉안당, 공원묘지",봉안당,가족단,,봉안담,"(가족 법인, 단체등, 관리비)최초관리비15년",1500000
615,양구봉안공원 봉안당,615,사설,,봉안당,"봉안당, 공원묘지",봉안당,가족단,,"봉안담(가족 법인, 단체등, 연장관리비)","연장관리비15년, (년10,000원x15년)",1500000
615,양구봉안공원 봉안당,615,사설,,봉안당,"봉안당, 공원묘지",봉안당,개인단,관내,봉안담(개인 관내인)개인1기당(15년),연장(15년x2회),5478400
615,양구봉안공원 봉안당,615,사설,,봉안당,"봉안당, 공원묘지",봉안당,부부단,관내,"봉안담(가족 법인, 단체등, 관내인)부부1기당(15년)",연장(15년x3회),7832300
615,양구봉안공원 봉안당,615,사설,,봉안당,"봉안당, 공원묘지",봉안당,부부단,관내,봉안담(부부 관내인),"부부1기당(15년), 연장(15년x2회) 봉안담(부부, 관내인)부부1기당(15년), 연장(15년x2회)",8244600
615,양구봉안공원 봉안당,615,사설,,봉안당,"봉안당, 공원묘지",봉안당,개인단,관외,봉안담(개인 관외인),"개인1기당(15년), 연장(15년x2회)",9124800
615,양구봉안공원 봉안당,615,사설,,봉안당,"봉안당, 공원묘지",봉안당,부부단,관외,"봉안담(가족 법인, 단체등, 관외인)부부1기당(15년), 연장(15년x3회)","봉안담(가족, 법인, 단체등, 관외인)부부1기당(15년), 연장(15년x3회)",13054000
615,양구봉안공원 봉안당,615,사설,,봉안당,"봉안당, 공원묘지",봉안당,부부단,관외,"봉안담(부부, 관외인)","부부1기당(15년), 연장(15년x2회)",13741100
616,(재)지평선전북공원묘원(봉안),616,사설,,봉안당,공원묘지,봉안당,,,유골함(한지)규격 (18*18),,250000
616,(재)지평선전북공원묘원(봉안),616,사설,,봉안당,공원묘지,봉안당,,,,,3000000
616,(재)지평선전북공원묘원(봉안),616,사설,,봉안당,공원묘지,봉안당,,,,,3900000
616,(재)지평선전북공원묘원(봉안),616,사설,,봉안당,공원묘지,봉안당,,,봉안위,"상석, 비석, 1회설치비 포함, 7평, 봉안12위, 상석, 비석, 1회설치비 포함, 7평",9900000
616,(재)지평선전북공원묘원(봉안),616,사설,,봉안당,공원묘지,봉안당,,,장미묘역,"3㎡, 장미묘역3.3㎡",12000000
616,(재)지평선전북공원묘원(봉안),616,사설,,봉안당,공원묘지,봉안당,,,개나리묘역,3㎡1 개나리묘역3.3㎡1,13000000
616,(재)지평선전북공원묘원(봉안),616,사설,,봉안당,공원묘지,봉안당,,,진달래묘역,3㎡ 진달래묘역3.3㎡,14000000
616,(재)지평선전북공원묘원(봉안),616,사설,,봉안당,공원묘지,봉안당,,,매화묘역,3㎡ 매화묘역3.3㎡,15000000
616,(재)지평선전북공원묘원(봉안),616,사설,,봉안당,공원묘지,봉안당,,,봉안위,"(상석,비석,1회설치비포함)10평",24600000
616,(재)지평선전북공원묘원(봉안),616,사설,,봉안당,공원묘지,기타(관리비),,,관리비평,/1년 관리비1평 /1년,150000
617,봉안당에데나(낙원추모공원),617,공설,,봉안당,봉안당,봉안당,개인단,,식당이용료(일반),1인 기준,15000
617,봉안당에데나(낙원추모공원),617,공설,,봉안당,봉안당,봉안당,개인단,,식당이용료(특식),1인 기준,18000
617,봉안당에데나(낙원추모공원),617,공설,,봉안당,봉안당,봉안당,,,각자대비석,하나당 각자대비석 하나당,1000000
617,봉안당에데나(낙원추모공원),617,공설,,봉안당,봉안당,봉안당,,,BOrigin,B1Origin,1400000
617,봉안당에데나(낙원추모공원),617,공설,,봉안당,봉안당,봉안당,,,BFaint,B2Faint,1600000
617,봉안당에데나(낙원추모공원),617,공설,,봉안당,봉안당,봉안당,,,BMedium,B3Medium,1800000
617,봉안당에데나(낙원추모공원),617,공설,,봉안당,봉안당,봉안당,개인단,,추가안치비용,추가 안치 시 추가 안치 시,2000000
617,봉안당에데나(낙원추모공원),617,공설,,봉안당,봉안당,봉안당,,,BStrong,B4Strong,2500000
617,봉안당에데나(낙원추모공원),617,공설,,봉안당,봉안당,봉안당,개인단,,실내봉안당로얄관 개인,1~8단,3500000
617,봉안당에데나(낙원추모공원),617,공설,,봉안당,봉안당,봉안당,,,Black or White Label,Black or White Label,3800000
617,봉안당에데나(낙원추모공원),617,공설,,봉안당,봉안당,봉안당,,,BColor / Black Edition,B6Color / Black Edition,4900000
617,봉안당에데나(낙원추모공원),617,공설,,봉안당,봉안당,봉안당,개인단,,실내봉안당아트리움관 개인," ~8단/600~1,000만원6,000,000 실내봉안당아트리움관 개인 1~8단/600~1,000만원6,000,000",6000000
617,봉안당에데나(낙원추모공원),617,공설,,봉안당,봉안당,봉안당,,,High-end White,High-end White,6400000
617,봉안당에데나(낙원추모공원),617,공설,,봉안당,봉안당,봉안당,개인단,,실내봉안당팰리스관 개인,1~8단,7000000
617,봉안당에데나(낙원추모공원),617,공설,,봉안당,봉안당,봉안당,,,High-end Color / Black,High-end Color / Black,7000000
617,봉안당에데나(낙원추모공원),617,공설,,봉안당,봉안당,봉안당,개인단,,실내봉안당에덴관 개인,1~6단,12000000
617,봉안당에데나(낙원추모공원),617,공설,,봉안당,봉안당,봉안당,개인단,,실내봉안당루멘관 개인,1~5단,30000000
617,봉안당에데나(낙원추모공원),617,공설,,봉안당,봉안당,기타(관리비),,,관리비기본형,관리비기본형,400000
617,봉안당에데나(낙원추모공원),617,공설,,봉안당,봉안당,기타(관리비),,,관리비확장형,관리비확장형,800000
617,봉안당에데나(낙원추모공원),617,공설,,봉안당,봉안당,기타(관리비),,,관리비트리플형,관리비트리플형,1200000
618,별그리다(THE WALL),618,사설,무관,봉안당,봉안당,봉안당,개인단,,개인단개인형,"단~5단으로 구성, 상세금액 문의 개인단개인형(1단~5단으로 구성, 상세금액 문의)",26500000
618,별그리다(THE WALL),618,사설,무관,봉안당,봉안당,봉안당,부부단,,부부단부부형,"1단~5단으로 구성, 상세금액 문의",42400000
618,별그리다(THE WALL),618,사설,무관,봉안당,봉안당,봉안당,가족단,,봉안묘(소형) 가족묘,봉안4~8위 (상세금액 문의),135000000
618,별그리다(THE WALL),618,사설,무관,봉안당,봉안당,봉안당,가족단,,봉안묘(대형),봉안~36위 가족묘(토지사용료 별도),154000000
618,별그리다(THE WALL),618,사설,무관,봉안당,봉안당,봉안당,가족단,,,,175000000
618,별그리다(THE WALL),618,사설,무관,봉안당,봉안당,봉안당,가족단,,봉안묘(대형/THE PROUD),봉안~36위 가족묘(토지사용료 별도),178200000
618,별그리다(THE WALL),618,사설,무관,봉안당,봉안당,기타,,,유골항아리,도자기/한국 유골항아리/도자기/한국,100000
618,별그리다(THE WALL),618,사설,무관,봉안당,봉안당,기타,,,제사상제사상,"만원, 주문가능",230000
618,별그리다(THE WALL),618,사설,무관,봉안당,봉안당,기타,,,식사식사,"(우거지국북어국,육개장 중 택1), 기본찬",412000
618,별그리다(THE WALL),618,사설,무관,봉안당,봉안당,기타,가족단,,가족단가족형,"가족단가족형33,200,0001",332000000
619,흥륜사정토원,619,미분류,,공원묘지,봉안당,정보없음,,정보없음,정보없음,자동 추출 실패 (푸터 텍스트),
620,(주)청아공원,620,사설,기독교,공원묘지,,공원묘지,,,"국화홀, 대지홀, 은혜홀(보급형)","국화홀, 대지홀, 은혜홀(보급형)",10000000
620,(주)청아공원,620,사설,기독교,공원묘지,,공원묘지,,,"중앙홀 자유홀, 소망홀(보급형)","중앙홀, 자유홀, 소망홀(보급형)",10000000
620,(주)청아공원,620,사설,,공원묘지,,공원묘지,개인단,,"난초홀 평화홀, 승리홀(개인)","난초홀, 평화홀, 승리홀(개인)",34000000
620,(주)청아공원,620,사설,기독교,공원묘지,,공원묘지,개인단,,"국화홀 대지홀, 은혜홀(개인)","국화홀, 대지홀, 은혜홀(개인)",34000000
620,(주)청아공원,620,사설,기독교,공원묘지,,공원묘지,개인단,,"중앙홀 자유홀, 소망홀(개인)","중앙홀, 자유홀, 소망홀(개인)",34000000
620,(주)청아공원,620,사설,기독교,공원묘지,,공원묘지,개인단,,"매화홀 하늘홀, 믿음홀, 청아홀(개인)","매화홀, 하늘홀, 믿음홀, 청아홀(개인)",55000000
620,(주)청아공원,620,사설,,공원묘지,,공원묘지,부부단,,"난초홀 평화홀, 승리홀(부부)","난초홀, 평화홀, 승리홀(부부)",68000000
620,(주)청아공원,620,사설,기독교,공원묘지,,공원묘지,부부단,,"국화홀, 대지홀, 은혜홀(부부)","국화홀, 대지홀, 은혜홀(부부)",68000000
620,(주)청아공원,620,사설,기독교,공원묘지,,공원묘지,부부단,,"중앙홀 자유홀, 소망홀(부부)","중앙홀, 자유홀, 소망홀(부부)",68000000
620,(주)청아공원,620,사설,기독교,공원묘지,,공원묘지,부부단,,"매화홀 하늘홀, 믿음홀, 청아홀",부부,110000000
620,(주)청아공원,620,사설,,공원묘지,,기타(관리비),,,관리비,"년 일시납, 5년 일시납",3200000
621,(재)영봉추모공원,621,공설,,봉안당,"봉안당, 공원묘지",정보없음,,정보없음,정보없음,자동 추출 실패 (푸터 텍스트),
622,강촌추모원,622,사설,,"봉안당, 수목장",공원묘지,봉안당,개인단,,,,15000000
622,강촌추모원,622,사설,,"봉안당, 수목장",공원묘지,봉안당,개인단,,,,25000000
622,강촌추모원,622,사설,,"봉안당, 수목장",공원묘지,봉안당,개인단,,봉안당개인형,단~7단(관리비:년5만원),30000000
622,강촌추모원,622,사설,,"봉안당, 수목장",공원묘지,봉안당,가족단,,야외가족묘(봉안담)단:8기형,"(관리비1기5만원,2기이상10만원)",45000000
622,강촌추모원,622,사설,,"봉안당, 수목장",공원묘지,봉안당,부부단,,봉안당부부형,단~7단(관리비:년10만원),50000000
622,강촌추모원,622,사설,,"봉안당, 수목장",공원묘지,봉안당,가족단,,야외가족묘(봉안담),"단,5단:8기형(관리비:년10만원)",50000000
622,강촌추모원,622,사설,,"봉안당, 수목장",공원묘지,봉안당,가족단,,야외가족묘(봉안담),"단,4단:8기형",60000000
622,강촌추모원,622,사설,,"봉안당, 수목장",공원묘지,봉안당,,,,,150000000
622,강촌추모원,622,사설,,"봉안당, 수목장",공원묘지,봉안당,,,,,200000000
622,강촌추모원,622,사설,불교,"봉안당, 수목장",공원묘지,수목장,,,탑식수목장,(조형물+수목)기(관리비년만원),25000000
623,서대산추모공원 봉안당,623,공설,,봉안당,"봉안당, 공원묘지",봉안당,,,무연고,년10년,1000000
623,서대산추모공원 봉안당,623,공설,,봉안당,"봉안당, 공원묘지",봉안당,,,봉안시설단,9단 봉안시설1단. 9단,30000000
623,서대산추모공원 봉안당,623,공설,,봉안당,"봉안당, 공원묘지",봉안당,,,봉안시설단,8단,35000000
623,서대산추모공원 봉안당,623,공설,,봉안당,"봉안당, 공원묘지",봉안당,,,봉안시설단,7단1 봉안시설3단. 7단1,40000000
623,서대산추모공원 봉안당,623,공설,,봉안당,"봉안당, 공원묘지",봉안당,,,봉안시설단,봉안시설4단~6단,45000000
623,서대산추모공원 봉안당,623,공설,,봉안당,"봉안당, 공원묘지",봉안당,부부단,,봉안시설단,9단(부부단) 봉안시설1단. 9단(부부단),60000000
623,서대산추모공원 봉안당,623,공설,,봉안당,"봉안당, 공원묘지",봉안당,부부단,,봉안시설단,"8단(부부단) 봉안시설2단, 8단(부부단)",70000000
623,서대산추모공원 봉안당,623,공설,,봉안당,"봉안당, 공원묘지",봉안당,부부단,,봉안시설단,7단(부부단),80000000
623,서대산추모공원 봉안당,623,공설,,봉안당,"봉안당, 공원묘지",봉안당,부부단,,봉안시설,"4단~6단(부부단), 단~6단(부부단)",90000000
623,서대산추모공원 봉안당,623,공설,,봉안당,"봉안당, 공원묘지",기타(관리비),개인단,,년관리비위,년관리비1위,500000
624,재단법인 효천추모공원,624,공설,,봉안당,봉안당,봉안당,개인단,,A1호실~2A5호실(개인단),"1단~4단, 5단~8단 1",20000000
624,재단법인 효천추모공원,624,공설,,봉안당,봉안당,봉안당,개인단,,C1호실(개인단),"1단 ~4단, 5단 ~8단",20000000
624,재단법인 효천추모공원,624,공설,,봉안당,봉안당,봉안당,개인단,,D1호실~2D3호실(개인단),"1단 ~4단, 5단 ~8단",30000000
624,재단법인 효천추모공원,624,공설,,봉안당,봉안당,봉안당,개인단,,D1호실~3D2호실(개인단),"1단 ~4단 , 5단 ~8단 1",30000000
624,재단법인 효천추모공원,624,공설,,봉안당,봉안당,봉안당,부부단,,A1호실~2A5호실(부부단),1 2A1호실~2A5호실(부부단) 1,40000000
624,재단법인 효천추모공원,624,공설,,봉안당,봉안당,봉안당,부부단,,C1호실(부부단),"1단 ~4단, 5단 ~8단",40000000
624,재단법인 효천추모공원,624,공설,,봉안당,봉안당,봉안당,개인단,,A1호실(개인단)1단,"3단, 4단, 6단",50000000
624,재단법인 효천추모공원,624,공설,,봉안당,봉안당,봉안당,부부단,,D1호실~2D3호실(부부단),"1단~4단, 5단~8단",60000000
624,재단법인 효천추모공원,624,공설,,봉안당,봉안당,봉안당,부부단,,부부단,"D1호실~3D2호실 1단 ~4단, 5단~8단 3D1호실~3D2호실 1단 ~4단, 5단~8단",60000000
624,재단법인 효천추모공원,624,공설,,봉안당,봉안당,봉안당,부부단,,A1호실(부부단),"1단~3단, 4단~6단 1",100000000
625,학천사추모관,625,사설,,"수목장, 봉안당",봉안당,봉안당,,,위패,위패,100000
625,학천사추모관,625,사설,,"수목장, 봉안당",봉안당,봉안당,,,유골함조각원통,유골함조각원통,150000
625,학천사추모관,625,사설,,"수목장, 봉안당",봉안당,봉안당,,,유골함자개원통,유골함자개원통,250000
625,학천사추모관,625,사설,,"수목장, 봉안당",봉안당,봉안당,개인단,,관리비,년(개인단) 관리비 5년(개인단),1000000
625,학천사추모관,625,사설,,"수목장, 봉안당",봉안당,봉안당,부부단,,관리비,년(부부단) 관리비 5년(부부단),1500000
625,학천사추모관,625,사설,,"수목장, 봉안당",봉안당,봉안당,개인단,,기간,"년 개인단, 15년 개인단",6500000
625,학천사추모관,625,사설,,"수목장, 봉안당",봉안당,봉안당,부부단,,기간,"년 부부단, 15년 부부단",12000000
625,학천사추모관,625,사설,,"수목장, 봉안당",봉안당,봉안당,개인단,,영구분양(개인단),영구분양(개인단),27000000
625,학천사추모관,625,사설,,"수목장, 봉안당",봉안당,봉안당,부부단,,영구분양(부부단),영구분양(부부단),52000000
625,학천사추모관,625,사설,,"수목장, 봉안당",봉안당,수목장,,,꽃리스잔디,"꽃리스,잔디",70000
626,양지공원 제1추모의집,626,사설,,봉안당,"봉안당, 공원묘지",봉안당,,관내,사용료최초신청시,"년(관내요금), 15년(관내요금)",1000000
626,양지공원 제1추모의집,626,사설,,봉안당,"봉안당, 공원묘지",봉안당,,관외,사용료최초신청시,년(관외요금) 15년(관외요금),2000000
627,양지공원 제2추모의집,627,사설,,봉안당,봉안당,봉안당,,관내,사용료최초신청시,"년(관내요금), 15년(관내요금)",1000000
627,양지공원 제2추모의집,627,사설,,봉안당,봉안당,봉안당,,관외,사용료최초신청시,년(관외요금) 사용료최초신청시 15년(관외요금),2000000
628,봉안당 홈,628,사설,,봉안당,봉안당,봉안당,,,,,500000
628,봉안당 홈,628,사설,,봉안당,봉안당,봉안당,,,,,1000000
628,봉안당 홈,628,사설,,봉안당,봉안당,봉안당,,,,,1000000
628,봉안당 홈,628,사설,,봉안당,봉안당,봉안당,,,광장층 영구 사용,"지하층, 지하2층",170000000
628,봉안당 홈,628,사설,,봉안당,봉안당,봉안당,,,로비층(지하층)영구 사용,로비층(지하1층)영구 사용,220000000
628,봉안당 홈,628,사설,,봉안당,봉안당,봉안당,,,타워 로비층,(지하층) 영구 사용 타워 로비층 (지하1층) 영구 사용,270000000
628,봉안당 홈,628,사설,,봉안당,봉안당,봉안당,,,타워 층영구 사용,타워 1층영구 사용,270000000
628,봉안당 홈,628,사설,,봉안당,봉안당,봉안당,,,타워 층영구 사용,타워 1층영구 사용,320000000
628,봉안당 홈,628,사설,,봉안당,봉안당,봉안당,,,타워,"층영구 사용, 1층영구 사용",370000000
628,봉안당 홈,628,사설,,봉안당,봉안당,기타(관리비),,,관리비,년 기준 (5년 선납)1년 기준 (5년 선납),2000000
629,(재)안동추모공원(봉안당),629,공설,,봉안당,"봉안당, 공원묘지",봉안당,,,납골당개,"납골당개24,000",24000
629,(재)안동추모공원(봉안당),629,공설,,봉안당,"봉안당, 공원묘지",봉안당,,,실내납골당,"관리비, 사용비, 봉안비",15000000
629,(재)안동추모공원(봉안당),629,공설,,봉안당,"봉안당, 공원묘지",봉안당,,,실내납골당,"관리비, 사용비, 봉안비",18000000
629,(재)안동추모공원(봉안당),629,공설,,봉안당,"봉안당, 공원묘지",봉안당,,,실내납골당,"관리비, 사용비, 봉안비",21000000
629,(재)안동추모공원(봉안당),629,공설,,봉안당,"봉안당, 공원묘지",봉안당,,,실외납골당관리비,"사용비, 봉안비",22000000
629,(재)안동추모공원(봉안당),629,공설,,봉안당,"봉안당, 공원묘지",봉안당,,,"실내납골당관리비사용비,봉안비","실내납골당관리비,사용비,봉안비",24000000
630,(재)서현추모공원,630,공설,,봉안당,"봉안당, 공원묘지",정보없음,,정보없음,정보없음,자동 추출 실패 (푸터 텍스트),
630,(재)서현추모공원,630,공설,,봉안당,"봉안당, 공원묘지",봉안당,,재추출(병합),"주,생수,양초","주,생수,양초",300000
631,(재)여주세종추모공원 봉안당,631,공설,,"봉안당, 수목장","봉안당, 공원묘지",봉안당,개인단,,시설관리비개인단/년,"5년선납, 시설관리비개인단/1년. 5년선납",500000
631,(재)여주세종추모공원 봉안당,631,공설,,"봉안당, 수목장","봉안당, 공원묘지",봉안당,부부단,,시설관리비부부단,/년.5년 선납 시설관리비부부단/1년.5년 선납,700000
631,(재)여주세종추모공원 봉안당,631,공설,,"봉안당, 수목장","봉안당, 공원묘지",봉안당,가족단,,개인.가족납골묘(평장),개인.납골묘(평장) 개인.가족납골묘(평장)개인.납골묘(평장),30000000
631,(재)여주세종추모공원 봉안당,631,공설,,"봉안당, 수목장","봉안당, 공원묘지",봉안당,부부단,,봉안당 사용료,부부단 시설사용료및관리비,40000000
631,(재)여주세종추모공원 봉안당,631,공설,,"봉안당, 수목장","봉안당, 공원묘지",봉안당,부부단,,부부 납골묘(평장),부부.납골묘(평장) 부부 납골묘(평장)부부.납골묘(평장),50000000
631,(재)여주세종추모공원 봉안당,631,공설,,"봉안당, 수목장","봉안당, 공원묘지",수목장,가족단,,이장.개장 납골 사용료가족납골(자연장) 사용료 기당,이장.개장 납골 사용료가족납골(자연장) 사용료 기당,10000000
631,(재)여주세종추모공원 봉안당,631,공설,,"봉안당, 수목장","봉안당, 공원묘지",수목장,개인단,,시설사용료및관리비자연장 사용료 개인단,시설사용료및관리비자연장 사용료 개인단,20000000
631,(재)여주세종추모공원 봉안당,631,공설,,"봉안당, 수목장","봉안당, 공원묘지",수목장,개인단,,시설사용료및관리비자연장 사용료 개인단,시설사용료및관리비자연장 사용료 개인단,20000000
632,영평사 추모공원,632,공설,,봉안당,공원묘지,봉안당,개인단,,야외봉안담 단개인단,영구사용,40000000
632,영평사 추모공원,632,공설,,봉안당,공원묘지,봉안당,개인단,,야외봉안담 단개인단,/영구사용,45000000
632,영평사 추모공원,632,공설,,봉안당,공원묘지,봉안당,개인단,,야외봉안담 단개인단,영구사용,50000000
632,영평사 추모공원,632,공설,,봉안당,공원묘지,봉안당,개인단,,야외봉안담 단개인단,영구사용,60000000
632,영평사 추모공원,632,공설,,봉안당,공원묘지,봉안당,개인단,,야외봉안담 단개인단,영구사용,60000000
632,영평사 추모공원,632,공설,,봉안당,공원묘지,봉안당,부부단,,야외봉안담 단부부단,영구사용 야외봉안담 1단부부단/영구사용,80000000
632,영평사 추모공원,632,공설,,봉안당,공원묘지,봉안당,부부단,,야외봉안담 단부부단,영구사용 야외봉안담 2단부부단/영구사용,90000000
632,영평사 추모공원,632,공설,,봉안당,공원묘지,봉안당,부부단,,야외봉안담 단부부단,영구사용 야외봉안담 3단부부단/영구사용,100000000
632,영평사 추모공원,632,공설,,봉안당,공원묘지,봉안당,부부단,,야외봉안담 단부부단,영구사용 야외봉안담 4단부부단/영구사용,120000000
632,영평사 추모공원,632,공설,,봉안당,공원묘지,봉안당,부부단,,야외봉안담 단부부단,영구사용 야외봉안담 5단부부단/영구사용,120000000
633,월봉사연화원,633,사설,불교,봉안당,봉안당,봉안당,개인단,,개인단,"단, 2단영구봉안 개인단 1단, 2단영구봉안",45000000
633,월봉사연화원,633,사설,불교,봉안당,봉안당,봉안당,개인단,,개인단 영구봉안,개인단 3단,50000000
633,월봉사연화원,633,사설,불교,봉안당,봉안당,봉안당,개인단,,개인단 영구봉안,"개인단 4단, 5단",55000000
633,월봉사연화원,633,사설,불교,봉안당,봉안당,봉안당,부부단,,부부단,"단, 2단영구봉안 부부단 1단, 2단영구봉안",90000000
633,월봉사연화원,633,사설,불교,봉안당,봉안당,봉안당,부부단,,부부단,단영구봉안 부부단 3단영구봉안,100000000
633,월봉사연화원,633,사설,불교,봉안당,봉안당,봉안당,부부단,,부부단 단,"5단영구봉안 부부단 4단,5단영구봉안",110000000
633,월봉사연화원,633,사설,불교,봉안당,봉안당,봉안당,부부단,,,,120000000
633,월봉사연화원,633,사설,불교,봉안당,봉안당,봉안당,부부단,,팔각부부단단영구봉안,팔각부부단3단영구봉안,130000000
633,월봉사연화원,633,사설,불교,봉안당,봉안당,봉안당,부부단,,팔각부부단단,5단영구봉안,140000000
633,월봉사연화원,633,사설,불교,봉안당,봉안당,기타(관리비),,,평장묘 관리비,년 1년,1500000
634,대한불교염불선종운수사사홍선원,634,사설,불교,봉안당,봉안당,봉안당,부부단,,부부단관리비,"년만원, 년5만원",100000000
634,대한불교염불선종운수사사홍선원,634,사설,불교,봉안당,봉안당,기타(관리비),,,단관리비,년5만원,30000000
634,대한불교염불선종운수사사홍선원,634,사설,불교,봉안당,봉안당,기타(관리비),,,단관리비,(년5만원) 1단관리비(년5만원),40000000
634,대한불교염불선종운수사사홍선원,634,사설,불교,봉안당,봉안당,기타(관리비),,,단관리비,년5만원,45000000
634,대한불교염불선종운수사사홍선원,634,사설,불교,봉안당,봉안당,기타(관리비),,,단관리비,년5만원,50000000
634,대한불교염불선종운수사사홍선원,634,사설,불교,봉안당,봉안당,기타(관리비),,,단관리비,(년5만원),55000000
634,대한불교염불선종운수사사홍선원,634,사설,불교,봉안당,봉안당,기타(관리비),,,특별단관리비,"년만원, 년5만원",70000000
635,김천추모공원,635,공설,,봉안당,봉안당,정보없음,,정보없음,정보없음,자동 추출 실패 (푸터 텍스트),
635,김천추모공원,635,공설,,봉안당,봉안당,봉안당,,재추출(병합),보건복지부,"[30113] 세종특별자치시 도움4로 13, 10동 (어진동, 정부세종청사)",30113
636,(재)용인공원(아너스톤),636,사설,,봉안당,봉안당,봉안당,개인단,,특별(로얄관) 관리비개인단,년 단가 특별(로얄관) 관리비개인단 1년 단가,1500000
636,(재)용인공원(아너스톤),636,사설,,봉안당,봉안당,봉안당,부부단,,일반(아너관/노블관) 관리비부부단,년 단가(고인2인 기준),2200000
636,(재)용인공원(아너스톤),636,사설,,봉안당,봉안당,봉안당,부부단,,특별(로얄관) 관리비부부단,년 단가(고인2인 기준)1,3000000
636,(재)용인공원(아너스톤),636,사설,,봉안당,봉안당,봉안당,,,일반 봉안당노블관,단 센터 기준 일반 봉안당노블관 8단 센터 기준,220000000
636,(재)용인공원(아너스톤),636,사설,,봉안당,봉안당,봉안당,,,특별 봉안당로얄관,"단 상단 기준, 5단 상단 기준",400000000
637,아름다운추모원,637,사설,,봉안당,봉안당,봉안당,개인단,,봉안당 관리비,년(1인기준) 5년(1인기준),2500000
637,아름다운추모원,637,사설,,봉안당,봉안당,봉안당,개인단,,"봉안당단, 봉안당8단",(개인단) 영구안치,30000000
637,아름다운추모원,637,사설,,봉안당,봉안당,봉안당,개인단,,"봉안당단, 봉안당8단",(개인단) 영구안치,33000000
637,아름다운추모원,637,사설,,봉안당,봉안당,봉안당,개인단,,봉안당,단/8단 (개인단) 영구안치,38000000
637,아름다운추모원,637,사설,,봉안당,봉안당,봉안당,개인단,,,,40000000
637,아름다운추모원,637,사설,,봉안당,봉안당,봉안당,개인단,,"봉안당단(개인단), 봉안당8단(개인단)",영구안치,45000000
637,아름다운추모원,637,사설,,봉안당,봉안당,봉안당,개인단,,봉안당단(개인단) 영구안치,봉안당8단(개인단) 영구안치,45000000
637,아름다운추모원,637,사설,,봉안당,봉안당,봉안당,개인단,,봉안당단(개인단),영구안치 봉안당4단(개인단) 영구안치,50000000
637,아름다운추모원,637,사설,,봉안당,봉안당,봉안당,개인단,,봉안당단(개인단),영구안치 봉안당5단(개인단) 영구안치,50000000
638,용화사 봉안당,638,사설,,봉안당,봉안당,봉안당,개인단,,개인단 임시봉안,(년기준)30cm * 29cm 1 개인단 임시봉안(1년기준)30cm * 29cm 1,5000000
638,용화사 봉안당,638,사설,,봉안당,봉안당,봉안당,부부단,,부부단 임시봉안,(년기준)50cm * 29cm 부부단 임시봉안(1년기준)50cm * 29cm,9800000
638,용화사 봉안당,638,사설,,봉안당,봉안당,봉안당,,,단30cm * 29cm,1단30cm * 29cm,20000000
638,용화사 봉안당,638,사설,,봉안당,봉안당,봉안당,,,단30cm * 29cm,1단30cm * 29cm,30000000
638,용화사 봉안당,638,사설,,봉안당,봉안당,봉안당,,,1단50cm * 29cm,1 단50cm * 29cm,38000000
638,용화사 봉안당,638,사설,,봉안당,봉안당,봉안당,,,단,30cm * 29cm 1단30cm * 29cm,50000000
638,용화사 봉안당,638,사설,,봉안당,봉안당,봉안당,,,단,50cm * 29cm 1 1단50cm * 29cm 1,58000000
638,용화사 봉안당,638,사설,,봉안당,봉안당,봉안당,,,단50cm * 29cm,1 1단50cm * 29cm,98000000
638,용화사 봉안당,638,사설,,봉안당,봉안당,기타(관리비),,,관리비,"(년)30cm * 29cm, 50cm * 29cm, (1년)30cm * 29cm, 50cm * 29cm",700000
639,효자추모관,639,사설,,봉안당,"봉안당, 공원묘지",봉안당,,,최저가,최저가,10000000
639,효자추모관,639,사설,,봉안당,"봉안당, 공원묘지",봉안당,,,최저가,최저가,30000000
639,효자추모관,639,사설,,봉안당,"봉안당, 공원묘지",봉안당,,,최고가,최고가,78000000
639,효자추모관,639,사설,,봉안당,"봉안당, 공원묘지",봉안당,,,최고가,최고가,156000000
639,효자추모관,639,사설,,봉안당,"봉안당, 공원묘지",기타(관리비),개인단,,관리비,(위)10년1 (1위)10년1,6000000
640,쌍용사 봉안당,640,사설,,봉안당,봉안당,봉안당,,관내,년보관,15년보관,7000000
640,쌍용사 봉안당,640,사설,불교,봉안당,봉안당,봉안당,,,지장전내 영구보관,지장전내 영구보관,20000000
640,쌍용사 봉안당,640,사설,불교,봉안당,봉안당,봉안당,,,지장전내 영구보관,,30000000
640,쌍용사 봉안당,640,사설,,봉안당,봉안당,봉안당,,관내,추모관내 영구보관,1,30000000
640,쌍용사 봉안당,640,사설,불교,봉안당,봉안당,봉안당,,,지장전내 영구보관,지장전내 영구보관,40000000
640,쌍용사 봉안당,640,사설,,봉안당,봉안당,봉안당,,관내,추모관내 영구보관,추모관내 영구보관,40000000
640,쌍용사 봉안당,640,사설,불교,봉안당,봉안당,봉안당,,,지장전내 영구보관,지장전내 영구보관,50000000
640,쌍용사 봉안당,640,사설,,봉안당,봉안당,봉안당,,관내,추모관내 영구보관,,50000000
641,오향중흥교회 봉안당,641,사설,기독교,봉안당,봉안당,봉안당,,관내,믿음관 사용료,(관내) 믿음관,43750000
641,오향중흥교회 봉안당,641,사설,기독교,봉안당,봉안당,봉안당,,관내,사랑관 사용료 (관내),사랑관,43750000
641,오향중흥교회 봉안당,641,사설,기독교,봉안당,봉안당,봉안당,,관내,소망관 사용료 (관내),소망관,47100000
641,오향중흥교회 봉안당,641,사설,기독교,봉안당,봉안당,봉안당,,관내,안식관 사용료,(관내) 안식관,47100000
641,오향중흥교회 봉안당,641,사설,기독교,봉안당,봉안당,봉안당,,관내,사용료 (관내)믿음관,,87500000
641,오향중흥교회 봉안당,641,사설,기독교,봉안당,봉안당,봉안당,,관내,사랑관 사용료,(관내) 사랑관,87500000
641,오향중흥교회 봉안당,641,사설,기독교,봉안당,봉안당,봉안당,,관내,소망관 사용료,(관내)소망관,94200000
641,오향중흥교회 봉안당,641,사설,기독교,봉안당,봉안당,봉안당,,관내,안식관 사용료,(관내) 안식관,94200000
641,오향중흥교회 봉안당,641,사설,기독교,봉안당,봉안당,기타(관리비),,관내,관리비 (관내),년,500000
642,대한불교정음사원,642,사설,불교,봉안당,봉안당,봉안당,개인단,,관리비 개인단,"년선납개인, 10년선납개인",2000000
642,대한불교정음사원,642,사설,불교,봉안당,봉안당,봉안당,부부단,,관리비 부부단,"년선납부부, 10년선납부부",3000000
642,대한불교정음사원,642,사설,불교,봉안당,봉안당,기타(관리비),가족단,,관리비 가족단 위,4위~10위 10년선납가족,5000000
642,대한불교정음사원,642,사설,불교,봉안당,봉안당,기타,,,2층 법당 내부,1,25000000
642,대한불교정음사원,642,사설,불교,봉안당,봉안당,기타,,,2층 법당 지장보살 불상,2층 법당 지장보살 불상,35000000
642,대한불교정음사원,642,사설,불교,봉안당,봉안당,기타,,,2층 법당 내부,1 2층 법당 내부,45000000
642,대한불교정음사원,642,사설,불교,봉안당,봉안당,기타,가족단,,법당 가족단,"층, 1층",60000000
643,대원사추모공원 봉안당,643,사설,,봉안당,공원묘지,봉안당,,,봉안비용,단 봉안비용 단,5000000
643,대원사추모공원 봉안당,643,사설,,봉안당,공원묘지,봉안당,,,봉안비용,봉안비용단 봉안비용팔단,6000000
643,대원사추모공원 봉안당,643,사설,,봉안당,공원묘지,봉안당,,,봉안비용,봉안비용8단,6000000
643,대원사추모공원 봉안당,643,사설,,봉안당,공원묘지,봉안당,,,봉안비용,단 봉안비용 단,7000000
643,대원사추모공원 봉안당,643,사설,,봉안당,공원묘지,봉안당,,,봉안비용,봉안비용단 봉안비용,8000000
643,대원사추모공원 봉안당,643,사설,,봉안당,공원묘지,봉안당,,,봉안비용,봉안비용단 봉안비용단,8000000
643,대원사추모공원 봉안당,643,사설,,봉안당,공원묘지,봉안당,,,봉안단,"4단, 5단, 4단",10000000
643,대원사추모공원 봉안당,643,사설,,봉안당,공원묘지,봉안당,개인단,,봉안비용개인단,봉안비용개인단,210000000
644,충주시 천상원,644,사설,,봉안당,봉안당,봉안당,,관내,봉안당 이용(무연고단),봉안당 무연고단(관내관리비2만원포함),700000
644,충주시 천상원,644,사설,,봉안당,봉안당,봉안당,,관외,봉안당 이용(무연고단),"봉안당 무연고단(관외관리비6만원포함) 봉안당 이용(무연고단)봉안당 무연고단(관외,관리비6만원포함)",2100000
644,충주시 천상원,644,사설,,봉안당,봉안당,봉안당,개인단,관내,봉안당 이용(개인단),"봉안당 개인단(관내,관리비포함)",3000000
644,충주시 천상원,644,사설,,봉안당,봉안당,봉안당,개인단,관내,봉안당 이용(개인단),"봉안단 개인단(관내 30%가산, 관리비 13만원 포함)",3900000
644,충주시 천상원,644,사설,,봉안당,봉안당,봉안당,부부단,관내,봉안당 이용(부부단)봉안당 부부단,"(관내관리비10만원포함) 봉안당 이용(부부단)봉안당 부부단(관내,관리비10만원포함)",5000000
644,충주시 천상원,644,사설,,봉안당,봉안당,봉안당,부부단,관내,봉안당 이용(부부단),"봉안단 부부단(관내 30%가산, 관리비 13만원 포함)",6500000
644,충주시 천상원,644,사설,,봉안당,봉안당,봉안당,개인단,관외,봉안당 이용(개인단),"봉안당 개인단(관외,관리비포함)",9000000
644,충주시 천상원,644,사설,,봉안당,봉안당,봉안당,부부단,관외,봉안당 이용(부부단),봉안당 부부단(관외관리비30만원포함),15000000
645,약천사,645,사설,불교,봉안당,봉안당,봉안당,가족단,,가족봉안탑,기영구 가족봉안탑 6기영구,150000000
645,약천사,645,사설,불교,봉안당,봉안당,기타(관리비),,,평장묘 관리비,년 1년,1000000
646,구미시공설숭조당 제2관,646,공설,,공원묘지,봉안당,정보없음,,정보없음,정보없음,자동 추출 실패 (푸터 텍스트),
646,구미시공설숭조당 제2관,646,공설,,공원묘지,봉안당,기타,,재추출(병합),보건복지부,"[30113] 세종특별자치시 도움4로 13, 10동 (어진동, 정부세종청사)",30113
646,구미시공설숭조당 제2관,646,공설,,공원묘지,봉안당,기타,,재추출(병합),추모의집 사용료(유연유골),"관외거주자(거제에연고있는자)년,최조계약, 추모의집 사용료(유연유골)관외거주자(거제에연고있는자),15년,최조계약",5500000
646,구미시공설숭조당 제2관,646,공설,,공원묘지,봉안당,기타,,재추출(병합),추모의집 사용료(유연유골),"관외거주자(거제에연고있는자)년,최조계약 추모의집 사용료(유연유골)관외거주자(거제에연고있는자),15년,최조계약",7000000
646,구미시공설숭조당 제2관,646,공설,,공원묘지,봉안당,기타,,재추출(병합),추모의집 사용료(유연유골),"관외거주자(거제에연고있는자)년,최조계약 관외거주자(거제에연고있는자),15년,최조계약",11000000
647,하남시 마루공원(봉안시설),647,사설,,봉안당,봉안당,봉안당,개인단,관내,개인단관내(연장),"년, 15년",4000000
647,하남시 마루공원(봉안시설),647,사설,,봉안당,봉안당,봉안당,개인단,관내,개인단관내(최초),년/15년,5000000
647,하남시 마루공원(봉안시설),647,사설,,봉안당,봉안당,봉안당,부부단,관내,부부단관내(연장),"년, 15년",6000000
647,하남시 마루공원(봉안시설),647,사설,,봉안당,봉안당,봉안당,부부단,관내,부부단관내(최초),년 부부단관내(최초)15년,7000000
647,하남시 마루공원(봉안시설),647,사설,,봉안당,봉안당,봉안당,개인단,관외,개인단관외(연장),"년, 15년",8000000
647,하남시 마루공원(봉안시설),647,사설,,봉안당,봉안당,봉안당,개인단,관외,개인단관외,(최초)/년 개인단관외(최초)/15년,10000000
647,하남시 마루공원(봉안시설),647,사설,,봉안당,봉안당,봉안당,부부단,관외,부부단관외(연장),년1 부부단관외(연장)/15년1,12000000
647,하남시 마루공원(봉안시설),647,사설,,봉안당,봉안당,봉안당,부부단,관외,부부단관외(최초),"년1, 부부단관외(최초)/15년1",14000000
648,예수사랑제일교회,648,사설,기독교,공원묘지,봉안당,기타,,,단9단30cm,1 1단9단30cm,38000000
648,예수사랑제일교회,648,사설,기독교,공원묘지,봉안당,기타,,,단8단,2단8단30cm,45000000
648,예수사랑제일교회,648,사설,기독교,공원묘지,봉안당,기타,,,단7단30cm,3단7단30cm,50000000
648,예수사랑제일교회,648,사설,기독교,공원묘지,봉안당,기타,,,단5단6단30cm,4단5단6단30cm,60000000
648,예수사랑제일교회,648,사설,기독교,공원묘지,봉안당,기타,,,단9단60cm,1 1단9단60cm,68400000
648,예수사랑제일교회,648,사설,기독교,공원묘지,봉안당,기타,,,단8단60cm,1 2단8단60cm 1,81000000
648,예수사랑제일교회,648,사설,기독교,공원묘지,봉안당,기타,,,단7단60cm,3단7단60cm,90000000
648,예수사랑제일교회,648,사설,기독교,공원묘지,봉안당,기타,,,다단 60cm,"4단, 5단, 6단 모델 1",108000000
649,용주사 봉안당,649,사설,,봉안당,봉안당,봉안당,,,"층, 1층",300*300*300,30010000000
649,용주사 봉안당,649,사설,,봉안당,봉안당,봉안당,,,"층, 1층",300*300*300,30010000000
649,용주사 봉안당,649,사설,,봉안당,봉안당,봉안당,,,"층, 1층",300*300*300,30010000000
649,용주사 봉안당,649,사설,,봉안당,봉안당,봉안당,,,"층, 1층",300*300*300,30010000000
649,용주사 봉안당,649,사설,,봉안당,봉안당,봉안당,,,"층, 1층",300*300*300,30020000000
649,용주사 봉안당,649,사설,,봉안당,봉안당,봉안당,,,"층, 1층",300*300*300,30020000000
649,용주사 봉안당,649,사설,,봉안당,봉안당,봉안당,,,"층, 1층",300*300*300,30030000000
649,용주사 봉안당,649,사설,,봉안당,봉안당,봉안당,,,"층, 1층",300*300*300,30030000000
650,화성함백산추모공원(별빛쉼터),650,공설,무관,봉안당,봉안당,봉안당,,재추출(병합),서해로 2448-32 (숙곡리),경기도 화성시 매송면,2448
650,화성함백산추모공원(별빛쉼터),650,공설,무관,봉안당,봉안당,정보없음,,정보없음,정보없음,자동 추출 실패 (푸터 텍스트),
650,화성함백산추모공원(별빛쉼터),650,공설,무관,봉안당,봉안당,봉안당,,재추출(병합),보건복지부,"[30113] 세종특별자치시 도움4로 13, 10동 (어진동, 정부세종청사)",30113
650,화성함백산추모공원(별빛쉼터),650,공설,무관,봉안당,봉안당,봉안당,,재추출(병합),아,아,5000000
650,화성함백산추모공원(별빛쉼터),650,공설,무관,봉안당,봉안당,봉안당,,재추출(병합),사망자,에 주민등록이 되어 있는,5000000
650,화성함백산추모공원(별빛쉼터),650,공설,무관,봉안당,봉안당,봉안당,,재추출(병합),사망자,"에 주민등록이 되어 있는 500,0001 에 주민등록이 되어 있는 500,0001",7500000
650,화성함백산추모공원(별빛쉼터),650,공설,무관,봉안당,봉안당,봉안당,,재추출(병합),사망한 배우자,에 주민등록이 되어 있는 사람의,10000000
650,화성함백산추모공원(별빛쉼터),650,공설,무관,봉안당,봉안당,봉안당,,재추출(병합),망하여 부부단에 함께 봉안하고자 하는 경우,망하여 부부단에 함께 봉안하고자 하는 경우,15000000
651,감로복지원 진주추모공원,651,공설,,봉안당,봉안당,봉안당,부부단,,특별관 특별단 단60년,"(관리비,년간50,000원) 부부단추가시 170만원 특별관 특별단 1단60년(관리비,년간50,000원) 부부단추가시 170만원",19900000
651,감로복지원 진주추모공원,651,공설,,봉안당,봉안당,봉안당,부부단,,특별관 특별단,"단60년, 2단60년 (관리비,년간) 부부단추가시",35000000
651,감로복지원 진주추모공원,651,공설,,봉안당,봉안당,봉안당,부부단,,특별관 특별단,"단60년(관리비,년간50,000원) 부부단추가시 250만원, 3단60년(관리비,년간50,000원) 부부단추가시 250만원",45000000
651,감로복지원 진주추모공원,651,공설,,봉안당,봉안당,봉안당,부부단,,특별관 특별단 6단60년,"(관리비,년간50,000원) 부부단추가시 330만원",54000000
651,감로복지원 진주추모공원,651,공설,,봉안당,봉안당,봉안당,부부단,,특별관 특별단,"단60년(관리비,년간50,000원) 부부단추가시 350만원, 특별관 특별단 4단60년(관리비,년간50,000원) 부부단추가시 350만원",58000000
651,감로복지원 진주추모공원,651,공설,,봉안당,봉안당,봉안당,부부단,,특별관 특별단,단60년(관리비) 부부단추가시 5단60년(관리비) 부부단추가시,64000000
652,재단법인 통일로추모공원,652,공설,,봉안당,봉안당,봉안당,개인단,,일반실 1층-개인단,(29실~49실)1단~10단,50000000
652,재단법인 통일로추모공원,652,공설,,봉안당,봉안당,봉안당,개인단,,일반실 층-개인단1단~10단,"사용료, 관리비:5년",55000000
652,재단법인 통일로추모공원,652,공설,,봉안당,봉안당,봉안당,개인단,,일반실,층-개인단1단~10단,55000000
652,재단법인 통일로추모공원,652,공설,,봉안당,봉안당,봉안당,개인단,,VIP실-개인단단~9단,"사용료,관리비:5년",75000000
652,재단법인 통일로추모공원,652,공설,,봉안당,봉안당,봉안당,부부단,,일반 부부단단~9단,"(사용료:400만원~1100만원, 관리비:5년 70만원) 일반 부부단1단~9단(사용료:400만원~1100만원, 관리비:5년 70만원)",110000000
652,재단법인 통일로추모공원,652,공설,,봉안당,봉안당,봉안당,부부단,,특별실-부부단단~10단,"사용료, 관리비:5년",110000000
652,재단법인 통일로추모공원,652,공설,,봉안당,봉안당,봉안당,부부단,,VIP실-부부단단~9단,"(사용료:600만원~1500만원,관리비:5년 70만원) VIP실-부부단1단~9단(사용료:600만원~1500만원,관리비:5년 70만원)",150000000
653,창원공원묘원 봉안시설,653,사설,,"봉안당, 수목장, 공원묘지","봉안당, 공원묘지",공원묘지,,,평장묘사용료,관리비년/석물일체/작업비(각자비용별도) 평장묘사용료/관리비1년/석물일체/작업비(각자비용별도),36800000
653,창원공원묘원 봉안시설,653,사설,,"봉안당, 수목장, 공원묘지","봉안당, 공원묘지",봉안당,,,야외봉안담사용료,"년관리비(각자비용별도), 15년관리비(각자비용별도)",13500000
653,창원공원묘원 봉안시설,653,사설,,"봉안당, 수목장, 공원묘지","봉안당, 공원묘지",봉안당,,,실내봉안당일반단,단~8단/1년 관리비 5만원 실내봉안당일반단 1단~8단/1년 관리비 5만원,25500000
653,창원공원묘원 봉안시설,653,사설,,"봉안당, 수목장, 공원묘지","봉안당, 공원묘지",봉안당,,,실내봉안당고급단,단~8단 / 1년 관리비,50700000
653,창원공원묘원 봉안시설,653,사설,,"봉안당, 수목장, 공원묘지","봉안당, 공원묘지",봉안당,,,봉안묘사용료/관리비,1년/석물일체/작업비(각자비용별도),90440000
653,창원공원묘원 봉안시설,653,사설,,"봉안당, 수목장, 공원묘지","봉안당, 공원묘지",봉안당,,,실내봉안당특별단,단~7단/1년 관리비 1,100800000
653,창원공원묘원 봉안시설,653,사설,,"봉안당, 수목장, 공원묘지","봉안당, 공원묘지",수목장,,,수목형사용료/관리비,년/석물일체/작업비(각자비용별도),31700000
654,생극납골공원,654,사설,,봉안당,봉안당,봉안당,개인단,,개인단,"(단) 15년, (1,2,7단) 15년",7500000
654,생극납골공원,654,사설,,봉안당,봉안당,봉안당,부부단,,부부단,"(단) 15년 부부단 (1,2,7단) 15년",15000000
654,생극납골공원,654,사설,,봉안당,봉안당,봉안당,개인단,,개인단,"(단)영구 개인단 (1,2,3,4,5,6,7단)영구",20000000
654,생극납골공원,654,사설,,봉안당,봉안당,봉안당,부부단,,부부단,"(단)영구 부부단 (1,2,3,4,5,6,7단)영구",40000000
654,생극납골공원,654,사설,,봉안당,봉안당,봉안당,가족단,,가족단,"(위)영구, 가족단 (4위)영구",160000000
654,생극납골공원,654,사설,,봉안당,봉안당,봉안당,가족단,,가족단,(위)영구 가족단 (6위)영구,240000000
654,생극납골공원,654,사설,,봉안당,봉안당,봉안당,가족단,,가족단,(위)영구 가족단 (8위)영구,290000000
655,효심추모관,655,사설,,봉안당,봉안당,봉안당,개인단,,일반실(지하-개인단)단~8단,/관리비 1기당 3만원 10년 분 선납 30만원 일반실(지하-개인단)1단~8단/관리비 1기당 3만원 10년 분 선납 30만원,8000000
655,효심추모관,655,사설,,봉안당,봉안당,봉안당,개인단,,일반실(지상-개인단)단~8단,/관리비 1기당 3만원 10년 분 선납 30만원 일반실(지상-개인단)1단~8단/관리비 1기당 3만원 10년 분 선납 30만원,13000000
655,효심추모관,655,사설,,봉안당,봉안당,봉안당,부부단,,일반실(지하-부부단)단~8단,/관리비 1기당 3만원 10년 분 선납 30만원 일반실(지하-부부단)1단~8단/관리비 1기당 3만원 10년 분 선납 30만원,13000000
655,효심추모관,655,사설,,봉안당,봉안당,봉안당,부부단,,일반실(지상-부부단)단~8단,/관리비 1기당 3만원 10년 분 선납 30만원 일반실(지상-부부단)1단~8단/관리비 1기당 3만원 10년 분 선납 30만원,23000000
655,효심추모관,655,사설,,봉안당,봉안당,봉안당,개인단,,"특실(일반-개인단)단,8단","/관리비 1기당 3만원 10년 분 선납 30만원 특실(일반-개인단)1단,8단/관리비 1기당 3만원 10년 분 선납 30만원",28000000
655,효심추모관,655,사설,,봉안당,봉안당,봉안당,부부단,,"특실(일반-부부단)단,7단",/관리비 1기당 3만원 10년 분 선납 30만원,63000000
655,효심추모관,655,사설,,봉안당,봉안당,기타(관리비),가족단,,특실(가족)단~8단,특실(가족)단~8단/관리비 1기당 10년 분 선납,33000000
656,재단법인청림공원(봉안탑),656,사설,불교,봉안당,봉안당,봉안당,,,봉안탑 연립,기관리비 4년 2기,70000000
656,재단법인청림공원(봉안탑),656,사설,불교,봉안당,봉안당,봉안당,,,봉안탑,"기관리비 5년원/년, 2기관리비 5년원/년",120000000
656,재단법인청림공원(봉안탑),656,사설,불교,봉안당,봉안당,봉안당,,,봉안탑,기관리비 5년원/년 봉안탑 2기관리비 5년원/년,150000000
656,재단법인청림공원(봉안탑),656,사설,불교,봉안당,봉안당,봉안당,,,봉안탑,"기관리비 6년원/년, 8기관리비 6년원/년",170000000
656,재단법인청림공원(봉안탑),656,사설,불교,봉안당,봉안당,봉안당,,,봉안탑 기관리비,7년원/년 봉안탑 16기관리비 7년원/년,200000000
656,재단법인청림공원(봉안탑),656,사설,불교,봉안당,봉안당,봉안당,,,봉안탑,기관리비 7년원/년 봉안탑 16기관리비 7년원/년,250000000
656,재단법인청림공원(봉안탑),656,사설,불교,봉안당,봉안당,봉안당,,,봉안탑,기 관리비 8년원/년 봉안탑 24기 관리비 8년원/년,350000000
657,성모암영락원,657,사설,천주교,봉안당,봉안당,봉안당,,,영락원,"층, 1층",6000000
657,성모암영락원,657,사설,천주교,봉안당,봉안당,봉안당,,,영락원층특별실,영락원1층특별실,8000000
657,성모암영락원,657,사설,천주교,봉안당,봉안당,봉안당,,,영락원,층일반 2층일반,9000000
657,성모암영락원,657,사설,천주교,봉안당,봉안당,봉안당,,,영락원층특별실,영락원1층특별실,12000000
657,성모암영락원,657,사설,천주교,봉안당,봉안당,봉안당,,,성모암(극락보전),성모암(극락보전),15000000
657,성모암영락원,657,사설,천주교,봉안당,봉안당,봉안당,,,성모암(극락보전)특별실기,성모암(극락보전)특별실1기,35000000
657,성모암영락원,657,사설,천주교,봉안당,봉안당,봉안당,부부단,,성모암부부단기,성모암부부단2기,50000000
658,금오영당,658,사설,,공원묘지,봉안당,기타(관리비),,,관리비구당,15년,750000
658,금오영당,658,사설,,공원묘지,봉안당,기타,,,인조석(안치단),군내 거주자 인조석(안치단)군내 거주자,1000000
658,금오영당,658,사설,,공원묘지,봉안당,기타,,,목재(안치단),군내 거주자 목재(안치단)군내 거주자,1200000
658,금오영당,658,사설,,공원묘지,봉안당,기타,,,인조석(안치단)군내 본적자,,3000000
658,금오영당,658,사설,,공원묘지,봉안당,기타,,,목재(안치단),군내 본적자 목재(안치단)군내 본적자,3600000
658,금오영당,658,사설,,공원묘지,봉안당,기타,,,인조석(안치단)상기자,외 인조석(안치단)상기자 외,15000000
658,금오영당,658,사설,,공원묘지,봉안당,기타,,,목재(안치단)상기자 외,목재(안치단)상기자 외,18000000
659,해인사미타원,659,사설,,봉안당,봉안당,봉안당,개인단,,신설단 개인단(일반형)사용료,"층, 2층",30000000
659,해인사미타원,659,사설,불교,봉안당,봉안당,봉안당,개인단,,불교형 개인단사용료,층 불교형 개인단사용료 1층 불교형 개인단사용료,40000000
659,해인사미타원,659,사설,,봉안당,봉안당,봉안당,부부단,,신설단 부부단(일반형),"층, 2층",60000000
659,해인사미타원,659,사설,불교,봉안당,봉안당,봉안당,부부단,,불교형 부부단사용료,"층, 1층",80000000
659,해인사미타원,659,사설,,봉안당,봉안당,기타(관리비),개인단,,관리비,"년(고인 1위당), 5년(고인 1위당)",3000000
659,해인사미타원,659,사설,불교,봉안당,봉안당,기타,,,불교형 특별단사용료,층,250000000
659,해인사미타원,659,사설,,봉안당,봉안당,기타,,,신설단 특별단(일반형),층 사용료 2층 사용료,400000000
660,강화파라다이스 강화지점,660,사설,,공원묘지,봉안당,기타,,,A관(일반실)기준단,A관(일반실)기준단,28000000
660,강화파라다이스 강화지점,660,사설,,공원묘지,봉안당,기타,,,S관(특별실)단,S관(특별실)1단,30000000
660,강화파라다이스 강화지점,660,사설,,공원묘지,봉안당,기타,,,S관(특별실),단 1단,35000000
660,강화파라다이스 강화지점,660,사설,,공원묘지,봉안당,기타,,,S관(특별실),"단, 1단",40000000
660,강화파라다이스 강화지점,660,사설,,공원묘지,봉안당,기타,,,S관(특별실)단,S관(특별실)7단,45000000
660,강화파라다이스 강화지점,660,사설,,공원묘지,봉안당,기타,,,S관(특별실)단,S관(특별실)3단,50000000
660,강화파라다이스 강화지점,660,사설,,공원묘지,봉안당,기타,,,S관(특별실),S관(특별실)4~6단,60000000
661,천등산 봉안영묘전,661,사설,,봉안당,봉안당,봉안당,개인단,,개인단 좌우단,"단별로 가격이 다르니 확인요망1 개인단 좌우1단 ~ 8단, 단별로 가격이 다르니 확인요망1",15000000
661,천등산 봉안영묘전,661,사설,,봉안당,봉안당,봉안당,개인단,,개인단 중앙단~ 6단,"단별로 가격이 다르니 확인 요망 개인단 중앙1단~ 6단, 단별로 가격이 다르니 확인 요망",20000000
661,천등산 봉안영묘전,661,사설,,봉안당,봉안당,봉안당,부부단,,부부단 좌우단,"8단, 단별로 가격이 다르니 확인 요망 부부단 좌우1단 ~ 8단, 단별로 가격이 다르니 확인 요망",25000000
661,천등산 봉안영묘전,661,사설,,봉안당,봉안당,봉안당,부부단,,부부단 중앙단 ~ 6단,"단별로 가격이 다르니 확인 요망 부부단 중앙1단 ~ 6단, 단별로 가격이 다르니 확인 요망",35000000
661,천등산 봉안영묘전,661,사설,,봉안당,봉안당,봉안당,가족단,,가족실,"좌우, 5단 세로 전체",175000000
661,천등산 봉안영묘전,661,사설,,봉안당,봉안당,봉안당,가족단,,가족실,"중앙만원, 5단 세로 전체, 중앙, 5단 세로 전체",250000000
661,천등산 봉안영묘전,661,사설,,봉안당,봉안당,기타(관리비),개인단,,관리비,"1위당 1년 4만원, 5년 단위 선납 20만원, 위당 1년 4만원, 5년 단위 선납 20만원",400000
662,(재)용인공원(봉안담·묘),662,사설,,봉안당,"봉안당, 공원묘지, 수목장",봉안당,개인단,,봉안담(개인단),관리비 개인단 년 단가  1 봉안담(개인단) 관리비 개인단 1년 단가 1,300000
662,(재)용인공원(봉안담·묘),662,사설,,봉안당,"봉안당, 공원묘지, 수목장",봉안당,부부단,,봉안담(부부단),관리비 부부단 년 단가 1 봉안담(부부단) 관리비 부부단 1년 단가 1,500000
662,(재)용인공원(봉안담·묘),662,사설,,봉안당,"봉안당, 공원묘지, 수목장",봉안당,,,봉안담봉안담,"단 센터 기준, 4단 센터 기준",79000000
663,약천추모공원,663,공설,,봉안당,봉안당,봉안당,,,임대 1단,24cm*26cm,4000000
663,약천추모공원,663,공설,,봉안당,봉안당,봉안당,,,임대 8단,24cm*26cm,4000000
663,약천추모공원,663,공설,,봉안당,봉안당,봉안당,,,2단,"24cm*26cm, 임대",6000000
663,약천추모공원,663,공설,,봉안당,봉안당,봉안당,,,임대,7단 24cm*26cm,8000000
663,약천추모공원,663,공설,,봉안당,봉안당,봉안당,,,3단,년 임대 24cm*26cm 15년 임대 24cm*26cm,10000000
663,약천추모공원,663,공설,,봉안당,봉안당,봉안당,,,임대,4단~6단 24cm*26cm 15년 임대 4단~6단 24cm*26cm,15000000
663,약천추모공원,663,공설,,봉안당,봉안당,봉안당,,,영구,cm*cm cm*cm,15000000
664,만인산 만인사 봉안당,664,사설,,봉안당,봉안당,봉안당,,,봉안당사용료안치단,단 ~ 9 단 275mm X 275mm 봉안당사용료안치단 1 단 ~ 9 단 275mm X 275mm,15000000
664,만인산 만인사 봉안당,664,사설,,봉안당,봉안당,봉안당,,,봉안당사용료안치단,2단 ~ 8단 275mm X 275mm,20000000
664,만인산 만인사 봉안당,664,사설,,봉안당,봉안당,봉안당,,,봉안당사용료안치단,"단. 275mm X 275mm, 봉안당사용료안치단 3단. 275mm X 275mm",30000000
664,만인산 만인사 봉안당,664,사설,,봉안당,봉안당,봉안당,,,봉안당사용료안치단 단.,275mm X 275mm,35000000
664,만인산 만인사 봉안당,664,사설,,봉안당,봉안당,봉안당,,,봉안당사용료안치단,단 275mm X 275 mm1 7단 275mm X 275 mm1,35000000
664,만인산 만인사 봉안당,664,사설,,봉안당,봉안당,봉안당,,,,,40000000
664,만인산 만인사 봉안당,664,사설,,봉안당,봉안당,기타(관리비),,,년 관리비,년 관리비 년 관리비 1년,400000
665,부산영락공원 봉안당,665,사설,기독교,봉안당,봉안당,봉안당,,,칼라(일반)세라믹,칼라(일반)세라믹,35000
665,부산영락공원 봉안당,665,사설,기독교,봉안당,봉안당,봉안당,,,칼라(고급)세라믹,칼라(고급)세라믹,50000
665,부산영락공원 봉안당,665,사설,기독교,봉안당,봉안당,봉안당,,관내,봉안당 사용료(부산광역시민),1기당 연장 5년(1회)1,600000
665,부산영락공원 봉안당,665,사설,기독교,봉안당,봉안당,봉안당,,관내,봉안당 사용료(부산광역시민),1기당 연장 5년(2회),600000
665,부산영락공원 봉안당,665,사설,기독교,봉안당,봉안당,봉안당,,관내,봉안당 사용료(부산광역시민),기당 연장 5년(3회),600000
665,부산영락공원 봉안당,665,사설,기독교,봉안당,봉안당,봉안당,,관내,봉안당 사용료(부산광역시민),기당 최초 15년,1200000
666,대한불교조계종 해운봉안당,666,미분류,불교,봉안당,봉안당,정보없음,,정보없음,정보없음,자동 추출 실패 (푸터 텍스트),
666,대한불교조계종 해운봉안당,666,미분류,불교,봉안당,봉안당,봉안당,,누락복구,납골봉안료/ 고급단1위,납골봉안료/ 고급단1위,1500
666,대한불교조계종 해운봉안당,666,미분류,불교,봉안당,봉안당,봉안당,,누락복구,납골봉안료/ 문수단1위,2001,2000
666,대한불교조계종 해운봉안당,666,미분류,불교,봉안당,봉안당,봉안당,,누락복구,납골봉안료,특별단1위,4000
666,대한불교조계종 해운봉안당,666,미분류,불교,봉안당,봉안당,봉안당,,누락복구,납골봉안료/ 문수단2위,,4000
666,대한불교조계종 해운봉안당,666,미분류,불교,봉안당,봉안당,봉안당,,누락복구,납골봉안료,특별단2위,8000
667,여주추모공원 봉안담,667,공설,,봉안당,"봉안당, 공원묘지",기타(관리비),개인단,관내,관리비최초,년 / 관내-개인-사망 당시 추모공원 소재지에 주민등록상 주소를 둔자; 15년 / 관내-개인-사망 당시 추모공원 소재지에 주민등록상 주소를 둔자,1000000
667,여주추모공원 봉안담,667,공설,,봉안당,"봉안당, 공원묘지",기타(관리비),부부단,관내,관리비최초,"기간 옵션: 년, 15년. 대상: 관내-부부-사망 당시 추모공원 소재지에 주민등록상 주소를 둔자",1500000
667,여주추모공원 봉안담,667,공설,,봉안당,"봉안당, 공원묘지",기타(관리비),개인단,관내,사용료/관리비최초,"년 / 관내-개인, 15년 / 관내-개인",5000000
667,여주추모공원 봉안담,667,공설,,봉안당,"봉안당, 공원묘지",기타(관리비),부부단,관내,사용료/관리비,최초 년 / 관내-부부 최초 15년 / 관내-부부,7500000
667,여주추모공원 봉안담,667,공설,,봉안당,"봉안당, 공원묘지",기타(관리비),개인단,관외,사용료/관리비,최초 년 / 관외-개인 사용료/관리비최초 년 / 관외-개인,10000000
667,여주추모공원 봉안담,667,공설,,봉안당,"봉안당, 공원묘지",기타(관리비),부부단,관외,사용료/관리비,"최초 년 / 관외-부부, 최초 15년 / 관외-부부",15000000
668,전주추모관,668,사설,,봉안당,봉안당,봉안당,,,사신도,사신도,350000
668,전주추모관,668,사설,,봉안당,봉안당,봉안당,,,"일심실,사섭실","층, 3층 (지장보살형.고급.B) 1,6단 1",350000
668,전주추모관,668,사설,,봉안당,봉안당,봉안당,,,사용료,"칸1, 1칸1",20000000
668,전주추모관,668,사설,,봉안당,봉안당,봉안당,,,사용료칸,1 1칸1,30000000
668,전주추모관,668,사설,,봉안당,봉안당,기타(관리비),,,관리비,"(년분 선납)1년, (10년분 선납)1년",500000
668,전주추모관,668,사설,,봉안당,봉안당,기타(관리비),,,관리비(년분 선납),1년 관리비(10년분 선납)1년,500000
669,안동하늘공원,669,사설,,봉안당,봉안당,봉안당,,관내,봉안시설 (무연고)관내,봉안시설 (무연고)관내,700000
669,안동하늘공원,669,사설,,봉안당,봉안당,봉안당,,관외,봉안시설 (무연고),관외 봉안시설 (무연고)관외,2100000
669,안동하늘공원,669,사설,,봉안당,봉안당,봉안당,개인단,관내,봉안시설 (유연고)개인당 관내,,3000000
669,안동하늘공원,669,사설,,봉안당,봉안당,봉안당,부부단,관내,봉안시설 (유연고)부부단,관내,5000000
669,안동하늘공원,669,사설,,봉안당,봉안당,봉안당,개인단,관외,봉안시설 (유연고)개인당 관외,,9000000
669,안동하늘공원,669,사설,,봉안당,봉안당,봉안당,부부단,관외,봉안시설 부부단,유연고 관외 봉안시설 유연고 관외,15000000
670,금산군공설봉안당,670,공설,,봉안당,봉안당,봉안당,,,선산납골당,사용료무연고/년,500000
670,금산군공설봉안당,670,공설,,봉안당,봉안당,봉안당,,,선산납골당 사용료유연고,"년, 30년",1000000
670,금산군공설봉안당,670,공설,,봉안당,봉안당,봉안당,,,"사용료-수급자 보훈, 유공자유연","수급자, 보훈, 유공자유연",1000000
670,금산군공설봉안당,670,공설,,봉안당,봉안당,봉안당,,관외,사용료유연(관외자),사용료유연(관외자),2000000
670,금산군공설봉안당,670,공설,,봉안당,봉안당,기타(관리비),,,관리비무연,관리비무연,250000
670,금산군공설봉안당,670,공설,,봉안당,봉안당,기타(관리비),,,관리비유연,관리비유연,500000
671,재단법인청림공원(봉안당),671,사설,,"봉안당, 수목장",봉안당,봉안당,개인단,,개인단,"년, 5년",250000
671,재단법인청림공원(봉안당),671,사설,,"봉안당, 수목장",봉안당,봉안당,개인단,,개인단,년 5년,500000
671,재단법인청림공원(봉안당),671,사설,,"봉안당, 수목장",봉안당,봉안당,개인단,,개인단사용료,관리비 년 5만원,27000000
671,재단법인청림공원(봉안당),671,사설,,"봉안당, 수목장",봉안당,봉안당,부부단,,부부단사용료,/ 관리비 년,47000000
671,재단법인청림공원(봉안당),671,사설,,"봉안당, 수목장",봉안당,수목장,가족단,,년가족단,5년가족단,500000
671,재단법인청림공원(봉안당),671,사설,,"봉안당, 수목장",봉안당,수목장,가족단,,년가족단,5년가족단,1000000
672,벽제중앙추모공원,672,공설,,봉안당,"봉안당, 공원묘지",기타(관리비),개인단,,일반실(층),"사용료:, 관리비: 5년=(1위)",50000000
672,벽제중앙추모공원,672,공설,,봉안당,"봉안당, 공원묘지",기타(관리비),개인단,,일반실(층)사용료,관리비: 5년=36만원(1위),65000000
672,벽제중앙추모공원,672,공설,,봉안당,"봉안당, 공원묘지",기타(관리비),개인단,,고급실,"사용료:, 관리비: 5년=(1위)",85000000
672,벽제중앙추모공원,672,공설,,봉안당,"봉안당, 공원묘지",기타(관리비),,,일반실(층)사용료,관리비: 5년=72만원(2위),100000000
672,벽제중앙추모공원,672,공설,,봉안당,"봉안당, 공원묘지",기타(관리비),,,일반실(층)사용료,관리비: 5년=72만원(2위),130000000
672,벽제중앙추모공원,672,공설,,봉안당,"봉안당, 공원묘지",기타(관리비),,,고급실사용료,관리비: 5년=72만원(2위) 고급실사용료: 관리비: 5년=72만원(2위),170000000
673,오산시립쉼터공원,673,공설,,봉안당,봉안당,봉안당,개인단,관내,봉안시설 사용료 관리비개인단,"15년간 기준-관내 봉안시설 사용료, 관리비개인단/15년간 기준-관내",5000000
673,오산시립쉼터공원,673,공설,,봉안당,봉안당,봉안당,부부단,관내,봉안시설 사용료 관리비부부단,15년간 기준-관내,7000000
673,오산시립쉼터공원,673,공설,,봉안당,봉안당,봉안당,개인단,관외,봉안시설 사용료 관리비개인단,"15년간 기준-관외 봉안시설 사용료, 관리비개인단/15년간 기준-관외",7500000
673,오산시립쉼터공원,673,공설,,봉안당,봉안당,봉안당,부부단,관외,봉안시설 사용료 관리비부부단,15년간 기준-관외,10500000
674,제천시영원한쉼터봉안당,674,사설,,봉안당,봉안당,기타(관리비),개인단,관내,개인(관내)사용료,관리비,1600000
674,제천시영원한쉼터봉안당,674,사설,,봉안당,봉안당,기타(관리비),부부단,관내,부부(관내)사용료,관리비,3200000
674,제천시영원한쉼터봉안당,674,사설,,봉안당,봉안당,기타(관리비),개인단,관내,개인(준관내)충북도 관내 중부내륙중심권행정협력 시ᆞ군,"사용료:만원,관리비:만원",3600000
674,제천시영원한쉼터봉안당,674,사설,,봉안당,봉안당,기타(관리비),개인단,관외,개인(관외)충북도 관외,"사용료:만원,관리비:6만원 개인(관외)충북도 관외/사용료:만원,관리비:6만원",4600000
674,제천시영원한쉼터봉안당,674,사설,,봉안당,봉안당,기타(관리비),부부단,관내,부부(준관내)충북도 관내 중부내륙중심권행정협력 시ᆞ군,"사용료:만원,관리비:만원",7200000
674,제천시영원한쉼터봉안당,674,사설,,봉안당,봉안당,기타(관리비),부부단,관외,부부(관외)충북도 관외,"사용료:만원,관리비:만원 부부(관외)충북도 관외/사용료:만원,관리비:만원",9200000
675,대전추모공원 영락원,675,공설,기독교,"봉안당, 공원묘지",봉안당,공원묘지,,,묘지(단장 재계약),1구당/15년기한,3630000
675,대전추모공원 영락원,675,공설,기독교,"봉안당, 공원묘지",봉안당,공원묘지,,,묘지(합장 재계약),1구당/15년기한,5445000
675,대전추모공원 영락원,675,공설,기독교,"봉안당, 공원묘지",봉안당,봉안당,,관내,봉안(관내)구당,15년기한 봉안(관내)1구당/15년기한,2000000
675,대전추모공원 영락원,675,공설,기독교,"봉안당, 공원묘지",봉안당,봉안당,,관외,봉인(관외)구당,15년기한 봉인(관외)1구당/15년기한,4000000
675,대전추모공원 영락원,675,공설,기독교,"봉안당, 공원묘지",봉안당,봉안당,가족단,,가족묘원(재계약),기당/15년기한 1기당/15년기한,5500000
675,대전추모공원 영락원,675,공설,기독교,"봉안당, 공원묘지",봉안당,기타(관리비),가족단,,가족묘원,관리비 기당/5년단위 가족묘원 관리비 1기당/5년단위,5160000
676,무지개추모공원 봉안당(다래원),676,공설,,봉안당,"봉안당, 공원묘지, 수목장",봉안당,개인단,,개인단영구안치,개인1단영구안치,15000000
676,무지개추모공원 봉안당(다래원),676,공설,,봉안당,"봉안당, 공원묘지, 수목장",봉안당,개인단,,개인단영구안치,개인1단영구안치,20000000
676,무지개추모공원 봉안당(다래원),676,공설,,봉안당,"봉안당, 공원묘지, 수목장",봉안당,개인단,,개인단영구안치,개인1단영구안치,25000000
676,무지개추모공원 봉안당(다래원),676,공설,,봉안당,"봉안당, 공원묘지, 수목장",봉안당,개인단,,개인단영구안치,개인1단영구안치,30000000
676,무지개추모공원 봉안당(다래원),676,공설,,봉안당,"봉안당, 공원묘지, 수목장",봉안당,개인단,,개인영구안치,"개인4,6단영구안치",40000000
676,무지개추모공원 봉안당(다래원),676,공설,,봉안당,"봉안당, 공원묘지, 수목장",봉안당,개인단,,개인영구안치,개인5단,45000000
677,진천군 추모의집,677,사설,,"봉안당, 공원묘지",봉안당,공원묘지,,관내,합장,"관내거주자 (15년 1회 연장 가능), 관내거주자 (15년 1회 연장 가능) 30년",6280000
677,진천군 추모의집,677,사설,,"봉안당, 공원묘지",봉안당,공원묘지,,관외,합장,"관외거주자, 년(15년1회연장가능), 관외거주자, 30년(15년1회연장가능)",8170000
677,진천군 추모의집,677,사설,,"봉안당, 공원묘지",봉안당,공원묘지,,관내,관내유연고 개장유골 합장,"15년 1회 연장 가능, 30년 15년 1회 연장 가능",12560000
677,진천군 추모의집,677,사설,,"봉안당, 공원묘지",봉안당,봉안당,,관내,단장년,관내거주자 (15년 1회 연장 가능) 관내거주자 단장 (15년 1회 연장 가능),3760000
677,진천군 추모의집,677,사설,,"봉안당, 공원묘지",봉안당,봉안당,,관외,관외거주자 단장년,(15년1회연장가능) 관외거주자 단장30년 (15년1회연장가능),4880000
677,진천군 추모의집,677,사설,,"봉안당, 공원묘지",봉안당,봉안당,,관내,관내유연고 개장유골 단장,"15년 1회 연장 가능, 30년 15년 1회 연장 가능",7420000
678,홍천군공설묘원 봉안당,678,공설,,"봉안당, 공원묘지",봉안당,공원묘지,,관내,합장묘 (관내),"년, 15년",15000000
678,홍천군공설묘원 봉안당,678,공설,,"봉안당, 공원묘지",봉안당,봉안당,개인단,관내,봉안당 - 개인,(관내)년 봉안당 - 개인 (관내)15년,3000000
678,홍천군공설묘원 봉안당,678,공설,,"봉안당, 공원묘지",봉안당,봉안당,,관내,봉안당 - 무연고 (관내),년 봉안당 - 무연고 (관내)10년,3000000
678,홍천군공설묘원 봉안당,678,공설,,"봉안당, 공원묘지",봉안당,봉안당,,관내,봉안묘 (관내),년 봉안묘 (관내)15년,3750000
678,홍천군공설묘원 봉안당,678,공설,,"봉안당, 공원묘지",봉안당,봉안당,부부단,관내,봉안당 - 부부 (관내),"년, 15년",6000000
678,홍천군공설묘원 봉안당,678,공설,,"봉안당, 공원묘지",봉안당,봉안당,,관내,단장묘 (관내),년1 단장묘 (관내)15년1,11250000
679,관음사추모관,679,사설,불교,봉안당,봉안당,봉안당,개인단,,층개인1단~8단,사용기간 영구,10000000
679,관음사추모관,679,사설,불교,봉안당,봉안당,봉안당,개인단,,부처님전(개인),1층 1단 ~ 9단 사용기간 영구 2층 1단 ~ 9단 사용기간 영구,13000000
679,관음사추모관,679,사설,불교,봉안당,봉안당,봉안당,부부단,,층부부1단~8단,사용기간 영구,20000000
679,관음사추모관,679,사설,불교,봉안당,봉안당,봉안당,부부단,,부처님전(부부),1단 ~ 9단 사용기간 영구 2층 1단 ~ 9단 사용기간 영구,26000000
679,관음사추모관,679,사설,불교,봉안당,봉안당,기타(관리비),,,관리비,"년, 15년, 40년, 영구관리자에게 문의 하세요 관리비 10년, 15년, 40년, 영구관리자에게 문의 하세요",15000000
680,가톨릭군위묘원 성모의정원,680,사설,천주교,"봉안당, 공원묘지",봉안당,공원묘지,가족단,,(가족단)사용료사용기간 영구,(가족단)사용료사용기간 영구,70000000
680,가톨릭군위묘원 성모의정원,680,사설,천주교,"봉안당, 공원묘지",봉안당,봉안당,부부단,,관리비30년분,"(개인단부부단), 1위당",10000000
680,가톨릭군위묘원 성모의정원,680,사설,천주교,"봉안당, 공원묘지",봉안당,봉안당,개인단,,(개인단)사용료,사용기간 영구 (개인단)사용료사용기간 영구,45000000
680,가톨릭군위묘원 성모의정원,680,사설,천주교,"봉안당, 공원묘지",봉안당,봉안당,부부단,,(부부단),사용료사용기간 영구,80000000
680,가톨릭군위묘원 성모의정원,680,사설,천주교,"봉안당, 공원묘지",봉안당,기타(관리비),가족단,,(가족단)관리비,"년분, 30년분",10000000
681,천안노블랜드하늘공원 봉안당,681,사설,,봉안당,"봉안당, 공원묘지",봉안당,개인단,,개인단 실내(A-Type)단~9단,,20000000
681,천안노블랜드하늘공원 봉안당,681,사설,,봉안당,"봉안당, 공원묘지",봉안당,,,야외(벽제형),단~5단,30000000
681,천안노블랜드하늘공원 봉안당,681,사설,,봉안당,"봉안당, 공원묘지",봉안당,부부단,,부부단 실내(A-Type)단~9단,부부단 실내(A-Type)1단~9단,40000000
681,천안노블랜드하늘공원 봉안당,681,사설,,봉안당,"봉안당, 공원묘지",봉안당,개인단,,개인단 특별단(A-Type),단~9단(500~1000만원),50000000
681,천안노블랜드하늘공원 봉안당,681,사설,,봉안당,"봉안당, 공원묘지",봉안당,부부단,,부부단 특별단(A-Type),"단~9단(1000~2000만원)10,000,0001 부부단 특별단(A-Type)1단~9단(1000~2000만원)10,000,0001",100000000
681,천안노블랜드하늘공원 봉안당,681,사설,불교,봉안당,"봉안당, 공원묘지",봉안당,가족단,,야외(가족탑)기~48기,야외(가족탑)12기~48기,240000000
682,연화추모공원,682,공설,불교,봉안당,봉안당,봉안당,개인단,,층 정토실(개인단),사용료: 관리비:5년 ,23000000
682,연화추모공원,682,공설,불교,봉안당,봉안당,봉안당,개인단,,극락실(개인단)사용료,층  관리비:5년 30만원  층  관리비:5년 30만원,33000000
682,연화추모공원,682,공설,불교,봉안당,봉안당,봉안당,개인단,,VIP실(개인단)사용료,층 관리비:5년 30만원 3층 관리비:5년 30만원,43000000
682,연화추모공원,682,공설,불교,봉안당,봉안당,봉안당,부부단,,층 정토실(부부단)사용료,관리비:5년 60만원,46000000
682,연화추모공원,682,공설,불교,봉안당,봉안당,봉안당,부부단,,층 극락실(부부단),사용료: 관리비:5년,66000000
682,연화추모공원,682,공설,불교,봉안당,봉안당,봉안당,부부단,,VIP실(부부단)사용료,층 관리비:5년 60만원 3층 관리비:5년 60만원,86000000
683,(재)자하연팔당(봉안),683,사설,,공원묘지,공원묘지,공원묘지,,,"평장(위, 3평)","사용료, 관리비(5년, 석물비",215000000
683,(재)자하연팔당(봉안),683,사설,불교,공원묘지,공원묘지,기타(관리비),,,"탑형(위, 3평)","사용료, 관리비(5년), 석물비",135000000
683,(재)자하연팔당(봉안),683,사설,불교,공원묘지,공원묘지,기타(관리비),,,탑형,"위, 3평사용료, 관리비(5년, 석물비탑형4위, 3평사용료, 관리비(5년, 석물비",155000000
683,(재)자하연팔당(봉안),683,사설,불교,공원묘지,공원묘지,기타(관리비),,,탑형,"위, 5평, 8위, 5평, 사용료, 관리비, 5년, 석물비",255000000
683,(재)자하연팔당(봉안),683,사설,,공원묘지,공원묘지,기타(관리비),,,"와형(위, 6평)","사용료, 관리비(5년, 석물비",315000000
683,(재)자하연팔당(봉안),683,사설,,공원묘지,공원묘지,기타(관리비),,,와형,"위, 6평 사용료, 관리비(5년, 81만원, 석물비",335000000
684,정선하늘원,684,사설,,봉안당,봉안당,봉안당,개인단,관내,개인단개인단 안치(군민) 개인단개인단 안치(군민),,3000000
684,정선하늘원,684,사설,,봉안당,봉안당,봉안당,부부단,관내,부부단부부단 안치,(군민),5000000
684,정선하늘원,684,사설,,봉안당,봉안당,봉안당,개인단,관내,개인단개인단 안치(군민외),개인단개인단 안치(군민외),10000000
684,정선하늘원,684,사설,,봉안당,봉안당,봉안당,부부단,관내,부부단부부단 안치,(군민외),15000000
684,정선하늘원,684,사설,,봉안당,봉안당,기타,,,조화조화 조화조화,,10000
684,정선하늘원,684,사설,,봉안당,봉안당,기타,,,위패제작비용(건당),,15000
685,강남구추모의집,685,사설,,봉안당,봉안당,봉안당,,,연장시 안치료,"매년 국가유공자, 독립유공자, 국민기초생활보장수급자 연장시 안치료(매5년)국가유공자, 독립유공자, 국민기초생활보장수급자",200000
685,강남구추모의집,685,사설,,봉안당,봉안당,봉안당,,,안치료,"(최초 15년)국가유공자, 독립유공자, 국민기초생활보장수급자",500000
685,강남구추모의집,685,사설,,봉안당,봉안당,봉안당,,관내,안치료,연장시 (매년)일반주민 연장시 (매5년)일반주민,700000
685,강남구추모의집,685,사설,,봉안당,봉안당,봉안당,,관내,안치료(최초 15년),일반주민(강남구에 주민등록을 둔 자 및 배우자),2000000
685,강남구추모의집,685,사설,,봉안당,봉안당,봉안당,,관내,안치료,(최초 15년)일반주민(강남구에 주민등록을 둔 자의 직계 존·비속),3000000
685,강남구추모의집,685,사설,,봉안당,봉안당,기타(관리비),,,관리비,"1년에 30,000원×15년",4500000
686,용산성당 베다니아의집,686,사설,천주교,봉안당,공원묘지,봉안당,,,봉안단,"*300(1,7단) 300*300(1,7단)",80000000
686,용산성당 베다니아의집,686,사설,천주교,봉안당,공원묘지,봉안당,,,봉안단,"*300(2,6단)1",90000000
686,용산성당 베다니아의집,686,사설,천주교,봉안당,공원묘지,봉안당,,,봉안단,"300(3,4,5단) 봉안단300(3,4,5단)",100000000
686,용산성당 베다니아의집,686,사설,천주교,봉안당,공원묘지,봉안당,,,봉안단,"600(1,7단) 봉안단300*600(1,7단)",140000000
686,용산성당 베다니아의집,686,사설,천주교,봉안당,공원묘지,봉안당,,,봉안단,"600(2,6단) 봉안단300*600(2,6단)",160000000
686,용산성당 베다니아의집,686,사설,천주교,봉안당,공원묘지,봉안당,,,봉안단,"600(3,4,5단) 봉안단300*600(3,4,5단)",180000000
687,영광군 공설추모공원 봉안당,687,공설,,봉안당,"봉안당, 공원묘지",봉안당,,관내,관내기,"5년 관내1기, 5년",1000000
687,영광군 공설추모공원 봉안당,687,공설,,봉안당,"봉안당, 공원묘지",봉안당,,관외,관외기,"5년 관외1기, 5년",2000000
687,영광군 공설추모공원 봉안당,687,공설,,봉안당,"봉안당, 공원묘지",봉안당,,관내,관내기,관내1기,5000000
687,영광군 공설추모공원 봉안당,687,공설,,봉안당,"봉안당, 공원묘지",봉안당,,관내,관내기,"15년 관내1기, 15년",10000000
687,영광군 공설추모공원 봉안당,687,공설,,봉안당,"봉안당, 공원묘지",봉안당,,관외,관외기,"15년 관외1기, 15년",15000000
687,영광군 공설추모공원 봉안당,687,공설,,봉안당,"봉안당, 공원묘지",봉안당,,관외,관외기,"관외1기, 15년1",30000000
688,갑곶순교성지 천국의 문,688,사설,,봉안당,봉안당,봉안당,,,,,30000000
688,갑곶순교성지 천국의 문,688,사설,,봉안당,봉안당,봉안당,,,봉안당 사용료,(사용기간 20년),40000000
688,갑곶순교성지 천국의 문,688,사설,,봉안당,봉안당,봉안당,,,,,50000000
688,갑곶순교성지 천국의 문,688,사설,,봉안당,봉안당,봉안당,,,봉안당 사용료,(사용기간 년),100000000
688,갑곶순교성지 천국의 문,688,사설,,봉안당,봉안당,기타,,,,,12000000
689,천주교 광주교구 담양공원묘원,689,사설,천주교,공원묘지,"봉안당, 공원묘지",공원묘지,,,단사용기간,30년 1 1단사용기간 30년 1,15000000
689,천주교 광주교구 담양공원묘원,689,사설,천주교,공원묘지,"봉안당, 공원묘지",공원묘지,,,7단,사용기간 30년,20000000
689,천주교 광주교구 담양공원묘원,689,사설,천주교,공원묘지,"봉안당, 공원묘지",공원묘지,,,단사용기간,30년 1 단사용기간 30년,50000000
689,천주교 광주교구 담양공원묘원,689,사설,천주교,공원묘지,"봉안당, 공원묘지",공원묘지,,,단,"7단사용기간 30년 2단, 7단사용기간 30년",60000000
689,천주교 광주교구 담양공원묘원,689,사설,천주교,공원묘지,"봉안당, 공원묘지",공원묘지,,,단~6단사용기간,30년 3단~6단사용기간 30년,70000000
690,광명메모리얼파크,690,사설,,봉안당,봉안당,봉안당,개인단,관내,개인단(관내)회,"15년, 2회 연장가능(총45년)",7500000
690,광명메모리얼파크,690,사설,,봉안당,봉안당,봉안당,부부단,관내,부부단(관내)회,"15년, 2회 연장가능(총45년) 부부단(관내)1회 15년, 2회 연장가능(총45년)",10000000
690,광명메모리얼파크,690,사설,,봉안당,봉안당,봉안당,개인단,관외,개인단(관외)회,"15년, 2회 연장가능(총45년) 개인단(관외)1회 15년, 2회 연장가능(총45년)",15000000
690,광명메모리얼파크,690,사설,,봉안당,봉안당,봉안당,부부단,관외,부부단(관외)회,"15년, 2회 연장가능(총45년) 부부단(관외)1회 15년, 2회 연장가능(총45년)",20000000
690,광명메모리얼파크,690,사설,,봉안당,봉안당,기타,,,무연고회,10년 무연고1회 10년,1000000
691,공주나래원 봉안당,691,사설,,봉안당,봉안당,봉안당,개인단,,무연유골위,무연유골1위,500000
691,공주나래원 봉안당,691,사설,,봉안당,봉안당,봉안당,개인단,관내,일반(관내)위,"30년 일반(관내)1위, 30년",10000000
691,공주나래원 봉안당,691,사설,,봉안당,봉안당,봉안당,개인단,관외,일반(관외)위,"30년 일반(관외)1위, 30년",20000000
691,공주나래원 봉안당,691,사설,,봉안당,봉안당,봉안당,부부단,관내,부부(관내)위,"30년 부부(관내)2위, 30년",20000000
691,공주나래원 봉안당,691,사설,,봉안당,봉안당,봉안당,부부단,관외,부부(관외)위,30년,40000000
692,불광사 추모관,692,사설,,봉안당,봉안당,봉안당,,,단 영가기도비가로,"27센치, 세로 27.7센치 깊이 29.5센치1단 영가기도비가로 27센치, 세로 27.7센치 깊이 29.5센치",30000000
692,불광사 추모관,692,사설,,봉안당,봉안당,봉안당,,,영가기도비,"단 7단 가로 27센치, 세로 27.7센치 깊이 29.5센치 2단 7단 가로 27센치, 세로 27.7센치 깊이 29.5센치",35000000
692,불광사 추모관,692,사설,,봉안당,봉안당,봉안당,,,영가기도비,"단, 6단 가로 27센치, 세로 27.7센치 깊이 29.5센치 3단, 6단 가로 27센치, 세로 27.7센치 깊이 29.5센치",40000000
692,불광사 추모관,692,사설,,봉안당,봉안당,봉안당,,,영가기도비,"5단 가로 27센치, 세로 27.7센치 깊이 29.5센치, 4단, 5단 가로 27센치, 세로 27.7센치 깊이 29.5센치",50000000
692,불광사 추모관,692,사설,,봉안당,봉안당,기타(관리비),,,평장묘 관리비,년 1년,5000000
693,창원시립상복공원 제1봉안당,693,공설,,봉안당,"봉안당, 수목장",봉안당,,관내,무연유골(관내)구,5년,450000
693,창원시립상복공원 제1봉안당,693,공설,,봉안당,"봉안당, 수목장",봉안당,,관내,무연분묘(관내)구,10년,900000
693,창원시립상복공원 제1봉안당,693,공설,,봉안당,"봉안당, 수목장",봉안당,,관내,유연유골(관내),1구/15년,1700000
693,창원시립상복공원 제1봉안당,693,공설,,봉안당,"봉안당, 수목장",봉안당,,관외,유연유골(관외)구,15년 유연유골(관외)1구/15년,10000000
694,새로나추모관,694,미분류,,봉안당,봉안당,정보없음,,정보없음,정보없음,자동 추출 실패 (푸터 텍스트),
695,(재)자하연포천(봉안),695,사설,불교,봉안당,공원묘지,봉안당,,,2기탑형,.9㎡  9.9㎡,115000000
695,(재)자하연포천(봉안),695,사설,불교,봉안당,공원묘지,봉안당,,,4기탑형,13.2㎡,135000000
695,(재)자하연포천(봉안),695,사설,,봉안당,공원묘지,봉안당,,,,,215000000
695,(재)자하연포천(봉안),695,사설,불교,봉안당,공원묘지,봉안당,,,탑형,0.1㎡12기 23.1㎡12기,235000000
695,(재)자하연포천(봉안),695,사설,,봉안당,공원묘지,기타(관리비),,,㎡관리비(년) 평,㎡관리비(년) 평,25000
696,서대문구추모의집,696,사설,,봉안당,"봉안당, 공원묘지",봉안당,개인단,관내,,,1000000
696,서대문구추모의집,696,사설,,봉안당,"봉안당, 공원묘지",봉안당,,관내,기초생활수급자 국가유공자일반주민의 50% 경감(연장시 동일),"기초생활수급자, 국가유공자일반주민의 50% 경감(연장시 동일)",1000000
696,서대문구추모의집,696,사설,,봉안당,"봉안당, 공원묘지",봉안당,개인단,관내,개인단-일반주민최초,년 1 개인단-일반주민최초 15년 1,2000000
696,서대문구추모의집,696,사설,,봉안당,"봉안당, 공원묘지",봉안당,부부단,관내,,,4000000
696,서대문구추모의집,696,사설,,봉안당,"봉안당, 공원묘지",기타(관리비),,,,,1500000
697,삼광사추모공원 봉안당,697,공설,,봉안당,공원묘지,봉안당,,,봉안당,층1 봉안당10층,10000000
697,삼광사추모공원 봉안당,697,공설,,봉안당,공원묘지,봉안당,,,봉안당,"봉안당층1, 봉안당10층1",15000000
697,삼광사추모공원 봉안당,697,공설,,봉안당,공원묘지,봉안당,,,봉안당,"8, 9층",20000000
697,삼광사추모공원 봉안당,697,공설,,봉안당,공원묘지,봉안당,,,봉안당,"층1, 봉안당10층",25000000
698,재단법인북한강공원,698,사설,,봉안당,공원묘지,봉안당,,,관리비(봉안묘)토지,(m) 관리비(봉안묘)토지(m2),550000
698,재단법인북한강공원,698,사설,,봉안당,공원묘지,봉안당,,,봉안묘,토지 (m) 사용료 토지 (m2),3650000
698,재단법인북한강공원,698,사설,,봉안당,공원묘지,봉안당,,,사용료(봉안묘)석물,위수별,25000000
698,재단법인북한강공원,698,사설,,봉안당,공원묘지,봉안당,,,봉안묘,사용료(추모단)(기수별),46000000
698,재단법인북한강공원,698,사설,,봉안당,공원묘지,기타(관리비),,,관리비(추모단),기수별 관리비(추모단)기수별,500000
699,사천시누리원(봉안시설),699,공설,무관,봉안당,봉안당,봉안당,개인단,관내,개인단(관내)봉안기간,"년, 10년",1400000
699,사천시누리원(봉안시설),699,공설,무관,봉안당,봉안당,봉안당,개인단,관내,개인단(관내)봉안기간,"년, 개인단(관내)봉안기간 10년",2000000
699,사천시누리원(봉안시설),699,공설,무관,봉안당,봉안당,봉안당,부부단,관내,부부단(관내)봉안기간,"년, 15년",4000000
699,사천시누리원(봉안시설),699,공설,무관,봉안당,봉안당,봉안당,개인단,관외,개인단(관외)봉안기간,년1 개인단(관외)봉안기간 15년1,10000000
699,사천시누리원(봉안시설),699,공설,무관,봉안당,봉안당,봉안당,부부단,관외,부부단(관외)봉안기간,년 15년,20000000
700,대한불교조계종 대관음사 봉안당,700,사설,불교,봉안당,봉안당,봉안당,,,유골함별도,유골함별도,6500000
700,대한불교조계종 대관음사 봉안당,700,사설,불교,봉안당,봉안당,봉안당,개인단,,사용료개인단,"단~2단, 1단~2단",45000000
700,대한불교조계종 대관음사 봉안당,700,사설,불교,봉안당,봉안당,봉안당,개인단,,사용료개인단,단~11단 사용료개인단(8단~11단),45000000
700,대한불교조계종 대관음사 봉안당,700,사설,불교,봉안당,봉안당,봉안당,개인단,,사용료개인단,단(단~7단) 사용료개인단(3단~7단),55000000
700,대한불교조계종 대관음사 봉안당,700,사설,불교,봉안당,봉안당,기타(관리비),,,관리비,5년,2500000
701,영평사 봉안당,701,사설,,봉안당,봉안당,봉안당,,,"단,8단영구보존","기간2,000,000 1단,8단영구보존/기간2,000,000",2000000
701,영평사 봉안당,701,사설,,봉안당,봉안당,봉안당,,,"단,7단영구보존","기간 2단,7단영구보존/기간",3000000
701,영평사 봉안당,701,사설,,봉안당,봉안당,봉안당,,,"3단,6단영구보존","기간5,000,000",5000000
701,영평사 봉안당,701,사설,,봉안당,봉안당,봉안당,,,"단,5단영구보존","기간 4단,5단영구보존/기간",7000000
701,영평사 봉안당,701,사설,,봉안당,봉안당,기타(관리비),,,관리비월,관리비월,50000
702,계룡시 정명각,702,사설,,공원묘지,"봉안당, 공원묘지",기타(관리비),,,공설묘지 관리비,1구당 8.25m2/15년,1000000
702,계룡시 정명각,702,사설,,공원묘지,"봉안당, 공원묘지",기타,,,사용료독립유공자,사용료독립유공자,1000000
702,계룡시 정명각,702,사설,,공원묘지,"봉안당, 공원묘지",기타,,,공설묘지 사용료,1구당 8.25m2/15년,2000000
703,천주사 영탑공원,703,사설,천주교,"공원묘지, 봉안당","공원묘지, 봉안당",공원묘지,,,진공 유골함,"기금수강산, 1기금수강산",3500000
703,천주사 영탑공원,703,사설,천주교,"공원묘지, 봉안당","공원묘지, 봉안당",공원묘지,가족단,,가족탑구,안치 가족탑구 안치,180000000
703,천주사 영탑공원,703,사설,천주교,"공원묘지, 봉안당","공원묘지, 봉안당",봉안당,,,유해납골,"기, 유해납골 1기",28000000
703,천주사 영탑공원,703,사설,천주교,"공원묘지, 봉안당","공원묘지, 봉안당",기타(관리비),,,평장묘 관리비,년 1년,700000
703,천주사 영탑공원,703,사설,천주교,"공원묘지, 봉안당","공원묘지, 봉안당",기타(관리비),가족단,,가족탑 관리비,년 가족탑 관리비 1년,1500000
704,함안군공설봉안당,704,공설,,봉안당,봉안당,봉안당,,관내,일반(관내)최초,"년, 15년",2000000
704,함안군공설봉안당,704,공설,,봉안당,봉안당,봉안당,,관내,일반(관내)연장,"15년 사용료, 년 사용료",2000000
704,함안군공설봉안당,704,공설,,봉안당,봉안당,봉안당,,,무연고년,무연고10년,2000000
704,함안군공설봉안당,704,공설,,봉안당,봉안당,봉안당,,관외,일반(관외)최초 사용료,"년, 15년",6000000
704,함안군공설봉안당,704,공설,,봉안당,봉안당,봉안당,,관외,일반(관외)연장,년 사용료 일반(관외)연장 15년 사용료,6000000
705,삼척시추모공원 봉안당,705,공설,,봉안당,봉안당,기타(관리비),,,무연고5년 사용료.관리비,삼척시 직영,1680000
705,삼척시추모공원 봉안당,705,공설,,봉안당,봉안당,기타(관리비),,,무연고 사용료.관리비,"5년, 삼척시 직영",3360000
705,삼척시추모공원 봉안당,705,공설,,봉안당,봉안당,기타(관리비),,,무연고년 사용료.관리비,삼척시 직영,5920000
706,삼성개발공원묘원(봉안),706,사설,무관,봉안당,공원묘지,봉안당,,,봉안묘,㎡2위 5㎡2위,6125000
706,삼성개발공원묘원(봉안),706,사설,무관,봉안당,공원묘지,봉안당,,,토지사용료평방미터,토지사용료평방미터,6970000
706,삼성개발공원묘원(봉안),706,사설,무관,봉안당,공원묘지,봉안당,,,봉안묘,".6㎡4위, 6.6㎡4위",8900000
706,삼성개발공원묘원(봉안),706,사설,무관,봉안당,공원묘지,봉안당,,,봉안묘,.9㎡8위 9.9㎡8위,10650000
706,삼성개발공원묘원(봉안),706,사설,무관,봉안당,공원묘지,기타(관리비),,,관리비평방미터,,90910
707,용인평온의숲(평온마루 봉안당),707,공설,무관,봉안당,,봉안당,개인단,관내,관리비(관내)개인단,관리비(관내)개인단,1500000
707,용인평온의숲(평온마루 봉안당),707,공설,무관,봉안당,,봉안당,개인단,관내,사용료(관내)개인단,사용료(관내)개인단,3000000
707,용인평온의숲(평온마루 봉안당),707,공설,무관,봉안당,,봉안당,개인단,관외,관리비(관외)개인단,,3000000
707,용인평온의숲(평온마루 봉안당),707,공설,무관,봉안당,,봉안당,부부단,관내,사용료(관내)부부단,사용료(관내)부부단,5000000
707,용인평온의숲(평온마루 봉안당),707,공설,무관,봉안당,,봉안당,개인단,관외,사용료(관외)개인단,,10000000
708,논산시양지추모원,708,사설,,봉안당,봉안당,봉안당,,,국민기초생활보장수급자 사용요금,년1회납부 또는 10년1회납부 (논산시 거주자),500000
708,논산시양지추모원,708,사설,,봉안당,봉안당,봉안당,,,국가유공자(배우자포함) 사용요금,"년1회납부(논산시 거주자), 10년1회납부(논산시 거주자)",500000
708,논산시양지추모원,708,사설,,봉안당,봉안당,봉안당,,,장기기증자 사용요금,년1회납부(논산시 거주자) 장기기증자 사용요금10년1회납부(논산시 거주자),500000
708,논산시양지추모원,708,사설,,봉안당,봉안당,봉안당,,,일반사용자 사용요금,"년1회납부(논산시 거주자), 10년1회납부(논산시 거주자)",2000000
709,울진군립추모원(봉안시설),709,공설,무관,봉안당,,봉안당,개인단,관내,개인단(관내자)기,"최초 30년,1회 연장가능",6000000
709,울진군립추모원(봉안시설),709,공설,무관,봉안당,,봉안당,부부단,관내,,,10000000
709,울진군립추모원(봉안시설),709,공설,무관,봉안당,,봉안당,개인단,관외,개인단(관외자)기,"최초 30년, 1회 연장가능",16000000
709,울진군립추모원(봉안시설),709,공설,무관,봉안당,,봉안당,부부단,관외,부부단(관외자)기,"최초 30년, 1회 연장가능",26000000
710,봉원사,710,사설,,"봉안당, 공원묘지",봉안당,공원묘지,,,합장단,"단30년, 연장2회, 7,8단30년, 연장2회",80000000
710,봉원사,710,사설,,"봉안당, 공원묘지",봉안당,공원묘지,,,합장단,"단30년, 연장2회, 7,8단30년, 연장2회",100000000
710,봉원사,710,사설,,"봉안당, 공원묘지",봉안당,봉안당,개인단,,개인단단30년,"연장2회 개인단7,8단30년, 연장2회",40000000
710,봉원사,710,사설,,"봉안당, 공원묘지",봉안당,봉안당,개인단,,개인단단30년,"연장2회 개인단7,8단30년, 연장2회",50000000
711,함양군구룡공설공원묘지 봉안탑,711,공설,불교,봉안당,공원묘지,봉안당,,관내,봉안탑 사용료(관내),15년간사용료(관내),500000
711,함양군구룡공설공원묘지 봉안탑,711,공설,불교,봉안당,공원묘지,봉안당,,관내,봉안탑 관리비(관내),15년간관리비(관내),750000
711,함양군구룡공설공원묘지 봉안탑,711,공설,불교,봉안당,공원묘지,봉안당,,관외,봉안탑 관리비(관외),15년간관리비(관외),750000
711,함양군구룡공설공원묘지 봉안탑,711,공설,불교,봉안당,공원묘지,봉안당,,관외,봉안탑 사용료(관외),15년간사용료(관외),1000000
712,광천사 봉안당,712,사설,,봉안당,봉안당,봉안당,개인단,,관리비,개인단 관리비 개인단,30000000
712,광천사 봉안당,712,사설,,봉안당,봉안당,봉안당,개인단,,관리비,개인단 관리비 개인단,30000000
712,광천사 봉안당,712,사설,,봉안당,봉안당,봉안당,개인단,,관리비,개인단 관리비 개인단,35000000
712,광천사 봉안당,712,사설,,봉안당,봉안당,봉안당,부부단,,관리비,"년만원 부부단, 년2만원 부부단",60000000
713,보현사 납골공원,713,사설,,봉안당,공원묘지,봉안당,부부단,,합동기가족,"부부, 합동2기가족(부부)를 모실수있습니다.",20000000
713,보현사 납골공원,713,사설,불교,봉안당,공원묘지,봉안당,가족단,,가족납골탑,~16기(탑형),150000000
713,보현사 납골공원,713,사설,불교,봉안당,공원묘지,봉안당,가족단,,가족납골탑,~16기(부도형),180000000
713,보현사 납골공원,713,사설,불교,봉안당,공원묘지,봉안당,가족단,,가족납골탑기,아치형 가족납골탑32기 아치형,280000000
714,용광사,714,사설,,봉안당,,봉안당,개인단,,개인단(관리비)관리비,"/년간, 개인단(관리비)관리비 : /년간",250000
714,용광사,714,사설,,봉안당,,봉안당,부부단,,부부단(관리비)관리비,/년간,250000
714,용광사,714,사설,,봉안당,,봉안당,개인단,,개인단(사용료)사용료,개인단(사용료)사용료,3000000
714,용광사,714,사설,,봉안당,,봉안당,부부단,,부부단(사용료),사용료 구당  부부단(사용료)사용료 1구당 ,30000000
715,만월사,715,사설,,공원묘지,봉안당,기타(관리비),개인단,,관리비개인,년간 관리비개인 / 년간,500000
715,만월사,715,사설,,공원묘지,봉안당,기타(관리비),부부단,,관리비부부,"년, 관리비부부 1년",800000
715,만월사,715,사설,,공원묘지,봉안당,기타,개인단,,사용료개인(평생),사용료개인(평생),50000000
716,김포시추모공원(봉안담),716,공설,무관,봉안당,봉안당,봉안당,개인단,관내,,,3500000
716,김포시추모공원(봉안담),716,공설,무관,봉안당,봉안당,봉안당,부부단,관내,부부단(관내)사용료,관리비,6000000
716,김포시추모공원(봉안담),716,공설,무관,봉안당,봉안당,봉안당,개인단,관외,,,7000000
716,김포시추모공원(봉안담),716,공설,무관,봉안당,봉안당,봉안당,부부단,관외,,,12000000
717,구미시공설숭조당 제1관,717,공설,,공원묘지,봉안당,정보없음,,정보없음,정보없음,자동 추출 실패 (푸터 텍스트),
717,구미시공설숭조당 제1관,717,공설,,공원묘지,봉안당,기타,,재추출(병합),보건복지부,"[30113] 세종특별자치시 도움4로 13, 10동 (어진동, 정부세종청사)",30113
718,청운사 봉안당,718,사설,,봉안당,봉안당,정보없음,,정보없음,정보없음,자동 추출 실패 (푸터 텍스트),
718,청운사 봉안당,718,사설,,봉안당,봉안당,봉안당,,재추출(병합),보건복지부,"[30113] 세종특별자치시 도움4로 13, 10동 (어진동, 정부세종청사)",30113
718,청운사 봉안당,718,사설,,봉안당,봉안당,봉안당,,재추출(병합),영구,15년 221001 223001 15년 221001 223001,223000
718,청운사 봉안당,718,사설,,봉안당,봉안당,봉안당,,재추출(병합),영구,223001 224001 223001 224001,224000
719,하늘공원(부곡동공설공원묘지),719,공설,,공원묘지,공원묘지,공원묘지,,,묘지사용료,1기당 (6.6㎡ 이하),2530000
719,하늘공원(부곡동공설공원묘지),719,공설,,공원묘지,공원묘지,공원묘지,,,묘지관리비,1기당 (6.6㎡ 이하),4030000
720,가톨릭군위묘원 봉안담,720,사설,천주교,봉안당,봉안당,봉안당,,,사용료(구 안치단)사용기간,년 (비신자 추가),8000000
720,가톨릭군위묘원 봉안담,720,사설,천주교,봉안당,봉안당,봉안당,,,사용료(신 안치단),"사용기간 년, 사용기간 30년",18000000
720,가톨릭군위묘원 봉안담,720,사설,천주교,봉안당,봉안당,기타(관리비),,,관리비,"(신 구 안치단 동일)30년분 (신, 구 안치단 동일)30년분",5000000
721,목포추모공원 추모의집,721,공설,,봉안당,봉안당,봉안당,,,무연고자 (목포시거주자),"안치기간 : 년, 연장 1회 가능 무연고자 (목포시거주자) 안치기간 : 10년, 연장 1회 가능",700000
721,목포추모공원 추모의집,721,공설,,봉안당,봉안당,봉안당,,,기존 안치자 연장(목포시거주자),안치기간 : 년(1회 연장)1 기존 안치자 연장(목포시거주자)안치기간 : 15년(1회 연장)1,1000000
721,목포추모공원 추모의집,721,공설,,봉안당,봉안당,봉안당,,관외,무연고자(관외)안치기간,"년, 연장 1회 가능, 무연고자(관외)안치기간 : 10년, 연장 1회 가능",1050000
721,목포추모공원 추모의집,721,공설,,봉안당,봉안당,봉안당,,관외,기존 안치자 연장(관외),안치기간 : 년(1회 연장) 기존 안치자 연장(관외)안치기간 : 15년(1회 연장),1500000
722,완도군추모공원 봉안담,722,공설,,봉안당,공원묘지,봉안당,,관내,사용료(관내),년1 사용료(관내)15년1,400000
722,완도군추모공원 봉안담,722,공설,,봉안당,공원묘지,봉안당,,관외,사용료(관외),년1 사용료(관외)15년,800000
722,완도군추모공원 봉안담,722,공설,,봉안당,공원묘지,기타(관리비),,관내,관리비(관내),년 15년,300000
722,완도군추모공원 봉안담,722,공설,,봉안당,공원묘지,기타(관리비),,관외,관리비,관외 년 15년,300000
723,정수사,723,사설,,봉안당,봉안당,봉안당,개인단,,사용료(본관)-개인단,"단~9단/관리비 1년 4만원 5년선납(20만원)1,200,0001 사용료(본관)-개인단1단~9단/관리비 1년 4만원 5년선납(20만원)1,200,0001",12000000
723,정수사,723,사설,,봉안당,봉안당,봉안당,개인단,,사용료(신관)-개인단,단~7단/관리비 1년 4만원 5년선납(20만원),22000000
723,정수사,723,사설,,봉안당,봉안당,봉안당,부부단,,사용료(본관)-부부단단~9단,/관리비 1년 6만원 5년선납(30만원),23000000
723,정수사,723,사설,,봉안당,봉안당,봉안당,부부단,,사용료(신관)-부부단단~7단,/관리비 1년 6만원 5년선납(30만원) 사용료(신관)-부부단1단~7단/관리비 1년 6만원 5년선납(30만원),43000000
724,영광사불지원,724,사설,,봉안당,공원묘지,봉안당,개인단,관내,관리비,관내.외 동일 개인단 년 15년,3000000
724,영광사불지원,724,사설,,봉안당,공원묘지,봉안당,부부단,관내,관리비,관내외 동일 부부단 년 15년,6000000
724,영광사불지원,724,사설,,봉안당,공원묘지,봉안당,개인단,관내,사용료,"관내.외 동일 개인단 년, 관내.외 동일 개인단 15년",7000000
724,영광사불지원,724,사설,,봉안당,공원묘지,봉안당,부부단,관내,부부단,사용료(관내.외 동일)(년),14000000
725,아산시공설봉안당,725,공설,,봉안당,봉안당,봉안당,개인단,관내,개인단관내_위당,15년,3000000
725,아산시공설봉안당,725,공설,,봉안당,봉안당,봉안당,부부단,관내,부부단관내,쌍당(15년),5000000
725,아산시공설봉안당,725,공설,,봉안당,봉안당,봉안당,개인단,관외,개인단관외_위당,15년,10000000
725,아산시공설봉안당,725,공설,,봉안당,봉안당,봉안당,부부단,관외,부부단관외_쌍당,15년,15000000
726,(재)미타불교원,726,사설,불교,봉안당,봉안당,봉안당,개인단,,개인단1단~12단,"5년 관리비 25만원,영구 관리비 150만원 2층 개인단 5년 관리비 25만원,영구 관리비 150만원",22500000
726,(재)미타불교원,726,사설,불교,봉안당,봉안당,봉안당,개인단,,개인단1단~8단,"1층 개인단1단~8단 5년 관리비 25만원,영구 관리비 150만원",32500000
726,(재)미타불교원,726,사설,불교,봉안당,봉안당,봉안당,부부단,,층 부부단1단~12단,"5년 관리비 50만원,영구 관리비 300만원",45000000
726,(재)미타불교원,726,사설,불교,봉안당,봉안당,봉안당,부부단,,층 부부단1단~8단,"5년 관리비 50만원, 영구관리비 300만원 1 1층 부부단1단~8단 5년 관리비 50만원, 영구관리비 300만원",65000000
727,(재)만어추모공원 봉안당,727,공설,,봉안당,봉안당,기타(관리비),개인단,,기간제년 개인, 부터 - 기간제 15년 1기. 관리비 :3만원/1년 25cm*25cm1 기간제15년 개인) 부터 - 기간제 15년 1기. 관리비 :3만원/1년 25cm*25cm1,8000000
727,(재)만어추모공원 봉안당,727,공설,,봉안당,봉안당,기타(관리비),부부단,,기간제년 부부,기간제 15년 2기. 관리비 : 5만원/1년 25cm*50cm. 기간제15년 부부) 기간제 15년 2기. 관리비 : 5만원/1년 25cm*50cm,15000000
727,(재)만어추모공원 봉안당,727,공설,,봉안당,봉안당,기타(관리비),개인단,,개인),1기. 관리비 : /1년 25cm*25cm1,20000000
727,(재)만어추모공원 봉안당,727,공설,,봉안당,봉안당,기타(관리비),부부단,,부부),부터 - 2기. 관리비: /1년 25cm*50cm1,40000000
728,상락향 극락전,728,사설,불교,공원묘지,봉안당,기타(관리비),,,일반단 관리비,년 일반단 관리비1년,500000
728,상락향 극락전,728,사설,불교,공원묘지,봉안당,기타(관리비),,,특별단 관리비,년1 특별단 관리비1년,500000
728,상락향 극락전,728,사설,불교,공원묘지,봉안당,기타,,,일반단 사용료,년 일반단 사용료20년,50000000
728,상락향 극락전,728,사설,불교,공원묘지,봉안당,기타,,,특별단 사용료,년,100000000
729,울산하늘공원 추모의집,729,사설,,봉안당,봉안당,봉안당,개인단,관내,추모의 집(봉안당) 연장 이용료,개인단 구당- 관내(5년),1100000
729,울산하늘공원 추모의집,729,사설,,봉안당,봉안당,봉안당,부부단,관내,추모의 집(봉안당) 연장 이용료부부단,구당- 관내(5년),1100000
729,울산하늘공원 추모의집,729,사설,,봉안당,봉안당,봉안당,개인단,관내,추모의 집(봉안당) 이용료,개인단 1구당- 관내(15년),3300000
729,울산하늘공원 추모의집,729,사설,,봉안당,봉안당,봉안당,부부단,관내,추모의 집(봉안당),이용료부부단 구당- 관내(15년),3300000
730,흑석동성당 평화의쉼터,730,사설,천주교,공원묘지,봉안당,기타(관리비),,,가족봉안묘관리비,년기준 평당 1년기준 평당,5000000
730,흑석동성당 평화의쉼터,730,사설,천주교,공원묘지,봉안당,기타(관리비),,,가족봉안묘관리비,1년기준 평당,10000000
730,흑석동성당 평화의쉼터,730,사설,천주교,공원묘지,봉안당,기타,,,봉헌금,봉헌금,80000000
730,흑석동성당 평화의쉼터,730,사설,천주교,공원묘지,봉안당,기타,,,봉헌금,봉헌금,130000000
731,하늘원추모관,731,사설,,봉안당,봉안당,봉안당,개인단,,개인단(년)개인단 15년,관리비 :45만원 개인단(15년)개인단 15년:  관리비 :45만원,17500000
731,하늘원추모관,731,사설,,봉안당,봉안당,봉안당,개인단,,개인단(영구),개인단 영구: ~만원 관리비 : 만원 개인단(영구)개인단 영구: ~만원 관리비 : 만원,27000000
731,하늘원추모관,731,사설,,봉안당,봉안당,봉안당,부부단,,부부단 15년,관리비 : 75만원,32500000
731,하늘원추모관,731,사설,,봉안당,봉안당,봉안당,부부단,,부부단(영구),부부단 영구: 관리비 :,47000000
732,나주납골당,732,사설,,봉안당,봉안당,기타(관리비),,,단기(년),"관리비 미포함(1년30,000원)",15000000
732,나주납골당,732,사설,,봉안당,봉안당,기타(관리비),,,단기(년),관리비 미포함(1년),30000000
732,나주납골당,732,사설,,봉안당,봉안당,기타(관리비),,,영구관리비 미포함,"년30,000원, 1년30,000원",40000000
732,나주납골당,732,사설,,봉안당,봉안당,기타(관리비),,,영구관리비 미포함,"년30,000원 1 영구관리비 미포함 1년30,000원 1",80000000
733,이천시립 추모의집(봉안),733,공설,,봉안당,봉안당,정보없음,,정보없음,정보없음,자동 추출 실패 (푸터 텍스트),
733,이천시립 추모의집(봉안),733,공설,,봉안당,봉안당,봉안당,,재추출(병합),보건복지부,"[30113] 세종특별자치시 도움4로 13, 10동 (어진동, 정부세종청사)",30113
733,이천시립 추모의집(봉안),733,공설,,봉안당,봉안당,봉안당,,재추출(병합),경우,경우,9000000
734,창원시립마산영생원,734,공설,,공원묘지,봉안당,기타,,관내,무연유골(관내)구,10년 무연유골(관내)1구/10년,900000
734,창원시립마산영생원,734,공설,,공원묘지,봉안당,기타,,관내,유연유골(관내)구,15년,1700000
734,창원시립마산영생원,734,공설,,공원묘지,봉안당,기타,,관외,무연유골(관외)구,10년 무연유골(관외)1구/10년,3000000
734,창원시립마산영생원,734,공설,,공원묘지,봉안당,기타,,관외,유연유골(관외),"구/15년, 1구/15년",10000000
735,청솔공원 영생의집,735,사설,,봉안당,봉안당,봉안당,,관내,봉안당무연,봉안당무연,2670000
735,청솔공원 영생의집,735,사설,,봉안당,봉안당,봉안당,,관내,,,4010000
735,청솔공원 영생의집,735,사설,,봉안당,봉안당,봉안당,,관내,봉안당(합장)관내,봉안당(합장)관내,8030000
736,광양시립영세공원 봉안당,736,공설,,봉안당,봉안당,봉안당,,관내,관내사용료,15년 이용가능 3회 연장가능,1200000
736,광양시립영세공원 봉안당,736,공설,,봉안당,봉안당,봉안당,,관외,관외사용료,"15년 이용가능 3회 연장가능, 15년 이용가능 3회 연장가능",4300000
736,광양시립영세공원 봉안당,736,공설,,봉안당,봉안당,기타(관리비),,관내,관내관리비,15년 이용가능 3회 연장가능,600000
736,광양시립영세공원 봉안당,736,공설,,봉안당,봉안당,기타(관리비),,관외,관외관리비,15년 이용가능 3회 연장가능,600000
737,동대문구추모의집,737,사설,,봉안당,봉안당,봉안당,개인단,,사용료개인단,"최초년기준, 최초15년기준",2000000
737,동대문구추모의집,737,사설,,봉안당,봉안당,봉안당,부부단,,사용료부부단,"최초년 기준, 최초 15년 기준",4000000
737,동대문구추모의집,737,사설,,봉안당,봉안당,봉안당,개인단,,관리비개인단,(최초 년기준) (최초 15년기준),4500000
737,동대문구추모의집,737,사설,,봉안당,봉안당,봉안당,부부단,,관리비부부단,(최초 년기준) 관리비부부단(최초 15년기준),9000000
738,금화추모관,738,사설,,봉안당,봉안당,봉안당,,,난초실(단~8단),안치비용(15년),6000000
738,금화추모관,738,사설,,봉안당,봉안당,봉안당,,,난초실(단~8단),안치비용(영구),15000000
738,금화추모관,738,사설,,봉안당,봉안당,봉안당,,,매화실(단~7단),안치비용(영구) 매화실(1단~7단) 안치비용(영구),20000000
738,금화추모관,738,사설,,봉안당,봉안당,봉안당,,,매화특별단(단~7단),안치비용(영구),25000000
739,의왕하늘쉼터(봉안담),739,공설,무관,봉안당,"봉안당, 공원묘지",봉안당,,관내,봉안담 사용료 및 관리비,"관내자격(의왕 과천) 봉안담 사용료 및 관리비관내자격(의왕, 과천)",7000000
739,의왕하늘쉼터(봉안담),739,공설,무관,봉안당,"봉안당, 공원묘지",봉안당,,관내,봉안담 사용료 및 관리비,"관내자격(의왕 과천) 봉안담 사용료 및 관리비관내자격(의왕, 과천)",13000000
739,의왕하늘쉼터(봉안담),739,공설,무관,봉안당,"봉안당, 공원묘지",봉안당,,,봉안담 사용료 및 관리비,"인접시(안양 군포) 인접시(안양, 군포)",25000000
739,의왕하늘쉼터(봉안담),739,공설,무관,봉안당,"봉안당, 공원묘지",봉안당,,,봉안담 사용료 및 관리비,인접시(안양 군포),48000000
740,속초시공설봉안묘,740,공설,,봉안당,봉안당,봉안당,개인단,관내,봉안묘이용료개인단(관내),봉안묘이용료개인단(관내),8100000
740,속초시공설봉안묘,740,공설,,봉안당,봉안당,봉안당,부부단,관내,봉안묘이용료부부단(관내),봉안묘이용료부부단(관내),11700000
740,속초시공설봉안묘,740,공설,,봉안당,봉안당,봉안당,개인단,관외,봉안묘이용료개인단,관외,12150000
740,속초시공설봉안묘,740,공설,,봉안당,봉안당,봉안당,부부단,관외,봉안묘이용료부부단(관외),봉안묘이용료부부단(관외),17550000
741,전주효자공원봉안당,741,사설,,봉안당,"봉안당, 공원묘지",봉안당,,,봉안 사용료,공설공동묘지 개장유골 최초 15년 50% 감면,1125000
741,전주효자공원봉안당,741,사설,,봉안당,"봉안당, 공원묘지",봉안당,개인단,,봉안 사용료개인단,봉안 사용료개인단,2250000
741,전주효자공원봉안당,741,사설,,봉안당,"봉안당, 공원묘지",봉안당,부부단,,봉안 사용료부부단,배우자의 안치장소 예매불가,4500000
742,창원시립진해천자원,742,공설,,봉안당,봉안당,봉안당,개인단,관내,개인단관내(연장),년 개인단관내(연장)/15년,1700000
742,창원시립진해천자원,742,공설,,봉안당,봉안당,기타(관리비),,관외,시설이용료 및 관리비최초안치,년 관외 시설이용료 및 관리비최초안치 15년 관외,500000
742,창원시립진해천자원,742,공설,,봉안당,봉안당,기타(관리비),,관내,시설이용료 및 관리비최초안치,년 관내 시설이용료 및 관리비최초안치 15년 관내,1200000
743,경신하늘뜰공원 봉안당,743,사설,,봉안당,"봉안당, 공원묘지",봉안당,개인단,관내,개인단(관내),"사용기간:년 1회 연장가능, 사용기간:15년 1회 연장가능",5000000
743,경신하늘뜰공원 봉안당,743,사설,,봉안당,"봉안당, 공원묘지",봉안당,부부단,관내,부부단(관내),"사용기간:년 1회 연장가능, 사용기간:15년 1회 연장가능",5000000
743,경신하늘뜰공원 봉안당,743,사설,,봉안당,"봉안당, 공원묘지",봉안당,개인단,관외,개인단(관외),사용기간:년 1회 연장가능 사용기간:15년 1회 연장가능,10000000
743,경신하늘뜰공원 봉안당,743,사설,,봉안당,"봉안당, 공원묘지",봉안당,부부단,관외,부부단(관외),"사용기간:년 1회 연장가능, 사용기간:15년 1회 연장가능",10000000
744,세종시추모의집,744,사설,,봉안당,봉안당,봉안당,,,봉안당 관리료,무연고 봉안당 관리료무연고,480000
744,세종시추모의집,744,사설,,봉안당,봉안당,봉안당,,,봉안당 관리료유연고,봉안당 관리료유연고,730000
744,세종시추모의집,744,사설,,봉안당,봉안당,봉안당,,,봉안당 사용료,무연고 봉안당 사용료 무연고,900000
744,세종시추모의집,744,사설,,봉안당,봉안당,봉안당,,,봉안당 사용료유연고,봉안당 사용료유연고,2140000
745,태백시납골당,745,사설,,봉안당,봉안당,봉안당,개인단,관내,추모관개인단(관내),사용료(년기준) 추모관개인단(관내) :사용료(15년기준),1130000
745,태백시납골당,745,사설,,봉안당,봉안당,봉안당,부부단,관내,추모관부부단(관내),"사용료(년기준), 사용료(15년기준)",5000000
745,태백시납골당,745,사설,,봉안당,봉안당,봉안당,개인단,관외,추모관개인단,관외:사용료(년기준) 추모관개인단(관외):사용료(15년기준),6000000
745,태백시납골당,745,사설,,봉안당,봉안당,봉안당,부부단,관외,추모관부부단(관외),사용료(년기준) 추모관부부단(관외):사용료(15년기준),10000000
746,대한불교관음종불문사,746,사설,불교,공원묘지,봉안당,기타,,,단기(년)관리비,"미포함(1년30,000원)",4650000
746,대한불교관음종불문사,746,사설,불교,공원묘지,봉안당,기타,,,영구,영구1,15000000
746,대한불교관음종불문사,746,사설,불교,공원묘지,봉안당,기타,,,영구 영구,,20000000
746,대한불교관음종불문사,746,사설,불교,공원묘지,봉안당,기타,,,영구,영구1,25000000
747,평택시립추모공원,747,공설,,봉안당,,봉안당,개인단,관내,개인단(관내)기본,년 사용 가능. 3회연장가능,5270000
747,평택시립추모공원,747,공설,,봉안당,,봉안당,부부단,관내,부부단(관내)기본,"년 사용 가능, 3회연장가능 부부단(관내)기본 15년 사용 가능, 3회연장가능",7900000
747,평택시립추모공원,747,공설,,봉안당,,봉안당,개인단,관외,개인단(관외)자녀,"자녀가 년이상 평택에 거주하신분, 자녀가 1년이상 평택에 거주하신분",7900000
747,평택시립추모공원,747,공설,,봉안당,,봉안당,부부단,관외,부부단(관외)자녀,1년이상 평택에 거주하신분,11850000
748,화성시추모공원 봉안당,748,공설,,봉안당,"봉안당, 공원묘지, 수목장",봉안당,개인단,관내,실내 봉안당(개인-관내),관외 %가산 관외 100%가산,5000000
748,화성시추모공원 봉안당,748,공설,,봉안당,"봉안당, 공원묘지, 수목장",봉안당,개인단,관내,실외 평장형봉안묘,(개인-관내)관외 관외 100%가산,6500000
748,화성시추모공원 봉안당,748,공설,,봉안당,"봉안당, 공원묘지, 수목장",봉안당,부부단,관내,실내 봉안당(부부단-관내),/구당관외 100%가산,7500000
748,화성시추모공원 봉안당,748,공설,,봉안당,"봉안당, 공원묘지, 수목장",봉안당,부부단,관내,실외 평장형봉안묘(부부단-관내),구당관외 100%가산/1구당관외 100%가산,9750000
749,성남장례문화사업소 하늘누리 제1추모원,749,사설,,"봉안당, 수목장",봉안당,봉안당,,관내,관내거주자성남시민으로 주민등록상 개월 초과 거주자,관내거주자성남시민으로 주민등록상 6개월 초과 거주자,1000000
749,성남장례문화사업소 하늘누리 제1추모원,749,사설,,"봉안당, 수목장",봉안당,봉안당,,관내,기초생활수급자관내거주자,중 기초생활수급자관내거주자 중,1000000
749,성남장례문화사업소 하늘누리 제1추모원,749,사설,,"봉안당, 수목장",봉안당,봉안당,,관내,국가유공자관내거주자,국가유공자관내거주자 중,1000000
749,성남장례문화사업소 하늘누리 제1추모원,749,사설,,"봉안당, 수목장",봉안당,수목장,,관외,관외거주자연고자가 성남에 주민등록상 개월 초과 거주자,관외거주자연고자가 성남에 주민등록상 6개월 초과 거주자,10000000
750,성남장례문화사업소 하늘누리 제2추모원,750,사설,,봉안당,봉안당,봉안당,,관내,관내성남시에 주민등록상 개월 초과 거주자,관내성남시에 주민등록상 6개월 초과 거주자,1000000
750,성남장례문화사업소 하늘누리 제2추모원,750,사설,,봉안당,봉안당,봉안당,,관내,기초생활수급자관내거주자 중,,1000000
750,성남장례문화사업소 하늘누리 제2추모원,750,사설,,봉안당,봉안당,봉안당,,관내,국가유공자관내거주자,"국가유공자관내거주자 중100,0001",1000000
750,성남장례문화사업소 하늘누리 제2추모원,750,사설,,봉안당,봉안당,봉안당,,관외,관외연고자가 성남에 주민등록상 개월 초과 거주자,관외연고자가 성남에 주민등록상 6개월 초과 거주자,10000000
751,천안추모공원 봉안당,751,공설,,봉안당,봉안당,봉안당,,관내,사용료(무연고)관내,년/5년,1000000
751,천안추모공원 봉안당,751,공설,,봉안당,봉안당,봉안당,개인단,관내,사용료(개인단)관내,"년, 15년",4000000
751,천안추모공원 봉안당,751,공설,,봉안당,봉안당,봉안당,부부단,관내,사용료(부부단),관내(년) 사용료(부부단)관내(15년),6000000
751,천안추모공원 봉안당,751,공설,,봉안당,봉안당,봉안당,개인단,관외,사용료,"개인단 관외 년, 개인단 관외 15년",10000000
752,경주하늘마루봉안당,752,사설,,봉안당,봉안당,봉안당,개인단,관내,사용료 및 관리비개인단,"(구/15년)_관내, (1구/15년)_관내",6500000
752,경주하늘마루봉안당,752,사설,,봉안당,봉안당,봉안당,부부단,관내,사용료 및 관리비부부단,구/15년_관내 사용료 및 관리비부부단(2구/15년)_관내,11000000
752,경주하늘마루봉안당,752,사설,,봉안당,봉안당,봉안당,개인단,관외,사용료 및 관리비개인단,"(구/15년)_관외, (1구/15년)_관외",13500000
752,경주하늘마루봉안당,752,사설,,봉안당,봉안당,봉안당,부부단,관외,사용료 및 관리비부부단,(구/15년)_관외 (2구/15년)_관외,22000000
753,옥천군봉안당 선화원,753,사설,,"봉안당, 공원묘지",봉안당,공원묘지,,,공설묘지 사용료관리비,최초 15년,3000000
753,옥천군봉안당 선화원,753,사설,,"봉안당, 공원묘지",봉안당,봉안당,,,무연봉안,"사용료, 관리비 10년",800000
753,옥천군봉안당 선화원,753,사설,,"봉안당, 공원묘지",봉안당,봉안당,,,단장봉안 사용료,관리비최초 15년,1750000
753,옥천군봉안당 선화원,753,사설,,"봉안당, 공원묘지",봉안당,봉안당,,,합장봉안,사용료관리비최초 15년,2750000
754,남원시승화당,754,사설,,공원묘지,봉안당,기타,,관내,승화당관내,승화당관내,2000000
754,남원시승화당,754,사설,,공원묘지,봉안당,기타,,관외,승화당관외(본적일때만 가능),승화당관외(본적일때만 가능),3000000
754,남원시승화당,754,사설,,공원묘지,봉안당,기타,,관내,승화당관내,승화당관내,4000000
754,남원시승화당,754,사설,,공원묘지,봉안당,기타,,관외,승화당관외(본적일때만 가능),승화당관외(본적일때만 가능)1,5000000
755,서산시 희망공원(봉안시설),755,공설,무관,봉안당,봉안당,봉안당,,,사용료(유연유골),"최초신청시 년 계약기간, 최초신청시 15년 계약기간",300000
755,서산시 희망공원(봉안시설),755,공설,무관,봉안당,봉안당,봉안당,,,사용료(무연유골)최초신청시,"계약기간 (년, 15년)",300000
755,서산시 희망공원(봉안시설),755,공설,무관,봉안당,봉안당,기타(관리비),,,관리비(무연유골)최초신청시,"년 계약기간, 15년 계약기간",100000
755,서산시 희망공원(봉안시설),755,공설,무관,봉안당,봉안당,기타(관리비),,,관리비(유연유골),최초신청시 년 계약기간 최초신청시 15년 계약기간,200000
756,고성군추모의집,756,사설,,공원묘지,봉안당,공원묘지,,관내,사용료및관리비최초신청시,년(관내합장) 15년(관내합장),5200000
756,고성군추모의집,756,사설,,공원묘지,봉안당,공원묘지,,관외,사용료및관리비최초신청시,년(관외합장)15년(관외합장),8400000
756,고성군추모의집,756,사설,,공원묘지,봉안당,기타(관리비),개인단,관내,사용료및관리비최초신청시,"년(관내개인), 15년(관내개인)",2800000
756,고성군추모의집,756,사설,,공원묘지,봉안당,기타(관리비),개인단,관외,사용료및관리비최초신청시,년(관외개인) 사용료및관리비최초신청시15년(관외개인),4400000
757,법지사,757,사설,,봉안당,"봉안당, 공원묘지",봉안당,개인단,,개인단(관리비)관리비,년간,250000
757,법지사,757,사설,,봉안당,"봉안당, 공원묘지",봉안당,부부단,,부부단(관리비)관리비,년간,250000
757,법지사,757,사설,,봉안당,"봉안당, 공원묘지",봉안당,개인단,,개인단(사용료)사용료,,1000000
757,법지사,757,사설,,봉안당,"봉안당, 공원묘지",봉안당,부부단,,부부단(사용료),사용료 만원 부부단(사용료)사용료 250만원,25000000
758,무주추모의집(봉안),758,공설,무관,봉안당,,봉안당,,관내,추모의 집 사용료(관내)최초,"년, 15년",1500000
758,무주추모의집(봉안),758,공설,무관,봉안당,,봉안당,,관내,사용료관내,사용료관내,1500000
758,무주추모의집(봉안),758,공설,무관,봉안당,,봉안당,,관외,추모의 집 사용료(관외),"최초 년, 최초 15년",4000000
758,무주추모의집(봉안),758,공설,무관,봉안당,,봉안당,,관외,사용료관외,사용료관외,4000000
759,수원시연화장 추모의집,759,사설,불교,봉안당,봉안당,봉안당,,관내,관내고인,수원에 주민등록을 두고 년이상 거주 관내고인이 수원에 주민등록을 두고 1년이상 거주,8000000
759,수원시연화장 추모의집,759,사설,불교,봉안당,봉안당,봉안당,,관내,관내고인,수원에 주민등록을 두고 년이상 거주 관내고인이 수원에 주민등록을 두고 1년이상 거주,11000000
759,수원시연화장 추모의집,759,사설,불교,봉안당,봉안당,봉안당,가족단,관외,관외고인의 직계가족이 수원에 주민등록을 두고,"년이상 거주, 1년이상 거주",13000000
759,수원시연화장 추모의집,759,사설,불교,봉안당,봉안당,봉안당,가족단,관외,관외고인의 직계가족이 수원에 주민등록을 두고,년이상 거주 관외고인의 직계가족이 수원에 주민등록을 두고 1년이상 거주,18000000
760,남해추모누리 안락원,760,사설,,봉안당,"봉안당, 공원묘지",봉안당,,관내,매장묘역 사용료,사용자격:남해군민 사용기간:년 1회연장가능 매장묘역 사용료사용자격:남해군민 사용기간:30년 1회연장가능,1600000
760,남해추모누리 안락원,760,사설,,봉안당,"봉안당, 공원묘지",봉안당,,관외,사용료,"사용자격:타지역민 사용기간:년 1회연장가능, 사용자격:타지역민 사용기간:30년 1회연장가능",4800000
760,남해추모누리 안락원,760,사설,,봉안당,"봉안당, 공원묘지",기타(관리비),,관내,관리비사용자격:남해군민,관리기간:년 1회연장가능 관리기간:30년 1회연장가능,3000000
760,남해추모누리 안락원,760,사설,,봉안당,"봉안당, 공원묘지",기타(관리비),,관외,관리비사용자격:타지역민,관리기간:년 1회연장가능1; 관리기간:30년 1회연장가능1,9000000
761,양양군공설묘원 봉안당,761,공설,,봉안당,봉안당,기타(관리비),개인단,관내,사용료관리비개인,관내,2400000
761,양양군공설묘원 봉안당,761,공설,,봉안당,봉안당,기타(관리비),개인단,관외,"사용료,관리비",개인(관외) 1,4000000
761,양양군공설묘원 봉안당,761,공설,,봉안당,봉안당,기타(관리비),부부단,관내,사용료관리비,부부(관내),4800000
761,양양군공설묘원 봉안당,761,공설,,봉안당,봉안당,기타(관리비),부부단,관외,사용료관리비부부(관외),"사용료,관리비부부(관외)",8000000
762,여수시영락공원 제1봉안당,762,사설,기독교,봉안당,봉안당,기타(관리비),,관내,사용료 및 관리비,"최초 년(관내) 국가유공자 및 수급자, 최초 15년(관내) 국가유공자 및 수급자",600000
762,여수시영락공원 제1봉안당,762,사설,기독교,봉안당,봉안당,기타(관리비),,관내,사용료 및 관리비,최초 년(관내) 국가유공자 및 수급자 최초 15년(관내) 국가유공자 및 수급자,1200000
762,여수시영락공원 제1봉안당,762,사설,기독교,봉안당,봉안당,기타(관리비),,관내,사용료 및 관리비,"최초 년(관내) 국가유공자 및 수급자, 최초 15년(관내) 국가유공자 및 수급자",2400000
762,여수시영락공원 제1봉안당,762,사설,기독교,봉안당,봉안당,기타(관리비),,,사용료 및 관리비,최초 년(특례) 사용료 및 관리비최초 15년(특례),5000000
763,무지개 뜨는 언덕,763,사설,,봉안당,봉안당,봉안당,개인단,관내,개인단(관내),"사용기간 년,15년단위 연장 2회(최장45년) 개인단(관내)사용기간 15년,15년단위 연장 2회(최장45년)",5000000
763,무지개 뜨는 언덕,763,사설,,봉안당,봉안당,봉안당,부부단,관내,부부단(관내),"사용기간 15년,15년단위 연장 2회(최장45년)",9000000
763,무지개 뜨는 언덕,763,사설,,봉안당,봉안당,봉안당,개인단,관외,개인단(관외),"사용기간 년,15년단위 연장 2회(최장45년)) 개인단(관외) 사용기간 15년,15년단위 연장 2회(최장45년))",10000000
763,무지개 뜨는 언덕,763,사설,,봉안당,봉안당,봉안당,부부단,관외,부부단(관외),"사용기간 년,15년단위 연장 2회(최장45년) 부부단(관외)사용기간 15년,15년단위 연장 2회(최장45년)",18000000
764,(재)평화원,764,사설,,봉안당,봉안당,봉안당,,,봉안비(화장),"무연 (기초 년), 무연 (기초 10년)",1000000
764,(재)평화원,764,사설,,봉안당,봉안당,봉안당,,,무연 봉안비(유골),"(기초 년), (기초 10년)",1300000
764,(재)평화원,764,사설,,봉안당,봉안당,봉안당,,,유연 봉안비,(기초 년) (기초 15년),5500000
764,(재)평화원,764,사설,,봉안당,봉안당,기타(관리비),,,유연,(기초 년)관리비(년) 유연 (기초 15년)관리비(년),300000
765,정각사 봉안당,765,사설,,봉안당,봉안당,봉안당,,,봉안당(일반실),"일반단단 1, 일반단8단 1",20000000
765,정각사 봉안당,765,사설,,봉안당,봉안당,봉안당,,,봉안당(일반실),"일반단단 1, 일반단8단 1",90000000
765,정각사 봉안당,765,사설,,봉안당,봉안당,봉안당,,,봉안당,(특별실)일반단단1 (특별실)일반단7단1,100000000
765,정각사 봉안당,765,사설,,봉안당,봉안당,봉안당,,,봉안당,(특별실)일반단단1 (특별실)일반단7단1,130000000
766,재단법인 미륵불교 봉안당,766,사설,불교,봉안당,봉안당,봉안당,,,기타명절 합동제사비용,기타명절 합동제사비용,1000000
767,덕원사 추모관,767,미분류,,봉안당,봉안당,정보없음,,정보없음,정보없음,자동 추출 실패 (푸터 텍스트),
768,풍주선원 봉안탑,768,사설,불교,"봉안당, 수목장",공원묘지,봉안당,,,봉안,"봉안년, 봉안10년",1000000
768,풍주선원 봉안탑,768,사설,불교,"봉안당, 수목장",공원묘지,봉안당,가족단,,가족영탑,"기영구, 12기영구",30000000
768,풍주선원 봉안탑,768,사설,불교,"봉안당, 수목장",공원묘지,수목장,,,잔디장,수몯장 년 잔디장 수몯장 30년,3500000
769,쌍용사 봉안탑,769,사설,불교,봉안당,봉안당,봉안당,,,봉안탑소,봉안탑소,65000000
769,쌍용사 봉안탑,769,사설,불교,봉안당,봉안당,봉안당,,,봉안탑중,"봉안탑중7,500,0001",75000000
769,쌍용사 봉안탑,769,사설,불교,봉안당,봉안당,봉안당,,,봉안탑대,봉안탑대,100000000
770,고성군공설봉안당,770,공설,,봉안당,봉안당,봉안당,,관내,사용료 최초 신청 시,년 (관내) 15년 (관내),1000000
770,고성군공설봉안당,770,공설,,봉안당,봉안당,봉안당,,관외,사용료 최초 신청시,"년(관외) 본적이 고성에 한하여 봉안 가능, 15년(관외) 본적이 고성에 한하여 봉안 가능",3000000
771,고창군추모의집,771,사설,,봉안당,봉안당,봉안당,,,처음 봉안할때 추가비용,"명찰, 꽃, 액자 포함",500000
771,고창군추모의집,771,사설,,봉안당,봉안당,봉안당,,,봉안당,기 사용(10년) 1기 사용(10년),1000000
771,고창군추모의집,771,사설,,봉안당,봉안당,봉안당,,,연장,마다 5회 가능영장시 요금 발생,1000000
772,통영시공설봉안당,772,공설,,봉안당,봉안당,봉안당,,관내,봉안사용료 및 관리비,무연 유골 년(관내) 봉안사용료 및 관리비 무연 유골 10년(관내),1300000
772,통영시공설봉안당,772,공설,,봉안당,봉안당,봉안당,,관내,봉안사용료 및 관리비최초 신청,년(관내) 15년(관내),2000000
773,동탄납골추모관,773,사설,,봉안당,봉안당,봉안당,,,봉안제사,봉안제사,490000
773,동탄납골추모관,773,사설,,봉안당,봉안당,봉안당,,,진공함,진공함,500000
773,동탄납골추모관,773,사설,,봉안당,봉안당,봉안당,,,봉안증서,봉안증서,40000000
774,대한불교조계종 신흥사,774,사설,불교,봉안당,봉안당,봉안당,,,,,20000000
774,대한불교조계종 신흥사,774,사설,불교,봉안당,봉안당,봉안당,,,봉안당,일반 영구단 봉안당(일반)영구1단,35000000
774,대한불교조계종 신흥사,774,사설,불교,봉안당,봉안당,기타(관리비),,,평장묘 관리비,년 1년,600000
775,선약사,775,사설,불교,공원묘지,봉안당,기타,,,층.8층,7층.8층,35000000
775,선약사,775,사설,불교,공원묘지,봉안당,기타,,,층.2층,1 1층.2층,50000000
775,선약사,775,사설,불교,공원묘지,봉안당,기타,,,층,3층.4층.5층.6층.4층.5층.6층,65000000
776,순천시립추모공원 제1·2봉안당,776,공설,,봉안당,"봉안당, 공원묘지",봉안당,개인단,관내,개인관내,년 3회 연장 가능 (15년 3회 연장 가능),1800000
776,순천시립추모공원 제1·2봉안당,776,공설,,봉안당,"봉안당, 공원묘지",봉안당,개인단,관외,개인관외,"년 3회 연장 가능, 15년 3회 연장 가능",6000000
777,청양군추모공원(봉안당),777,공설,무관,봉안당,"봉안당, 공원묘지",봉안당,,,사용료,"최초 신청 시, 년, 30년",1000000
777,청양군추모공원(봉안당),777,공설,무관,봉안당,"봉안당, 공원묘지",기타(관리비),,,관리비최초신청시,"년 관리비, 30년 관리비",1000000
778,지장정사 연화대,778,사설,불교,봉안당,봉안당,봉안당,,,봉안당 안치료,기당,5500000
778,지장정사 연화대,778,사설,불교,봉안당,봉안당,기타,,,유골함도자기,국산,70000
778,지장정사 연화대,778,사설,불교,봉안당,봉안당,기타(관리비),,,관리비,"년 관리비, 1년 관리비",100000
779,서귀포추모공원,779,공설,,봉안당,봉안당,봉안당,,,사용료최초신청 시,년(도내) 사용료최초신청 시 15년(도내),500000
779,서귀포추모공원,779,공설,,봉안당,봉안당,봉안당,,,사용료최초신청,시 년(도외) 시 15년(도외),1000000
780,(재)자하연분당,780,사설,무관,봉안당,공원묘지,봉안당,,,매장묘 봉안묘,연간 관리비/㎡,75630
780,(재)자하연분당,780,사설,무관,봉안당,공원묘지,봉안당,,,매장묘봉안묘사용료,"매장묘,봉안묘사용료/㎡",10074790
780,(재)자하연분당,780,사설,무관,봉안당,공원묘지,봉안당,,,봉안묘 단지사용료,번지 신규조성 봉안묘 단지사용료/㎡ 371번지 신규조성 봉안묘 단지사용료/㎡,16415280
781,광주영락공원 제2추모관,781,사설,기독교,봉안당,"봉안당, 공원묘지",기타(관리비),,관내,,,3200000
781,광주영락공원 제2추모관,781,사설,기독교,봉안당,"봉안당, 공원묘지",기타(관리비),,,,,6400000
781,광주영락공원 제2추모관,781,사설,기독교,봉안당,"봉안당, 공원묘지",기타(관리비),,관외,관외사용료,만원,9400000
782,존제산 일월사 설법전,782,사설,불교,봉안당,봉안당,봉안당,,,연화 밀봉 봉안함,(w)x(h) cm x 20cm 연화 봉우리형 용기/크리스탈+ABS수지/국내산 (w)x(h) 20cm x 20cm 연화 봉우리형 용기/크리스탈+ABS수지/국내산,400000
782,존제산 일월사 설법전,782,사설,,봉안당,봉안당,봉안당,개인단,,관리비개인단 (영구),관리비개인단 (영구),5000000
782,존제산 일월사 설법전,782,사설,,봉안당,봉안당,봉안당,개인단,,봉안당 사용료개인단,관내(세종시 편입 개장유골) 봉안당 사용료개인단/ 관내(세종시 편입 개장유골),50000000
783,(재)영호추모공원,783,공설,,봉안당,봉안당,봉안당,개인단,,봉안료(무연),"년/1위당, 10년/1위당",2000000
783,(재)영호추모공원,783,공설,,봉안당,봉안당,봉안당,개인단,,봉안료(유연),"년/1위당, 년관리비별도 15년/1위당, 년관리비별도",8000000
783,(재)영호추모공원,783,공설,,봉안당,봉안당,봉안당,개인단,,봉안료(유연),년/1위당 년관리비별도 15년/1위당 년관리비별도,16000000
784,광주영락공원 제1추모관,784,사설,기독교,봉안당,"봉안당, 공원묘지",정보없음,,정보없음,정보없음,자동 추출 실패 (푸터 텍스트),
784,광주영락공원 제1추모관,784,사설,기독교,봉안당,"봉안당, 공원묘지",봉안당,,재추출(병합),보건복지부,"[30113] 세종특별자치시 도움4로 13, 10동 (어진동, 정부세종청사)",30113
785,창녕추모공원,785,공설,,봉안당,봉안당,봉안당,,관내,무연고,"관내기준 년, 1실 1기 당 무연고 관내기준 5년, 1실 1기 당",1000000
785,창녕추모공원,785,공설,,봉안당,봉안당,봉안당,개인단,관내,개인실(관내기준),"년, 1실 1기 당 개인실(관내기준) 15년, 1실 1기 당",1500000
785,창녕추모공원,785,공설,,봉안당,봉안당,봉안당,부부단,관내,부부실(관내기준),"년, 1실 2기  부부실(관내기준) 15년, 1실 2기 ",3000000
786,여수시영락공원 제2봉안당,786,사설,기독교,봉안당,봉안당,봉안당,,,봉안당,"(%감면대상자)여수시에 주소를둔 기초생활수급자,국가유공자,구호대상자 봉안당(50%감면대상자)여수시에 주소를둔 기초생활수급자,국가유공자,구호대상자",600000
786,여수시영락공원 제2봉안당,786,사설,기독교,봉안당,봉안당,봉안당,,관내,봉안당(일반시민),"년이상 여수시에 거주하 신 분, 1년이상 여수시에 거주하 신 분",1200000
786,여수시영락공원 제2봉안당,786,사설,기독교,봉안당,봉안당,봉안당,,,봉안당(특례자),고인분께서 여수시에 자녀나 손자가 있으신 경우 해당,5000000
787,안흥동공설묘지(봉안시설),787,공설,,봉안당,공원묘지,봉안당,,,각인비,"년 기준, 15년 기준",143000
787,안흥동공설묘지(봉안시설),787,공설,,봉안당,공원묘지,봉안당,,,일반(사용료),"년 기준, 3회 연장 가능, 15년 기준, 3회 연장 가능",3800000
787,안흥동공설묘지(봉안시설),787,공설,,봉안당,공원묘지,기타(관리비),,,일반(관리비),"15년 기준 , 3회 연장가능 관리비 15년",1500000
788,거제시추모의집,788,사설,,봉안당,봉안당,봉안당,,관내,추모의집 사용료,(무연유골)관내거주자년,2000000
788,거제시추모의집,788,사설,,봉안당,봉안당,봉안당,,관내,추모의집 사용료(유연유골),"관내거주자년,최초계약 관내거주자,15년,최초계약",3000000
788,거제시추모의집,788,사설,,봉안당,봉안당,봉안당,,관외,추모의집 사용료(유연유골)관외거주자(거제에연고있는자),"년, 15년, 최조계약",10000000
789,일월사추모공원(봉안당),789,사설,무관,봉안당,수목장,기타(관리비),,,C그룹,"15년, 년 / 관리비",5000000
789,일월사추모공원(봉안당),789,사설,무관,봉안당,수목장,기타(관리비),,,B그룹,"년/관리비, 15년/관리비",7500000
789,일월사추모공원(봉안당),789,사설,무관,봉안당,수목장,기타(관리비),,,,,10000000
790,천주교산내공원묘원 봉안담,790,사설,천주교,봉안당,봉안당,봉안당,,,묘지사용료영구사용계약,묘지사용료영구사용계약1,25000000
790,천주교산내공원묘원 봉안담,790,사설,천주교,봉안당,봉안당,기타(관리비),,,관리비,년간 관리비(m ) 년간 관리비(m2 ),5000000
791,(재)청구공원 봉안당,791,사설,,봉안당,봉안당,봉안당,,,묘지사용료평당,묘지사용료평당1,5000000
791,(재)청구공원 봉안당,791,사설,,봉안당,봉안당,기타(관리비),,,묘지관리비평당 관리비(년납),,80000
792,상락향 봉안탑,792,사설,불교,봉안당,봉안당,봉안당,개인단,,인기사용료,30년 1 1 30년 1,50000000
792,상락향 봉안탑,792,사설,불교,봉안당,봉안당,기타(관리비),,,평장묘 관리비,년 1년,500000
793,춘천안식공원(안식의집),793,공설,무관,공원묘지,"봉안당, 공원묘지",기타(관리비),개인단,,,,3118000
793,춘천안식공원(안식의집),793,공설,무관,공원묘지,"봉안당, 공원묘지",기타(관리비),부부단,,부부사용료,#ERROR!,6142000
794,인천가족공원 평온당,794,사설,,공원묘지,봉안당,공원묘지,,관내,관리료(관내),구/30년 관리료(관내)1구/30년,3000000
794,인천가족공원 평온당,794,사설,,공원묘지,봉안당,공원묘지,,관내,사용료,관내 1구 30년,9500000
795,(재)신세계공원묘원 봉안묘·담,795,사설,,공원묘지,공원묘지,공원묘지,,,묘지사용료평당가,"(.3㎡/평), (3.3㎡/평)",5500000
795,(재)신세계공원묘원 봉안묘·담,795,사설,,공원묘지,공원묘지,기타(관리비),,,관리비평당가(년),,90000
796,가조공설공원묘지 봉안당,796,공설,,봉안당,봉안당,봉안당,,,사용료,년간 사용료 15년간,1000000
796,가조공설공원묘지 봉안당,796,공설,,봉안당,봉안당,기타(관리비),,,관리비년간 관리비,(m ) (m2 ),1000000
797,성북구추모의집,797,사설,,봉안당,봉안당,기타(관리비),,,년 연장시,3회 연장 가능 5년 사용료 + 관리비 5년 연장시 3회 연장 가능 5년 사용료 + 관리비,2700000
797,성북구추모의집,797,사설,,봉안당,봉안당,기타(관리비),,,사용료 + 관리비,15년 사용료 + 관리비,8000000
798,경남영묘원,798,사설,,공원묘지,"봉안당, 공원묘지",공원묘지,,,폐쇄형(옥문),폐쇄형(옥문),10000000
798,경남영묘원,798,사설,,공원묘지,"봉안당, 공원묘지",공원묘지,,,개방형(유리),개방형(유리)1,10000000
799,진주안락공원 추모당,799,사설,,봉안당,봉안당,기타(관리비),,관내,사용료및관리비최초 신청시,년(관내) 사용료및관리비최초 신청시 15년(관내),2000000
799,진주안락공원 추모당,799,사설,,봉안당,봉안당,기타(관리비),,관외,사용료및관리비최초 신청시,"년(관외), 15년(관외)",10000000
800,예은추모공원,800,공설,,봉안당,봉안당,봉안당,,,봉안당 사용료영구 사용 요금,봉안당 사용료영구 사용 요금,25000000
800,예은추모공원,800,공설,,봉안당,봉안당,봉안당,,,봉안당 사용료 (로얄단),영구 사용 요금,30000000
801,(재)조양공원 봉안당,801,사설,,봉안당,공원묘지,봉안당,,,묘지사용료평당,묘지사용료평당1,5500000
801,(재)조양공원 봉안당,801,사설,,봉안당,공원묘지,기타(관리비),,,묘지관리비평당 관리비(년납),,80000
802,이담추모관,802,사설,,봉안당,봉안당,봉안당,개인단,,개인단단~9단,"(사용료:330만원,관리비:5년 25만원) 개인단1단~9단(사용료:330만원,관리비:5년 25만원)",35500000
802,이담추모관,802,사설,,봉안당,봉안당,봉안당,부부단,,부부단단~9단,"(사용료:660만원,관리비:5년 25만원)",62500000
803,청주백화추모관,803,사설,,봉안당,봉안당,봉안당,개인단,,개인단단~9단, / 60년(영구)1 개인단1단~9단 / 60년(영구)1,18000000
803,청주백화추모관,803,사설,,봉안당,봉안당,봉안당,부부단,,부부단단~8단,/ 60년(영구) 부부단1단~8단 / 60년(영구),36000000
804,성림사 연화납골당(봉안당),804,사설,불교,봉안당,봉안당,봉안당,,,선산납골당 사용료무연고,년/1 10년/1,20000000
804,성림사 연화납골당(봉안당),804,사설,불교,봉안당,봉안당,봉안당,,,선산납골당 사용료무연고,년/1 10년/1,30000000
805,종로구추모의집,805,사설,,봉안당,봉안당,기타(관리비),,관내,관내 년 사용,15년사용료+관리비 관내 15년 사용15년사용료+관리비,8000000
805,종로구추모의집,805,사설,,봉안당,봉안당,기타(관리비),,관외,관외 년 사용,15년 사용료+관리비 관외 15년 사용15년 사용료+관리비,8000000
806,오룡군립묘원(봉안),806,공설,무관,봉안당,봉안당,기타(관리비),,관내,사용료 및 관리비,최초 안치 년 기준(관내) 최초 안치 15년 기준(관내),2000000
806,오룡군립묘원(봉안),806,공설,무관,봉안당,봉안당,기타(관리비),,관외,사용료 및 관리비,최초 안치 년 기준(관외) 최초 안치 15년 기준(관외),9200000
807,하늘내린 휴공원(개인단),807,사설,,봉안당,공원묘지,봉안당,개인단,관내,개인단(관내)사용료,"관리비/15년 개인단(관내)사용료, 관리비/15년",3000000
807,하늘내린 휴공원(개인단),807,사설,,봉안당,공원묘지,봉안당,개인단,관외,,,10000000
808,인천가족공원 만월당,808,사설,,공원묘지,봉안당,공원묘지,,관내,관리료,관내 1구/10년,1000000
808,인천가족공원 만월당,808,사설,,공원묘지,봉안당,공원묘지,,관내,사용료(관내)구,10년 사용료(관내)1구/10년,2500000
809,가평군공설봉안묘,809,공설,,공원묘지,공원묘지,공원묘지,,,,,3000000
809,가평군공설봉안묘,809,공설,,공원묘지,공원묘지,기타(관리비),,,,,2000000
810,용학사 봉안당,810,사설,,봉안당,봉안당,봉안당,개인단,,개인단가로,"Cm X 세로 27Cm, 개인단가로 27Cm X 세로 27Cm",25000000
810,용학사 봉안당,810,사설,,봉안당,봉안당,봉안당,부부단,,부부단가,Cm X 세로 27Cm 부부단가로 Cm X 세로 27Cm,45000000
811,의령군공설납골묘,811,공설,,봉안당,봉안당,봉안당,,,사용료시설사용료,사용료시설사용료,3000000
811,의령군공설납골묘,811,공설,,봉안당,봉안당,기타(관리비),,,지하 디럭스,"관리비 : 만원/1구당, 5년 선납 지하 디럭스_ 관리비관리비 : 5만원/1구당, 5년 선납",1500000
812,서천군영명각,812,사설,,공원묘지,봉안당,기타,,,연장사용료기존사용료,() x 10년/15년1,2000000
812,서천군영명각,812,사설,,공원묘지,봉안당,기타,,,연장사용료기존사용료,() x 10년/15년1,3000000
813,휴마루,813,사설,,봉안당,봉안당,봉안당,개인단,,개인단최초 년 사용,"2회 연장 가능 개인단최초 년 사용, 2회 연장 가능",5000000
813,휴마루,813,사설,,봉안당,봉안당,봉안당,부부단,,부부단최초,"년 사용, 2회 연장 가능 부부단최초 15년 사용, 2회 연장 가능",10000000
814,봉은사 봉안당,814,사설,,봉안당,봉안당,봉안당,,,봉안당관리비,봉안당관리비2위,10000000
814,봉은사 봉안당,814,사설,,봉안당,봉안당,봉안당,,,봉안당안치미타R,봉안당안치미타R6-,1154000000
815,(재)대전교구천주교회 성환공원묘원 봉안당,815,사설,천주교,봉안당,봉안당,봉안당,,,묘지사용료영구사용계약,묘지사용료영구사용계약,35000000
815,(재)대전교구천주교회 성환공원묘원 봉안당,815,사설,천주교,봉안당,봉안당,기타(관리비),,,관리비년간 관리비,"(m ), (m2 )",5000000
816,장미원,816,사설,,공원묘지,"봉안당, 공원묘지",기타(관리비),,관내,사용료 및 관리비관내,년 사용료 및 관리비관내 15년,2000000
817,에덴추모원,817,사설,,봉안당,봉안당,봉안당,,,1~7단 가격 동일,5년안치,10000000
817,에덴추모원,817,사설,,봉안당,봉안당,기타(관리비),,,가격 동일관리비,1년 3만원,20000000
818,달마사봉안당,818,사설,,봉안당,봉안당,기타(관리비),,,안치단관리비,년단위 안치단관리비10년단위,500000
819,청주시목련원목련당,819,사설,,봉안당,봉안당,봉안당,개인단,관내,,,3000000
819,청주시목련원목련당,819,사설,,봉안당,봉안당,봉안당,부부단,관내,,,5000000
820,평창군 공설봉안당,820,공설,,봉안당,봉안당,봉안당,,,봉안당(단장)사용료,봉안당(단장)사용료,6000000
820,평창군 공설봉안당,820,공설,,봉안당,봉안당,봉안당,,,봉안당(합장)시용료,봉안당(합장)시용료,12000000
821,하늘의문(천주교 신곡2동성당),821,사설,천주교,봉안당,봉안당,봉안당,부부단,,관리비년,부부단 2위중 선 봉안일 기준 관리비15년 부부단 2위중 선 봉안일 기준,10000000
822,횡성군공설추모공원 추모관,822,공설,,봉안당,봉안당,봉안당,개인단,,개인함최초회 비용,(15년)1 개인함최초1회 비용(15년)1,1500000
822,횡성군공설추모공원 추모관,822,공설,,봉안당,봉안당,봉안당,가족단,,가족함최초회 비용,(15년),3000000
823,대한불교 조계종 보륜사 봉안당,823,사설,불교,봉안당,봉안당,봉안당,,,사용료,0.09m2 1회에 한함,20000000
823,대한불교 조계종 보륜사 봉안당,823,사설,불교,봉안당,봉안당,기타(관리비),,,관리비,09m2 1회에 한함 관리비0.09m2 1회에 한함,10000000
824,하늘내린 보금자리(가족8위),824,사설,,공원묘지,봉안당,기타(관리비),가족단,,가족단,"기)사용료, 관리비 /15년 가족단( 8기)사용료, 관리비 /15년",110000000
824,하늘내린 보금자리(가족8위),824,사설,,공원묘지,봉안당,기타(관리비),가족단,,가족단(기)사용료,"관리비 /15년 가족단(기)사용료, 관리비 /15년",150000000
825,완주군 추모의집,825,사설,,봉안당,공원묘지,기타(관리비),,,사용료및관리비기초생활수급권자,%감면 사용료및관리비기초생활수급권자 50%감면,500000
825,완주군 추모의집,825,사설,,봉안당,공원묘지,기타(관리비),,,사용료및관리비전주완주,"6개월이상 거주(계약자 또는 사망자), 10년 임대 사용료및관리비전주,완주 6개월이상 거주(계약자 또는 사망자), 10년 임대",1000000
826,울릉하늘섬공원,826,사설,,공원묘지,봉안당,공원묘지,,관내,관내년 이용가능,2회 연장가능 관내15년 이용가능 2회 연장가능,1300000
826,울릉하늘섬공원,826,사설,,공원묘지,봉안당,공원묘지,,관외,관외년 이용가능,2회 연장가능,2600000
827,춘천안식공원(봉안묘),827,공설,무관,봉안당,봉안당,봉안당,가족단,,기형 가족봉안묘사용료,관리비+석물비,51280000
827,춘천안식공원(봉안묘),827,공설,무관,봉안당,봉안당,봉안당,가족단,,기형 가족봉안묘사용료,관리비+석물비,95142600
828,대한불교조계종 천룡사납골당,828,사설,불교,봉안당,공원묘지,봉안당,,,유골함,30cm X 30cm,20000000
828,대한불교조계종 천룡사납골당,828,사설,불교,봉안당,공원묘지,봉안당,,,유골함,cm X 60cm 유골함30cm X 60cm,40000000
829,동해시하늘정원봉안당,829,사설,,봉안당,봉안당,봉안당,,관내,봉안당,관내 년(단장) 사용료 및 관리비 관내 15년(단장),1900000
829,동해시하늘정원봉안당,829,사설,,봉안당,봉안당,봉안당,,관내,봉안당,"관내 년(합장) 사용료 및 관리비, 관내 15년(합장)",3800000
830,갑향군립묘원(봉안),830,공설,무관,봉안당,"봉안당, 공원묘지",기타(관리비),,관내,사용료 및 관리비,최초 안치 년 기준(관내) 최초 안치 15년 기준(관내),2000000
830,갑향군립묘원(봉안),830,공설,무관,봉안당,"봉안당, 공원묘지",기타(관리비),,관외,사용료 및 관리비,최초 안치 년 기준(관외) 사용료 및 관리비최초 안치 15년 기준(관외),9200000
831,천주교평화의문,831,사설,천주교,공원묘지,봉안당,기타,,,"일반구역(AB,C)1단~9단","일반구역(A,B,C)1단~9단",30000000
831,천주교평화의문,831,사설,천주교,공원묘지,봉안당,기타,,,제대구역(DF)1단~9단,"제대구역(D,F)1단~9단",40000000
832,합천군공설봉안담,832,공설,,봉안당,봉안당,봉안당,,,사용료,"최초년(3회연장가능), 최초15년(3회연장가능)",2500000
832,합천군공설봉안담,832,공설,,봉안당,봉안당,봉안당,,,사용료,최초년(3회연장가능)  최초15년(3회연장가능),4500000
833,매화원,833,사설,,공원묘지,공원묘지,기타(관리비),,관내,사용료 및 관리비,관내 년 사용료 및 관리비 관내 15년,2000000
834,대한불교선각종 정향사,834,사설,불교,공원묘지,봉안당,기타,,,기간안치,"년, 10년",6000000
834,대한불교선각종 정향사,834,사설,불교,공원묘지,봉안당,기타,,,개인단 영구안치,개인단 영구안치 10단,20000000
835,탑동추모공원,835,공설,불교,봉안당,봉안당,봉안당,개인단,,,,32000000
835,탑동추모공원,835,공설,불교,봉안당,봉안당,봉안당,부부단,,부부단영구,"사용료, 관리비 5년",64000000
836,합천추모공원 봉안당 ,836,공설,,봉안당,봉안당,봉안당,개인단,,개인단(1단~8단),사용료:/관리비:(1년)이며 5년치() 선납,17500000
836,합천추모공원 봉안당 ,836,공설,,봉안당,봉안당,봉안당,부부단,,부부단(단~8단),사용료:만원/관리비:만원(1년)이며 년치(만원) 부부단(1단~8단)사용료:만원/관리비:만원(1년)이며 년치(만원),27500000
837,봉선사 봉안당,837,사설,,봉안당,봉안당,봉안당,,,구 봉안,30년기본단위 사용 1구 봉안 30년기본단위 사용,50000000
837,봉선사 봉안당,837,사설,,봉안당,봉안당,봉안당,,,구 봉안,"30년기본단위 사용, 1구 봉안 30년기본단위 사용",80000000
838,광릉 더 크레스트 봉안묘,838,사설,,봉안당,공원묘지,봉안당,,,사용료제곱미터기준,사용료제곱미터기준,8830000
838,광릉 더 크레스트 봉안묘,838,사설,,봉안당,공원묘지,기타(관리비),,,관리비제곱미터기준(년),,90300
839,칠곡군공설봉안당,839,공설,,봉안당,봉안당,봉안당,,,공설묘지 사용료,1구당 8.25m2/15년,60000
839,칠곡군공설봉안당,839,공설,,봉안당,봉안당,기타(관리비),,,관리비,구/년 관리비1구/년,70000
840,하늘내린 휴공원(부부단),840,사설,,봉안당,"봉안당, 공원묘지",봉안당,부부단,관내,부부단(관내),"사용료, 관리비/15년",6000000
840,하늘내린 휴공원(부부단),840,사설,,봉안당,"봉안당, 공원묘지",봉안당,부부단,관외,부부단(관외),"사용료, 관리비 /15년",20000000
841,인천가족공원 금마총,841,사설,,공원묘지,봉안당,공원묘지,,관내,관리료(관내),구/30년 1구/30년,1000000
841,인천가족공원 금마총,841,사설,,공원묘지,봉안당,공원묘지,,관내,,,2500000
842,김해추모의집 제1·2봉안당,842,사설,,봉안당,봉안당,기타(관리비),,관내,사용료 및 관리비,"유공자, 수급자, 장애자1.2급(관내)",1250000
842,김해추모의집 제1·2봉안당,842,사설,,봉안당,봉안당,기타(관리비),,관내,사용료 및 관리비,"최초신청시 (관내): 년, 15년",2500000
843,인천가족공원 추모의집,843,사설,,봉안당,봉안당,봉안당,,관내,관리료(관내),"구/10년, 1구/10년",1000000
843,인천가족공원 추모의집,843,사설,,봉안당,봉안당,봉안당,,관내,사용료(관내)구,1구/10년,2500000
844,거창공설공원묘지 봉안당,844,공설,,봉안당,봉안당,봉안당,,관내,봉안당 사용료,"이용자격: 해당읍 주민, 사용기간: 15년",1000000
844,거창공설공원묘지 봉안당,844,공설,,봉안당,봉안당,봉안당,,관내,봉안당 관리비,"이용자격: 해당읍 주민, 사용기간: 15년",1000000
845,(재)평화공원 가족봉안묘,845,사설,,봉안당,공원묘지,봉안당,,,사용료,".3m, 3.3m",7500000
845,(재)평화공원 가족봉안묘,845,사설,,봉안당,공원묘지,기타(관리비),,,3m,관리비년 3.3m 관리비년,200000
846,증평군 추모의집 ,846,사설,,봉안당,봉안당,봉안당,,,평장형봉안묘,"사용료,15년관리비,봉안석물포함(합장시 추가)",2000000
846,증평군 추모의집 ,846,사설,,봉안당,봉안당,기타(관리비),,,평장묘 관리비,년 1년,5400000
847,새문안추모관,847,사설,,봉안당,"봉안당, 공원묘지",봉안당,,,봉안당 안치단,1기,40000000
847,새문안추모관,847,사설,,봉안당,"봉안당, 공원묘지",기타(관리비),,,평장묘 관리비,년 1년,500000
848,하늘문 봉안당,848,사설,,봉안당,봉안당,봉안당,,,납골당 관리비,"년 선납, 10년 선납",5000000
848,하늘문 봉안당,848,사설,,봉안당,봉안당,봉안당,,,,,25000000
849,안성시추모공원(봉안담),849,공설,무관,봉안당,"공원묘지, 수목장",봉안당,개인단,관내,봉안담 개인관내자기준,(년) 봉안담 개인관내자기준(15년),4500000
849,안성시추모공원(봉안담),849,공설,무관,봉안당,"공원묘지, 수목장",봉안당,부부단,관내,봉안담 부부관내자기준,"(년), (15년)",7000000
850,산청군공설묘지 본향원,850,공설,,공원묘지,"봉안당, 공원묘지",정보없음,,정보없음,정보없음,자동 추출 실패 (푸터 텍스트),
850,산청군공설묘지 본향원,850,공설,,공원묘지,"봉안당, 공원묘지",공원묘지,,재추출(병합),보건복지부,"[30113] 세종특별자치시 도움4로 13, 10동 (어진동, 정부세종청사)",30113
851,인천가족공원 별빛당,851,사설,,공원묘지,"봉안당, 공원묘지",공원묘지,,관내,,,3000000
851,인천가족공원 별빛당,851,사설,,공원묘지,"봉안당, 공원묘지",공원묘지,,관내,,,9500000
852,꽃동네 정진석센타(봉안당),852,미분류,,봉안당,공원묘지,정보없음,,정보없음,,,
853,성아우구스띠노수도회 봉안시설,853,미분류,,봉안당,봉안당,정보없음,,정보없음,,,
854,대호지공설묘지 봉안묘(개인·가족·평장),854,공설,,수목장,공원묘지,수목장,가족단,,가족봉안묘사용료,관리비(30년)/잔디값,12600037200000
855,강동구추모의집,855,사설,,봉안당,봉안당,봉안당,,,사용료,최초년 사용료최초,2000000
856,석문공설묘지 가족봉안묘,856,공설,,봉안당,공원묘지,봉안당,,관내,사용료 및 괸리비최초 신청시,년 (관내) 사용료 및 괸리비최초 신청시 15년 (관내),33990000
857,오봉사 봉안당,857,사설,,봉안당,봉안당,봉안당,,,납골단목재,"납골단목재2,000,0001",20000000
858,대정읍봉안당(만장),858,미분류,,봉안당,봉안당,정보없음,,정보없음,정보없음,자동 추출 실패 (푸터 텍스트),
859,대호지공설묘지 어성정,859,공설,,공원묘지,공원묘지,공원묘지,,,일반년,"1회 연장 가능 일반, 1회 연장 가능",5092000
860,성산읍공설봉안당,860,공설,,봉안당,"봉안당, 공원묘지",봉안당,,관내,봉안실,"관내 안치료, 관외 안치료 봉안실 관내 안치료, 관외 안치료",200000
861,솔뫼공설묘지 가족봉안묘,861,공설,,수목장,공원묘지,수목장,가족단,,,,54360000
862,솔뫼공설묘지 안향정,862,공설,,공원묘지,봉안당,공원묘지,,,일반년,"1회 연장 가능 일반30년 , 1회 연장 가능",4000000
863,모란공원(봉안),863,사설,무관,봉안당,공원묘지,봉안당,,,사용료사용기간,년1 사용료사용기간 : 10년1,18000000
864,청솔공원 봉안묘,864,사설,,봉안당,공원묘지,봉안당,가족단,,가족봉안묘사용료,"관리비15년, 석물비, 석물설치비",43080000
865,노들하늘공원(동작구추모의집),865,사설,,봉안당,"봉안당, 공원묘지",기타(관리비),,,관내 년 사용,15년사용료+관리비 관내 15년 사용15년사용료+관리비,8000000
866,군산시추모관,866,사설,,봉안당,봉안당,봉안당,개인단,관내,개인단,(관내)년 3회 연장가능 개인단(관내) 15년 3회 연장가능,1000000
867,표선면봉안당,867,사설,,봉안당,공원묘지,봉안당,개인단,,개인단도,도내 만원 도외5만원 개인단도내 2만원 도외5만원,200000
868,태안군 영묘전,868,사설,,봉안당,봉안당,봉안당,개인단,관내,개인단(관내),"년사용, 1회 연장 가능 개인단(관내)30년사용, 1회 연장 가능",3280000
869,금호동성당 천보묘원(봉안),869,사설,천주교,봉안당,"봉안당, 공원묘지",봉안당,개인단,,개인단글씨비,관리비(20년),4410000
870,익산시 추모의집 제2관,870,사설,,봉안당,공원묘지,봉안당,개인단,,개인단최초,년 사용 후 10년씩 3번 연장가능 개인단최초 15년 사용 후 10년씩 3번 연장가능,2000000
871,원흥사 납골탑,871,사설,불교,봉안당,봉안당,봉안당,,,납골당,비용,40000000
872,도봉구추모의집,872,사설,,봉안당,"봉안당, 공원묘지",기타(관리비),,,년사용,15년사용료+관리비 15년사용15년사용료+관리비,8000000
873,광진구추모의집,873,사설,,봉안당,"봉안당, 공원묘지",기타(관리비),,,년사용,15년사용료+관리비 15년사용15년사용료+관리비,8000000
874,성동구추모의집,874,사설,,봉안당,"봉안당, 공원묘지",기타(관리비),,,관내 년 사용,15년사용료+관리비 관내 15년 사용15년사용료+관리비,8000000
875,중구추모의집,875,사설,,봉안당,봉안당,기타(관리비),,,년사용,15년사용료+관리비 15년사용15년사용료+관리비,8000000
876,상락원 지장영묘전,876,사설,불교,봉안당,봉안당,봉안당,개인단,,개인단사용료,관리비: 1년에 3만원/ 자세한 사항은 031-941-3416 문의,20300000
877,대구광역시 낙산제2추모의집,877,사설,,봉안당,봉안당,기타(관리비),,,사용료 및 관리비,"년 / 국가유공자(배우자), 수급자 외 사용제한, 10년 / 국가유공자(배우자), 수급자 외 사용제한",2000000
878,장성군추모공원,878,공설,,봉안당,봉안당,기타(관리비),,,안치료,별도의 관리비 없음,3000000
879,익산시 추모의집 제1관,879,미분류,,봉안당,봉안당,정보없음,,정보없음,정보없음,자동 추출 실패 (푸터 텍스트),
880,흥창사,880,사설,,공원묘지,봉안당,기타,,,사용료,만원부터~ 사용료 300만원부터~,130000000
881,구파발성당 성요셉관,881,사설,천주교,봉안당,"I'm sorry, but I cannot fulfill your request based on the image provided. The image shows a modern building, possibly a church or a commercial building, and does not display any features related to burial or funeral facilities such as graves, columbarium niches, or tree burial sites. Therefore, I cannot identify any '공원묘지', '봉안당', or '수목장' in this image.",봉안당,개인단,,개인단(단~6단)사용료,"사용기간:20년,1회연장가능, 자세한 사항:02-389-1501 문의",30000000
882,대구광역시 낙산추모의집,882,사설,,봉안당,공원묘지,기타(관리비),,,사용료 및 관리비,"년 / 국가유공자(배우자), 수급자 외 사용제한10년 / 국가유공자(배우자), 수급자 외 사용제한",2000000
883,화천공원묘원 봉안당,883,사설,,봉안당,수목장,봉안당,개인단,,개인사용료,자세한사항 시설문의,2500000
884,만불사,884,사설,불교,봉안당,봉안당,봉안당,개인단,,개인단,자세한내용은 시설문의,60000000
885,조안공원,885,사설,,공원묘지,봉안당,공원묘지,,,일반실단,일반실9단,25000000
885,조안공원,885,사설,,공원묘지,봉안당,공원묘지,,,고급실단,고급실9단,25000000
885,조안공원,885,사설,,공원묘지,봉안당,공원묘지,,,일반실단,일반실8단,35000000
885,조안공원,885,사설,,공원묘지,봉안당,공원묘지,,,고급실단,고급실8단,35000000
885,조안공원,885,사설,,공원묘지,봉안당,공원묘지,,,일반실단,일반실1단,40000000
885,조안공원,885,사설,,공원묘지,봉안당,공원묘지,,,고급실단,고급실1단,40000000
885,조안공원,885,사설,,공원묘지,봉안당,공원묘지,,,특실,"단 4, 5, 8단",45000000
885,조안공원,885,사설,,공원묘지,봉안당,공원묘지,,,일반실단,일반실2단,50000000
885,조안공원,885,사설,,공원묘지,봉안당,공원묘지,,,특실,"단4,500,0001 특실8단4,500,0001",50000000
885,조안공원,885,사설,,공원묘지,봉안당,공원묘지,,,VIP실단,VIP실8단,50000000
885,조안공원,885,사설,,공원묘지,봉안당,공원묘지,,,VIP실,"단, VIP실 8단",55000000
885,조안공원,885,사설,,공원묘지,봉안당,공원묘지,,,일반실단,일반실7단,65000000
885,조안공원,885,사설,,공원묘지,봉안당,공원묘지,,,일반실단,일반실3단,70000000
885,조안공원,885,사설,,공원묘지,봉안당,공원묘지,,,일반실단,일반실6단,80000000
885,조안공원,885,사설,,공원묘지,봉안당,공원묘지,,,일반실단,일반실4단,80000000
885,조안공원,885,사설,,공원묘지,봉안당,공원묘지,,,고급실단,고급실7단,80000000
885,조안공원,885,사설,,공원묘지,봉안당,공원묘지,,,고급실단,고급실2단,80000000
885,조안공원,885,사설,,공원묘지,봉안당,공원묘지,,,일반실단,일반실5단,85000000
885,조안공원,885,사설,,공원묘지,봉안당,공원묘지,,,고급실단,고급실3단,100000000
885,조안공원,885,사설,,공원묘지,봉안당,공원묘지,,,특실,"단4,500,0001 특실8단4,500,0001",100000000
885,조안공원,885,사설,,공원묘지,봉안당,공원묘지,,,특실,"단, 특실 8단",100000000
885,조안공원,885,사설,,공원묘지,봉안당,공원묘지,,,VIP실단,VIP실7단,110000000
885,조안공원,885,사설,,공원묘지,봉안당,공원묘지,,,VIP실단,VIP실2단,110000000
885,조안공원,885,사설,,공원묘지,봉안당,공원묘지,,,고급실단,고급실6단,120000000
885,조안공원,885,사설,,공원묘지,봉안당,공원묘지,,,고급실단,고급실5단,120000000
885,조안공원,885,사설,,공원묘지,봉안당,공원묘지,,,고급실단,고급실4단,120000000
885,조안공원,885,사설,,공원묘지,봉안당,공원묘지,,,특실,"단, 특실8단",120000000
885,조안공원,885,사설,,공원묘지,봉안당,공원묘지,,,특실,단 특실 단,130000000
885,조안공원,885,사설,,공원묘지,봉안당,공원묘지,,,특실,단 특실 단,130000000
885,조안공원,885,사설,,공원묘지,봉안당,공원묘지,,,특실,"단4,500,0001 특실8단4,500,0001",130000000
885,조안공원,885,사설,,공원묘지,봉안당,공원묘지,,,VIP실단,VIP실3단,130000000
885,조안공원,885,사설,,공원묘지,봉안당,공원묘지,,,VIP실단,VIP실6단,150000000
885,조안공원,885,사설,,공원묘지,봉안당,공원묘지,,,VIP실단,VIP실8단,150000000
885,조안공원,885,사설,,공원묘지,봉안당,공원묘지,,,VIP실,"단1, 8단1",150000000
886,문빈정사 봉안당,886,미분류,불교,봉안당,봉안당,정보없음,,정보없음,정보없음,자동 추출 실패 (푸터 텍스트),
887,(재)아미티우스 봉안당,887,미분류,,봉안당,봉안당,정보없음,,정보없음,정보없음,자동 추출 실패 (푸터 텍스트),
888,(재)남도추모공원,888,미분류,,봉안당,봉안당,정보없음,,정보없음,정보없음 자동 추출 실패,푸터 텍스트,
889,해원정사,889,미분류,불교,공원묘지,봉안당,정보없음,,정보없음,정보없음,자동 추출 실패 (푸터 텍스트),
890,성불사 봉안탑,890,미분류,불교,봉안당,공원묘지,정보없음,,정보없음,정보없음,자동 추출 실패 (푸터 텍스트),
891,양지공원 제3추모의집,891,미분류,,봉안당,봉안당,정보없음,,정보없음,정보없음 자동 추출 실패,푸터 텍스트,
892,백운공원묘원 제1묘원,892,사설,,공원묘지,공원묘지,공원묘지,,,묘지관리비,1평기준(1년),160000
892,백운공원묘원 제1묘원,892,사설,,공원묘지,공원묘지,공원묘지,,,묘지사용료,평기준,7000000
893,(재)동산공원묘원 봉안당,893,미분류,기독교,봉안당,공원묘지,정보없음,,정보없음,정보없음,자동 추출 실패 (푸터 텍스트),
894,솔치백합동산 봉안묘,894,미분류,기독교,봉안당,"```json
{
  ""type"": """",
  ""reason"": ""제공된 이미지에서 장례/추모 시설의 특징을 확인할 수 없습니다. 교회 건물만 보이며, 묘지, 봉안당, 수목장 등과 관련된 시각적 요소가 전혀 나타나 있지 않습니다.""
}
```",정보없음,,정보없음,정보없음,자동 추출 실패 (푸터 텍스트),
895,동화경모공원(봉안),895,사설,무관,봉안당,봉안당,정보없음,,정보없음,정보없음,자동 추출 실패 (푸터 텍스트),
896,백운공원묘원 제2묘원,896,사설,,공원묘지,공원묘지,공원묘지,,,묘지관리비,"평 기준 (1년), 1평 기준 (1년)",160000
896,백운공원묘원 제2묘원,896,사설,,공원묘지,공원묘지,공원묘지,,,묘지사용료,"평 기준, 1평 기준",7000000
897,서동사,897,미분류,,공원묘지,봉안당,정보없음,,정보없음,정보없음,자동 추출 실패 (푸터 텍스트),
898,태고종관음사 봉안당,898,미분류,불교,봉안당,봉안당,정보없음,,정보없음,정보없음,자동 추출 실패 (푸터 텍스트),
899,부활의집,899,미분류,기독교,공원묘지,봉안당,정보없음,,정보없음,정보없음 자동 추출 실패,푸터 텍스트,
900,남국선원봉안탑,900,미분류,불교,봉안당,봉안당,정보없음,,정보없음,정보없음,자동 추출 실패 (푸터 텍스트),
901,신당동성당 소화묘원(봉안묘),901,미분류,천주교,봉안당,공원묘지,정보없음,,정보없음,정보없음,자동 추출 실패 (푸터 텍스트),
902,실로암추모관,902,미분류,불교,봉안당,봉안당,정보없음,,정보없음,정보없음,자동 추출 실패 (푸터 텍스트),
903,밀양성당 천상낙원,903,미분류,천주교,공원묘지,봉안당,정보없음,,정보없음,정보없음,자동 추출 실패 (푸터 텍스트),
904,(재)남양공원묘원 추모관,904,미분류,,봉안당,봉안당,정보없음,,정보없음,정보없음 자동 추출 실패,푸터 텍스트,
905,(재)대지공원묘원 봉안당,905,미분류,,봉안당,공원묘지,정보없음,,정보없음,정보없음,자동 추출 실패 (푸터 텍스트),
906,생활불교밝은마음 봉안탑,906,미분류,불교,봉안당,공원묘지,정보없음,,정보없음,정보없음,자동 추출 실패 (푸터 텍스트),
907,(재)예다원,907,사설,,공원묘지,봉안당,공원묘지,,관내,묘지 관리비(일반시민)묘지,기당 6.61m2 /15년,1200000
907,(재)예다원,907,사설,,공원묘지,봉안당,공원묘지,,관내,묘지 관리비(특례자),"여수시에 주민등록을 두고 년 미만 거주하고,있는 자 ,묘지 1기당 6.61m2 /15년",1200000
907,(재)예다원,907,사설,,공원묘지,봉안당,공원묘지,,관내,묘지 사용료(일반시민),묘지 1기당 6.61m2 /15년,1800000
907,(재)예다원,907,사설,,공원묘지,봉안당,공원묘지,,관내,묘지 사용료(특례자),"여수시에 주민등록을 두고 1년 미만 거주하고 있는 자, 묘지 1기당 6.61m2 /15년",2700000
908,대정공원묘원 봉안묘,908,미분류,,봉안당,공원묘지,정보없음,,정보없음,정보없음 자동 추출 실패,푸터 텍스트,
909,가평추모공원(봉안시설),909,공설,무관,봉안당,"봉안당, 공원묘지",정보없음,,정보없음,정보없음,자동 추출 실패 (푸터 텍스트),
910,인천가족공원 봉안담,910,미분류,,봉안당,봉안당,정보없음,,정보없음,정보없음,자동 추출 실패 (푸터 텍스트),
911,프란치스꼬의집,911,미분류,,공원묘지,봉안당,정보없음,,정보없음,정보없음 자동 추출 실패,푸터 텍스트,
912,미래사,912,미분류,,공원묘지,봉안당,정보없음,,정보없음,정보없음,자동 추출 실패 (푸터 텍스트),
913,천주교 인천교구 고잔성당 몽은당,913,미분류,천주교,공원묘지,봉안당,정보없음,,정보없음,정보없음,자동 추출 실패 (푸터 텍스트),
914,우리추모공원 봉안당,914,미분류,,봉안당,공원묘지,정보없음,,정보없음,정보없음,자동 추출 실패 (푸터 텍스트),
915,(재)우성공원 봉안당,915,미분류,,봉안당,"봉안당, 공원묘지",정보없음,,정보없음,정보없음,자동 추출 실패 (푸터 텍스트),
916,(재)금곡장미공원 봉안당,916,미분류,,봉안당,공원묘지,정보없음,,정보없음,정보없음,자동 추출 실패 (푸터 텍스트),
917,국원하늘정원,917,미분류,,공원묘지,봉안당,정보없음,,정보없음,정보없음,자동 추출 실패 (푸터 텍스트),
918,대승불교법왕종 한광사,918,미분류,불교,공원묘지,"봉안당, 공원묘지",정보없음,,정보없음,정보없음,자동 추출 실패 (푸터 텍스트),
919,천주교 황사평 봉안묘,919,미분류,천주교,봉안당,"봉안당, 공원묘지",정보없음,,정보없음,정보없음,자동 추출 실패 (푸터 텍스트),
920,(재)아름다운 청계공원 봉안시설,920,미분류,,봉안당,"봉안당, 공원묘지",정보없음,,정보없음,정보없음,자동 추출 실패 (푸터 텍스트),
921,삼광사추모공원 아미타봉안탑,921,미분류,불교,봉안당,"봉안당, 공원묘지",정보없음,,정보없음,정보없음,자동 추출 실패 (푸터 텍스트),
922,천일추모공원,922,미분류,,봉안당,봉안당,정보없음,,정보없음,정보없음,자동 추출 실패 (푸터 텍스트),
923,검단사 봉안당,923,미분류,,봉안당,봉안당,정보없음,,정보없음,정보없음,자동 추출 실패 (푸터 텍스트),
924,화원관광단지공설봉안당,924,미분류,,봉안당,봉안당,정보없음,,정보없음,정보없음,자동 추출 실패 (푸터 텍스트),
925,고당사 효자당,925,미분류,,공원묘지,봉안당,정보없음,,정보없음,정보없음,자동 추출 실패 (푸터 텍스트),
926,한라산 옥불사 봉안탑,926,미분류,불교,봉안당,공원묘지,정보없음,,정보없음,정보없음,자동 추출 실패 (푸터 텍스트),
927,추모관 천상의집,927,미분류,,봉안당,봉안당,정보없음,,정보없음,정보없음,자동 추출 실패 (푸터 텍스트),
928,운계사 봉안묘,928,미분류,,봉안당,봉안당,정보없음,,정보없음,정보없음,자동 추출 실패 (푸터 텍스트),
929,(재)생활불교 봉안당,929,미분류,불교,봉안당,봉안당,정보없음,,정보없음,정보없음,자동 추출 실패 (푸터 텍스트),
930,보광사 봉안당,930,미분류,,봉안당,봉안당,정보없음,,정보없음,정보없음,자동 추출 실패 (푸터 텍스트),
931,대한불교조계종 광덕사,931,미분류,불교,공원묘지,봉안당,정보없음,,정보없음,정보없음,자동 추출 실패 (푸터 텍스트),
932,창원무량사 납골당,932,미분류,,봉안당,봉안당,정보없음,,정보없음,정보없음,자동 추출 실패 (푸터 텍스트),
933,한국불교원각종 장수사,933,미분류,불교,공원묘지,봉안당,정보없음,,정보없음,정보없음,자동 추출 실패 (푸터 텍스트),
934,대법륜사 극락전,934,미분류,불교,공원묘지,공원묘지,정보없음,,정보없음,정보없음,자동 추출 실패 (푸터 텍스트),
935,극락사추모원 하늘정원,935,미분류,불교,봉안당,공원묘지,정보없음,,정보없음,정보없음,자동 추출 실패 (푸터 텍스트),
936,전주효자공원봉안원,936,미분류,,봉안당,공원묘지,정보없음,,정보없음,정보없음,자동 추출 실패 (푸터 텍스트),
937,함양하늘공원(봉안시설),937,사설,무관,봉안당,공원묘지,정보없음,,정보없음,정보없음,자동 추출 실패 (푸터 텍스트),
938,지장선원,938,미분류,불교,공원묘지,봉안당,정보없음,,정보없음,정보없음,자동 추출 실패 (푸터 텍스트),
939,새하늘공원,939,미분류,,공원묘지,봉안당,정보없음,,정보없음,정보없음,자동 추출 실패 (푸터 텍스트),
940,늘푸른안식관,940,미분류,,공원묘지,봉안당,정보없음,,정보없음,정보없음 자동 추출 실패,푸터 텍스트,
941,(재)천주교원주교구 배론성지,941,미분류,천주교,공원묘지,봉안당,정보없음,,정보없음,정보없음,자동 추출 실패 (푸터 텍스트),
942,동해사,942,미분류,,공원묘지,봉안당,정보없음,,정보없음,정보없음,자동 추출 실패 (푸터 텍스트),
943,대한불교조계종 화암사,943,미분류,불교,공원묘지,봉안당,정보없음,,정보없음,정보없음,자동 추출 실패 (푸터 텍스트),
944,석종사,944,미분류,,공원묘지,봉안당,정보없음,,정보없음,정보없음,자동 추출 실패 (푸터 텍스트),
945,(재)한남공원묘원(봉안),945,미분류,,봉안당,공원묘지,정보없음,,정보없음,정보없음,자동 추출 실패 (푸터 텍스트),
946,정토세계,946,미분류,,공원묘지,봉안당,정보없음,,정보없음,정보없음,자동 추출 실패 (푸터 텍스트),
947,안양사푸른공원,947,미분류,,공원묘지,봉안당,정보없음,,정보없음,정보없음,자동 추출 실패 (푸터 텍스트),
948,개원추모공원 봉안탑,948,미분류,불교,봉안당,봉안당,정보없음,,정보없음,정보없음,자동 추출 실패 (푸터 텍스트),
949,(재)우성공원 추모관,949,미분류,,봉안당,봉안당,정보없음,,정보없음,정보없음,자동 추출 실패 (푸터 텍스트),
950,보은사납골당,950,미분류,,봉안당,봉안당,정보없음,,정보없음,정보없음,자동 추출 실패 (푸터 텍스트),
951,장기공설봉안묘,951,미분류,,봉안당,공원묘지,정보없음,,정보없음,정보없음,자동 추출 실패 (푸터 텍스트),
952,(재)천주교유지재단 천호성지,952,미분류,천주교,공원묘지,봉안당,정보없음,,정보없음,정보없음,자동 추출 실패 (푸터 텍스트),
953,홍천군공설묘원 봉안묘·담,953,미분류,,봉안당,봉안당,정보없음,,정보없음,정보없음,자동 추출 실패 (푸터 텍스트),
954,(사)대한불교연화조계종 정림사,954,미분류,불교,수목장,봉안당,정보없음,,정보없음,정보없음,자동 추출 실패 (푸터 텍스트),
955,천봉사 봉안당,955,미분류,,봉안당,봉안당,정보없음,,정보없음,정보없음,자동 추출 실패 (푸터 텍스트),
956,광주공원묘원 봉안묘,956,미분류,,봉안당,공원묘지,정보없음,,정보없음,정보없음,자동 추출 실패 (푸터 텍스트),
957,(재)서울공원묘원 봉안담,957,미분류,,봉안당,공원묘지,정보없음,,정보없음,정보없음,자동 추출 실패 (푸터 텍스트),
958,대한불교덕성종 성보사 봉안탑,958,미분류,불교,봉안당,봉안당,정보없음,,정보없음,정보없음,자동 추출 실패 (푸터 텍스트),
959,다보정사 안미원(봉안탑),959,미분류,불교,봉안당,봉안당,정보없음,,정보없음,정보없음 자동 추출 실패,푸터 텍스트,
960,황룡사 봉안당,960,미분류,,봉안당,공원묘지,정보없음,,정보없음,정보없음 자동 추출 실패,푸터 텍스트,
961,숲속의 부활의집,961,미분류,기독교,수목장,공원묘지,정보없음,,정보없음,정보없음 자동 추출 실패,푸터 텍스트,
962,도성사 봉안탑,962,미분류,불교,봉안당,"봉안당, 공원묘지",정보없음,,정보없음,정보없음,자동 추출 실패 (푸터 텍스트),
963,진달래메모리얼파크,963,미분류,,공원묘지,봉안당,정보없음,,정보없음,정보없음,자동 추출 실패 (푸터 텍스트),
964,정안사,964,미분류,,공원묘지,봉안당,정보없음,,정보없음,정보없음 자동 추출 실패,푸터 텍스트,
965,송월교회 봉안묘·탑,965,미분류,기독교,봉안당,봉안당,정보없음,,정보없음,정보없음,자동 추출 실패 (푸터 텍스트),
966,(재)개나리추모공원 봉안담,966,미분류,,봉안당,공원묘지,정보없음,,정보없음,정보없음 자동 추출 실패,푸터 텍스트,
967,천주교 인천교구 하늘의문(봉안담),967,미분류,천주교,봉안당,공원묘지,정보없음,,정보없음,정보없음 자동 추출 실패,푸터 텍스트,
968,아산메모리얼파크 휴온 봉안묘,968,미분류,,봉안당,봉안당,정보없음,,정보없음,정보없음,자동 추출 실패 (푸터 텍스트),
969,천안노블랜드하늘공원 봉안담,969,미분류,,봉안당,봉안당,정보없음,,정보없음,정보없음,자동 추출 실패 (푸터 텍스트),
970,정안수목장 봉안당,970,미분류,,수목장,"공원묘지, 수목장",정보없음,,정보없음,정보없음,자동 추출 실패 (푸터 텍스트),
971,석암산수도사 봉안당,971,미분류,불교,봉안당,봉안당,정보없음,,정보없음,정보없음,자동 추출 실패 (푸터 텍스트),
972,혜명사 봉안당,972,미분류,,봉안당,봉안당,정보없음,,정보없음,정보없음,자동 추출 실패 (푸터 텍스트),
973,삼길사 봉안당,973,미분류,,봉안당,봉안당,정보없음,,정보없음,정보없음,자동 추출 실패 (푸터 텍스트),
974,성불사 봉안당,974,미분류,불교,봉안당,공원묘지,정보없음,,정보없음,정보없음,자동 추출 실패 (푸터 텍스트),
975,덕안사 봉안당,975,미분류,,봉안당,봉안당,정보없음,,정보없음,정보없음,자동 추출 실패 (푸터 텍스트),
976,(재)하늘공원 봉안당,976,미분류,,봉안당,공원묘지,정보없음,,정보없음,정보없음 자동 추출 실패,푸터 텍스트,
977,지장사 봉안당,977,미분류,불교,봉안당,봉안당,정보없음,,정보없음,정보없음,자동 추출 실패 (푸터 텍스트),
978,서강대학교 봉안묘,978,미분류,,봉안당,공원묘지,정보없음,,정보없음,정보없음,자동 추출 실패 (푸터 텍스트),
979,대원정사 봉안담,979,미분류,불교,봉안당,봉안당,정보없음,,정보없음,정보없음,자동 추출 실패 (푸터 텍스트),
980,오봉사 봉안묘,980,미분류,,봉안당,봉안당,정보없음,,정보없음,정보없음,자동 추출 실패 (푸터 텍스트),
981,영원한도움의성모성전 납골당,981,미분류,천주교,봉안당,봉안당,정보없음,,정보없음,정보없음,자동 추출 실패 (푸터 텍스트),
982,운휴암 봉안당,982,미분류,불교,봉안당,공원묘지,정보없음,,정보없음,정보없음,자동 추출 실패 (푸터 텍스트),
983,갈월사 봉안탑,983,미분류,불교,봉안당,공원묘지,정보없음,,정보없음,정보없음,자동 추출 실패 (푸터 텍스트),
984,무지개추모공원 봉안탑(다래원),984,미분류,불교,봉안당,"봉안당, 공원묘지",정보없음,,정보없음,정보없음,자동 추출 실패 (푸터 텍스트),
985,영은설악동산,985,미분류,기독교,공원묘지,봉안당,정보없음,,정보없음,정보없음,자동 추출 실패 (푸터 텍스트),
986,구룡사 봉안묘,986,미분류,,봉안당,공원묘지,정보없음,,정보없음,정보없음 자동 추출 실패,푸터 텍스트,
987,성림사 연화납골당(봉안탑),987,미분류,불교,수목장,"봉안당, 공원묘지",정보없음,,정보없음,정보없음 자동 추출 실패,푸터 텍스트,
988,죽림정사,988,미분류,불교,수목장,봉안당,정보없음,,정보없음,정보없음,자동 추출 실패 (푸터 텍스트),
989,몽암사 봉안탑,989,미분류,불교,봉안당,봉안당,정보없음,,정보없음,정보없음,자동 추출 실패 (푸터 텍스트),
990,연꽃피우는 행복도량 용문사,990,미분류,,공원묘지,"수목장, 봉안당",정보없음,,정보없음,정보없음,자동 추출 실패 (푸터 텍스트),
991,김포연화산추모공원,991,미분류,불교,봉안당,"봉안당, 공원묘지",정보없음,,정보없음,정보없음,자동 추출 실패 (푸터 텍스트),
992,개운사 봉안당,992,미분류,,봉안당,공원묘지,정보없음,,정보없음,정보없음 자동 추출 실패,푸터 텍스트,
993,김포연화사추모관,993,미분류,불교,봉안당,봉안당,정보없음,,정보없음,정보없음,자동 추출 실패 (푸터 텍스트),
994,백향목침례교회,994,미분류,기독교,공원묘지,봉안당,정보없음,,정보없음,정보없음,자동 추출 실패 (푸터 텍스트),
995,오봉산추모공원 봉안담,995,미분류,,봉안당,봉안당,정보없음,,정보없음,정보없음,자동 추출 실패 (푸터 텍스트),
996,오봉산추모공원 봉안당,996,미분류,,봉안당,봉안당,정보없음,,정보없음,정보없음,자동 추출 실패 (푸터 텍스트),
997,월명사 봉안탑,997,미분류,불교,봉안당,공원묘지,정보없음,,정보없음,정보없음,자동 추출 실패 (푸터 텍스트),
998,통도사 봉안탑,998,미분류,불교,봉안당,봉안당,정보없음,,정보없음,정보없음 자동 추출 실패,푸터 텍스트,
999,(재)생활불교 봉안탑,999,미분류,불교,봉안당,"공원묘지, 봉안당",정보없음,,정보없음,정보없음 자동 추출 실패,푸터 텍스트,
1000,성 라자로마을,1000,미분류,,공원묘지,공원묘지,정보없음,,정보없음,정보없음,자동 추출 실패 (푸터 텍스트),
1001,용흥사 봉안묘,1001,미분류,,봉안당,봉안당,정보없음,,정보없음,정보없음,자동 추출 실패 (푸터 텍스트),
1002,파주추모공원 봉안탑,1002,미분류,불교,봉안당,"봉안당, 공원묘지",정보없음,,정보없음,정보없음,자동 추출 실패 (푸터 텍스트),
1003,갑산공원묘원,1003,사설,무관,공원묘지,"봉안당, 공원묘지",정보없음,,정보없음,정보없음,자동 추출 실패 (푸터 텍스트),
1004,대덕사 봉안당,1004,미분류,,봉안당,봉안당,정보없음,,정보없음,정보없음,자동 추출 실패 (푸터 텍스트),
1005,비봉사 봉안탑,1005,미분류,불교,봉안당,봉안당,정보없음,,정보없음,정보없음,자동 추출 실패 (푸터 텍스트),
1006,영락원 봉안당,1006,미분류,기독교,봉안당,봉안당,정보없음,,정보없음,정보없음,자동 추출 실패 (푸터 텍스트),
1007,혜관정사 봉안당,1007,미분류,불교,봉안당,봉안당,정보없음,,정보없음,정보없음,자동 추출 실패 (푸터 텍스트),
1008,(재)실로암공원묘원 봉안묘,1008,미분류,불교,봉안당,봉안당,정보없음,,정보없음,정보없음,자동 추출 실패 (푸터 텍스트),
1009,강화파라다이스 강화지점 봉안탑,1009,미분류,불교,봉안당,봉안당,정보없음,,정보없음,정보없음,자동 추출 실패 (푸터 텍스트),
1010,미타사 봉안당,1010,미분류,,봉안당,봉안당,정보없음,,정보없음,정보없음,자동 추출 실패 (푸터 텍스트),
1011,부산추모공원 봉안묘·담,1011,미분류,,봉안당,봉안당,정보없음,,정보없음,정보없음,자동 추출 실패 (푸터 텍스트),
1012,인천가족공원 가족봉안담,1012,미분류,,봉안당,봉안당,정보없음,,정보없음,정보없음,자동 추출 실패 (푸터 텍스트),
1013,인천가족공원 호국봉안담,1013,미분류,,봉안당,봉안당,정보없음,,정보없음,정보없음,자동 추출 실패 (푸터 텍스트),
1014,은하수공원 달님의집(봉안담),1014,미분류,,봉안당,봉안당,정보없음,,정보없음,정보없음,자동 추출 실패 (푸터 텍스트),
1015,수원시연화장 제2추모의집,1015,미분류,불교,봉안당,공원묘지,정보없음,,정보없음,정보없음,자동 추출 실패 (푸터 텍스트),
1016,수원시연화장 봉안담,1016,미분류,불교,봉안당,봉안당,정보없음,,정보없음,정보없음,자동 추출 실패 (푸터 텍스트),
1017,화천공원묘원 봉안묘,1017,미분류,,봉안당,공원묘지,정보없음,,정보없음,정보없음,자동 추출 실패 (푸터 텍스트),
1018,태백시납골묘,1018,미분류,,봉안당,봉안당,정보없음,,정보없음,정보없음,자동 추출 실패 (푸터 텍스트),
1019,하늘내린 휴공원(무연단),1019,미분류,,공원묘지,"봉안당, 공원묘지",정보없음,,정보없음,정보없음,자동 추출 실패 (푸터 텍스트),
1020,하늘내린 보금자리(가족12위),1020,미분류,,공원묘지,봉안당,정보없음,,정보없음,정보없음,자동 추출 실패 (푸터 텍스트),
1021,청주시목련공원 제2목련당,1021,미분류,,공원묘지,봉안당,정보없음,,정보없음,정보없음,자동 추출 실패 (푸터 텍스트),
1022,청주시목련공원 제3목련당,1022,미분류,,공원묘지,봉안당,정보없음,,정보없음,정보없음,자동 추출 실패 (푸터 텍스트),
1023,보령시모란공원 봉안묘·담,1023,미분류,,봉안당,봉안당,정보없음,,정보없음,정보없음,자동 추출 실패 (푸터 텍스트),
1024,예산군추모의집 제2관,1024,미분류,,봉안당,봉안당,정보없음,,정보없음,정보없음,자동 추출 실패 (푸터 텍스트),
1025,예산군추모공원 봉안묘(가족·평장),1025,미분류,,봉안당,공원묘지,정보없음,,정보없음,정보없음,자동 추출 실패 (푸터 텍스트),
1026,창원시립상복공원 제2봉안당,1026,미분류,,봉안당,봉안당,정보없음,,정보없음,정보없음,자동 추출 실패 (푸터 텍스트),
1027,창원시립상복공원 봉안담,1027,미분류,,봉안당,봉안당,정보없음,,정보없음,정보없음,자동 추출 실패 (푸터 텍스트),
1028,산청군공설묘지 봉안묘,1028,미분류,,봉안당,공원묘지,정보없음,,정보없음,정보없음,자동 추출 실패 (푸터 텍스트),
1029,용인평온의숲(평온마루 봉안묘),1029,공설,무관,봉안당,봉안당,정보없음,,정보없음,정보없음,자동 추출 실패 (푸터 텍스트),
1030,신안1004추모관,1030,미분류,,봉안당,봉안당,정보없음,,정보없음,정보없음 자동 추출 실패,푸터 텍스트,
1031,연화원 봉안당,1031,미분류,불교,봉안당,봉안당,정보없음,,정보없음,정보없음,자동 추출 실패 (푸터 텍스트),
1032,천비룡사,1032,미분류,,공원묘지,봉안당,정보없음,,정보없음,정보없음,자동 추출 실패 (푸터 텍스트),
1033,마애사방어암,1033,미분류,불교,공원묘지,봉안당,정보없음,,정보없음,정보없음 자동 추출 실패,푸터 텍스트,
1034,(재)아미티우스 봉안탑,1034,미분류,불교,봉안당,공원묘지,정보없음,,정보없음,정보없음,자동 추출 실패 (푸터 텍스트),
1035,(재)우성공원 봉안묘·담,1035,미분류,,봉안당,공원묘지,정보없음,,정보없음,정보없음,자동 추출 실패 (푸터 텍스트),
1036,우리추모공원 봉안탑,1036,미분류,불교,봉안당,봉안당,정보없음,,정보없음,정보없음,자동 추출 실패 (푸터 텍스트),
1037,(재)우성공원 영남납골당(무연고),1037,미분류,,봉안당,공원묘지,정보없음,,정보없음,정보없음,자동 추출 실패 (푸터 텍스트),
1038,원진사 봉안당,1038,미분류,,봉안당,공원묘지,정보없음,,정보없음,정보없음,자동 추출 실패 (푸터 텍스트),
1039,천주교 대구교구 죽도성당,1039,미분류,천주교,공원묘지,봉안당,정보없음,,정보없음,정보없음,자동 추출 실패 (푸터 텍스트),
1040,우각사 봉안당,1040,미분류,,봉안당,봉안당,정보없음,,정보없음,정보없음,자동 추출 실패 (푸터 텍스트),
1041,천태사추모공원,1041,미분류,불교,봉안당,봉안당,정보없음,,정보없음,정보없음,자동 추출 실패 (푸터 텍스트),
1042,고경사추모공원,1042,미분류,,봉안당,봉안당,정보없음,,정보없음,정보없음 자동 추출 실패,푸터 텍스트,
1043,실로암추모관,1043,미분류,불교,봉안당,봉안당,정보없음,,정보없음,정보없음,자동 추출 실패 (푸터 텍스트),
1044,관음사 봉안당,1044,사설,불교,봉안당,봉안당,봉안당,,,유골함별도,유골함별도,6500000
1044,관음사 봉안당,1044,사설,불교,봉안당,봉안당,봉안당,개인단,,사용료개인단,(단~2단) 사용료개인단(1단~2단),45000000
1044,관음사 봉안당,1044,사설,불교,봉안당,봉안당,봉안당,개인단,,사용료개인단,(단~11단) 사용료개인단(8단~11단),45000000
1044,관음사 봉안당,1044,사설,불교,봉안당,봉안당,봉안당,개인단,,사용료개인단,단~7단 사용료개인단(3단~7단),55000000
1044,관음사 봉안당,1044,사설,불교,봉안당,봉안당,기타(관리비),,,관리비,5년,2500000
1045,나자렛집,1045,미분류,,공원묘지,봉안당,정보없음,,정보없음,정보없음,자동 추출 실패 (푸터 텍스트),
1046,석장사 봉안당,1046,미분류,,봉안당,봉안당,정보없음,,정보없음,정보없음 자동 추출 실패,푸터 텍스트,
1047,삼성사 봉안당,1047,미분류,,봉안당,봉안당,정보없음,,정보없음,정보없음,자동 추출 실패 (푸터 텍스트),
1048,보현사 무량수공원,1048,미분류,,공원묘지,봉안당,정보없음,,정보없음,정보없음,자동 추출 실패 (푸터 텍스트),
1049,동국사 영가추모관,1049,미분류,,봉안당,봉안당,정보없음,,정보없음,정보없음,자동 추출 실패 (푸터 텍스트),
1050,삼광사추모공원 봉안탑,1050,미분류,불교,봉안당,공원묘지,정보없음,,정보없음,정보없음,자동 추출 실패 (푸터 텍스트),
1051,용운사 납골당,1051,미분류,,봉안당,봉안당,정보없음,,정보없음,정보없음,자동 추출 실패 (푸터 텍스트),
1052,창원공원묘원 납골당,1052,사설,무관,봉안당,공원묘지,정보없음,,정보없음,정보없음 자동 추출 실패,푸터 텍스트,
1053,진주내동공원묘원 봉안당,1053,미분류,,봉안당,봉안당,정보없음,,정보없음,정보없음,자동 추출 실패 (푸터 텍스트),
1054,(재)밀양추모공원묘원 봉안담,1054,미분류,,봉안당,봉안당,정보없음,,정보없음,정보없음,자동 추출 실패 (푸터 텍스트),
1055,천불사 극락원,1055,미분류,불교,공원묘지,봉안당,정보없음,,정보없음,정보없음,자동 추출 실패 (푸터 텍스트),
1056,안정사 납골당,1056,미분류,불교,봉안당,봉안당,정보없음,,정보없음,정보없음,자동 추출 실패 (푸터 텍스트),
1057,용봉사 납골당,1057,미분류,,봉안당,봉안당,정보없음,,정보없음,정보없음 자동 추출 실패,푸터 텍스트,
1058,용주사 봉안당,1058,사설,,봉안당,봉안당,봉안당,,,"층, 1층",300*300*300,30010000000
1058,용주사 봉안당,1058,사설,,봉안당,봉안당,봉안당,,,"층, 1층",300*300*300,30010000000
1058,용주사 봉안당,1058,사설,,봉안당,봉안당,봉안당,,,"층, 1층",300*300*300,30010000000
1058,용주사 봉안당,1058,사설,,봉안당,봉안당,봉안당,,,"층, 1층",300*300*300,30010000000
1058,용주사 봉안당,1058,사설,,봉안당,봉안당,봉안당,,,"층, 1층",300*300*300,30020000000
1058,용주사 봉안당,1058,사설,,봉안당,봉안당,봉안당,,,"층, 1층",300*300*300,30020000000
1058,용주사 봉안당,1058,사설,,봉안당,봉안당,봉안당,,,"층, 1층",300*300*300,30030000000
1058,용주사 봉안당,1058,사설,,봉안당,봉안당,봉안당,,,"층, 1층",300*300*300,30030000000
1059,천주교회 구로3동 성당 봉안당,1059,미분류,천주교,봉안당,봉안당,정보없음,,정보없음,정보없음 자동 추출 실패,푸터 텍스트,
1060,우도면 공설봉안묘,1060,미분류,,봉안당,봉안당,정보없음,,정보없음,정보없음,자동 추출 실패 (푸터 텍스트),
1061,한경면 공설봉안묘(만장),1061,미분류,,봉안당,공원묘지,정보없음,,정보없음,정보없음 자동 추출 실패,푸터 텍스트,
1062,학천사 봉안당,1062,미분류,,봉안당,봉안당,정보없음,,정보없음,정보없음,자동 추출 실패 (푸터 텍스트),
1063,현대공원 추모의집,1063,미분류,,봉안당,봉안당,정보없음,,정보없음,정보없음,자동 추출 실패 (푸터 텍스트),
1064,대한불교덕성종 성보사 봉안당,1064,미분류,불교,봉안당,봉안당,정보없음,,정보없음,정보없음,자동 추출 실패 (푸터 텍스트),
1065,보국사 봉안당,1065,미분류,,봉안당,봉안당,정보없음,,정보없음,정보없음,자동 추출 실패 (푸터 텍스트),
1066,대한불교조계종 육지장사,1066,미분류,불교,공원묘지,공원묘지,정보없음,,정보없음,정보없음,자동 추출 실패 (푸터 텍스트),
1067,소원사,1067,미분류,,공원묘지,봉안당,정보없음,,정보없음,정보없음,자동 추출 실패 (푸터 텍스트),
1068,대한불교조계종 천탑사(봉안당),1068,미분류,불교,봉안당,봉안당,정보없음,,정보없음,정보없음 자동 추출 실패,푸터 텍스트,
1069,한국불교태고종 백련사봉안당,1069,미분류,불교,봉안당,"봉안당, 공원묘지",정보없음,,정보없음,정보없음,자동 추출 실패 (푸터 텍스트),
1070,이진암 안양원,1070,미분류,불교,공원묘지,공원묘지,정보없음,,정보없음,정보없음,자동 추출 실패 (푸터 텍스트),
1071,보석교회 헤븐스,1071,미분류,기독교,공원묘지,봉안당,정보없음,,정보없음,정보없음,자동 추출 실패 (푸터 텍스트),
1072,충북불교문화회관 봉안당,1072,미분류,불교,봉안당,봉안당,정보없음,,정보없음,정보없음,자동 추출 실패 (푸터 텍스트),
1073,화광사 봉안당,1073,미분류,,봉안당,봉안당,정보없음,,정보없음,정보없음,자동 추출 실패 (푸터 텍스트),
1074,하동영신원,1074,미분류,,공원묘지,공원묘지,정보없음,,정보없음,정보없음,자동 추출 실패 (푸터 텍스트),
1075,천주교 춘천교구 부활성당 추모관,1075,미분류,천주교,봉안당,봉안당,정보없음,,정보없음,정보없음,자동 추출 실패 (푸터 텍스트),
1076,불조사 휴안추모관,1076,미분류,,봉안당,공원묘지,정보없음,,정보없음,정보없음,자동 추출 실패 (푸터 텍스트),
1077,유토피아추모공원(헤리티지별관),1077,미분류,,봉안당,"봉안당, 수목장",정보없음,,정보없음,정보없음,자동 추출 실패 (푸터 텍스트),
1078,한결재단법인 하늘정원,1078,미분류,,공원묘지,공원묘지,정보없음,,정보없음,정보없음,자동 추출 실패 (푸터 텍스트),
1079,정통불교조계종 총본산 세원사,1079,미분류,불교,공원묘지,봉안당,정보없음,,정보없음,정보없음,자동 추출 실패 (푸터 텍스트),
1080,재단법인 아너스홈,1080,사설,,공원묘지,공원묘지,공원묘지,,,관리비(평)합장가능,평당 년,800000
1080,재단법인 아너스홈,1080,사설,,공원묘지,공원묘지,공원묘지,,,관리비(평)합장가능,평당 년,960000
1080,재단법인 아너스홈,1080,사설,,공원묘지,공원묘지,공원묘지,,,사용료합장가능,"5평, 평",24500000
1080,재단법인 아너스홈,1080,사설,,공원묘지,공원묘지,공원묘지,,,사용료(평)합장가능,평당 49만원 사용료(6평)합장가능 평당 49만원,29400000
1081,김천시립추모공원(봉안당),1081,미분류,,봉안당,봉안당,정보없음,,정보없음,정보없음,자동 추출 실패 (푸터 텍스트),
1082,사랑의동산,1082,미분류,기독교,공원묘지,봉안당,정보없음,,정보없음,정보없음,자동 추출 실패 (푸터 텍스트),
1083,약수사 봉안당,1083,미분류,,봉안당,봉안당,정보없음,,정보없음,정보없음,자동 추출 실패 (푸터 텍스트),
1084,동화추모공원,1084,사설,무관,봉안당,봉안당,정보없음,,정보없음,정보없음,자동 추출 실패 (푸터 텍스트),
1085,보명사 봉안탑,1085,미분류,불교,봉안당,봉안당,정보없음,,정보없음,정보없음,자동 추출 실패 (푸터 텍스트),
1086,대한예수교장로회 노량진교회,1086,미분류,기독교,공원묘지,봉안당,정보없음,,정보없음,정보없음,자동 추출 실패 (푸터 텍스트),
1087,무량사추모관,1087,미분류,,봉안당,봉안당,정보없음,,정보없음,정보없음,자동 추출 실패 (푸터 텍스트),
1088,능인불교선양원봉안당,1088,미분류,불교,봉안당,봉안당,정보없음,,정보없음,정보없음 자동 추출 실패,푸터 텍스트,
1089,남도광역추모공원(봉안당),1089,공설,무관,봉안당,"봉안당, 공원묘지, 수목장",정보없음,,정보없음,정보없음,자동 추출 실패 (푸터 텍스트),
1090,봉갑사 납골묘,1090,미분류,,봉안당,봉안당,정보없음,,정보없음,정보없음 자동 추출 실패,푸터 텍스트,
1091,불광사 지장전,1091,미분류,불교,공원묘지,봉안당,정보없음,,정보없음,정보없음,자동 추출 실패 (푸터 텍스트),
1092,대원정사 봉안당,1092,미분류,불교,봉안당,봉안당,정보없음,,정보없음,정보없음,자동 추출 실패 (푸터 텍스트),
1093,진목정성지 하늘원,1093,미분류,,공원묘지,봉안당,정보없음,,정보없음,정보없음,자동 추출 실패 (푸터 텍스트),
1094,양평군공설봉안시설,1094,미분류,,봉안당,공원묘지,정보없음,,정보없음,정보없음,자동 추출 실패 (푸터 텍스트),
1095,묘통사 납골공원,1095,미분류,,봉안당,공원묘지,정보없음,,정보없음,정보없음,자동 추출 실패 (푸터 텍스트),
1096,(재)풍산공원묘원 봉안묘,1096,미분류,,봉안당,공원묘지,정보없음,,정보없음,정보없음,자동 추출 실패 (푸터 텍스트),
1097,꽃동네 봉안묘(봉안담),1097,미분류,,봉안당,봉안당,정보없음,,정보없음,정보없음,자동 추출 실패 (푸터 텍스트),
1098,성불사 자인당,1098,미분류,불교,공원묘지,"```json
{
  ""type"": """",
  ""reason"": ""이미지에는 매장/장례 시설의 특징(묘지, 봉안당, 수목장 등)이 보이지 않고, 사찰 입구로 보이는 건축물과 표지석만 있습니다. 따라서 주어진 카테고리 중 해당하는 시설 유형을 식별할 수 없습니다.""
}
```",정보없음,,정보없음,정보없음,자동 추출 실패 (푸터 텍스트),
1099,백련사 봉안탑,1099,미분류,불교,봉안당,"봉안당, 공원묘지",정보없음,,정보없음,정보없음,자동 추출 실패 (푸터 텍스트),
1100,청량교회 청량동산,1100,미분류,기독교,공원묘지,"```json
{
  ""type"": """",
  ""reason"": ""제공된 이미지에는 장례/묘지 시설의 유형을 식별할 수 있는 시각적 특징이 없습니다. 입구와 건물 일부만 보이며, 묘지, 봉안당, 또는 수목장의 형태를 확인할 수 있는 구체적인 요소가 보이지 않습니다.""
}
```",정보없음,,정보없음,정보없음,자동 추출 실패 (푸터 텍스트),
1101,대한불교조계종 무일선원,1101,미분류,불교,공원묘지,봉안당,정보없음,,정보없음,정보없음,자동 추출 실패 (푸터 텍스트),
1102,설악그리쉼추모관,1102,미분류,,봉안당,봉안당,정보없음,,정보없음,정보없음,자동 추출 실패 (푸터 텍스트),
1103,밀알교회 CATACOMB,1103,미분류,기독교,공원묘지,N/A,정보없음,,정보없음,정보없음,자동 추출 실패 (푸터 텍스트),
1104,(재)선산납골당,1104,미분류,,봉안당,"봉안당, 공원묘지",정보없음,,정보없음,정보없음,자동 추출 실패 (푸터 텍스트),
1105,(재)안양공원묘원,1105,사설,무관,공원묘지,공원묘지,공원묘지,,,년간평당,,110000
1105,(재)안양공원묘원,1105,사설,무관,공원묘지,공원묘지,공원묘지,,,평당평,평당1평,7987000
1106,금강사추모관,1106,미분류,,봉안당,봉안당,정보없음,,정보없음,정보없음,자동 추출 실패 (푸터 텍스트),
1107,구룡사추모공원,1107,미분류,,봉안당,봉안당,정보없음,,정보없음,정보없음,자동 추출 실패 (푸터 텍스트),
1108,정선하늘터,1108,미분류,,봉안당,봉안당,정보없음,,정보없음,정보없음,자동 추출 실패 (푸터 텍스트),
1109,정광사 연화추모관,1109,미분류,불교,봉안당,봉안당,정보없음,,정보없음,정보없음,자동 추출 실패 (푸터 텍스트),
1110,백양사 영각당,1110,미분류,,공원묘지,봉안당,정보없음,,정보없음,정보없음 자동 추출 실패,푸터 텍스트,
1111,국립소록도병원 만령당,1111,미분류,,공원묘지,봉안당,정보없음,,정보없음,,,
1112,지장대사 극락전봉안당,1112,미분류,불교,봉안당,공원묘지,정보없음,,정보없음,정보없음,자동 추출 실패 (푸터 텍스트),
1113,관음사 추모관,1113,미분류,불교,봉안당,봉안당,정보없음,,정보없음,,,
1114,정심사 봉안당,1114,미분류,,봉안당,봉안당,정보없음,,정보없음,정보없음,자동 추출 실패 (푸터 텍스트),
1115,홍성군공원묘지 가족봉안묘,1115,미분류,,봉안당,공원묘지,정보없음,,정보없음,정보없음,자동 추출 실패 (푸터 텍스트),
1116,광양시립영세공원 봉안담,1116,미분류,,봉안당,"봉안당, 공원묘지",정보없음,,정보없음,정보없음,자동 추출 실패 (푸터 텍스트),
1117,(재)효원가족공원 봉안탑,1117,미분류,불교,봉안당,봉안당,정보없음,,정보없음,정보없음,자동 추출 실패 (푸터 텍스트),
1118,광릉 더 크레스트 봉안당,1118,미분류,,봉안당,공원묘지,정보없음,,정보없음,,,
1119,(재)경춘공원묘원 봉안묘,1119,미분류,,봉안당,공원묘지,정보없음,,정보없음,정보없음,자동 추출 실패 (푸터 텍스트),
1120,법왕청추모관,1120,미분류,,봉안당,봉안당,정보없음,,정보없음,정보없음,자동 추출 실패 (푸터 텍스트),
1121,(재)대지공원묘원 봉안묘,1121,미분류,,봉안당,공원묘지,정보없음,,정보없음,정보없음,자동 추출 실패 (푸터 텍스트),
1122,성공사 봉안당,1122,미분류,,봉안당,공원묘지,정보없음,,정보없음,,,
1123,(재)대전교구천주교회 성환공원묘원 봉안묘,1123,미분류,천주교,봉안당,공원묘지,정보없음,,정보없음,정보없음,자동 추출 실패 (푸터 텍스트),
1124,대한불교관음회조계종 백천사 봉안탑,1124,미분류,불교,봉안당,봉안당,정보없음,,정보없음,,,
1125,익산시 추모의집 제3관,1125,미분류,,봉안당,봉안당,정보없음,,정보없음,정보없음,자동 추출 실패 (푸터 텍스트),
1126,우도면 봉안당,1126,미분류,,봉안당,봉안당,정보없음,,정보없음,정보없음,자동 추출 실패 (푸터 텍스트),
1127,결초보은 추모공원,1127,미분류,,봉안당,봉안당,정보없음,,정보없음,정보없음,자동 추출 실패 (푸터 텍스트),
1128,영동군 공설봉안묘,1128,미분류,,봉안당,공원묘지,정보없음,,정보없음,,,
1129,보배숲추모공원 봉안담,1129,미분류,,봉안당,공원묘지,정보없음,,정보없음,정보없음,자동 추출 실패 (푸터 텍스트),
1130,고제공설공원묘지 봉안당,1130,미분류,,봉안당,공원묘지,정보없음,,정보없음,정보없음,자동 추출 실패 (푸터 텍스트),
1131,남상공설공원묘지 봉안당,1131,미분류,,봉안당,공원묘지,정보없음,,정보없음,정보없음,자동 추출 실패 (푸터 텍스트),
1132,월평공설공원묘지 봉안당,1132,미분류,,봉안당,공원묘지,정보없음,,정보없음,정보없음 자동 추출 실패,푸터 텍스트,
1133,가북공설공원묘지 봉안당,1133,미분류,,봉안당,봉안당,정보없음,,정보없음,정보없음,자동 추출 실패 (푸터 텍스트),
1134,충혼각,1134,미분류,,공원묘지,봉안당,정보없음,,정보없음,정보없음 자동 추출 실패,푸터 텍스트,
1135,한림읍 공설봉안묘(만장),1135,미분류,,수목장,공원묘지,정보없음,,정보없음,정보없음,자동 추출 실패 (푸터 텍스트),
1136,애월읍 공설봉안묘(만장),1136,미분류,,봉안당,"수목장, 공원묘지",정보없음,,정보없음,정보없음,자동 추출 실패 (푸터 텍스트),
1137,구좌읍 공설봉안묘(만장),1137,미분류,,봉안당,공원묘지,정보없음,,정보없음,정보없음 자동 추출 실패,푸터 텍스트,
1138,조천읍 공설봉안묘(만장),1138,미분류,,봉안당,공원묘지,정보없음,,정보없음,정보없음,자동 추출 실패 (푸터 텍스트),
1139,보령시마을단위공원묘지 봉안묘,1139,미분류,,봉안당,공원묘지,정보없음,,정보없음,정보없음,자동 추출 실패 (푸터 텍스트),
1140,평창군 공설봉안담,1140,미분류,,봉안당,봉안당,정보없음,,정보없음,정보없음 자동 추출 실패,푸터 텍스트,
1141,양구봉안공원 봉안담,1141,미분류,,봉안당,"공원묘지, 봉안당",정보없음,,정보없음,정보없음,자동 추출 실패 (푸터 텍스트),
1142,(재)성산공원 봉안묘,1142,미분류,,봉안당,공원묘지,정보없음,,정보없음,,,
1143,천주교하늘공원 봉안묘·담,1143,미분류,천주교,봉안당,공원묘지,정보없음,,정보없음,정보없음,자동 추출 실패 (푸터 텍스트),
1144,천자봉공원묘원 봉안묘,1144,미분류,,봉안당,공원묘지,정보없음,,정보없음,정보없음,자동 추출 실패 (푸터 텍스트),
1145,내광사 봉안당,1145,미분류,,봉안당,"봉안당, 공원묘지",정보없음,,정보없음,정보없음,자동 추출 실패 (푸터 텍스트),
1146,대순진리회목포방면유지재단 봉안당,1146,미분류,,봉안당,봉안당,정보없음,,정보없음,정보없음,자동 추출 실패 (푸터 텍스트),
1147,대한성공회유지재단 봉안시설,1147,미분류,,봉안당,봉안당,정보없음,,정보없음,정보없음,자동 추출 실패 (푸터 텍스트),
1148,성공사 지장전,1148,미분류,불교,공원묘지,공원묘지,정보없음,,정보없음,정보없음,자동 추출 실패 (푸터 텍스트),
1149,서대산추모공원 봉안탑,1149,미분류,불교,봉안당,공원묘지,정보없음,,정보없음,정보없음,자동 추출 실패 (푸터 텍스트),
1150,대한불교운문종 봉안탑,1150,미분류,불교,봉안당,공원묘지,정보없음,,정보없음,정보없음,자동 추출 실패 (푸터 텍스트),
1151,(재)봉황공원묘지 봉안묘,1151,미분류,,봉안당,공원묘지,정보없음,,정보없음,정보없음,자동 추출 실패 (푸터 텍스트),
1152,천주교 청계묘원 봉안당,1152,미분류,천주교,봉안당,봉안당,정보없음,,정보없음,정보없음,자동 추출 실패 (푸터 텍스트),
1153,천생산 대원사 봉안당,1153,미분류,,봉안당,봉안당,정보없음,,정보없음,정보없음,자동 추출 실패 (푸터 텍스트),
1154,은진사 봉안당,1154,미분류,,봉안당,공원묘지,정보없음,,정보없음,정보없음,자동 추출 실패 (푸터 텍스트),
1155,화성시추모공원 봉안묘,1155,미분류,,봉안당,공원묘지,정보없음,,정보없음,정보없음,자동 추출 실패 (푸터 텍스트),
1156,자일동공설묘지 무연고 봉안당,1156,미분류,,봉안당,공원묘지,정보없음,,정보없음,정보없음,자동 추출 실패 (푸터 텍스트),
1157,구리시공설묘지 무연고 봉안당,1157,미분류,,봉안당,공원묘지,정보없음,,정보없음,정보없음,자동 추출 실패 (푸터 텍스트),
1158,구리시공설묘지 봉안묘,1158,미분류,,봉안당,공원묘지,정보없음,,정보없음,정보없음,자동 추출 실패 (푸터 텍스트),
1159,광주영락공원 봉안담,1159,미분류,기독교,봉안당,봉안당,정보없음,,정보없음,정보없음,자동 추출 실패 (푸터 텍스트),
1160,광주영락공원 봉안묘,1160,미분류,기독교,봉안당,공원묘지,정보없음,,정보없음,정보없음 자동 추출 실패,푸터 텍스트,
1161,인천가족공원 승화원 부속 봉안당,1161,미분류,,봉안당,봉안당,정보없음,,정보없음,정보없음,자동 추출 실패 (푸터 텍스트),
1162,인천가족공원 가족봉안묘,1162,미분류,,봉안당,공원묘지,정보없음,,정보없음,정보없음,자동 추출 실패 (푸터 텍스트),
1163,영월군 봉안당,1163,미분류,,봉안당,봉안당,정보없음,,정보없음,정보없음 자동 추출 실패,푸터 텍스트,
1164,용월사사찰회 봉안당,1164,미분류,불교,봉안당,봉안당,정보없음,,정보없음,정보없음 자동 추출 실패,푸터 텍스트,
1165,천주교 인천교구 하늘의문(봉안당),1165,미분류,천주교,봉안당,공원묘지,정보없음,,정보없음,정보없음,자동 추출 실패 (푸터 텍스트),
1166,익산추모관,1166,사설,,봉안당,"봉안당, 수목장, 공원묘지",정보없음,,정보없음,정보없음,자동 추출 실패 (푸터 텍스트),
1166,익산추모관,1166,사설,,봉안당,"봉안당, 수목장, 공원묘지",봉안당,,재추출(병합),보건복지부,"[30113] 세종특별자치시 도움4로 13, 10동 (어진동, 정부세종청사)",30113
1168,혜운사 봉안탑,1168,미분류,불교,봉안당,"봉안당, 수목장, 공원묘지",정보없음,,정보없음,정보없음,자동 추출 실패 (푸터 텍스트),
1169,천불사 봉안탑,1169,미분류,불교,봉안당,"봉안당, 공원묘지",정보없음,,정보없음,정보없음,자동 추출 실패 (푸터 텍스트),
1170,일승종개원사 봉안당,1170,미분류,,봉안당,봉안당,정보없음,,정보없음,정보없음,자동 추출 실패 (푸터 텍스트),
1171,(재)원주공원묘원 봉안당,1171,미분류,,봉안당,"봉안당, 공원묘지, 수목장",정보없음,,정보없음,정보없음,자동 추출 실패 (푸터 텍스트),
1172,정안사 봉안탑,1172,미분류,불교,봉안당,"봉안당, 공원묘지, 수목장",정보없음,,정보없음,정보없음,자동 추출 실패 (푸터 텍스트),
1173,사단법인 한국불교태고종금강사,1173,미분류,불교,공원묘지,"봉안당, 공원묘지, 수목장",정보없음,,정보없음,정보없음,자동 추출 실패 (푸터 텍스트),
1174,칠량자연공원봉안시설,1174,미분류,,봉안당,봉안당,정보없음,,정보없음,정보없음,자동 추출 실패 (푸터 텍스트),
1175,유토피아추모공원(자연장지),1175,공설,,수목장,"봉안당, 수목장",수목장,,,예식실 대여료,회사용(30분)1 회사용(30분)1,300000
1175,유토피아추모공원(자연장지),1175,공설,,수목장,"봉안당, 수목장",수목장,,,안치작업비,"안치 및 이전,반환작업시",4000000
1175,유토피아추모공원(자연장지),1175,공설,,수목장,"봉안당, 수목장",수목장,,,명패,년 시한제 부착10년 시한제 부착,5000000
1175,유토피아추모공원(자연장지),1175,공설,기독교,수목장,"봉안당, 수목장",수목장,,,사용료유택동산,위치A 사용료유택동산(위치A),15000000
1175,유토피아추모공원(자연장지),1175,공설,,수목장,"봉안당, 수목장",수목장,,,사용료공동형(일반목),사용료공동형(일반목),20000000
1175,유토피아추모공원(자연장지),1175,공설,기독교,수목장,"봉안당, 수목장",수목장,,,사용료유택동산,위치B 사용료유택동산 위치B,20000000
1175,유토피아추모공원(자연장지),1175,공설,,수목장,"봉안당, 수목장",수목장,,,사용료공동형(소나무),사용료공동형(소나무),30000000
1175,유토피아추모공원(자연장지),1175,공설,,수목장,"봉안당, 수목장",수목장,,,사용료공동형(일반목),사용료공동형(일반목),30000000
1175,유토피아추모공원(자연장지),1175,공설,,수목장,"봉안당, 수목장",수목장,개인단,,사용료개인형,(인-일반목) 사용료개인형(1인-일반목),40000000
1175,유토피아추모공원(자연장지),1175,공설,,수목장,"봉안당, 수목장",수목장,개인단,,사용료개인형,(1인-반송),55000000
1175,유토피아추모공원(자연장지),1175,공설,,수목장,"봉안당, 수목장",수목장,개인단,,사용료개인형,인-소나무 1인-소나무,70000000
1175,유토피아추모공원(자연장지),1175,공설,,수목장,"봉안당, 수목장",수목장,부부단,,사용료부부형,(2인-일반목),70000000
1175,유토피아추모공원(자연장지),1175,공설,,수목장,"봉안당, 수목장",수목장,부부단,,사용료부부형(인-반송),2인-반송,90000000
1175,유토피아추모공원(자연장지),1175,공설,,수목장,"봉안당, 수목장",수목장,가족단,,사용료가족형,(인-일반목),100000000
1175,유토피아추모공원(자연장지),1175,공설,,수목장,"봉안당, 수목장",수목장,부부단,,사용료부부형(인-소나무),사용료부부형(2인-소나무),110000000
1175,유토피아추모공원(자연장지),1175,공설,,수목장,"봉안당, 수목장",수목장,가족단,,사용료가족형,(인-반송) (4인-반송),150000000
1175,유토피아추모공원(자연장지),1175,공설,,수목장,"봉안당, 수목장",수목장,가족단,,사용료대가족형,8인-일반목,160000000
1175,유토피아추모공원(자연장지),1175,공설,,수목장,"봉안당, 수목장",수목장,가족단,,가족형,4인-소나무,180000000
1175,유토피아추모공원(자연장지),1175,공설,,수목장,"봉안당, 수목장",수목장,가족단,,사용료대가족형,8인-반송,240000000
1175,유토피아추모공원(자연장지),1175,공설,,수목장,"봉안당, 수목장",수목장,가족단,,대가족형(인-소나무),8인-소나무,300000000
1175,유토피아추모공원(자연장지),1175,공설,,수목장,"봉안당, 수목장",수목장,가족단,,사용료가족-묘비형,사용료가족-묘비형,300000000
1175,유토피아추모공원(자연장지),1175,공설,,수목장,"봉안당, 수목장",수목장,가족단,,명품가족형,"(6인-육송,위치A)",360000000
1175,유토피아추모공원(자연장지),1175,공설,,수목장,"봉안당, 수목장",수목장,가족단,,사용료명품가족형,"(인-육송,위치B)",420000000
1175,유토피아추모공원(자연장지),1175,공설,,수목장,"봉안당, 수목장",기타(관리비),,,관리비공동형,년선납 관리비공동형/5년선납,300000
1175,유토피아추모공원(자연장지),1175,공설,,수목장,"봉안당, 수목장",기타(관리비),,,관리비공동형(일반목),년선납/5년선납,400000
1175,유토피아추모공원(자연장지),1175,공설,,수목장,"봉안당, 수목장",기타(관리비),,,관리비공동형(소나무),"년선납, 5년선납",500000
1175,유토피아추모공원(자연장지),1175,공설,,수목장,"봉안당, 수목장",기타(관리비),개인단,,관리비개인형,"(인-일반목)/5년선납, 관리비개인형(1인-일반목)/5년선납",600000
1175,유토피아추모공원(자연장지),1175,공설,,수목장,"봉안당, 수목장",기타(관리비),개인단,,관리비개인형,"(인-반송)/5년선납, (1인-반송)/5년선납",700000
1175,유토피아추모공원(자연장지),1175,공설,,수목장,"봉안당, 수목장",기타(관리비),개인단,,관리비개인형(인-소나무),5년선납,800000
1175,유토피아추모공원(자연장지),1175,공설,,수목장,"봉안당, 수목장",기타(관리비),부부단,,관리비부부형,(인-일반목)/5년선납 관리비부부형(2인-일반목)/5년선납,900000
1175,유토피아추모공원(자연장지),1175,공설,,수목장,"봉안당, 수목장",기타(관리비),부부단,,관리비부부형,(인-반송)/5년선납 관리비부부형(2인-반송)/5년선납,1000000
1175,유토피아추모공원(자연장지),1175,공설,,수목장,"봉안당, 수목장",기타(관리비),부부단,,관리비부부형(인-소나무),5년선납 관리비부부형(2인-소나무)/5년선납,1100000
1175,유토피아추모공원(자연장지),1175,공설,,수목장,"봉안당, 수목장",기타(관리비),가족단,,관리비가족형,(인-일반목)/5년선납 (4인-일반목)/5년선납,1300000
1175,유토피아추모공원(자연장지),1175,공설,,수목장,"봉안당, 수목장",기타(관리비),가족단,,관리비가족형(인-반송),5년선납,1400000
1175,유토피아추모공원(자연장지),1175,공설,,수목장,"봉안당, 수목장",기타(관리비),가족단,,관리비가족형(인-소나무),5년선납 관리비가족형(4인-소나무)/5년선납,1500000
1175,유토피아추모공원(자연장지),1175,공설,,수목장,"봉안당, 수목장",기타(관리비),가족단,,관리비대가족형,(인-일반목)/5년선납 (8인-일반목)/5년선납,1700000
1175,유토피아추모공원(자연장지),1175,공설,,수목장,"봉안당, 수목장",기타(관리비),가족단,,관리비대가족형,(인-반송)-5년선납 (8인-반송)-5년선납,1800000
1175,유토피아추모공원(자연장지),1175,공설,,수목장,"봉안당, 수목장",기타(관리비),가족단,,관리비대가족형(인-소나무),5년선납,1900000
1175,유토피아추모공원(자연장지),1175,공설,,수목장,"봉안당, 수목장",기타(관리비),가족단,,관리비가족-묘비형,년선납 관리비가족-묘비형/5년선납,2000000
1175,유토피아추모공원(자연장지),1175,공설,,수목장,"봉안당, 수목장",기타(관리비),가족단,,관리비명품가족형,(인)/5년선납 (6인)/5년선납,2800000
1176,함안하늘공원(자연장지),1176,공설,무관,수목장,"봉안당, 수목장",수목장,,관내,일반(관내)잔디형 관리비,/년(연장불가)/1기당 일반(관내)잔디형 관리비/30년(연장불가)/1기당,1000000
1176,함안하늘공원(자연장지),1176,공설,무관,수목장,"봉안당, 수목장",수목장,,관내,일반(관내)수목형 관리비,년(연장불가)/1기당 일반(관내)수목형 관리비/30년(연장불가)/1기당,1000000
1176,함안하늘공원(자연장지),1176,공설,무관,수목장,"봉안당, 수목장",수목장,,관내,국가보훈대상자(관내)잔디형 관리비,일반-국가보훈대상자(관내)잔디형 관리비/년(연장불가)/1기당 일반-국가보훈대상자(관내)잔디형 관리비/30년(연장불가)/1기당,1000000
1176,함안하늘공원(자연장지),1176,공설,무관,수목장,"봉안당, 수목장",수목장,,관내,일반-국가보훈대상자(관내)수목형 관리비,년(연장불가)/1기당 일반-국가보훈대상자(관내)수목형 관리비/30년(연장불가)/1기당,1000000
1176,함안하늘공원(자연장지),1176,공설,무관,수목장,"봉안당, 수목장",수목장,,관내,기초생활수급자(관내)잔디형,일반 관리비/년(연장불가)/1기당 일반 관리비/30년(연장불가)/1기당,1000000
1176,함안하늘공원(자연장지),1176,공설,무관,수목장,"봉안당, 수목장",수목장,,관내,기초생활수급자(관내)수목형 관리비,일반/년(연장불가)/1기당 일반/30년(연장불가)/1기당,1000000
1176,함안하늘공원(자연장지),1176,공설,무관,수목장,"봉안당, 수목장",수목장,,관내,함안군의로운군민의사상자(관내)잔디형,"관리비/년(연장불가), 관리비/30년(연장불가)",1000000
1176,함안하늘공원(자연장지),1176,공설,무관,수목장,"봉안당, 수목장",수목장,,관내,함안군의로운군민의사상자(관내)수목형 관리비,일반/년(연장불가)/1기당 일반/30년(연장불가)/1기당,1000000
1176,함안하늘공원(자연장지),1176,공설,무관,수목장,"봉안당, 수목장",수목장,,관내,일반(관내)잔디형 사용료,년(연장불가)/1기당/30년(연장불가)/1기당,3000000
1176,함안하늘공원(자연장지),1176,공설,무관,수목장,"봉안당, 수목장",수목장,,관외,일반(관외)잔디형 관리비,년(연장불가)/1기당 / 30년(연장불가)/1기당,3000000
1176,함안하늘공원(자연장지),1176,공설,무관,수목장,"봉안당, 수목장",수목장,,관외,일반(관외)수목형 관리비,년(연장불가)/1기당 일반(관외)수목형 관리비/30년(연장불가)/1기당,3000000
1176,함안하늘공원(자연장지),1176,공설,무관,수목장,"봉안당, 수목장",수목장,,관외,일반-국가보훈대상자(관외)잔디형 관리비,년(연장불가)/1기당  일반-국가보훈대상자(관외)잔디형 관리비/30년(연장불가)/1기당,3000000
1176,함안하늘공원(자연장지),1176,공설,무관,수목장,"봉안당, 수목장",수목장,,관외,일반-국가보훈대상자(관외)수목형 관리비,"년(연장불가)/1기당300,0001 일반-국가보훈대상자(관외)수목형 관리비/30년(연장불가)/1기당300,0001",3000000
1176,함안하늘공원(자연장지),1176,공설,무관,수목장,"봉안당, 수목장",수목장,,관외,기초생활수급자(관외)잔디형 관리비,"일반/년(연장불가)/1기당, 일반/30년(연장불가)/1기당",3000000
1176,함안하늘공원(자연장지),1176,공설,무관,수목장,"봉안당, 수목장",수목장,,관외,일반-기초생활수급자(관외)수목형 관리비,년(연장불가)/1기당 일반-기초생활수급자(관외)수목형 관리비/30년(연장불가)/1기당,3000000
1176,함안하늘공원(자연장지),1176,공설,무관,수목장,"봉안당, 수목장",수목장,,관내,일반(관내)수목형 사용료,년(연장불가)/1기당 / 30년(연장불가)/1기당,3500000
1176,함안하늘공원(자연장지),1176,공설,무관,수목장,"봉안당, 수목장",수목장,,관외,잔디형 사용료,"일반(관외)/년(연장불가)/1기당, 30년(연장불가)/1기당",6000000
1176,함안하늘공원(자연장지),1176,공설,무관,수목장,"봉안당, 수목장",수목장,,관외,수목형 사용료,일반(관외)/년(연장불가)/1기당 /30년(연장불가)/1기당,9000000
1177,은하수공원 자연장지,1177,공설,무관,수목장,"공원묘지, 수목장",수목장,,관내,잔디,합장료관내 잔디/합장료관내,2600000
1177,은하수공원 자연장지,1177,공설,무관,수목장,"공원묘지, 수목장",수목장,,관내,잔디,행복개장관내 잔디/행복개장관내,5000000
1177,은하수공원 자연장지,1177,공설,무관,수목장,"공원묘지, 수목장",수목장,,관내,잔디/종중장관내,잔디/종중장관내,5000000
1177,은하수공원 자연장지,1177,공설,무관,수목장,"공원묘지, 수목장",수목장,,관외,잔디,합장료관외 잔디/합장료관외,5200000
1177,은하수공원 자연장지,1177,공설,무관,수목장,"공원묘지, 수목장",수목장,개인단,관내,잔디,개인장관내 잔디/개인장관내,6500000
1177,은하수공원 자연장지,1177,공설,무관,수목장,"공원묘지, 수목장",수목장,부부단,관내,잔디/종중장 부부합장,(관내에 한함) (관내에 한함),6800000
1177,은하수공원 자연장지,1177,공설,무관,수목장,"공원묘지, 수목장",수목장,,관내,도시형수목/공동목관내,도시형수목/공동목관내,9300000
1177,은하수공원 자연장지,1177,공설,무관,수목장,"공원묘지, 수목장",수목장,개인단,관외,잔디/개인장관외,잔디/개인장관외,13000000
1177,은하수공원 자연장지,1177,공설,무관,수목장,"공원묘지, 수목장",수목장,,관내,산림형수목/공동목관내,산림형수목/공동목관내,17000000
1177,은하수공원 자연장지,1177,공설,무관,수목장,"공원묘지, 수목장",수목장,,관외,도시형수목/공동목관외,도시형수목/공동목관외,18600000
1177,은하수공원 자연장지,1177,공설,무관,수목장,"공원묘지, 수목장",수목장,가족단,관내,잔디,가족기관내 잔디/가족4기관내,26000000
1177,은하수공원 자연장지,1177,공설,무관,수목장,"공원묘지, 수목장",수목장,,관외,산림형수목/공동목관외,산림형수목/공동목관외,34000000
1177,은하수공원 자연장지,1177,공설,무관,수목장,"공원묘지, 수목장",수목장,가족단,관내,"도시형수목/가족위관내3,720,0001 도시형수목/가족4위관내3,720,0001",,37200000
1177,은하수공원 자연장지,1177,공설,무관,수목장,"공원묘지, 수목장",수목장,가족단,관내,잔디,가족기관내 잔디/가족6기관내,39000000
1177,은하수공원 자연장지,1177,공설,무관,수목장,"공원묘지, 수목장",수목장,가족단,관내,잔디,가족기관내 잔디/가족8기관내,52000000
1177,은하수공원 자연장지,1177,공설,무관,수목장,"공원묘지, 수목장",수목장,가족단,관외,잔디,가족기관외 잔디/가족4기관외,52000000
1177,은하수공원 자연장지,1177,공설,무관,수목장,"공원묘지, 수목장",수목장,가족단,관내,산림형수목,가족위관내 산림형수목/가족4위관내,68000000
1177,은하수공원 자연장지,1177,공설,무관,수목장,"공원묘지, 수목장",수목장,가족단,관내,도시형수목/가족위관내,도시형수목/가족8위관내,74400000
1177,은하수공원 자연장지,1177,공설,무관,수목장,"공원묘지, 수목장",수목장,가족단,관외,도시형수목,가족위관외 도시형수목/가족4위관외,74400000
1177,은하수공원 자연장지,1177,공설,무관,수목장,"공원묘지, 수목장",수목장,가족단,관외,잔디,가족기관외 잔디/가족6기관외,78000000
1177,은하수공원 자연장지,1177,공설,무관,수목장,"공원묘지, 수목장",수목장,가족단,관내,산림형수목,가족위관내 산림형수목/가족6위관내,102000000
1177,은하수공원 자연장지,1177,공설,무관,수목장,"공원묘지, 수목장",수목장,가족단,관외,잔디/가족기관외,,104000000
1177,은하수공원 자연장지,1177,공설,무관,수목장,"공원묘지, 수목장",수목장,가족단,관내,산림형수목,가족위관내 산림형수목/가족8위관내,136000000
1177,은하수공원 자연장지,1177,공설,무관,수목장,"공원묘지, 수목장",수목장,가족단,관외,산림형수목,가족위관외 산림형수목/가족4위관외,136000000
1177,은하수공원 자연장지,1177,공설,무관,수목장,"공원묘지, 수목장",수목장,가족단,관외,도시형수목,가족위관외 도시형수목/가족8위관외,148800000
1177,은하수공원 자연장지,1177,공설,무관,수목장,"공원묘지, 수목장",수목장,가족단,관외,산림형수목,가족위관외 산림형수목/가족6위관외,204000000
1177,은하수공원 자연장지,1177,공설,무관,수목장,"공원묘지, 수목장",수목장,가족단,관외,산림형수목,가족위관외 산림형수목/가족8위관외,272000000
1178,중앙추모공원,1178,사설,무관,"봉안당, 수목장",봉안당,봉안당,,,봉안당 장식,,10000
1178,중앙추모공원,1178,사설,무관,"봉안당, 수목장",봉안당,봉안당,,,사진 액자,,10000
1178,중앙추모공원,1178,사설,무관,"봉안당, 수목장",봉안당,봉안당,,,제례용 포,제례용 포,10000
1178,중앙추모공원,1178,사설,무관,"봉안당, 수목장",봉안당,봉안당,,,돗자리,돗자리,10000
1178,중앙추모공원,1178,사설,무관,"봉안당, 수목장",봉안당,봉안당,,,제례용 정종,제례용 정종,15000
1178,중앙추모공원,1178,사설,무관,"봉안당, 수목장",봉안당,봉안당,,,표지석 장식,,20000
1178,중앙추모공원,1178,사설,무관,"봉안당, 수목장",봉안당,봉안당,,,제사상 미니어처,,20000
1178,중앙추모공원,1178,사설,무관,"봉안당, 수목장",봉안당,봉안당,,,돌화병,,50000
1178,중앙추모공원,1178,사설,무관,"봉안당, 수목장",봉안당,봉안당,,,제사상,,150000
1178,중앙추모공원,1178,사설,무관,"봉안당, 수목장",봉안당,봉안당,,,표지석,,200000
1178,중앙추모공원,1178,사설,무관,"봉안당, 수목장",봉안당,봉안당,개인단,,일반실 단 개인단사용료,5년 관리비 30만원 일반실 1단 개인단사용료 5년 관리비 30만원,25000000
1178,중앙추모공원,1178,사설,무관,"봉안당, 수목장",봉안당,봉안당,개인단,,일반실 개인단,개인단 사용료 / 5년 관리비,25000000
1178,중앙추모공원,1178,사설,무관,"봉안당, 수목장",봉안당,봉안당,개인단,,일반실 단 개인단사용료,/ 5년 관리비 30만원 일반실 8단 개인단사용료 / 5년 관리비 30만원,30000000
1178,중앙추모공원,1178,사설,무관,"봉안당, 수목장",봉안당,봉안당,개인단,,고급실 1단 개인단사용료,5년 관리비 30만원 고급실 1단 개인단사용료 5년 관리비 30만원,35000000
1178,중앙추모공원,1178,사설,무관,"봉안당, 수목장",봉안당,봉안당,개인단,,일반실 단,개인단사용료 / 5년 관리비 1,35000000
1178,중앙추모공원,1178,사설,무관,"봉안당, 수목장",봉안당,봉안당,개인단,,일반실 개인단,개인단사용료 5년 관리비 일반실 7단 개인단사용료 5년 관리비,35000000
1178,중앙추모공원,1178,사설,무관,"봉안당, 수목장",봉안당,봉안당,개인단,,일반실 단 개인단사용료,/ 5년 관리비 1,40000000
1178,중앙추모공원,1178,사설,무관,"봉안당, 수목장",봉안당,봉안당,개인단,,,,45000000
1178,중앙추모공원,1178,사설,무관,"봉안당, 수목장",봉안당,봉안당,개인단,,일반실 단 개인단사용료,5년 관리비 30만원 일반실 6단 개인단사용료 5년 관리비 30만원,45000000
1178,중앙추모공원,1178,사설,무관,"봉안당, 수목장",봉안당,봉안당,개인단,,VIP실 단 개인단사용료,5년 관리비,50000000
1178,중앙추모공원,1178,사설,무관,"봉안당, 수목장",봉안당,봉안당,개인단,,일반실 단 개인단사용료,5년 관리비 30만원 일반실 4단 개인단사용료 5년 관리비 30만원,50000000
1178,중앙추모공원,1178,사설,무관,"봉안당, 수목장",봉안당,봉안당,개인단,,일반실 단 개인단사용료,5년 관리비 30만원 일반실 4단 개인단사용료 5년 관리비 30만원,50000000
1178,중앙추모공원,1178,사설,무관,"봉안당, 수목장",봉안당,봉안당,부부단,,일반실 단 부부단사용료,5년 관리비 30만원 일반실 1단 부부단사용료 5년 관리비 30만원,50000000
1178,중앙추모공원,1178,사설,무관,"봉안당, 수목장",봉안당,봉안당,부부단,,일반실 단 부부단사용료,5년 관리비 30만원 일반실 1단 부부단사용료 5년 관리비 30만원,50000000
1178,중앙추모공원,1178,사설,무관,"봉안당, 수목장",봉안당,봉안당,개인단,,VIP실 단 개인단사용료,5년 관리비 30만원 VIP실 2단 개인단사용료 5년 관리비 30만원,60000000
1178,중앙추모공원,1178,사설,무관,"봉안당, 수목장",봉안당,봉안당,개인단,,고급실 단 개인단사용료,5년 관리비,60000000
1178,중앙추모공원,1178,사설,무관,"봉안당, 수목장",봉안당,봉안당,부부단,,일반실 8단,"부부단사용료, 5년 관리비",60000000
1178,중앙추모공원,1178,사설,무관,"봉안당, 수목장",봉안당,봉안당,부부단,,고급실 단 부부단사용료,5년 관리비 30만원,70000000
1178,중앙추모공원,1178,사설,무관,"봉안당, 수목장",봉안당,봉안당,부부단,,일반실 단 부부단,사용료 / 5년 관리비,70000000
1178,중앙추모공원,1178,사설,무관,"봉안당, 수목장",봉안당,봉안당,부부단,,일반실 단 부부단사용료,5년 관리비,70000000
1178,중앙추모공원,1178,사설,무관,"봉안당, 수목장",봉안당,봉안당,개인단,,VIP실 개인단사용료,"단, 3단, 5년 관리비",75000000
1178,중앙추모공원,1178,사설,무관,"봉안당, 수목장",봉안당,봉안당,개인단,,고급실 단 개인단사용료,5년 관리비 30만원 고급실 4단 개인단사용료 5년 관리비 30만원,75000000
1178,중앙추모공원,1178,사설,무관,"봉안당, 수목장",봉안당,봉안당,부부단,,일반실 단 부부단사용료,5년 관리비,80000000
1178,중앙추모공원,1178,사설,무관,"봉안당, 수목장",봉안당,봉안당,개인단,,고급실 개인단사용료,"단, 6단 / 5년 관리비",85000000
1178,중앙추모공원,1178,사설,무관,"봉안당, 수목장",봉안당,봉안당,개인단,,VIP실 단 개인단사용료,5년 관리비,90000000
1178,중앙추모공원,1178,사설,무관,"봉안당, 수목장",봉안당,봉안당,개인단,,고급실 단 개인단사용료,5년 관리비 30만원 고급실 5단 개인단사용료 5년 관리비 30만원,90000000
1178,중앙추모공원,1178,사설,무관,"봉안당, 수목장",봉안당,봉안당,부부단,,고급실 부부단사용료,"단, 2단, 5년 관리비",90000000
1178,중앙추모공원,1178,사설,무관,"봉안당, 수목장",봉안당,봉안당,부부단,,일반실 6단 부부단사용료,5년 관리비,90000000
1178,중앙추모공원,1178,사설,무관,"봉안당, 수목장",봉안당,봉안당,개인단,,VIP실 5단 개인단사용료,5년 관리비 1,100000000
1178,중앙추모공원,1178,사설,무관,"봉안당, 수목장",봉안당,봉안당,부부단,,VIP실 단 부부단사용료,/ 5년 관리비 30만원 VIP실 1단 부부단사용료 / 5년 관리비 30만원,100000000
1178,중앙추모공원,1178,사설,무관,"봉안당, 수목장",봉안당,봉안당,부부단,,일반실 단 부부단사용료,5년 관리비 30만원 일반실 4단 부부단사용료 5년 관리비 30만원,100000000
1178,중앙추모공원,1178,사설,무관,"봉안당, 수목장",봉안당,봉안당,부부단,,일반실 단 부부단사용료,5년 관리비 30만원 일반실 4단 부부단사용료 5년 관리비 30만원,100000000
1178,중앙추모공원,1178,사설,무관,"봉안당, 수목장",봉안당,봉안당,부부단,,,,120000000
1178,중앙추모공원,1178,사설,무관,"봉안당, 수목장",봉안당,봉안당,부부단,,고급실 단 부부단사용료,/ 5년 관리비 30만원 고급실 3단 부부단사용료 / 5년 관리비 30만원,120000000
1178,중앙추모공원,1178,사설,무관,"봉안당, 수목장",봉안당,봉안당,부부단,,VIP실 단 부부단사용료,5년 관리비 30만원 VIP실 3단 부부단사용료 5년 관리비 30만원,150000000
1178,중앙추모공원,1178,사설,무관,"봉안당, 수목장",봉안당,봉안당,부부단,,고급실 부부단,"4단, 5년, 단",150000000
1178,중앙추모공원,1178,사설,무관,"봉안당, 수목장",봉안당,봉안당,부부단,,고급실 단 부부단사용료,/ 5년 관리비 30만원 고급실 6단 부부단사용료 / 5년 관리비 30만원,170000000
1178,중앙추모공원,1178,사설,무관,"봉안당, 수목장",봉안당,봉안당,부부단,,VIP실 단 부부단사용료,5년 관리비 30만원 VIP실 4단 부부단사용료 5년 관리비 30만원,180000000
1178,중앙추모공원,1178,사설,무관,"봉안당, 수목장",봉안당,봉안당,부부단,,고급실 단 부부단사용료,5년 관리비,180000000
1178,중앙추모공원,1178,사설,무관,"봉안당, 수목장",봉안당,봉안당,부부단,,VIP실 단 부부단사용료,5년 관리비 30만원,200000000
1178,중앙추모공원,1178,사설,무관,"봉안당, 수목장",봉안당,수목장,,,자연장 조명 등,자연장 조명 등,10000
1178,중앙추모공원,1178,사설,무관,"봉안당, 수목장",봉안당,수목장,,,봉안(자연)함,,150000
1179,에버그린수목장,1179,사설,무관,수목장,수목장,수목장,,,꽃다발 화분 등,,20000
1179,에버그린수목장,1179,사설,무관,수목장,수목장,수목장,개인단,,잔디A,"위1, 위1",15000000
1179,에버그린수목장,1179,사설,무관,수목장,수목장,수목장,개인단,,잔디B,"위2,000,0001 잔디B1위2,000,0001",20000000
1179,에버그린수목장,1179,사설,무관,수목장,수목장,수목장,개인단,,수목형잔디장,수목형잔디장1위,30000000
1179,에버그린수목장,1179,사설,무관,수목장,수목장,수목장,,,측백,"위, 측백2위",50000000
1179,에버그린수목장,1179,사설,무관,수목장,수목장,수목장,,,에메랄드그린,에메랄드그린2위,50000000
1179,에버그린수목장,1179,사설,무관,수목장,수목장,수목장,,,에메랄드골드,2위,60000000
1179,에버그린수목장,1179,사설,무관,수목장,수목장,수목장,,,주목,위~4위,70000000
1179,에버그린수목장,1179,사설,무관,수목장,수목장,수목장,,,황금측백,"위~4위8,000,0001 황금측백12위~4위8,000,0001",80000000
1179,에버그린수목장,1179,사설,무관,수목장,수목장,수목장,,,황금측백위,황금측백22위,100000000
1179,에버그린수목장,1179,사설,무관,수목장,수목장,수목장,가족단,,가족잔디장,"위10,000,0001 가족잔디장4위10,000,0001",100000000
1179,에버그린수목장,1179,사설,무관,수목장,수목장,수목장,,,문그로우,2위~4위,100000000
1179,에버그린수목장,1179,사설,무관,수목장,수목장,수목장,,,히버니카,위~4위 히버니카 위~4위,100000000
1179,에버그린수목장,1179,사설,무관,수목장,수목장,수목장,,,블루엔젤,위~4위 블루엔젤 2위~4위,100000000
1179,에버그린수목장,1179,사설,무관,수목장,수목장,수목장,,,소나무위,8위1 소나무14위-8위1,170000000
1179,에버그린수목장,1179,사설,무관,수목장,수목장,수목장,,,반송위-8위,반송14위-8위,170000000
1179,에버그린수목장,1179,사설,무관,수목장,수목장,수목장,,,소나무위,8위 소나무14위-8위,200000000
1179,에버그린수목장,1179,사설,무관,수목장,수목장,수목장,,,반송위-8위,반송14위-8위,200000000
1179,에버그린수목장,1179,사설,무관,수목장,수목장,수목장,,,반송위-12위,반송38위-12위,300000000
1179,에버그린수목장,1179,사설,무관,수목장,수목장,수목장,,,백송위-12위,백송18위-12위,300000000
1179,에버그린수목장,1179,사설,무관,수목장,수목장,수목장,,,소나무,위-12위 38위-12위,300000000
1179,에버그린수목장,1179,사설,무관,수목장,수목장,수목장,,,반송위-12위,반송38위-12위,350000000
1179,에버그린수목장,1179,사설,무관,수목장,수목장,수목장,,,소나무위,12위 소나무38위-12위,350000000
1179,에버그린수목장,1179,사설,무관,수목장,수목장,수목장,,,백송위,-12위 백송18위-12위,350000000
1180,대한예수교장로회 효자수목원,1180,사설,기독교,수목장,공원묘지,기타,,,박석,박석,50000
1180,대한예수교장로회 효자수목원,1180,사설,기독교,수목장,공원묘지,기타,,,한지유골함,한지유골함,60000
1180,대한예수교장로회 효자수목원,1180,사설,기독교,수목장,공원묘지,기타,,,매장작업비(기)기본작업비,"(인건비,봉분설치 외), 작업난이도(일수)에 따라 추가징수",120000
1180,대한예수교장로회 효자수목원,1180,사설,기독교,수목장,공원묘지,기타,,,수목장 개인묘* 표지석,"사용료, 2년관리비가 포함된 금액입니다.",150000
1180,대한예수교장로회 효자수목원,1180,사설,기독교,수목장,공원묘지,기타(관리비),개인단,,관리비,"위당 1년 , 1위당 1년",500000
1180,대한예수교장로회 효자수목원,1180,사설,기독교,수목장,공원묘지,기타,개인단,,공동묘위,공동묘위,15000000
1180,대한예수교장로회 효자수목원,1180,사설,기독교,수목장,공원묘지,기타,개인단,,공동묘위1,공동묘1위,20000000
1180,대한예수교장로회 효자수목원,1180,사설,기독교,수목장,공원묘지,기타,개인단,,공동묘위,공동묘위,25000000
1180,대한예수교장로회 효자수목원,1180,사설,기독교,수목장,공원묘지,기타,개인단,,공동묘위,공동묘위,28000000
1180,대한예수교장로회 효자수목원,1180,사설,기독교,수목장,공원묘지,기타,개인단,,공동묘위,공동묘위,33000000
1180,대한예수교장로회 효자수목원,1180,사설,기독교,수목장,공원묘지,기타,개인단,,공동묘위,공동묘위,38000000
1180,대한예수교장로회 효자수목원,1180,사설,기독교,수목장,공원묘지,기타,개인단,,공동묘위,공동묘위,43000000
1180,대한예수교장로회 효자수목원,1180,사설,기독교,수목장,공원묘지,기타,부부단,,부부묘위,만장 부부묘2위(만장),50000000
1180,대한예수교장로회 효자수목원,1180,사설,기독교,수목장,공원묘지,기타,부부단,,부부묘위,만장 부부묘2위 만장,60000000
1180,대한예수교장로회 효자수목원,1180,사설,기독교,수목장,공원묘지,기타,부부단,,부부묘위,만장 부부묘2위 만장,70000000
1180,대한예수교장로회 효자수목원,1180,사설,기독교,수목장,공원묘지,기타,부부단,,부부묘위,부부묘2위(만장),80000000
1180,대한예수교장로회 효자수목원,1180,사설,기독교,수목장,공원묘지,기타,부부단,,부부묘위,만장 부부묘2위 만장,90000000
1180,대한예수교장로회 효자수목원,1180,사설,기독교,수목장,공원묘지,기타,부부단,,부부묘,부부묘2위,100000000
1180,대한예수교장로회 효자수목원,1180,사설,기독교,수목장,공원묘지,기타,가족단,,가족묘,가족묘 위 가족묘 4위,110000000
1180,대한예수교장로회 효자수목원,1180,사설,기독교,수목장,공원묘지,기타,가족단,,가족묘,가족묘위(만장) 가족묘4위(만장),120000000
1180,대한예수교장로회 효자수목원,1180,사설,기독교,수목장,공원묘지,기타,가족단,,가족묘,"가족묘 위, 가족묘 4위",130000000
1180,대한예수교장로회 효자수목원,1180,사설,기독교,수목장,공원묘지,기타,가족단,,가족묘,"가족묘 위, 가족묘 4위",140000000
1180,대한예수교장로회 효자수목원,1180,사설,기독교,수목장,공원묘지,기타,가족단,,가족묘,위1 가족묘4위,150000000
1180,대한예수교장로회 효자수목원,1180,사설,기독교,수목장,공원묘지,기타,가족단,,가족묘,위1 가족묘4위1,170000000
1181,정안수목장,1181,사설,무관,수목장,공원묘지,정보없음,,정보없음,정보없음 자동 추출 실패,푸터 텍스트,
1182,에덴의정원 수목장,1182,사설,무관,수목장,"수목장, 공원묘지",수목장,,,토기유골함 / 한지유골함,cm X 20cm(직경X높이) 토기유골함 / 한지유골함18cm X 20cm(직경X높이),100000
1182,에덴의정원 수목장,1182,사설,무관,수목장,"수목장, 공원묘지",수목장,,,표지석(오석),cm X 18cm X 11cm(두께X가로X세로) 표지석(오석)10cm X 18cm X 11cm(두께X가로X세로),200000
1182,에덴의정원 수목장,1182,사설,무관,수목장,"수목장, 공원묘지",수목장,,,안장 진행 비용,안장 준비 및 진행 일체,300000
1182,에덴의정원 수목장,1182,사설,무관,수목장,"수목장, 공원묘지",수목장,,,자연장(공동장) 관리비1년,"최소 5년 단위 선납 자연장1(공동장) 관리비1년, 최소 5년 단위 선납",400000
1182,에덴의정원 수목장,1182,사설,무관,수목장,"수목장, 공원묘지",수목장,,,자연장(공동장),"관리비1년, 최소 5년 단위 선납 자연장1(공동장) 관리비1년, 최소 5년 단위 선납",400000
1182,에덴의정원 수목장,1182,사설,무관,수목장,"수목장, 공원묘지",수목장,,,자연장,공동장 1기 자연장1 공동장 1기,20000000
1182,에덴의정원 수목장,1182,사설,무관,수목장,"수목장, 공원묘지",수목장,,,자연장(공동장),"1, 1기",30000000
1182,에덴의정원 수목장,1182,사설,무관,수목장,"수목장, 공원묘지",수목장,개인단,,개인목기,개인목1기,50000000
1182,에덴의정원 수목장,1182,사설,무관,수목장,"수목장, 공원묘지",수목장,부부단,,부부목기,부부목2기,80000000
1182,에덴의정원 수목장,1182,사설,무관,수목장,"수목장, 공원묘지",수목장,가족단,,소가족목기,소가족목4기,100000000
1182,에덴의정원 수목장,1182,사설,무관,수목장,"수목장, 공원묘지",수목장,가족단,,소가족목기,소가족목4기,180000000
1182,에덴의정원 수목장,1182,사설,무관,수목장,"수목장, 공원묘지",수목장,가족단,,소가족목기,소가족목4기,230000000
1182,에덴의정원 수목장,1182,사설,무관,수목장,"수목장, 공원묘지",수목장,가족단,,소가족목기,소가족목4기,290000000
1182,에덴의정원 수목장,1182,사설,무관,수목장,"수목장, 공원묘지",수목장,가족단,,대가족목기,대가족목14기,390000000
1182,에덴의정원 수목장,1182,사설,무관,수목장,"수목장, 공원묘지",기타(관리비),개인단,,개인목 관리비,"년, 최소 5년 단위 선납",500000
1182,에덴의정원 수목장,1182,사설,무관,수목장,"수목장, 공원묘지",기타(관리비),부부단,,부부목 관리비,"년, 최소 5년 단위 선납",700000
1182,에덴의정원 수목장,1182,사설,무관,수목장,"수목장, 공원묘지",기타(관리비),가족단,,소가족목 관리비,"1년, 최소 5년 단위 선납",1000000
1182,에덴의정원 수목장,1182,사설,무관,수목장,"수목장, 공원묘지",기타(관리비),가족단,,가족목 관리비1년,최소 5년 단위 선납,1500000
1182,에덴의정원 수목장,1182,사설,무관,수목장,"수목장, 공원묘지",기타(관리비),가족단,,가족목 관리비1년,최소 5년 단위 선납,2000000
1182,에덴의정원 수목장,1182,사설,무관,수목장,"수목장, 공원묘지",기타(관리비),가족단,,가족목 관리비,"1년, 최소 5년 단위 선납 가족목 관리비 1년, 최소 5년 단위 선납",2500000
1182,에덴의정원 수목장,1182,사설,무관,수목장,"수목장, 공원묘지",기타(관리비),가족단,,대가족목 관리비,"1년, 최소 5년 단위 선납",3000000
1183,대한불교조계종 용천사,1183,사설,불교,공원묘지,"봉안당, 수목장",정보없음,,정보없음,정보없음,자동 추출 실패 (푸터 텍스트),
1183,대한불교조계종 용천사,1183,사설,불교,공원묘지,"봉안당, 수목장",기타,,재추출(병합),보건복지부,"[30113] 세종특별자치시 도움4로 13, 10동 (어진동, 정부세종청사)",30113
1183,대한불교조계종 용천사,1183,사설,불교,공원묘지,"봉안당, 수목장",기타,,재추출(병합),,,110000000
1184,남해추모누리공원 자연장지,1184,공설,무관,수목장,공원묘지,수목장,,관내,자연장지문중종중,(48기이하)관내,150000
1184,남해추모누리공원 자연장지,1184,공설,무관,수목장,공원묘지,수목장,,관외,자연장지,"문중종중(48기이하)관외, 관리",450000
1184,남해추모누리공원 자연장지,1184,공설,무관,수목장,공원묘지,수목장,,관내,자연장지(구)관내,"30년 관리, 자연장지(1구)관내, 30년 관리",600000
1184,남해추모누리공원 자연장지,1184,공설,무관,수목장,공원묘지,수목장,,관내,자연장지(구)관내,30년 관리,900000
1184,남해추모누리공원 자연장지,1184,공설,무관,수목장,공원묘지,수목장,,관내,자연장지(구)관내,"30년 관리 자연장지(1구)관내, 30년 관리",1500000
1184,남해추모누리공원 자연장지,1184,공설,무관,수목장,공원묘지,수목장,,관외,자연장지(구),"관외,30년 관리",1800000
1184,남해추모누리공원 자연장지,1184,공설,무관,수목장,공원묘지,수목장,,관내,자연장지,"(구)관내,30년 관리 (1구)관내,30년 관리",2100000
1184,남해추모누리공원 자연장지,1184,공설,무관,수목장,공원묘지,수목장,,관외,,,2700000
1184,남해추모누리공원 자연장지,1184,공설,무관,수목장,공원묘지,수목장,,관내,자연장지 문중종중 (48기 이하) 관내,"기당, 사용",2750000
1184,남해추모누리공원 자연장지,1184,공설,무관,수목장,공원묘지,수목장,,관내,,,3000000
1184,남해추모누리공원 자연장지,1184,공설,무관,수목장,공원묘지,수목장,,관외,자연장지(구)관외,30년 관리1,4500000
1184,남해추모누리공원 자연장지,1184,공설,무관,수목장,공원묘지,수목장,,관내,,,5500000
1184,남해추모누리공원 자연장지,1184,공설,무관,수목장,공원묘지,수목장,,관외,자연장지(구)관외,30년 관리,6300000
1184,남해추모누리공원 자연장지,1184,공설,무관,수목장,공원묘지,수목장,,관외,자연장지문중종중,"(48기이하)관외, 기당, 사용",8250000
1184,남해추모누리공원 자연장지,1184,공설,무관,수목장,공원묘지,수목장,,관외,,,9000000
1184,남해추모누리공원 자연장지,1184,공설,무관,수목장,공원묘지,수목장,,관내,자연장지,"(구)관내, 30년 사용, (4구)관내, 30년 사용",11000000
1184,남해추모누리공원 자연장지,1184,공설,무관,수목장,공원묘지,수목장,,관외,자연장지,"(구)관외,30년 사용 (1구)관외,30년 사용",16500000
1184,남해추모누리공원 자연장지,1184,공설,무관,수목장,공원묘지,수목장,,관내,자연장지,"구 관내, 30년 사용 자연장지(6구) 관내, 30년 사용",16500000
1184,남해추모누리공원 자연장지,1184,공설,무관,수목장,공원묘지,수목장,,관외,자연장지,"구)관외, 30년 사용, (4구)관외, 30년 사용",33000000
1184,남해추모누리공원 자연장지,1184,공설,무관,수목장,공원묘지,수목장,,관외,,,49500000
1185,불광사 양지수목장,1185,사설,불교,수목장,"봉안당, 공원묘지",수목장,,,조화,조화만,10000
1185,불광사 양지수목장,1185,사설,불교,수목장,"봉안당, 공원묘지",수목장,,,비석추가각인,기존비석 공란에 추가고인각인 비석추가각인기존비석 공란에 추가고인각인,150000
1185,불광사 양지수목장,1185,사설,불교,수목장,"봉안당, 공원묘지",수목장,,,수목장상차림,"과일,포,술,약과 등",200000
1185,불광사 양지수목장,1185,사설,불교,수목장,"봉안당, 공원묘지",수목장,,,비석소,비석소,250000
1185,불광사 양지수목장,1185,사설,불교,수목장,"봉안당, 공원묘지",수목장,,,비석대와비,비석대와비1,500000
1185,불광사 양지수목장,1185,사설,불교,수목장,"봉안당, 공원묘지",수목장,개인단,,관리비 잔디장,"(년선납), (3년선납), (1위)",500000
1185,불광사 양지수목장,1185,사설,불교,수목장,"봉안당, 공원묘지",수목장,,,재(막재),49재(막재),3000000
1185,불광사 양지수목장,1185,사설,불교,수목장,"봉안당, 공원묘지",수목장,개인단,,공동장지위,공동장지1위,15000000
1185,불광사 양지수목장,1185,사설,불교,수목장,"봉안당, 공원묘지",수목장,개인단,,개인목위,개인목,30000000
1185,불광사 양지수목장,1185,사설,불교,수목장,"봉안당, 공원묘지",수목장,부부단,,부부목,부부목2위,60000000
1185,불광사 양지수목장,1185,사설,불교,수목장,"봉안당, 공원묘지",수목장,가족단,,소가족형,소가족형4위,90000000
1185,불광사 양지수목장,1185,사설,불교,수목장,"봉안당, 공원묘지",수목장,가족단,,중가족형,6위,160000000
1185,불광사 양지수목장,1185,사설,불교,수목장,"봉안당, 공원묘지",수목장,가족단,,대가족형,대가족형10위,200000000
1185,불광사 양지수목장,1185,사설,불교,수목장,"봉안당, 공원묘지",기타(관리비),개인단,,관리비 개인목,"년선납, 1위, 3년선납",700000
1185,불광사 양지수목장,1185,사설,불교,수목장,"봉안당, 공원묘지",기타(관리비),부부단,,부부목,"관리비 (년선납)(2위), 관리비 (3년선납)(2위)",1000000
1185,불광사 양지수목장,1185,사설,불교,수목장,"봉안당, 공원묘지",기타(관리비),가족단,,가족목(4위~6위),"관리비 (년선납), 관리비 (3년선납)",1500000
1185,불광사 양지수목장,1185,사설,불교,수목장,"봉안당, 공원묘지",기타(관리비),가족단,,관리비 가족목,"년선납(8위~10위), 3년선납(8위~10위)",2000000
1186,유토피아수목장,1186,사설,무관,수목장,"공원묘지, 수목장, 봉안당",수목장,,,일반수목/공동형(기),관리비2만원(1년)/5년선납,15000000
1186,유토피아수목장,1186,사설,무관,수목장,"공원묘지, 수목장, 봉안당",수목장,개인단,,일반수목/개인형(기)관리비,5만원(1년)/5년선납 일반수목/개인형(1기)관리비 5만원(1년)/5년선납,35000000
1186,유토피아수목장,1186,사설,무관,수목장,"공원묘지, 수목장, 봉안당",수목장,부부단,,,,50000000
1186,유토피아수목장,1186,사설,무관,수목장,"공원묘지, 수목장, 봉안당",수목장,가족단,,,,70000000
1186,유토피아수목장,1186,사설,무관,수목장,"공원묘지, 수목장, 봉안당",수목장,가족단,,,,100000000
1186,유토피아수목장,1186,사설,무관,수목장,"공원묘지, 수목장, 봉안당",수목장,가족단,,일반수목/대가족형,관리비(1년)/5년선납,110000000
1186,유토피아수목장,1186,사설,무관,수목장,"공원묘지, 수목장, 봉안당",기타(관리비),개인단,,해송 소나무,개인형(기)관리비7만원(1년)/5년선납 개인형(1기)관리비7만원(1년)/5년선납,50000000
1186,유토피아수목장,1186,사설,무관,수목장,"공원묘지, 수목장, 봉안당",기타(관리비),부부단,,,,65000000
1186,유토피아수목장,1186,사설,무관,수목장,"공원묘지, 수목장, 봉안당",기타(관리비),개인단,,해송 소나무,개인형(기) 관리비7만원(1년) / 5년선납 개인형(1기) 관리비7만원(1년) / 5년선납,65000000
1186,유토피아수목장,1186,사설,무관,수목장,"공원묘지, 수목장, 봉안당",기타(관리비),가족단,,,,85000000
1186,유토피아수목장,1186,사설,무관,수목장,"공원묘지, 수목장, 봉안당",기타(관리비),부부단,,,,85000000
1186,유토피아수목장,1186,사설,무관,수목장,"공원묘지, 수목장, 봉안당",기타(관리비),부부단,,반송/부부형(기),관리비7만원(1년)/5년선납,100000000
1186,유토피아수목장,1186,사설,무관,수목장,"공원묘지, 수목장, 봉안당",기타(관리비),가족단,,,,120000000
1186,유토피아수목장,1186,사설,무관,수목장,"공원묘지, 수목장, 봉안당",기타(관리비),가족단,,,,140000000
1186,유토피아수목장,1186,사설,무관,수목장,"공원묘지, 수목장, 봉안당",기타(관리비),가족단,,반송/가족형(기),관리비(1년)/5년선납,150000000
1186,유토피아수목장,1186,사설,무관,수목장,"공원묘지, 수목장, 봉안당",기타(관리비),가족단,,해송 소나무,대가족형(기) 관리비14만원(1년)/5년선납 대가족형(8기) 관리비14만원(1년)/5년선납,190000000
1186,유토피아수목장,1186,사설,무관,수목장,"공원묘지, 수목장, 봉안당",기타(관리비),가족단,,반송/가족형(기),관리비(1년)/5년선납 반송/가족형(8기)관리비(1년)/5년선납,200000000
1186,유토피아수목장,1186,사설,무관,수목장,"공원묘지, 수목장, 봉안당",기타(관리비),가족단,,,,400000000
1187,신불산추모공원 수목장지,1187,공설,,수목장,"공원묘지, 수목장",수목장,개인단,,수목장지,위 1위,20000000
1187,신불산추모공원 수목장지,1187,공설,,수목장,"공원묘지, 수목장",수목장,부부단,관내,개인부부형양산시민 기초생활수급자,(10%할인),27000000
1187,신불산추모공원 수목장지,1187,공설,,수목장,"공원묘지, 수목장",수목장,부부단,,개인부부형양산시민,기초생활수급자(10%할인),30000000
1187,신불산추모공원 수목장지,1187,공설,,수목장,"공원묘지, 수목장",수목장,가족단,,수목 잔디 가족장지,수목 잔디 가족장지,40000000
1187,신불산추모공원 수목장지,1187,공설,,수목장,"공원묘지, 수목장",수목장,가족단,,수목 가족장지,수목 가족장지,50000000
1187,신불산추모공원 수목장지,1187,공설,,수목장,"공원묘지, 수목장",수목장,가족단,,가족단가족형,가족단가족형,50000000
1187,신불산추모공원 수목장지,1187,공설,,수목장,"공원묘지, 수목장",수목장,가족단,,수목 가족장지,수목 가족장지,90000000
1187,신불산추모공원 수목장지,1187,공설,,수목장,"공원묘지, 수목장",수목장,가족단,,가족단가족형,"가족단가족형33,200,0001",150000000
1187,신불산추모공원 수목장지,1187,공설,,수목장,"공원묘지, 수목장",수목장,가족단,,대가족형,대가족형,240000000
1187,신불산추모공원 수목장지,1187,공설,,수목장,"공원묘지, 수목장",기타(관리비),,,연관리비,연관리비,214000
1187,신불산추모공원 수목장지,1187,공설,,수목장,"공원묘지, 수목장",기타(관리비),,,연관리비,연관리비,426000
1187,신불산추모공원 수목장지,1187,공설,,수목장,"공원묘지, 수목장",기타(관리비),,,연관리비,연관리비,640000
1187,신불산추모공원 수목장지,1187,공설,,수목장,"공원묘지, 수목장",기타(관리비),,,연관리비,연관리비,854000
1187,신불산추모공원 수목장지,1187,공설,,수목장,"공원묘지, 수목장",기타(관리비),,,연관리비,연관리비,1068000
1187,신불산추모공원 수목장지,1187,공설,,수목장,"공원묘지, 수목장",기타(관리비),,,연관리비,연관리비,2134000
1187,신불산추모공원 수목장지,1187,공설,,수목장,"공원묘지, 수목장",기타(관리비),,,연관리비,연관리비,3000000
1188,자연숲추모공원 수목장림,1188,공설,무관,수목장,"봉안당, 수목장, 공원묘지",수목장,개인단,,잔디장/인(개인),기간:30년(1인기준) / 사용료 30만원 + 관리비60만원 잔디장/1인(개인)기간:30년(1인기준) / 사용료 30만원 + 관리비60만원,9000000
1188,자연숲추모공원 수목장림,1188,공설,무관,수목장,"봉안당, 수목장, 공원묘지",수목장,부부단,,잔디장/인(부부),기간:30년(2인기준) / 사용료 + 관리비,15000000
1188,자연숲추모공원 수목장림,1188,공설,무관,수목장,"봉안당, 수목장, 공원묘지",수목장,가족단,,가족목/자연목/취약계층기간,년(3인기준) / 사용료 가족목/자연목/취약계층기간:15년(3인기준) / 사용료,23250000
1188,자연숲추모공원 수목장림,1188,공설,무관,수목장,"봉안당, 수목장, 공원묘지",수목장,가족단,,가족목/자연목(C등급),기간:년(4인기준) / 사용료 200만원 + 관리비265만원,46500000
1188,자연숲추모공원 수목장림,1188,공설,무관,수목장,"봉안당, 수목장, 공원묘지",수목장,가족단,,가족목/자연목(B등급),기간:년(4인기준) / 사용료 260만원 + 관리비360만원 가족목/자연목(B등급)기간:30년(4인기준) / 사용료 260만원 + 관리비360만원,62000000
1188,자연숲추모공원 수목장림,1188,공설,무관,수목장,"봉안당, 수목장, 공원묘지",수목장,가족단,,가족목/자연목(A등급),기간:년(4인기준) / 사용료  + 관리비 가족목/자연목(A등급)기간:30년(4인기준) / 사용료  + 관리비,66000000
1188,자연숲추모공원 수목장림,1188,공설,무관,수목장,"봉안당, 수목장, 공원묘지",기타(관리비),개인단,,공동목(B등급),기간:년(1인기준) / 사용료  + 관리비  공동목(B등급)기간:30년(1인기준) / 사용료  + 관리비,9000000
1188,자연숲추모공원 수목장림,1188,공설,무관,수목장,"봉안당, 수목장, 공원묘지",기타(관리비),개인단,,공동목(A등급),"기간:년(1인기준) / 사용료 87만원 + 관리비60만원, 공동목(A등급)기간:30년(1인기준) / 사용료 87만원 + 관리비60만원",14700000
1188,자연숲추모공원 수목장림,1188,공설,무관,수목장,"봉안당, 수목장, 공원묘지",기타(관리비),개인단,,공동목/취약계층기간,"년(1인기준) / 사용료 87만원 + 관리비60만원, 공동목/취약계층기간:30년(1인기준) / 사용료 87만원 + 관리비60만원",14700000
1188,자연숲추모공원 수목장림,1188,공설,무관,수목장,"봉안당, 수목장, 공원묘지",기타(관리비),부부단,,부부목/조림목,기간:년(2인기준) / 사용료  + 관리비 부부목/조림목기간:30년(2인기준) / 사용료  + 관리비,45000000
1188,자연숲추모공원 수목장림,1188,공설,무관,수목장,"봉안당, 수목장, 공원묘지",기타(관리비),부부단,,부부목/조형목,기간:년(2인기준) / 사용료  + 관리비  부부목/조형목기간:30년(2인기준) / 사용료  + 관리비,55000000
1188,자연숲추모공원 수목장림,1188,공설,무관,수목장,"봉안당, 수목장, 공원묘지",기타(관리비),가족단,,가족목/조림목(B등급),기간:년(4인기준) / 사용료 + 관리비,72000000
1188,자연숲추모공원 수목장림,1188,공설,무관,수목장,"봉안당, 수목장, 공원묘지",기타(관리비),가족단,,가족목/조림목(A등급),기간:년(4인기준) / 사용료 400만원 + 관리비360만원 가족목/조림목(A등급)기간:30년(4인기준) / 사용료 400만원 + 관리비360만원,76000000
1188,자연숲추모공원 수목장림,1188,공설,무관,수목장,"봉안당, 수목장, 공원묘지",기타(관리비),가족단,,가족목/조형목(B등급),기간:년(4인기준) / 사용료  + 관리비 가족목/조형목(B등급)기간:30년(4인기준) / 사용료  + 관리비,90000000
1188,자연숲추모공원 수목장림,1188,공설,무관,수목장,"봉안당, 수목장, 공원묘지",기타(관리비),가족단,,가족목/조형목(A등급),기간:년(4인기준) / 사용료 500만원 + 관리비450만원,95000000
1189,용인로뎀파크,1189,사설,무관,수목장,봉안당,수목장,,,분재 수목형 관리비,년 1년,1000000
1189,용인로뎀파크,1189,사설,무관,수목장,봉안당,수목장,가족단,,소가족 수목형 관리비,년 1 소가족 수목형 관리비 1년 1,1200000
1189,용인로뎀파크,1189,사설,무관,수목장,봉안당,수목장,가족단,,대가족 수목형 관리비,년 1 대가족 수목형 관리비 1년,1500000
1189,용인로뎀파크,1189,사설,무관,수목장,봉안당,수목장,,,분재 수목형,분재 수목형80,10070000000
1189,용인로뎀파크,1189,사설,무관,수목장,봉안당,수목장,가족단,,소가족 수목형,"*15010,000,0001 소가족 수목형110*15010,000,0001",150100000000
1189,용인로뎀파크,1189,사설,무관,수목장,봉안당,수목장,가족단,,대가족 수목형,*1601 대가족 수목형110*1601,160150000000
1189,용인로뎀파크,1189,사설,무관,수목장,봉안당,기타(관리비),개인단,,개인형 관리비,"년, 1년",400000
1189,용인로뎀파크,1189,사설,무관,수목장,봉안당,기타(관리비),부부단,,부부형 관리비,"년, (1년)",500000
1189,용인로뎀파크,1189,사설,무관,수목장,봉안당,기타(관리비),부부단,,부부형(특) 관리비,부부형(특) 관리비(1년),600000
1189,용인로뎀파크,1189,사설,무관,수목장,봉안당,기타(관리비),가족단,,소가족형 관리비,년(1년),800000
1189,용인로뎀파크,1189,사설,무관,수목장,봉안당,기타,개인단,,개인형,개인형30,4020000000
1189,용인로뎀파크,1189,사설,무관,수목장,봉안당,기타,부부단,,부부형,부부형65,6533000000
1189,용인로뎀파크,1189,사설,무관,수목장,봉안당,기타,부부단,,부부형(특),부부형(특)70,7050000000
1189,용인로뎀파크,1189,사설,무관,수목장,봉안당,기타,가족단,,소가족형,소가족형70,9050000000
1190,화성하늘공원 수목장림,1190,사설,무관,수목장,수목장,기타(관리비),개인단,,황금측백/개인형(기),관리비5만원(1년)/3년선납,30000000
1190,화성하늘공원 수목장림,1190,사설,무관,수목장,수목장,기타(관리비),부부단,,,,50000000
1190,화성하늘공원 수목장림,1190,사설,무관,수목장,수목장,기타(관리비),가족단,,반송/가족형(기),관리비8만원(1년)/3년선납,70000000
1190,화성하늘공원 수목장림,1190,사설,무관,수목장,수목장,기타(관리비),가족단,,반송/가족형(기),관리비8만원(1년)/3년선납,80000000
1190,화성하늘공원 수목장림,1190,사설,무관,수목장,수목장,기타(관리비),가족단,,반송/가족형(기),관리비8만원(1년)/3년선납,90000000
1190,화성하늘공원 수목장림,1190,사설,무관,수목장,수목장,기타(관리비),가족단,,반송/가족형(기),관리비10만원(1년)/3년선납,90000000
1190,화성하늘공원 수목장림,1190,사설,무관,수목장,수목장,기타(관리비),가족단,,반송/가족형(기),관리비8만원(1년)/3년선납,110000000
1190,화성하늘공원 수목장림,1190,사설,무관,수목장,수목장,기타(관리비),가족단,,,,110000000
1190,화성하늘공원 수목장림,1190,사설,무관,수목장,수목장,기타(관리비),가족단,,반송/가족형(기),관리비(1년)/3년선납,130000000
1190,화성하늘공원 수목장림,1190,사설,무관,수목장,수목장,기타(관리비),가족단,,주목/가족형,(기)관리비15만원(1년)/3년선납 주목/가족형(16기)관리비15만원(1년)/3년선납,130000000
1190,화성하늘공원 수목장림,1190,사설,무관,수목장,수목장,기타(관리비),가족단,,주목/가족형,관리비10만원(1년)/3년선납,150000000
1190,화성하늘공원 수목장림,1190,사설,무관,수목장,수목장,기타(관리비),가족단,,,,200000000
1190,화성하늘공원 수목장림,1190,사설,무관,수목장,수목장,기타(관리비),가족단,,,,300000000
1191,우성공원묘원(자연장지),1191,사설,무관,"수목장, 공원묘지",공원묘지,공원묘지,,,,,110000000
1191,우성공원묘원(자연장지),1191,사설,무관,"수목장, 공원묘지",공원묘지,공원묘지,,,,,140000000
1191,우성공원묘원(자연장지),1191,사설,무관,"수목장, 공원묘지",공원묘지,공원묘지,,,평장묘,"본체, 비석, 상석, 화병, 설치비 평장묘4위",160000000
1191,우성공원묘원(자연장지),1191,사설,무관,"수목장, 공원묘지",공원묘지,공원묘지,,,,,190000000
1191,우성공원묘원(자연장지),1191,사설,무관,"수목장, 공원묘지",공원묘지,공원묘지,,,평장묘,"본체, 비석, 상석, 화병, 설치비",250000000
1191,우성공원묘원(자연장지),1191,사설,무관,"수목장, 공원묘지",공원묘지,공원묘지,,,평장묘,"평장묘 본체, 비석, 상석, 화병, 설치비 평장묘 본체, 비석, 상석, 화병, 설치비",300000000
1191,우성공원묘원(자연장지),1191,사설,무관,"수목장, 공원묘지",공원묘지,공원묘지,,,평장묘,"평장묘 본체, 비석, 상석, 화병, 설치비 평장묘 본체, 비석, 상석, 화병, 설치비",350000000
1191,우성공원묘원(자연장지),1191,사설,무관,"수목장, 공원묘지",공원묘지,공원묘지,,,평장묘,"본체, 비석, 상석, 화병, 설치비 평장묘 본체, 비석, 상석, 화병, 설치비",450000000
1191,우성공원묘원(자연장지),1191,사설,무관,"수목장, 공원묘지",공원묘지,수목장,,,각자비(중)비석글씨 중자/자당,각자비(중)비석글씨 중자/자당,20000
1191,우성공원묘원(자연장지),1191,사설,무관,"수목장, 공원묘지",공원묘지,수목장,,,각자비(대)비석글씨 대자,/자당,25000
1191,우성공원묘원(자연장지),1191,사설,무관,"수목장, 공원묘지",공원묘지,수목장,,,안치비화장유골 안치비,안치비화장유골 안치비,300000
1192,천봉사 자연장지,1192,사설,불교,수목장,봉안당,수목장,가족단,,가족목조경송,가족목조경송1,12000
1192,천봉사 자연장지,1192,사설,불교,수목장,봉안당,수목장,가족단,,대가족목반송,대가족목반송,30000
1192,천봉사 자연장지,1192,사설,불교,수목장,봉안당,수목장,가족단,,대가족목반송,"대가족목반송3,0001",39000
1192,천봉사 자연장지,1192,사설,불교,수목장,봉안당,수목장,가족단,,대가족목반송,"대가족목반송3,0001",43000
1193,(재)용인추모원 자연장지,1193,사설,무관,수목장,"봉안당, 수목장",수목장,,,표지석화강석,표지석화강석,250000
1193,(재)용인추모원 자연장지,1193,사설,무관,수목장,"봉안당, 수목장",수목장,개인단,,표지석오석,개인 표지석오석 / 개인,330000
1193,(재)용인추모원 자연장지,1193,사설,무관,수목장,"봉안당, 수목장",수목장,부부단,,표지석오석,부부 표지석오석 / 부부,470000
1193,(재)용인추모원 자연장지,1193,사설,무관,수목장,"봉안당, 수목장",수목장,개인단,,공동목 / 개인,공동목 / 개인24위,20000000
1193,(재)용인추모원 자연장지,1193,사설,무관,수목장,"봉안당, 수목장",수목장,개인단,,공동목 / 개인,"위2,000,0001 공동목 / 개인24위2,000,0001",35000000
1193,(재)용인추모원 자연장지,1193,사설,무관,수목장,"봉안당, 수목장",수목장,개인단,,공동목 / 개인,공동목 / 개인12위,35000000
1193,(재)용인추모원 자연장지,1193,사설,무관,수목장,"봉안당, 수목장",수목장,부부단,,공동목 / 부부,공동목 / 부부24위,40000000
1193,(재)용인추모원 자연장지,1193,사설,무관,수목장,"봉안당, 수목장",수목장,가족단,,가족목위,가족목2위,50000000
1193,(재)용인추모원 자연장지,1193,사설,무관,수목장,"봉안당, 수목장",수목장,가족단,,가족목,가족목4위,200000000
1193,(재)용인추모원 자연장지,1193,사설,무관,수목장,"봉안당, 수목장",수목장,가족단,,가족목위,가족목위,300000000
1193,(재)용인추모원 자연장지,1193,사설,무관,수목장,"봉안당, 수목장",기타(관리비),개인단,,년 관리비1위,5년 관리비1위,2000000
1194,경각산 수목장,1194,사설,,수목장,수목장,수목장,개인단,,잔디장(인),0.6*1.5(1m2),20000000
1194,경각산 수목장,1194,사설,,수목장,수목장,수목장,,,,,25000000
1194,경각산 수목장,1194,사설,,수목장,수목장,수목장,,,잔디장,(인)(1*1.5(1.5m2) 잔디장(2인)(1*1.5(1.5m2),35000000
1194,경각산 수목장,1194,사설,,수목장,수목장,수목장,개인단,,황금측백(인),0.6*1.8(1.1m2) 황금측백(1인) 0.6*1.8(1.1m2),50000000
1194,경각산 수목장,1194,사설,,수목장,수목장,수목장,,,,,80000000
1194,경각산 수목장,1194,사설,,수목장,수목장,수목장,,,외줄반송,(인)1.4*2.6(3.64m2) (4인)1.4*2.6(3.64m2),100000000
1194,경각산 수목장,1194,사설,,수목장,수목장,수목장,,,외줄반송,(인)1.4*2.6(3.64m2) (4인)1.4*2.6(3.64m2),120000000
1194,경각산 수목장,1194,사설,,수목장,수목장,수목장,,,에메랄드 그린,인 2*3.75  에메랄드 그린 10인 2*3.75,250000000
1195,용인평온의숲(예정원),1195,공설,무관,수목장,"봉안당, 공원묘지, 수목장",기타,개인단,관내,개인위(1구당),관내(최초 30년),5000000
1195,용인평온의숲(예정원),1195,공설,무관,수목장,"봉안당, 공원묘지, 수목장",기타(관리비),,관내,최초관리비,구당 관내 (최초 30년),6000000
1195,용인평온의숲(예정원),1195,공설,무관,수목장,"봉안당, 공원묘지, 수목장",기타,가족단,관내,가족위,1구당 관내 최초 30년 가족6위 1구당 관내 최초 30년,7000000
1195,용인평온의숲(예정원),1195,공설,무관,수목장,"봉안당, 공원묘지, 수목장",기타,개인단,관외,개인위,(1구당)관외(최초 30년) 개인1위(1구당)관외(최초 30년),7500000
1195,용인평온의숲(예정원),1195,공설,무관,수목장,"봉안당, 공원묘지, 수목장",기타,가족단,관내,가족위(1구당),관내(최초 30년) 가족6위(1구당)관내(최초 30년),7500000
1195,용인평온의숲(예정원),1195,공설,무관,수목장,"봉안당, 공원묘지, 수목장",기타(관리비),,관외,최초관리비,(구당)관외(최초 30년) (1구당)관외(최초 30년),9000000
1195,용인평온의숲(예정원),1195,공설,무관,수목장,"봉안당, 공원묘지, 수목장",기타,,관내,공동위(1구당)관내,(최초 30년) 공동12위(1구당)관내(최초 30년),9000000
1195,용인평온의숲(예정원),1195,공설,무관,수목장,"봉안당, 공원묘지, 수목장",기타,,관외,공동위,관외(최초 30년) 공동12위 관외(최초 30년),9000000
1195,용인평온의숲(예정원),1195,공설,무관,수목장,"봉안당, 공원묘지, 수목장",기타,가족단,관외,가족위,(1구당)관외(최초 30년) 가족6위(1구당)관외(최초 30년),10000000
1195,용인평온의숲(예정원),1195,공설,무관,수목장,"봉안당, 공원묘지, 수목장",기타,가족단,관외,가족위,(1구당)관외(최초 30년) 가족6위(1구당)관외(최초 30년),11000000
1196,백양사 수목장,1196,사설,불교,"수목장, 봉안당",수목장,봉안당,가족단,,가족추모목(교목),"상담위이상, 가족추모목(교목)_상담3위이상",60000000
1196,백양사 수목장,1196,사설,불교,"수목장, 봉안당",수목장,수목장,개인단,,자연장(관목),위 자연장(관목)1위,10000000
1196,백양사 수목장,1196,사설,불교,"수목장, 봉안당",수목장,수목장,개인단,,공동추모목(교목),1위,15000000
1196,백양사 수목장,1196,사설,불교,"수목장, 봉안당",수목장,수목장,,,수목장용 전분분골함개,"한국, 180X180",18080000
1196,백양사 수목장,1196,사설,불교,"수목장, 봉안당",수목장,수목장,개인단,,개인추모목(교목),1위,20000000
1196,백양사 수목장,1196,사설,불교,"수목장, 봉안당",수목장,수목장,,,인추모목(교목),2위,40000000
1196,백양사 수목장,1196,사설,불교,"수목장, 봉안당",수목장,수목장,,,표찰-걸이형개 메타스퀘어 숙성목(한국),100X150,150100000
1196,백양사 수목장,1196,사설,불교,"수목장, 봉안당",수목장,수목장,,,표찰-꽂이형개,"메타스퀘어 숙성목(한국), 100X150",150100000
1196,백양사 수목장,1196,사설,불교,"수목장, 봉안당",수목장,수목장,,,수목장용 황토분골함개,"한국, 180X180, 수목장용 황토분골함개, 한국, 180X180",180100000
1196,백양사 수목장,1196,사설,불교,"수목장, 봉안당",수목장,수목장,,,수목장용 한지분골함개,"한국, 180X180, 수목장용 한지분골함개, 한국, 180X180",180120000
1197,자연애숲(다니엘교회),1197,사설,무관,수목장,봉안당,기타,개인단,,공동목(소나무),위 공동목(소나무)1위,15000000
1197,자연애숲(다니엘교회),1197,사설,무관,수목장,봉안당,기타,개인단,,개인목(회양목),위 개인목(회양목)1위,30000000
1197,자연애숲(다니엘교회),1197,사설,무관,수목장,봉안당,기타,부부단,,부부목(외대반송),중 위 부부목(외대반송)1위,35000000
1197,자연애숲(다니엘교회),1197,사설,무관,수목장,봉안당,기타,부부단,,부부목(코니카),"위5,000,0001 부부목(코니카)1위5,000,0001",50000000
1197,자연애숲(다니엘교회),1197,사설,무관,수목장,봉안당,기타,가족단,,가족목(소나무),위,50000000
1197,자연애숲(다니엘교회),1197,사설,무관,수목장,봉안당,기타,개인단,,개인목,"외대반송 소 위, 외대반송 소",60000000
1197,자연애숲(다니엘교회),1197,사설,무관,수목장,봉안당,기타,개인단,,특별목위,특별목1위,150000000
1198,삼척시추모공원 자연장,1198,공설,,"수목장, 공원묘지",공원묘지,공원묘지,,,,,4100000
1198,삼척시추모공원 자연장,1198,공설,,"수목장, 공원묘지",공원묘지,공원묘지,가족단,,합장 석물,"(고인 및 유가족비석화병,하단)국가유공자,수급자포함 합장 석물 (고인 및 유가족비석,화병,하단)국가유공자,수급자포함",4570000
1198,삼척시추모공원 자연장,1198,공설,,"수목장, 공원묘지",공원묘지,공원묘지,,,합장(.95m2),30년사용료+관리비+매장비,5100000
1198,삼척시추모공원 자연장,1198,공설,,"수목장, 공원묘지",공원묘지,공원묘지,,,기 합장(1.95m2),30년사용료(34만원)+관리비(12만원)+매장비(10만원),5600000
1198,삼척시추모공원 자연장,1198,공설,,"수목장, 공원묘지",공원묘지,수목장,가족단,,단장 석물,"(고인 및 유가족비석화병,하단)국가유공자,수급자포함 단장 석물 (고인 및 유가족비석,화병,하단)국가유공자,수급자포함",4070000
1199,화성함백산추모공원(바람마루),1199,공설,무관,봉안당,"봉안당, 공원묘지, 수목장",봉안당,,재추출(병합),경기도 화성시 매송면 서해로 2448-32,경기도 화성시 매송면 서해로 2448-32 (숙곡리)주소,2448
1199,화성함백산추모공원(바람마루),1199,공설,무관,봉안당,"봉안당, 공원묘지, 수목장",정보없음,,정보없음,정보없음,자동 추출 실패 (푸터 텍스트),
1199,화성함백산추모공원(바람마루),1199,공설,무관,봉안당,"봉안당, 공원묘지, 수목장",봉안당,,재추출(병합),보건복지부,"[30113] 세종특별자치시 도움4로 13, 10동 (어진동, 정부세종청사)",30113
1199,화성함백산추모공원(바람마루),1199,공설,무관,봉안당,"봉안당, 공원묘지, 수목장",봉안당,,재추출(병합),골,골,16000000
1199,화성함백산추모공원(바람마루),1199,공설,무관,봉안당,"봉안당, 공원묘지, 수목장",봉안당,,재추출(병합),사망자,"에 주민등록이 되어 있는 500,0001 에 주민등록이 되어 있는 500,0001",36000000
1199,화성함백산추모공원(바람마루),1199,공설,무관,봉안당,"봉안당, 공원묘지, 수목장",봉안당,,재추출(병합),골,골,36000000
1200,별그리다(별의숲),1200,사설,무관,수목장,"수목장, 공원묘지",수목장,,,잔디형어린이전용,잔디형어린이전용,4600000
1200,별그리다(별의숲),1200,사설,무관,수목장,"수목장, 공원묘지",수목장,,,공동 수목형,가지의 수종으로 공동형 구성(상세금액 별도) 가지의 수종으로 공동형 구성(상세금액 별도),6900000
1200,별그리다(별의숲),1200,사설,무관,수목장,"수목장, 공원묘지",수목장,,,공동 잔디형,(상세금액 별도),9600000
1200,별그리다(별의숲),1200,사설,무관,수목장,"수목장, 공원묘지",수목장,개인단,,화초형가지,"수종으로 개인형 구성(상세금액 별도), 화초형4가지의 수종으로 개인형 구성(상세금액 별도)",11800000
1200,별그리다(별의숲),1200,사설,무관,수목장,"수목장, 공원묘지",수목장,가족단,,가족 잔디형,(상세금액 별도),72000000
1200,별그리다(별의숲),1200,사설,무관,수목장,"수목장, 공원묘지",수목장,가족단,,가족 수목형,"가지의 수종으로 가족형 구성, 14가지의 수종으로 가족형 구성 (상세금액 별도)",96000000
1200,별그리다(별의숲),1200,사설,무관,수목장,"수목장, 공원묘지",기타(관리비),가족단,,관리비공동형 / 가족형,(상세금액 별도),200000
1200,별그리다(별의숲),1200,사설,무관,수목장,"수목장, 공원묘지",기타,,,제사상제사상,주문가능,230000
1200,별그리다(별의숲),1200,사설,무관,수목장,"수목장, 공원묘지",기타,,,식사식사,"(우거지국북어국,육개장 중 택1), 기본찬",412000
1201,늘푸른수목장(청광사),1201,사설,무관,수목장,"수목장, 공원묘지",수목장,,,명패석+한지함국산,,100000
1201,늘푸른수목장(청광사),1201,사설,무관,수목장,"수목장, 공원묘지",수목장,,,비석고인성함기본/추가문구별도,,150000
1201,늘푸른수목장(청광사),1201,사설,무관,수목장,"수목장, 공원묘지",수목장,개인단,,잔디(인)관리비,1만(1년)/10년선납,6000000
1201,늘푸른수목장(청광사),1201,사설,무관,수목장,"수목장, 공원묘지",수목장,,,추가안치비용인 추가 안치 시,추가안치비용1인 추가 안치 시,10000000
1201,늘푸른수목장(청광사),1201,사설,무관,수목장,"수목장, 공원묘지",기타(관리비),개인단,,개인목(인)/황금측백,관리비3만(1년)/10년선납,20000000
1201,늘푸른수목장(청광사),1201,사설,무관,수목장,"수목장, 공원묘지",기타(관리비),부부단,,부부목(인),에메랄드골드관리비5만(1년),40000000
1201,늘푸른수목장(청광사),1201,사설,무관,수목장,"수목장, 공원묘지",기타(관리비),부부단,,부부목(인)/오엽송,관리비(1년)/10년선납 부부목(2인)/오엽송관리비(1년)/10년선납,50000000
1201,늘푸른수목장(청광사),1201,사설,무관,수목장,"수목장, 공원묘지",기타(관리비),가족단,,가족목,"가족목(인), 향나무관리비(1년), 10년선납, 가족목(4인)",80000000
1201,늘푸른수목장(청광사),1201,사설,무관,수목장,"수목장, 공원묘지",기타(관리비),가족단,,,,150000000
1202,일산공감수목장(봉화사),1202,사설,불교,수목장,"공원묘지, 수목장",수목장,,,명패,cm*10cm / 10cm*7cm 15cm*10cm / 10cm*7cm,100000
1202,일산공감수목장(봉화사),1202,사설,불교,수목장,"공원묘지, 수목장",수목장,,,공동목년,5년선납,30000000
1202,일산공감수목장(봉화사),1202,사설,불교,수목장,"공원묘지, 수목장",기타(관리비),개인단,,개인목(위)관리비,년 / 5년 선납,60000000
1202,일산공감수목장(봉화사),1202,사설,불교,수목장,"공원묘지, 수목장",기타(관리비),부부단,,부부목관리비,"(위), (2위) / 년 / 5년 선납",100000000
1202,일산공감수목장(봉화사),1202,사설,불교,수목장,"공원묘지, 수목장",기타(관리비),가족단,,가족목(위)관리비,년 / 5년 선납,350000000
1203,목자은혜교회,1203,사설,기독교,공원묘지,"공원묘지, 수목장",기타,,,,,100000
1203,목자은혜교회,1203,사설,기독교,공원묘지,"공원묘지, 수목장",기타,,,안치노무비,안치노무비,150000
1203,목자은혜교회,1203,사설,기독교,공원묘지,"공원묘지, 수목장",기타(관리비),,,평장묘 관리비,년 1년,300000
1203,목자은혜교회,1203,사설,기독교,공원묘지,"공원묘지, 수목장",기타,개인단,,공동목위,공동목위,20000000
1203,목자은혜교회,1203,사설,기독교,공원묘지,"공원묘지, 수목장",기타,가족단,,소가족형,위 소가족형 위,50000000
1203,목자은혜교회,1203,사설,기독교,공원묘지,"공원묘지, 수목장",기타,가족단,,소가족형,위1 4위1,70000000
1203,목자은혜교회,1203,사설,기독교,공원묘지,"공원묘지, 수목장",기타,가족단,,대가족형,대가족형16위,100000000
1203,목자은혜교회,1203,사설,기독교,공원묘지,"공원묘지, 수목장",기타,,,특수형위,특수형20위,120000000
1204,인천가족공원 자연장지,1204,사설,,수목장,"공원묘지, 수목장",수목장,,,수목장림 및 잔디장관리료,"년, 1년",100000
1204,인천가족공원 자연장지,1204,사설,,수목장,"공원묘지, 수목장",수목장,,,정원식수목장관리료,(년) (1년),100000
1204,인천가족공원 자연장지,1204,사설,,수목장,"공원묘지, 수목장",수목장,,,수목장림 및 잔디장관리료,"년, 1년",100000
1204,인천가족공원 자연장지,1204,사설,,수목장,"공원묘지, 수목장",수목장,,,정원식수목장관리료,"년, 1년",100000
1204,인천가족공원 자연장지,1204,사설,,수목장,"공원묘지, 수목장",수목장,,,수목장림 및 잔디장사용료,수목장림 및 잔디장사용료,6000000
1204,인천가족공원 자연장지,1204,사설,,수목장,"공원묘지, 수목장",수목장,,,수목장림 및 잔디장사용료,수목장림 및 잔디장사용료,6000000
1204,인천가족공원 자연장지,1204,사설,,수목장,"공원묘지, 수목장",수목장,,,정원식수목장사용료,정원식수목장사용료,10000000
1204,인천가족공원 자연장지,1204,사설,,수목장,"공원묘지, 수목장",수목장,,,정원식수목장사용료,정원식수목장사용료,10000000
1205,하늘동산 자연장지,1205,사설,기독교,수목장,공원묘지,수목장,,,오석표지석,오석/중국/한국/석재가공,100000
1205,하늘동산 자연장지,1205,사설,기독교,수목장,공원묘지,수목장,,,추가안치비용인 추가 안치 시,추가안치비용1인 추가 안치 시,150000
1205,하늘동산 자연장지,1205,사설,기독교,수목장,공원묘지,수목장,부부단,,부부형 봉안담*,관리비용: 부부단 년 관리비용: 부부단 5년,30000000
1205,하늘동산 자연장지,1205,사설,기독교,수목장,공원묘지,수목장,가족단,,가족단가족형,"가족단가족형33,200,0001",50000000
1205,하늘동산 자연장지,1205,사설,기독교,수목장,공원묘지,수목장,가족단,,,,100000000
1205,하늘동산 자연장지,1205,사설,기독교,수목장,공원묘지,수목장,,,특별형,특별형,200000000
1205,하늘동산 자연장지,1205,사설,기독교,수목장,공원묘지,기타(관리비),,,관리비년/이장시 반환,관리비10년/이장시 반환,2000000
1206,의성군 천제공원(수목·잔디),1206,공설,무관,공원묘지,공원묘지,정보없음,,정보없음,정보없음 자동 추출 실패,푸터 텍스트,
1206,의성군 천제공원(수목·잔디),1206,공설,무관,공원묘지,공원묘지,공원묘지,,재추출(병합),보건복지부,"[30113] 세종특별자치시 도움4로 13, 10동 (어진동, 정부세종청사)",30113
1206,의성군 천제공원(수목·잔디),1206,공설,무관,공원묘지,공원묘지,공원묘지,,재추출(병합),로 되어 있는 사람,로 되어 있는 사람,12000000
1206,의성군 천제공원(수목·잔디),1206,공설,무관,공원묘지,공원묘지,공원묘지,,재추출(병합),로 되어 있는 사람,로 되어 있는 사람,12000000
1206,의성군 천제공원(수목·잔디),1206,공설,무관,공원묘지,공원묘지,공원묘지,,재추출(병합),로 되어 있는 사람,로 되어 있는 사람,24000000
1207,(재)호정공원(자연장),1207,사설,,수목장,"공원묘지, 수목장, 봉안당",수목장,,,표지석오석,"고흥, 아프리카레드",150000
1207,(재)호정공원(자연장),1207,사설,,수목장,"공원묘지, 수목장, 봉안당",수목장,,,매장작업비(화장),기당 (토지개토작업 및 안장비용),300000
1207,(재)호정공원(자연장),1207,사설,,수목장,"공원묘지, 수목장, 봉안당",수목장,,,잔디장 기사용료,"안장비 별도, 공동관리비 별도(23,600원/년) 잔디장 1기사용료 / 안장비 별도, 공동관리비 별도(23,600원/년)",23000000
1207,(재)호정공원(자연장),1207,사설,,수목장,"공원묘지, 수목장, 봉안당",수목장,,,공동수목 1기사용료,"안장비 별도,공동관리비 별도(23,600원/년)",29000000
1207,(재)호정공원(자연장),1207,사설,,수목장,"공원묘지, 수목장, 봉안당",수목장,,,화초장,"기사용료 / 안장비 별도, 공동관리비 별도(35,600원/년)1 기사용료 / 안장비 별도, 공동관리비 별도(35,600원/년)1",29000000
1207,(재)호정공원(자연장),1207,사설,,수목장,"공원묘지, 수목장, 봉안당",수목장,가족단,,가족수목 기사용료,"안장비 별도, 공동관리비 별도(35,600원/년)",71000000
1207,(재)호정공원(자연장),1207,사설,,수목장,"공원묘지, 수목장, 봉안당",수목장,가족단,,가족수목,"기사용료 / 안장비 별도, 공동관리비 별도(71,200원/년) 가족수목 4기사용료 / 안장비 별도, 공동관리비 별도(71,200원/년)",119000000
1207,(재)호정공원(자연장),1207,사설,,수목장,"공원묘지, 수목장, 봉안당",수목장,가족단,,가족수목,"기사용료 / 안장비 별도, 공동관리비 별도(142,400원/년) 가족수목 8기사용료 / 안장비 별도, 공동관리비 별도(142,400원/년)",215000000
1208,늘푸른수목장,1208,사설,무관,수목장,"공원묘지, 수목장",수목장,,,명패석+한지함국산,명패석+한지함국산,100000
1208,늘푸른수목장,1208,사설,무관,수목장,"공원묘지, 수목장",수목장,,,비석고인성함기본,추가문구별도 비석고인성함기본/추가문구별도,150000
1208,늘푸른수목장,1208,사설,무관,수목장,"공원묘지, 수목장",수목장,개인단,,잔디(인)관리비,1만(1년)/10년선납,6000000
1208,늘푸른수목장,1208,사설,무관,수목장,"공원묘지, 수목장",수목장,,,추가안치비용,"추가 안치 시, 추가 안치 시",10000000
1208,늘푸른수목장,1208,사설,무관,수목장,"공원묘지, 수목장",기타(관리비),개인단,,개인목(인)/황금측백,관리비3만(1년)/10년선납,20000000
1208,늘푸른수목장,1208,사설,무관,수목장,"공원묘지, 수목장",기타(관리비),부부단,,부부목(2인),에메랄드골드관리비(1년)/10년선납,40000000
1208,늘푸른수목장,1208,사설,무관,수목장,"공원묘지, 수목장",기타(관리비),부부단,,부부목(인)/오엽송,관리비(1년)/10년선납 부부목(2인)/오엽송관리비(1년)/10년선납,50000000
1208,늘푸른수목장,1208,사설,무관,수목장,"공원묘지, 수목장",기타(관리비),가족단,,가족목(인)/향나무관리비,1년/10년선납 가족목(4인)/향나무관리비 1년/10년선납,80000000
1208,늘푸른수목장,1208,사설,무관,수목장,"공원묘지, 수목장",기타(관리비),가족단,,가족목(인),반송관리비(1년)/10년선납,150000000
1209,신광사 수목장,1209,사설,불교,수목장,수목장,수목장,개인단,,황금측백나무개인목,1인 안치,40000000
1209,신광사 수목장,1209,사설,불교,수목장,수목장,수목장,부부단,,주목나무개인목 부부목,"1인~ 2인 안치 주목나무개인목, 부부목, 1인~ 2인 안치",70000000
1209,신광사 수목장,1209,사설,불교,수목장,수목장,수목장,부부단,,육송나무개인목 부부목,1인~ 2인 안치,70000000
1209,신광사 수목장,1209,사설,불교,수목장,수목장,수목장,부부단,,전나무개인목 부부목,"1인~ 2인 안치 전나무개인목, 부부목, 1인~ 2인 안치",110000000
1209,신광사 수목장,1209,사설,불교,수목장,수목장,수목장,부부단,,편백(삼)나무개인목 부부목,1인~ 4인 안치,120000000
1209,신광사 수목장,1209,사설,불교,수목장,수목장,수목장,부부단,,황금반송개인목 부부목,1인~ 2인 안치,160000000
1209,신광사 수목장,1209,사설,불교,수목장,수목장,수목장,부부단,,소나무(해송)개인목,"부부목, 가족목, 1인~ 16인 안치",160000000
1209,신광사 수목장,1209,사설,불교,수목장,수목장,기타(관리비),,,관리비상품 구분없이 나무,기당/10년 관리비 선납,5000000
1210,서울신흥교회 하늘계단수목장,1210,사설,기독교,수목장,공원묘지,수목장,개인단,,잔디장,공동목1위,500000
1210,서울신흥교회 하늘계단수목장,1210,사설,기독교,수목장,공원묘지,수목장,,,수목,1~2위 수목 1~2위,1000000
1210,서울신흥교회 하늘계단수목장,1210,사설,기독교,수목장,공원묘지,수목장,,,수목,1~4위,1300000
1210,서울신흥교회 하늘계단수목장,1210,사설,기독교,수목장,공원묘지,수목장,,,수목,1~5위,1700000
1210,서울신흥교회 하늘계단수목장,1210,사설,기독교,수목장,공원묘지,수목장,,,수목,1~6위 수목 1~6위,2000000
1210,서울신흥교회 하늘계단수목장,1210,사설,기독교,수목장,공원묘지,수목장,,,,,3000000
1210,서울신흥교회 하늘계단수목장,1210,사설,기독교,수목장,공원묘지,수목장,,,수목,1~구역내 제한없슴1,5000000
1210,서울신흥교회 하늘계단수목장,1210,사설,기독교,수목장,공원묘지,수목장,,,표지석 소,"가로*세로10, 가로15*세로10",10200000
1211,무량수목장,1211,사설,,수목장,"수목장, 공원묘지",수목장,,,잔디장,"*30cm, 잔디장30*30cm",20000000
1211,무량수목장,1211,사설,,수목장,"수목장, 공원묘지",수목장,,,반송황금측백,"30*30cm3, 반송,황금측백30*30cm3",35000000
1211,무량수목장,1211,사설,,수목장,"수목장, 공원묘지",수목장,,,문그루,"40cm, 40*40cm",40000000
1211,무량수목장,1211,사설,,수목장,"수목장, 공원묘지",수목장,,,문그루,*50cm 문그루50*50cm,70000000
1211,무량수목장,1211,사설,,수목장,"수목장, 공원묘지",수목장,,,반송,"*50cm8,000,0001 반송50*50cm8,000,0001",80000000
1211,무량수목장,1211,사설,,수목장,"수목장, 공원묘지",수목장,,,소나무,70cm*70cm,120000000
1211,무량수목장,1211,사설,,수목장,"수목장, 공원묘지",수목장,,,황금측백,70cm*70cm,120000000
1211,무량수목장,1211,사설,,수목장,"수목장, 공원묘지",수목장,,,소나무,*100cm 소나무100*100cm,160000000
1212,옥마기도회,1212,사설,,공원묘지,공원묘지,기타,,,조화,"개, 1개",10000
1212,옥마기도회,1212,사설,,공원묘지,공원묘지,기타,,,목함기,목함1기,20000
1212,옥마기도회,1212,사설,,공원묘지,공원묘지,기타,,,화병,1개,40000
1212,옥마기도회,1212,사설,,공원묘지,공원묘지,기타,,,표지석기,표지석1기,100000
1212,옥마기도회,1212,사설,,공원묘지,공원묘지,기타,부부단,,인형,개인형 부부형 가능 2인형개인형 부부형 가능,30000000
1212,옥마기도회,1212,사설,,공원묘지,공원묘지,기타,부부단,,인형개인형 부부형 가족형 가능,인형개인형 부부형 가족형 가능,60000000
1212,옥마기도회,1212,사설,,공원묘지,공원묘지,기타,부부단,,인형개인형,부부형 가족형 문중형 가능 10인형개인형 부부형 가족형 문중형 가능,100000000
1213,함양하늘공원(자연장지),1213,사설,무관,수목장,"수목장, 공원묘지",수목장,,,유골함,"cmx22.5cm/도자기/한국, 15cmx22.5cm/도자기/한국",30000
1213,함양하늘공원(자연장지),1213,사설,무관,수목장,"수목장, 공원묘지",수목장,,,명패나무재질 명패,,150000
1213,함양하늘공원(자연장지),1213,사설,무관,수목장,"수목장, 공원묘지",수목장,,,수목장 관리비,년당1년당,1000000
1213,함양하늘공원(자연장지),1213,사설,무관,수목장,"수목장, 공원묘지",수목장,,,수목장 안장비,1기당,5000000
1213,함양하늘공원(자연장지),1213,사설,무관,수목장,"수목장, 공원묘지",수목장,,,추가 안장비,기당,20000000
1213,함양하늘공원(자연장지),1213,사설,무관,수목장,"수목장, 공원묘지",수목장,,,수목조성비,"기당1, 1기당1",26000000
1213,함양하늘공원(자연장지),1213,사설,무관,수목장,"수목장, 공원묘지",수목장,,,수목장 토지사용비,수목장 토지사용비,54000000
1214,북한강광명수목장,1214,사설,,수목장,공원묘지,수목장,개인단,,잔디장/개인형(위),관리비(1년)/5년선납,20000000
1214,북한강광명수목장,1214,사설,,수목장,공원묘지,기타(관리비),개인단,,소나무분재/개인형(위),관리비(1년)/5년선납,40000000
1214,북한강광명수목장,1214,사설,,수목장,공원묘지,기타(관리비),개인단,,향나무 황금측백,개인형(위)관리비(1년)/5년선납,40000000
1214,북한강광명수목장,1214,사설,,수목장,공원묘지,기타(관리비),부부단,,,,60000000
1214,북한강광명수목장,1214,사설,,수목장,공원묘지,기타(관리비),부부단,,주목 /부부목,(위) 관리비 (1년)/5년선납 주목 /부부목 (2위) 관리비 (1년)/5년선납,80000000
1214,북한강광명수목장,1214,사설,,수목장,공원묘지,기타(관리비),가족단,,,,130000000
1214,북한강광명수목장,1214,사설,,수목장,공원묘지,기타(관리비),가족단,,주목,가족목(위)관리비(1년)/5년선납1,150000000
1215,서남권추모공원 자연장지,1215,공설,무관,수목장,공원묘지,수목장,,,안장비,(유골함 제외)1식국산,200000
1215,서남권추모공원 자연장지,1215,공설,무관,수목장,공원묘지,수목장,,,안장비(유골함 포함),1식국산,320000
1215,서남권추모공원 자연장지,1215,공설,무관,수목장,공원묘지,수목장,개인단,관내,관내(정읍시)-국민기초생활수급자,"(위), (1위) 45년(50%감면)",2500000
1215,서남권추모공원 자연장지,1215,공설,무관,수목장,공원묘지,수목장,개인단,관내,관내(정읍시)-국가유공자,"(위)45년(50%감면)1, (1위)45년(50%감면)1",2500000
1215,서남권추모공원 자연장지,1215,공설,무관,수목장,공원묘지,수목장,개인단,관내,잔디장·수목장,1위45년 관내(정읍시) 위45년,5000000
1215,서남권추모공원 자연장지,1215,공설,무관,수목장,공원묘지,수목장,개인단,,도내-잔디장·수목장,1위 45년,8000000
1215,서남권추모공원 자연장지,1215,공설,무관,수목장,공원묘지,수목장,개인단,관외,잔디장·수목장,관외-잔디장·수목장 위 1위45년,10000000
1216,보배숲추모공원(산림조합),1216,공설,무관,"수목장, 봉안당",수목장,봉안당,,,,,13500000
1216,보배숲추모공원(산림조합),1216,공설,무관,"수목장, 봉안당",수목장,수목장,,관내,잔디장,"(관내)사뇽료,관리비(기간:15년)1",8500000
1216,보배숲추모공원(산림조합),1216,공설,무관,"수목장, 봉안당",수목장,수목장,,관외,,,12500000
1216,보배숲추모공원(산림조합),1216,공설,무관,"수목장, 봉안당",수목장,기타(관리비),,,,,22000000
1216,보배숲추모공원(산림조합),1216,공설,무관,"수목장, 봉안당",수목장,기타(관리비),가족단,,,,52000000
1216,보배숲추모공원(산림조합),1216,공설,무관,"수목장, 봉안당",수목장,기타(관리비),가족단,,가족목(B등급),"사용료, 관리비 (기간:30년/4위까지)",63000000
1216,보배숲추모공원(산림조합),1216,공설,무관,"수목장, 봉안당",수목장,기타(관리비),가족단,,가족목(A등급)사용료,관리비300만원(기간:30년/4월까지),74000000
1217,하늘소풍수목장(호산나교회),1217,사설,기독교,수목장,"봉안당, 공원묘지, 수목장",수목장,개인단,,잔디형위 안치/관리비,"1년:4만원/5년 선납2,000,0001 잔디형1위 안치/관리비1년:4만원/5년 선납2,000,0001",20000000
1217,하늘소풍수목장(호산나교회),1217,사설,기독교,수목장,"봉안당, 공원묘지, 수목장",수목장,개인단,,잔디수목형위 안치,관리비1년:5만원/5년 선납 잔디수목형1위 안치/관리비1년:5만원/5년 선납,35000000
1217,하늘소풍수목장(호산나교회),1217,사설,기독교,수목장,"봉안당, 공원묘지, 수목장",기타(관리비),개인단,,공동형위 안치/관리비,1년:/5년 선납 공동형1위 안치/관리비1년:/5년 선납,30000000
1217,하늘소풍수목장(호산나교회),1217,사설,기독교,수목장,"봉안당, 공원묘지, 수목장",기타(관리비),개인단,,개인형기본,"위 안치/관리비1년:6만원/5년 선납6,000,0001 개인형기본 1위 안치/관리비1년:6만원/5년 선납6,000,0001",60000000
1217,하늘소풍수목장(호산나교회),1217,사설,기독교,수목장,"봉안당, 공원묘지, 수목장",기타(관리비),부부단,,부부형기본,위 안치/관리비1년/5년 선납1 2위 안치/관리비1년/5년 선납1,90000000
1217,하늘소풍수목장(호산나교회),1217,사설,기독교,수목장,"봉안당, 공원묘지, 수목장",기타(관리비),가족단,,가족형(위~)기본 4위 이상 안치~,관리비1년:/5년 선납,150000000
1217,하늘소풍수목장(호산나교회),1217,사설,기독교,수목장,"봉안당, 공원묘지, 수목장",기타(관리비),가족단,,가족형(위~)기본 6위 이상 안치~,"/관리비1년:18만원/5년 선납20,000,0001 가족형(6위~)기본 6위 이상 안치~/관리비1년:18만원/5년 선납20,000,0001",200000000
1218,(재)여주세종추모공원 자연장,1218,공설,,수목장,"봉안당, 공원묘지, 수목장",수목장,개인단,,개인 안치,개인사용 면적 협의,40000000
1218,(재)여주세종추모공원 자연장,1218,공설,,수목장,"봉안당, 공원묘지, 수목장",수목장,부부단,,개인사용(부부포함)개인사용,수목종류 협의 개인사용(부부포함)개인사용 수목종류 협의,80000000
1219,천탑사 수목장(그린피아),1219,사설,불교,수목장,공원묘지,기타(관리비),개인단,,개인장(영구안치)관리비,년만/5년선납 개인장(영구안치)관리비 년3만/5년선납,20000000
1219,천탑사 수목장(그린피아),1219,사설,불교,수목장,공원묘지,기타(관리비),,,공동목(영구안치)관리비,년만/5년선납 공동목(영구안치)관리비 년5만/5년선납,30000000
1219,천탑사 수목장(그린피아),1219,사설,불교,수목장,공원묘지,기타(관리비),부부단,,부부장(영구안치)관리비,년만/5년선납 부부장(영구안치)관리비 년5만/5년선납,40000000
1219,천탑사 수목장(그린피아),1219,사설,불교,수목장,공원묘지,기타(관리비),개인단,,개인목(영구안치)관리비,년만/5년선납 년8만/5년선납,40000000
1219,천탑사 수목장(그린피아),1219,사설,불교,수목장,공원묘지,기타(관리비),부부단,,부부목(영구안치)관리비,년만/5년선납 부부목(영구안치)관리비 년/5년선납,50000000
1219,천탑사 수목장(그린피아),1219,사설,불교,수목장,공원묘지,기타(관리비),가족단,,가족목(영구안치)관리비,년만/5년선납 가족목(영구안치)관리비 년15만/5년선납,100000000
1220,국립하늘숲추모원,1220,공설,무관,수목장,공원묘지,기타(관리비),,,C목 사용료 및 관리비공동목,"년, 15년",7110000
1220,국립하늘숲추모원,1220,공설,무관,수목장,공원묘지,기타(관리비),,,B목 사용료 및 관리비공동목,"년, 15년",7230000
1220,국립하늘숲추모원,1220,공설,무관,수목장,공원묘지,기타(관리비),,,A목 사용료 및 관리비공동목,"년, 15년",7350000
1220,국립하늘숲추모원,1220,공설,무관,수목장,공원묘지,기타(관리비),가족단,,C목 사용료 및 관리비 가족목,년,22050000
1220,국립하늘숲추모원,1220,공설,무관,수목장,공원묘지,기타(관리비),가족단,,B목 사용료 및 관리비가족목,년,22650000
1220,국립하늘숲추모원,1220,공설,무관,수목장,공원묘지,기타(관리비),가족단,,A목 사용료 및 관리비,가족목(년),23250000
1221,영광군 공설추모공원 자연장지,1221,공설,,수목장,"봉안당, 공원묘지",수목장,개인단,관내,,,2500000
1221,영광군 공설추모공원 자연장지,1221,공설,,수목장,"봉안당, 공원묘지",수목장,부부단,관내,[관내] 부부장기,"30년 [관내] 부부장2기, 30년",5500000
1221,영광군 공설추모공원 자연장지,1221,공설,,수목장,"봉안당, 공원묘지",수목장,개인단,관외,개인장기,[관외] 개인장1기,6000000
1221,영광군 공설추모공원 자연장지,1221,공설,,수목장,"봉안당, 공원묘지",수목장,부부단,관외,[관외] 부부장기,[관외] 부부장2기,12000000
1221,영광군 공설추모공원 자연장지,1221,공설,,수목장,"봉안당, 공원묘지",수목장,가족단,관내,가족장,[관내] 가족장주*8기 기준 / 30년 / 수목형만 해당,32000000
1221,영광군 공설추모공원 자연장지,1221,공설,,수목장,"봉안당, 공원묘지",수목장,가족단,관외,가족장주*8기 기준,[관외] / 30년 / 수목형만 해당,64000000
1222,수불사추모공원,1222,공설,불교,봉안당,봉안당,봉안당,개인단,,층 로얄관 개인단 측면 1단관리비-(5년) 일시 납,1 2층 로얄관 개인단 측면 1단관리비-(5년) 일시 납,30000000
1222,수불사추모공원,1222,공설,불교,봉안당,봉안당,봉안당,개인단,,로얄관 개인단 전면 1단관리비,층 (5년) 일시 납,35000000
1222,수불사추모공원,1222,공설,불교,봉안당,봉안당,봉안당,개인단,,로얄관 개인단,층 측면 2단관리비-(5년) 일시 납,40000000
1222,수불사추모공원,1222,공설,불교,봉안당,봉안당,봉안당,개인단,,로얄관 개인단,층 측면 8단관리비-(5년) 일시 납,40000000
1222,수불사추모공원,1222,공설,불교,봉안당,봉안당,봉안당,개인단,,로얄관 개인단 전면 2단,층 관리비-(5년) 일시 납,45000000
1222,수불사추모공원,1222,공설,불교,봉안당,봉안당,봉안당,개인단,,로얄관 개인단 전면 8단,층 관리비-(5년) 일시 납,45000000
1222,수불사추모공원,1222,공설,불교,봉안당,봉안당,봉안당,개인단,,로얄관 개인단 측면 3단관리비,"(5년), 2층, 일시 납, 층",50000000
1222,수불사추모공원,1222,공설,불교,봉안당,봉안당,봉안당,개인단,,층 로얄관 개인단 측면 7단관리비-(5년) 일시 납,,50000000
1222,수불사추모공원,1222,공설,불교,봉안당,봉안당,봉안당,개인단,,로얄관 개인단 전면 3단,2층 로얄관 개인단 전면 3단관리비-(5년) 일시 납,55000000
1222,수불사추모공원,1222,공설,불교,봉안당,봉안당,봉안당,개인단,,로얄관 개인단 전면 7단,층 관리비-(5년) 일시 납,55000000
1222,수불사추모공원,1222,공설,불교,봉안당,봉안당,봉안당,개인단,,로얄관 개인단,층 측면 4단관리비-(5년) 일시 납,60000000
1222,수불사추모공원,1222,공설,불교,봉안당,봉안당,봉안당,개인단,,층 로얄관 개인단 측면 6단관리비-(5년) 일시 납,2층 로얄관 개인단 측면 6단관리비-(5년) 일시 납,60000000
1222,수불사추모공원,1222,공설,불교,봉안당,봉안당,봉안당,부부단,,"층 로얄관 부부단 측면 1단(좌, 우)",관리비-(5년) 일시 납,60000000
1222,수불사추모공원,1222,공설,불교,봉안당,봉안당,봉안당,개인단,,층 로얄관 개인단 전면 4단관리비-(5년) 일시 납,1 2층 로얄관 개인단 전면 4단관리비-(5년) 일시 납,65000000
1222,수불사추모공원,1222,공설,불교,봉안당,봉안당,봉안당,개인단,,로얄관 개인단 전면 6단,2층 로얄관 개인단 전면 6단관리비-(5년) 일시 납,65000000
1222,수불사추모공원,1222,공설,불교,봉안당,봉안당,봉안당,개인단,,층 로얄관 개인단 측면 5단관리비,(5년) 일시 납,65000000
1222,수불사추모공원,1222,공설,불교,봉안당,봉안당,봉안당,개인단,,로얄관 개인단 전면,5단관리비-(5년) 일시 납,70000000
1222,수불사추모공원,1222,공설,불교,봉안당,봉안당,봉안당,부부단,,"로얄관 부부단 전면 1단(좌, 우)",층 관리비-(5년) 일시 납,70000000
1222,수불사추모공원,1222,공설,불교,봉안당,봉안당,봉안당,부부단,,"로얄관 부부단 측면 2단(좌, 우)","2층 로얄관 부부단 측면 2단(좌, 우)관리비-(5년) 일시 납",80000000
1222,수불사추모공원,1222,공설,불교,봉안당,봉안당,봉안당,부부단,,"로얄관 부부단 측면 8단(좌, 우)","2층 로얄관 부부단 측면 8단(좌, 우)관리비-(5년) 일시 납",80000000
1222,수불사추모공원,1222,공설,불교,봉안당,봉안당,봉안당,부부단,,"로얄관 부부단 전면 2단(좌, 우)",층 관리비-(5년) 일시 납,90000000
1222,수불사추모공원,1222,공설,불교,봉안당,봉안당,봉안당,부부단,,로얄관 부부단,"전면 8단(좌, 우)관리비-(5년) 일시 납",90000000
1222,수불사추모공원,1222,공설,불교,봉안당,봉안당,봉안당,부부단,,"로얄관 부부단 측면 3단(좌, 우)",층 관리비-(5년) 일시 납,100000000
1222,수불사추모공원,1222,공설,불교,봉안당,봉안당,봉안당,부부단,,로얄관 부부단,"층 측면 7단(좌, 우)관리비-(5년) 일시 납 층 측면 7단(좌, 우)관리비-(5년) 일시 납",100000000
1222,수불사추모공원,1222,공설,불교,봉안당,봉안당,봉안당,부부단,,"층 로얄관 부부단 전면 3단(좌, 우)",관리비-(5년) 일시 납 :,110000000
1222,수불사추모공원,1222,공설,불교,봉안당,봉안당,봉안당,부부단,,"로얄관 부부단 전면 7단(좌, 우)",층 관리비-(5년) 일시 납,110000000
1222,수불사추모공원,1222,공설,불교,봉안당,봉안당,봉안당,부부단,,로얄관 부부단,"측면 4단(좌, 우) 관리비-(5년) 일시 납",120000000
1222,수불사추모공원,1222,공설,불교,봉안당,봉안당,봉안당,부부단,,"로얄관 부부단 측면 6단(좌, 우)","2층 로얄관 부부단 측면 6단(좌, 우)관리비-(5년) 일시 납  2층 로얄관 부부단 측면 6단(좌, 우)관리비-(5년) 일시 납",120000000
1222,수불사추모공원,1222,공설,불교,봉안당,봉안당,봉안당,부부단,,"로얄관 부부단 측면 5단(좌, 우)","층, 2층, 관리비-(5년) 일시 납",130000000
1222,수불사추모공원,1222,공설,불교,봉안당,봉안당,봉안당,부부단,,"로얄관 부부단 전면 4단(좌, 우)",층 관리비-(5년) 일시 납,130000000
1222,수불사추모공원,1222,공설,불교,봉안당,봉안당,봉안당,부부단,,"로얄관 부부단 전면 6단(좌, 우)",층 관리비-(5년) 일시 납,130000000
1222,수불사추모공원,1222,공설,불교,봉안당,봉안당,봉안당,부부단,,"로얄관 부부단 전면 5단(좌, 우)",층 관리비-(5년) 일시 납,140000000
1222,수불사추모공원,1222,공설,불교,봉안당,봉안당,기타(관리비),,,프리미엄관 일반실,1층 1단관리비-(5년) 일시 납,35000000
1222,수불사추모공원,1222,공설,불교,봉안당,봉안당,기타(관리비),,,프리미엄관 일반실 2단관리비,1층 프리미엄관 일반실 2단관리비-(5년) 일시 납,45000000
1222,수불사추모공원,1222,공설,불교,봉안당,봉안당,기타(관리비),,,프리미엄관 일반실,1층 8단관리비-(5년) 일시 납,45000000
1222,수불사추모공원,1222,공설,불교,봉안당,봉안당,기타(관리비),,,프리미엄관 고급실,1층 1단관리비-(5년) 일시 납,45000000
1222,수불사추모공원,1222,공설,불교,봉안당,봉안당,기타(관리비),,,프리미엄관 일반실 3단관리비,1층 -(5년) 일시 납,55000000
1222,수불사추모공원,1222,공설,불교,봉안당,봉안당,기타(관리비),,,프리미엄관 일반실,7단관리비-(5년) 일시 납,55000000
1222,수불사추모공원,1222,공설,불교,봉안당,봉안당,기타(관리비),,,프리미엄관 고급실,2단관리비-(5년) 일시 납,55000000
1222,수불사추모공원,1222,공설,불교,봉안당,봉안당,기타(관리비),,,층 프리미엄관 고급실 8단관리비,-(5년) 일시 납,55000000
1222,수불사추모공원,1222,공설,불교,봉안당,봉안당,기타(관리비),,,프리미엄관 일반실,층 4단관리비-(5년) 일시 납 : 1 1층 4단관리비-(5년) 일시 납 : 1,65000000
1222,수불사추모공원,1222,공설,불교,봉안당,봉안당,기타(관리비),,,층 프리미엄관 일반실 6단관리비-(5년) 일시 납,,65000000
1222,수불사추모공원,1222,공설,불교,봉안당,봉안당,기타(관리비),,,층 프리미엄관 고급실 3단관리비-(5년) 일시 납,1층 프리미엄관 고급실 3단관리비-(5년) 일시 납,65000000
1222,수불사추모공원,1222,공설,불교,봉안당,봉안당,기타(관리비),,,프리미엄관 고급실 7단관리비-(5년) 일시 납,1층 프리미엄관 고급실 7단관리비-(5년) 일시 납,65000000
1222,수불사추모공원,1222,공설,불교,봉안당,봉안당,기타(관리비),,,"프리미엄관 일반실 1단 (좌, 우)",관리비-(5년) 일시 납,70000000
1222,수불사추모공원,1222,공설,불교,봉안당,봉안당,기타(관리비),,,층 프리미엄관 일반실 5단관리비,(5년) 일시 납,75000000
1222,수불사추모공원,1222,공설,불교,봉안당,봉안당,기타(관리비),,,층 프리미엄관 고급실 4단관리비,-(5년) 일시 납,75000000
1222,수불사추모공원,1222,공설,불교,봉안당,봉안당,기타(관리비),,,프리미엄관 고급실,6단관리비-(5년) 일시 납,75000000
1222,수불사추모공원,1222,공설,불교,봉안당,봉안당,기타(관리비),,,프리미엄관 고급실 5단관리비-(5년),층 일시 납 : 1 1층 일시 납 : 1,85000000
1222,수불사추모공원,1222,공설,불교,봉안당,봉안당,기타(관리비),,,"층 프리미엄관 일반실 2단 (좌, 우)",관리비-(5년) 일시 납,90000000
1222,수불사추모공원,1222,공설,불교,봉안당,봉안당,기타(관리비),,,"층 프리미엄관 일반실 8단 (좌, 우)",관리비-(5년) 일시 납 : 1,90000000
1222,수불사추모공원,1222,공설,불교,봉안당,봉안당,기타(관리비),,,"프리미엄관 고급실 1단 (좌, 우)",1층 관리비-(5년) 일시 납,90000000
1222,수불사추모공원,1222,공설,불교,봉안당,봉안당,기타(관리비),,,"프리미엄관 일반실 3단 (좌, 우)",1층 관리비-(5년) 일시 납,110000000
1222,수불사추모공원,1222,공설,불교,봉안당,봉안당,기타(관리비),,,"프리미엄관 일반실 7단 (좌, 우)",1층 관리비-(5년) 일시 납,110000000
1222,수불사추모공원,1222,공설,불교,봉안당,봉안당,기타(관리비),,,"프리미엄관 고급실 2단 (좌, 우)",1층 관리비-(5년) 일시 납,110000000
1222,수불사추모공원,1222,공설,불교,봉안당,봉안당,기타(관리비),,,"층 프리미엄관 고급실 8단 (좌, 우)",관리비-(5년) 일시 납 :,110000000
1222,수불사추모공원,1222,공설,불교,봉안당,봉안당,기타(관리비),,,"프리미엄관 일반실 4단 (좌, 우)",층 관리비-(5년) 일시 납,130000000
1222,수불사추모공원,1222,공설,불교,봉안당,봉안당,기타(관리비),,,"프리미엄관 일반실 6단 (좌, 우)",1층 관리비-(5년) 일시 납,130000000
1222,수불사추모공원,1222,공설,불교,봉안당,봉안당,기타(관리비),,,"층 프리미엄관 고급실 3단 (좌, 우)",관리비-(5년) 일시 납,130000000
1222,수불사추모공원,1222,공설,불교,봉안당,봉안당,기타(관리비),,,"1층 프리미엄관 고급실 7단 (좌, 우)",관리비-(5년) 일시 납,130000000
1222,수불사추모공원,1222,공설,불교,봉안당,봉안당,기타(관리비),,,"층 프리미엄관 일반실 5 (좌, 우)",관리비-(5년) 일시 납,150000000
1222,수불사추모공원,1222,공설,불교,봉안당,봉안당,기타(관리비),,,"프리미엄관 고급실 4단 (좌, 우) 관리비",1층 (5년) 일시 납,150000000
1222,수불사추모공원,1222,공설,불교,봉안당,봉안당,기타(관리비),,,프리미엄관 고급실 6단,"1층, 층 (좌, 우) 관리비-(5년) 일시 납",150000000
1222,수불사추모공원,1222,공설,불교,봉안당,봉안당,기타(관리비),,,"프리미엄관 고급실 5단 (좌, 우)",1층 관리비-(5년) 일시 납,170000000
1223,제천시영원한쉼터 자연장지,1223,사설,,봉안당,공원묘지,봉안당,개인단,관내,개인단(관내)구,"제천시 관내, 40년",5000000
1223,제천시영원한쉼터 자연장지,1223,사설,,봉안당,공원묘지,봉안당,개인단,관내,개인단,"(충북도관내중부내륙 중심권)충북도 관내, 중부내륙 중심권 행정협력 시군은 단양군,영월군,평창군,영주시,봉화군을 말함",8000000
1223,제천시영원한쉼터 자연장지,1223,사설,,봉안당,공원묘지,봉안당,부부단,관내,,,10000000
1223,제천시영원한쉼터 자연장지,1223,사설,,봉안당,공원묘지,봉안당,개인단,관외,개인단(충북도 관외)구,40년1,10000000
1223,제천시영원한쉼터 자연장지,1223,사설,,봉안당,공원묘지,봉안당,부부단,관내,부부단(충북도관내중부내륙 중심권),"충북도 관내, 중부내륙 중심권 행정협력 시군은 단양군,영월군,평창군,영주시,봉화군을 말함 부부단(충북도관내,중부내륙 중심권)충북도 관내, 중부내륙 중심권 행정협력 시군은 단양군,영월군,평창군,영주시,봉화군을 말함",16000000
1223,제천시영원한쉼터 자연장지,1223,사설,,봉안당,공원묘지,봉안당,부부단,관외,부부단(충북도 관외),"구,50년 2구,50년",20000000
1224,울진군립추모원(자연장지),1224,공설,무관,수목장,공원묘지,수목장,개인단,관내,잔디장(개인장관내자)1기,"최초 30년,1회 연장가능,관리비 포함 잔디장(개인장,관내자)1기,최초 30년,1회 연장가능,관리비 포함",6000000
1224,울진군립추모원(자연장지),1224,공설,무관,수목장,공원묘지,수목장,개인단,관외,잔디장(개인장관외자)1기,"최초 30년,1회 연장가능,관리비 포함",12000000
1224,울진군립추모원(자연장지),1224,공설,무관,수목장,공원묘지,수목장,부부단,관내,잔디장(부부장관내자)2기,"최초 30년,1회 연장가능,관리비 포함",12000000
1224,울진군립추모원(자연장지),1224,공설,무관,수목장,공원묘지,수목장,부부단,관외,잔디장(부부장관외자)2기,"최초 30년,1회 연장가능,관리비 포함 잔디장(부부장,관외자)2기,최초 30년,1회 연장가능,관리비 포함",24000000
1224,울진군립추모원(자연장지),1224,공설,무관,수목장,공원묘지,수목장,가족단,관내,잔디장(가족장관내자)4기,"최초 30년,1회 연장가능,관리비 포함",24000000
1224,울진군립추모원(자연장지),1224,공설,무관,수목장,공원묘지,수목장,가족단,관외,잔디장(가족장관외자)4기,"최초 30년,1회 연장가능,관리비 포함 잔디장(가족장,관외자)4기,최초 30년,1회 연장가능,관리비 포함",48000000
1225,여주추모공원 자연장지,1225,공설,무관,수목장,공원묘지,기타(관리비),개인단,관내,,,1500000
1225,여주추모공원 자연장지,1225,공설,무관,수목장,공원묘지,기타(관리비),부부단,관내,,,2250000
1225,여주추모공원 자연장지,1225,공설,무관,수목장,공원묘지,기타(관리비),개인단,관내,사용료/관리비사용기간,"년, 1회 연장(15년) / 관내-개인; 30년, 1회 연장(15년) / 관내-개인",3500000
1225,여주추모공원 자연장지,1225,공설,무관,수목장,공원묘지,기타(관리비),부부단,관내,사용료/관리비,"사용기간 년, 1회 연장(15년) /관내-부부-사망 당시 추모공원 소재지에 주민등록상 주소를 둔자; 사용기간 30년, 1회 연장(15년) /관내-부부-사망 당시 추모공원 소재지에 주민등록상 주소를 둔자",5250000
1225,여주추모공원 자연장지,1225,공설,무관,수목장,공원묘지,기타(관리비),개인단,관외,사용료/관리비,"사용기간 년, 1회 연장(15년) /관외-개인 사용료/관리비사용기간 30년, 1회 연장(15년) /관외-개인",7000000
1225,여주추모공원 자연장지,1225,공설,무관,수목장,공원묘지,기타(관리비),부부단,관외,사용료/관리비,"사용기간 년, 1회 연장(15년) /관외-부부 사용료/관리비사용기간 30년, 1회 연장(15년) /관외-부부",10500000
1226,(재)용인공원(자연장),1226,사설,,수목장,"공원묘지, 수목장",수목장,,,수목장 관리비,계약 평수에 따라 산정 평 당 관리비 : /년 (추후 물가상승률 등에 따라 인상될 수 있음) 수목장 관리비(계약 평수에 따라 산정)평 당 관리비 : 원/년 (추후 물가상승률 등에 따라 인상될 수 있음),250000
1226,(재)용인공원(자연장),1226,사설,,수목장,"공원묘지, 수목장",수목장,,,자연장지묘지조성,원가요소별 산정금액임,56300000
1227,경주하늘수목장림,1227,공설,무관,수목장,수목장,수목장,가족단,,공동목,년 사용료가족이 아닌 추모목,6000000
1227,경주하늘수목장림,1227,공설,무관,수목장,수목장,수목장,가족단,,가족목(C등급),"년 사용료지형과 수종에 따라 추모목 구분, 30년 사용료지형과 수종에 따라 추모목 구분",40000000
1227,경주하늘수목장림,1227,공설,무관,수목장,수목장,수목장,,,기족목(B등급),년 사용료지형과 수종에 따라 추모목 구분. 30년 사용료지형과 수종에 따라 추모목 구분,50000000
1227,경주하늘수목장림,1227,공설,무관,수목장,수목장,수목장,가족단,,,,60000000
1227,경주하늘수목장림,1227,공설,무관,수목장,수목장,기타(관리비),개인단,,공동목,년 선납 관리비1그루당 골분 1위 안치 기준. 공동목 : 10년 선납 관리비1그루당 골분 1위 안치 기준.,2900000
1227,경주하늘수목장림,1227,공설,무관,수목장,수목장,기타(관리비),가족단,,가족목(A B C),"년 선납 관리비관리비는 1그루당 골분4위안치 기준,5위부터는 1위당 년간 30000원 추가납부. 가족목(A B C) : 10년 선납 관리비관리비는 1그루당 골분4위안치 기준,5위부터는 1위당 년간 30000원 추가납부.",12000000
1228,의왕하늘쉼터(자연장),1228,공설,무관,수목장,"공원묘지, 수목장",수목장,,관내,잔디장 사용료 및 관리비,"(년) 관내 자격, (30년) 관내 자격",6800000
1228,의왕하늘쉼터(자연장),1228,공설,무관,수목장,"공원묘지, 수목장",수목장,부부단,관내,잔디부부장 사용료 및 관리비,"(년) 관내 자격, (30년) 관내 자격",11600000
1228,의왕하늘쉼터(자연장),1228,공설,무관,수목장,"공원묘지, 수목장",기타(관리비),개인단,관내,공동형 개인장 사용료 및 관리비,(년)관내 자격 공동형 개인장 사용료 및 관리비 (30년)관내 자격,6800000
1228,의왕하늘쉼터(자연장),1228,공설,무관,수목장,"공원묘지, 수목장",기타(관리비),부부단,관내,잔디부부장 사용료 및 관리비,(년)관내 자격 잔디부부장 사용료 및 관리비 (30년)관내 자격,11600000
1228,의왕하늘쉼터(자연장),1228,공설,무관,수목장,"공원묘지, 수목장",기타(관리비),가족단,관내,가족장 사용료 및 관리비,(년) 관내 자격 가족장 사용료 및 관리비 (30년) 관내 자격,18400000
1229,와동꽃빛공원 자연장지,1229,공설,무관,수목장,수목장,수목장,개인단,,,,4890000
1229,와동꽃빛공원 자연장지,1229,공설,무관,수목장,수목장,수목장,개인단,,개인장(수목형)유골구,"45년, 개인장(수목형)유골1구/45년",6260000
1229,와동꽃빛공원 자연장지,1229,공설,무관,수목장,수목장,수목장,부부단,,,,9870000
1229,와동꽃빛공원 자연장지,1229,공설,무관,수목장,수목장,수목장,부부단,,,,12140000
1229,와동꽃빛공원 자연장지,1229,공설,무관,수목장,수목장,수목장,가족단,,,,48560000
1230,울산하늘공원 자연장지,1230,사설,,수목장,"봉안당, 공원묘지",수목장,,,공동표지석인조대리석,공동표지석인조대리석,50000
1230,울산하늘공원 자연장지,1230,사설,,수목장,"봉안당, 공원묘지",수목장,개인단,,개인표지석자연석,개인표지석자연석,80000
1230,울산하늘공원 자연장지,1230,사설,,수목장,"봉안당, 공원묘지",수목장,,관내,잔디장 사용료,관내(울산) 년 30년,3000000
1230,울산하늘공원 자연장지,1230,사설,,수목장,"봉안당, 공원묘지",수목장,,관외,잔디장 사용료관외,"년, 30년",10000000
1230,울산하늘공원 자연장지,1230,사설,,수목장,"봉안당, 공원묘지",수목장,,관내,수목장 사용료관내 (울산),"년, 30년",14000000
1231,(재)서호추모공원 자연장지,1231,사설,무관,수목장,"봉안당, 수목장",기타(관리비),개인단,,,,20000000
1231,(재)서호추모공원 자연장지,1231,사설,무관,수목장,"봉안당, 수목장",기타(관리비),부부단,,,,40000000
1231,(재)서호추모공원 자연장지,1231,사설,무관,수목장,"봉안당, 수목장",기타(관리비),부부단,,부부형영구안치,관리비(년만)/(5년선납) 부부형영구안치/관리비(년6만)/(5년선납),80000000
1231,(재)서호추모공원 자연장지,1231,사설,무관,수목장,"봉안당, 수목장",기타(관리비),가족단,,가족형영구안치,관리비(년만)/5년선납 가족형영구안치/관리비(년8만)/5년선납,120000000
1231,(재)서호추모공원 자연장지,1231,사설,무관,수목장,"봉안당, 수목장",기타(관리비),가족단,,,,260000000
1232,(재)만어추모공원 수목장,1232,사설,무관,수목장,"수목장, 공원묘지",기타(관리비),,,공동목가격,"관리비(년)/ 5만원, 12위",40000000
1232,(재)만어추모공원 수목장,1232,사설,무관,수목장,"수목장, 공원묘지",기타(관리비),개인단,,개인목가격,"관리비(년), 1위",50000000
1232,(재)만어추모공원 수목장,1232,사설,무관,수목장,"수목장, 공원묘지",기타(관리비),부부단,,부부목,"관리비(년)/10만원, 2위",60000000
1232,(재)만어추모공원 수목장,1232,사설,무관,수목장,"수목장, 공원묘지",기타(관리비),가족단,,가족목가격,"관리비(년), 6위~8위1",150000000
1232,(재)만어추모공원 수목장,1232,사설,무관,수목장,"수목장, 공원묘지",기타(관리비),가족단,,대가족목가격,"관리비(년), 8위~10위",300000000
1233,(재)지평선전북공원묘원(자연),1233,사설,,공원묘지,"공원묘지, 수목장",공원묘지,,,표지석,(기기준/각자비포함)가로:25cm 세로:15cm,150000
1233,(재)지평선전북공원묘원(자연),1233,사설,,공원묘지,"공원묘지, 수목장",공원묘지,,,유골함(한지)규격 (18*18),,250000
1233,(재)지평선전북공원묘원(자연),1233,사설,,공원묘지,"공원묘지, 수목장",공원묘지,,,,,16500000
1233,(재)지평선전북공원묘원(자연),1233,사설,,공원묘지,"공원묘지, 수목장",공원묘지,,,,,22000000
1233,(재)지평선전북공원묘원(자연),1233,사설,,공원묘지,"공원묘지, 수목장",기타(관리비),,,관리비,년1 15년1,3000000
1234,쌍계사,1234,사설,,수목장,봉안당,수목장,,,공동목자연송(해송),공동목자연송(해송),20000000
1234,쌍계사,1234,사설,,수목장,봉안당,수목장,가족단,,대가족목자연송(해송),대가족목자연송(해송),300000000
1234,쌍계사,1234,사설,,수목장,봉안당,기타,개인단,,인목반송,1 1인목반송,50000000
1234,쌍계사,1234,사설,,수목장,봉안당,기타,가족단,,소가족목측백나무(에메랄드그린),,90000000
1234,쌍계사,1234,사설,,수목장,봉안당,기타,가족단,,중가족목반송,중가족목반송,160000000
1235,분당추모공원휴(자연장),1235,사설,무관,수목장,수목장,수목장,,,소나무 수목장,소나무 수목장,5163000
1235,분당추모공원휴(자연장),1235,사설,무관,수목장,수목장,수목장,,,소나무 수목장,소나무 수목장6,51623000
1235,분당추모공원휴(자연장),1235,사설,무관,수목장,수목장,수목장,,,소나무 수목장,소나무 수목장,51625000
1235,분당추모공원휴(자연장),1235,사설,무관,수목장,수목장,수목장,,,소나무 수목장,소나무 수목장,51630000
1236,광양시립영세공원 자연장지,1236,공설,,수목장,공원묘지,정보없음,,정보없음,정보없음,자동 추출 실패 (푸터 텍스트),
1236,광양시립영세공원 자연장지,1236,공설,,수목장,공원묘지,수목장,,재추출(병합),보건복지부,"[30113] 세종특별자치시 도움4로 13, 10동 (어진동, 정부세종청사)",30113
1236,광양시립영세공원 자연장지,1236,공설,,수목장,공원묘지,수목장,,재추출(병합),상석청석,"상석청석(.5), 상석청석(2.5)",6050000
1236,광양시립영세공원 자연장지,1236,공설,,수목장,공원묘지,수목장,,재추출(병합),상석청석,"상석청석(.5), 상석청석(2.5)",7550000
1236,광양시립영세공원 자연장지,1236,공설,,수목장,공원묘지,수목장,,재추출(병합),상석청석,"상석청석(.5), 상석청석(2.5)",8050000
1237,대전추모공원 자연장지,1237,공설,,수목장,"봉안당, 공원묘지, 수목장",수목장,,관내,,,6500000
1237,대전추모공원 자연장지,1237,공설,,수목장,"봉안당, 공원묘지, 수목장",수목장,,관외,,,8000000
1237,대전추모공원 자연장지,1237,공설,,수목장,"봉안당, 공원묘지, 수목장",수목장,,관내,수목형관내,"(년), (30년)",15000000
1237,대전추모공원 자연장지,1237,공설,,수목장,"봉안당, 공원묘지, 수목장",수목장,,관외,수목형관외,"(년), (30년)",20000000
1238,대한예수장로회 아름기도회 자연장지,1238,사설,기독교,수목장,수목장,기타(관리비),가족단,,가족형 A구역,"위안치가능 1년 관리비 20,000(추가비용 10,000원) 가족형 A구역 위안치가능 1년 관리비 20,000(추가비용 10,000원)",30000000
1238,대한예수장로회 아름기도회 자연장지,1238,사설,기독교,수목장,수목장,기타(관리비),가족단,,중가족형 B구역,"위안치가능1년관리비20,000(추가비용10,000) 중가족형 B구역6위안치가능1년관리비20,000(추가비용10,000)",50000000
1238,대한예수장로회 아름기도회 자연장지,1238,사설,기독교,수목장,수목장,기타(관리비),가족단,,대가족형c구역위안치가능,"1년관리비20,000(추가비용10,000) 대가족형c구역48위안치가능 1년관리비20,000(추가비용10,000)",200000000
1238,대한예수장로회 아름기도회 자연장지,1238,사설,기독교,수목장,수목장,기타(관리비),개인단,,개인형위안치가능,1년관리비,2000010000000
1239,개원추모공원 자연장지,1239,미분류,,수목장,공원묘지,정보없음,,정보없음,정보없음,자동 추출 실패 (푸터 텍스트),
1240,김포시추모공원(자연장지),1240,공설,무관,봉안당,"공원묘지, 수목장",봉안당,개인단,관내,,,8000000
1240,김포시추모공원(자연장지),1240,공설,무관,봉안당,"공원묘지, 수목장",봉안당,부부단,관내,,,15000000
1240,김포시추모공원(자연장지),1240,공설,무관,봉안당,"공원묘지, 수목장",봉안당,개인단,관외,,,16000000
1240,김포시추모공원(자연장지),1240,공설,무관,봉안당,"공원묘지, 수목장",봉안당,부부단,관외,부부단(관외),"년(기간연장없음), 30년(기간연장없음)",30000000
1241,수원시연화장 자연장지,1241,사설,불교,수목장,"공원묘지, 봉안당",수목장,,관내,자연장비용관내,자연장비용관내,300000
1241,수원시연화장 자연장지,1241,사설,불교,수목장,"공원묘지, 봉안당",수목장,,관외,자연장비용관외,자연장비용관외,1000000
1241,수원시연화장 자연장지,1241,사설,불교,수목장,"공원묘지, 봉안당",수목장,,관내,관내주민등록,관내주민등록을 두고 년이상 거주 관내주민등록을 두고 1년이상 거주,5000000
1241,수원시연화장 자연장지,1241,사설,불교,수목장,"공원묘지, 봉안당",수목장,가족단,관내,관외직계가족이 관내 주민등록을 두고 년이상 거주,관외직계가족이 관내 주민등록을 두고 1년이상 거주,12000000
1242,공주나래원 자연장지,1242,사설,,수목장,"봉안당, 수목장",수목장,개인단,관내,수목장,(관내) 1위 (30년),6000000
1242,공주나래원 자연장지,1242,사설,,수목장,"봉안당, 수목장",수목장,개인단,관내,잔디장,(관내)위 (30년) (관내)1위 (30년),6000000
1242,공주나래원 자연장지,1242,사설,,수목장,"봉안당, 수목장",수목장,개인단,관외,수목장(관외),1위 (30년),10000000
1242,공주나래원 자연장지,1242,사설,,수목장,"봉안당, 수목장",수목장,개인단,관외,,,10000000
1243,사천시 누리원(자연장지),1243,공설,무관,수목장,"봉안당, 공원묘지",수목장,개인단,,개인용(구),면적:0.25m2 사용료:30년 개인용(1구)면적:0.25m2 사용료:30년,3000000
1243,사천시 누리원(자연장지),1243,공설,무관,수목장,"봉안당, 공원묘지",수목장,가족단,,가족(구),면적:0.50m2  1 가족(2구)면적:0.50m2,6000000
1243,사천시 누리원(자연장지),1243,공설,무관,수목장,"봉안당, 공원묘지",기타(관리비),개인단,,개인용(구),- 관리비면적:0.25m2 사용료:30년,1000000
1243,사천시 누리원(자연장지),1243,공설,무관,수목장,"봉안당, 공원묘지",기타(관리비),가족단,,"가족(9), 가족(2구)","관리비, 관리비면적:0.50m2, 사용료:30년",1000000
1244,태백공원묘원 자연장지,1244,공설,무관,수목장,공원묘지,수목장,개인단,관내,개인장(관내),"년이용가능, 연장불가, 45년이용가능",5000000
1244,태백공원묘원 자연장지,1244,공설,무관,수목장,공원묘지,수목장,부부단,관내,부부장(관내),"년이용가능, 연장불가 부부장(관내)45년이용가능, 연장불가",10040000
1244,태백공원묘원 자연장지,1244,공설,무관,수목장,공원묘지,수목장,개인단,관외,개인장(관외),"년이용가능, 연장불가 개인장(관외)45년이용가능, 연장불가",12020000
1244,태백공원묘원 자연장지,1244,공설,무관,수목장,공원묘지,수목장,부부단,관외,,,23820000
1245,전주효자자연장,1245,사설,무관,수목장,공원묘지,수목장,,,자연장 사용료,공설공동묘지 개장유골 50% 감면,1500000
1245,전주효자자연장,1245,사설,무관,수목장,공원묘지,수목장,개인단,,자연장 사용료개인단,자연장 사용료개인단,3000000
1245,전주효자자연장,1245,사설,무관,수목장,공원묘지,수목장,부부단,,자연장 사용료부부단,(배우자의 안치장소 예매불가),6000000
1246,안성제일교회 수목장,1246,사설,기독교,수목장,수목장,수목장,개인단,,자연수목장(개인 기),"안치비및 관리비 40년가로, 세로, 높이 50cm 자연수목장(개인 1기, 안치비및 관리비) 40년가로, 세로, 높이 50cm",15000000
1246,안성제일교회 수목장,1246,사설,기독교,수목장,수목장,수목장,부부단,,,,20000000
1247,기독교대한성결교회 안성교회 자연장지,1247,사설,기독교,수목장,봉안당,수목장,개인단,,자연수목장 사용료(1위 안치비),"가로, 세로, 높이 30cm",8000000
1247,기독교대한성결교회 안성교회 자연장지,1247,사설,기독교,수목장,봉안당,수목장,개인단,,추모목장 사용료(위 안치비),"가로, 세로, 높이 30cm",8000000
1247,기독교대한성결교회 안성교회 자연장지,1247,사설,기독교,수목장,봉안당,수목장,개인단,,자연수목장 관리비,"위 40년관리, 가로, 세로, 높이 30cm, 1위 40년관리, 가로, 세로, 높이 30cm",10000000
1247,기독교대한성결교회 안성교회 자연장지,1247,사설,기독교,수목장,봉안당,기타(관리비),개인단,,추모목장 관리비,"(위 40년관리)가로, 세로, 높이 30cm",10000000
1248,안성시추모공원(자연장지),1248,공설,무관,수목장,"수목장, 공원묘지",수목장,개인단,관내,잔디장 개인관내자기준,"년, 30년",5000000
1248,안성시추모공원(자연장지),1248,공설,무관,수목장,"수목장, 공원묘지",수목장,부부단,관내,잔디장 부부관내자기준,"(년), (30년)",8000000
1248,안성시추모공원(자연장지),1248,공설,무관,수목장,"수목장, 공원묘지",수목장,가족단,관내,수목장가족위관,내자기준(30년)1,52000000
1248,안성시추모공원(자연장지),1248,공설,무관,수목장,"수목장, 공원묘지",수목장,가족단,관내,수목장가족위,관내자기준(30년) 수목장가족4위 관내자기준(30년),66000000
1249,제주시어승생한울누리공원,1249,공설,무관,"수목장, 공원묘지","공원묘지, 수목장",공원묘지,,관내,사용료관내,정원형(회 40년 연장불가),3000000
1249,제주시어승생한울누리공원,1249,공설,무관,"수목장, 공원묘지","공원묘지, 수목장",공원묘지,,관외,사용료관외 : 정원형,(회 40년 연장불가) (1회 40년 연장불가),6000000
1249,제주시어승생한울누리공원,1249,공설,무관,"수목장, 공원묘지","공원묘지, 수목장",수목장,,관내,사용료관내,"잔디형 화초형, 수목형(1회 40년 연장 불가) 잔디형, 화초형, 수목형(1회 40년 연장 불가)",1000000
1249,제주시어승생한울누리공원,1249,공설,무관,"수목장, 공원묘지","공원묘지, 수목장",수목장,,관외,사용료관외,"잔디형 화초형, 수목형(1회 40년 연장불가) 잔디형, 화초형, 수목형(1회 40년 연장불가)",2000000
1250,청주시목련공원자연장,1250,공설,무관,"봉안당, 수목장",공원묘지,봉안당,개인단,,개인단사용기간,"년(연장불가), 45년(연장불가)",3900000
1250,청주시목련공원자연장,1250,공설,무관,"봉안당, 수목장",공원묘지,봉안당,부부단,,부부단,사용기간:년(연장불가) 사용기간:45년(연장불가),7800000
1250,청주시목련공원자연장,1250,공설,무관,"봉안당, 수목장",공원묘지,수목장,가족단,,,,31200000
1250,청주시목련공원자연장,1250,공설,무관,"봉안당, 수목장",공원묘지,수목장,가족단,,,,39000000
1251,남한강공원묘원(자연장),1251,사설,무관,"공원묘지, 수목장",공원묘지,공원묘지,,,평장묘 남한강,(평)2기 평장묘 남한강 (2평)2기,4000000
1251,남한강공원묘원(자연장),1251,사설,무관,"공원묘지, 수목장",공원묘지,공원묘지,,,,,4000000
1251,남한강공원묘원(자연장),1251,사설,무관,"공원묘지, 수목장",공원묘지,수목장,,,묘지사용료,3 m2 묘지사용료3.3 m2,215770000
1251,남한강공원묘원(자연장),1251,사설,무관,"공원묘지, 수목장",공원묘지,기타(관리비),,,관리비,3 m2 관리비 3.3 m2,2184000
1252,완도군추모공원 자연장지(수목·잔디),1252,공설,무관,수목장,"공원묘지, 봉안당, 수목장",수목장,,관내,,,7000000
1252,완도군추모공원 자연장지(수목·잔디),1252,공설,무관,수목장,"공원묘지, 봉안당, 수목장",수목장,,관외,,,11000000
1252,완도군추모공원 자연장지(수목·잔디),1252,공설,무관,수목장,"공원묘지, 봉안당, 수목장",수목장,가족단,,,,18000000
1253,대한불교조계종 계승사 극락원,1253,사설,불교,공원묘지,봉안당,기타,개인단,,표시석개인 또는 합동 표시석,년간 사용 표시석개인 또는 합동 표시석 15년간 사용,380000
1253,대한불교조계종 계승사 극락원,1253,사설,불교,공원묘지,봉안당,기타,,,사용료,기당 15년간 사용료 사용료1기당 15년간 사용료,8856460
1253,대한불교조계종 계승사 극락원,1253,사설,불교,공원묘지,봉안당,기타(관리비),,,관리비기당,"15년간 관리비, 관리비1기당",12360000
1254,예래원(자연장지),1254,사설,무관,수목장,공원묘지,수목장,개인단,,관리비(잔디장)1위,1년,200000
1254,예래원(자연장지),1254,사설,무관,수목장,공원묘지,수목장,개인단,,석물(잔디장개인형),1기,3700000
1254,예래원(자연장지),1254,사설,무관,수목장,공원묘지,수목장,개인단,,토지사용료,(잔디장)위1 (잔디장)1위1,21000000
1255,광릉 더 크레스트 자연장지,1255,사설,,"공원묘지, 수목장",수목장,공원묘지,,,안치비(매장)매장,안치비(매장)매장,3000000
1255,광릉 더 크레스트 자연장지,1255,사설,,"공원묘지, 수목장",수목장,수목장,개인단,,사용료인기준,사용료인기준,16200000
1255,광릉 더 크레스트 자연장지,1255,사설,,"공원묘지, 수목장",수목장,기타(관리비),개인단,,관리비인기준,"년, 관리비1인기준년",250000
1256,천주교태안교회 공원묘지,1256,사설,천주교,"공원묘지, 수목장",봉안당,공원묘지,,,묘비,"cm2500,000 묘비200cm2500,000",2500000
1256,천주교태안교회 공원묘지,1256,사설,천주교,"공원묘지, 수목장",봉안당,수목장,,,,,15000000
1256,천주교태안교회 공원묘지,1256,사설,천주교,"공원묘지, 수목장",봉안당,기타(관리비),,,관리비,년 관리비(평당) 관리비1년 관리비(평당),5000000
1257,양구봉안공원 자연장지,1257,사설,,수목장,"공원묘지, 수목장",수목장,,,자연장지 관리비,"관리비(선납) 년 x1회, 관리비(선납) 15년 x1회",750000
1257,양구봉안공원 자연장지,1257,사설,,수목장,"공원묘지, 수목장",수목장,개인단,관내,자연장지 사용료(관내)개인1기,(0.5㎡),1745000
1257,양구봉안공원 자연장지,1257,사설,,수목장,"공원묘지, 수목장",수목장,개인단,관외,자연장지 사용료,(관외)개인1기(0.5㎡),3490000
1258,홍천군추모공원 자연장지,1258,공설,,수목장,"공원묘지, 수목장",수목장,개인단,관내,사용료,(관내-국가유공자 및 배우자 수급자)40년(1위당),2500000
1258,홍천군추모공원 자연장지,1258,공설,,수목장,"공원묘지, 수목장",수목장,개인단,관내,,,5000000
1259,해인사 고불암수목장,1259,사설,불교,수목장,봉안당,수목장,,,산골장기1,산골장1기,10000000
1259,해인사 고불암수목장,1259,사설,불교,수목장,봉안당,수목장,,,수목장나무,수목장1나무,40000000
1259,해인사 고불암수목장,1259,사설,불교,수목장,봉안당,기타(관리비),,,평장묘 관리비,년 1년,5000000
1260,일월사추모공원(자연장지),1260,사설,무관,수목장,수목장,기타(관리비),,,C그룹 관리비,"년, 15년",5000000
1260,일월사추모공원(자연장지),1260,사설,무관,수목장,수목장,기타(관리비),,,B그룹년 관리비,B그룹15년 관리비,7500000
1260,일월사추모공원(자연장지),1260,사설,무관,수목장,수목장,기타(관리비),,,A그룹년 관리비,A그룹15년 관리비,10000000
1261,중대공원자연장지,1261,공설,무관,수목장,공원묘지,수목장,,,표지석,비용 1개 1,700000
1261,중대공원자연장지,1261,공설,무관,수목장,공원묘지,수목장,,관내,사용료(관내),"년 연장불가, 30년 연장불가, 관내비용",3000000
1261,중대공원자연장지,1261,공설,무관,수목장,공원묘지,수목장,,관외,사용료(관외),년 연장불가 관외비용 사용료(관외)30년 연장불가 관외비용,4500000
1262,길상사 수목장림,1262,사설,,수목장,수목장,수목장,개인단,,동반목,"(위)2,000,0001 동반목(1위)2,000,0001",20000000
1262,길상사 수목장림,1262,사설,,수목장,수목장,수목장,가족단,,가족목(위)관리비,년 / 5년 선납 가족목(위)관리비 년 / 5년 선납,60000000
1262,길상사 수목장림,1262,사설,,수목장,수목장,수목장,가족단,,가족목(위)관리비,년 / 5년 선납 가족목(위)관리비 년 / 5년 선납,120000000
1263,대원사추모공원 자연장지,1263,공설,,수목장,"수목장, 공원묘지",수목장,개인단,,평장 개인형 set,"개인형 부속석물일체작업비,각자비, 평장 개인형 set개인형 부속석물일체,작업비,각자비",50000000
1263,대원사추모공원 자연장지,1263,공설,,수목장,"수목장, 공원묘지",수목장,부부단,,부부형 봉안담*,관리비용: 부부단 년 관리비용: 부부단 5년,80000000
1263,대원사추모공원 자연장지,1263,공설,,수목장,"수목장, 공원묘지",기타(관리비),,,수목장 관리비,년당1 수목장 관리비1년당1,500000
1264,자연으로추모정원,1264,사설,무관,"봉안당, 수목장",공원묘지,봉안당,,,화훼산골장,"5x0.5m1,000,0001 화훼산골장0.5x0.5m1,000,0001",10000000
1264,자연으로추모정원,1264,사설,무관,"봉안당, 수목장",공원묘지,수목장,,,작은잔디장,5x0.5m,20000000
1264,자연으로추모정원,1264,사설,무관,"봉안당, 수목장",공원묘지,수목장,,,,,39000000
1265,고창푸른숲자연장,1265,공설,무관,수목장,수목장,수목장,,,잔디형 - 자연장 사용료사용료,관리비200천원(40년) 잔디형 - 자연장 사용료사용료 관리비200천원(40년),2500000
1265,고창푸른숲자연장,1265,공설,무관,수목장,수목장,수목장,,,수목형 - 자연장 사용료,"사용료천원, 관리비200천원(40년) 수목형 - 자연장 사용료사용료100천원, 관리비200천원(40년)",3000000
1265,고창푸른숲자연장,1265,공설,무관,수목장,수목장,수목장,,,정원형 - 자연장 사용료,"사용료천원, 관리비천원(40년)1 정원형 - 자연장 사용료사용료천원, 관리비천원(40년)1",3000000
1266,순천시립자연장지,1266,사설,무관,수목장,공원묘지,정보없음,,정보없음,정보없음,자동 추출 실패 (푸터 텍스트),
1266,순천시립자연장지,1266,사설,무관,수목장,공원묘지,수목장,,재추출(병합),보건복지부,"[30113] 세종특별자치시 도움4로 13, 10동 (어진동, 정부세종청사)",30113
1267,한국기독교장로회함평읍교회,1267,사설,기독교,공원묘지,봉안당,기타,,,사용료(보증금),"기당 30년에 (기간만료, 개장시 반환)1",10000000
1267,한국기독교장로회함평읍교회,1267,사설,기독교,공원묘지,봉안당,기타(관리비),,,관리비,1기당 년*30년1 관리비1기당 년*30년1,15000000
1268,약천사,1268,사설,불교,봉안당,봉안당,봉안당,가족단,,가족봉안탑,"기영구, 6기영구",150000000
1268,약천사,1268,사설,불교,봉안당,봉안당,기타(관리비),,,평장묘 관리비,년 1년,1000000
1269,은해사 자연장지,1269,사설,,수목장,공원묘지,수목장,,,안치비한그루,안치비한그루,50000000
1269,은해사 자연장지,1269,사설,,수목장,공원묘지,기타(관리비),,,납골당 관리비선납,"10년, 년",10000000
1270,월곳리 공설자연장지,1270,공설,무관,수목장,공원묘지,수목장,,관내,,,7500000
1270,월곳리 공설자연장지,1270,공설,무관,수목장,공원묘지,수목장,,관외,관외자기,15년 사용 / 2회까지 연장 관외자1기 / 15년 사용 / 2회까지 연장,15000000
1271,서귀포추모공원 자연장지,1271,공설,무관,수목장,공원묘지,수목장,,관내,관내년안장,,1000000
1271,서귀포추모공원 자연장지,1271,공설,무관,수목장,공원묘지,수목장,,관외,관외년안쟁,관외40년안쟁,2000000
1272,완주군 자연추모동산,1272,사설,기독교,봉안당,"봉안당, 공원묘지",정보없음,,정보없음,정보없음,자동 추출 실패 (푸터 텍스트),
1272,완주군 자연추모동산,1272,사설,기독교,봉안당,"봉안당, 공원묘지",봉안당,,재추출(병합),보건복지부,"[30113] 세종특별자치시 도움4로 13, 10동 (어진동, 정부세종청사)",30113
1272,완주군 자연추모동산,1272,사설,기독교,봉안당,"봉안당, 공원묘지",봉안당,,재추출(병합),주군에 6개월 이상 둔 자에 한함,,5000000
1273,이작리공설묘지 자연장지,1273,공설,무관,수목장,공원묘지,수목장,,관내,사용료관내(이작리)주민,사용료관내(이작리)주민1,600000
1273,이작리공설묘지 자연장지,1273,공설,무관,수목장,공원묘지,기타(관리비),,관내,관리비관내(이작리)주민,,300000
1274,선재리공설묘지 자연장지,1274,공설,무관,수목장,공원묘지,수목장,,관내,사용료관내(선재리)주민,,600000
1274,선재리공설묘지 자연장지,1274,공설,무관,수목장,공원묘지,기타(관리비),,관내,관리비관내(선재리)주민,관리비관내(선재리)주민,300000
1275,장봉리공설묘지 자연장지,1275,공설,무관,수목장,공원묘지,수목장,,관내,사용료관내(장봉리)주민,,600000
1275,장봉리공설묘지 자연장지,1275,공설,무관,수목장,공원묘지,기타(관리비),,관내,관리비관내(장봉리)주민,관리비관내(장봉리)주민,300000
1276,오룡군립묘원 자연장지,1276,사설,무관,수목장,공원묘지,기타(관리비),개인단,관내,개인장,"(관내사용료 및 관리비)40년 이용, 연장불가",4000000
1276,오룡군립묘원 자연장지,1276,사설,무관,수목장,공원묘지,기타(관리비),개인단,관외,개인장(관외사용료 및 관리비),"40년 이용, 연장불가 개인장(관외,사용료 및 관리비) 40년 이용, 연장불가",10000000
1277,남원시추모공원(자연장지),1277,공설,무관,수목장,공원묘지,수목장,,,유택동산,사용료,200000
1277,남원시추모공원(자연장지),1277,공설,무관,수목장,공원묘지,수목장,,,"잔디장 수목장, 화단장","잔디장, 수목장, 화단장40년",5000000
1278,춘천안식공원 잔디장,1278,공설,무관,공원묘지,공원묘지,공원묘지,,,단장사용료,"(30년), 관리비 (30년), 매장비, 석물비",4309400
1278,춘천안식공원 잔디장,1278,공설,무관,공원묘지,공원묘지,공원묘지,,,합장사용료,"(30년) , 관리비 : (30년), 매장비 : 석물비 : ",8618800
1279,무장녹두숲자연장,1279,공설,무관,수목장,"봉안당, 공원묘지",수목장,,,잔디형 - 자연장,사용료 + 관리비 ( 40년 ),2500000
1279,무장녹두숲자연장,1279,공설,무관,수목장,"봉안당, 공원묘지",수목장,,,수목형 - 자연장 사용료,"사용료, 관리비 (40년)",3000000
1280,무주추모의집(자연장),1280,공설,무관,수목장,공원묘지,수목장,,관내,관내구당,45년(사용연장없음) 관내1구당/45년(사용연장없음),4500000
1280,무주추모의집(자연장),1280,공설,무관,수목장,공원묘지,수목장,,관외,관외구당,"45년(사용연장없음), 관외1구당",12000000
1281,삼광사추모공원 자연장지,1281,공설,,수목장,공원묘지,수목장,,,반송(소나무),그루,40000000
1282,경신하늘뜰공원 자연장지,1282,공설,무관,수목장,"봉안당, 공원묘지",수목장,,관내,관내 연장불가,"석물,잔디 등 실비 사용자부담 관내 연장불가, 석물,잔디 등 실비 사용자부담",4000000
1282,경신하늘뜰공원 자연장지,1282,공설,무관,수목장,"봉안당, 공원묘지",수목장,,관외,관외 연장불가,"석물,잔디 등 실비 사용자 부담, 관외 연장불가, 석물,잔디 등 실비 사용자 부담",6000000
1283,이천시립 자연장지,1283,공설,무관,수목장,"봉안당, 공원묘지",수목장,개인단,관내,관내-개인사용기간,"년, 50년",3000000
1283,이천시립 자연장지,1283,공설,무관,수목장,"봉안당, 공원묘지",수목장,개인단,관외,관외-개인사용기간,"50년, 년",4500000
1284,여수시영락공원 자연장지(수목·잔디),1284,사설,기독교,공원묘지,공원묘지,공원묘지,,관내,묘지기당,0.23㎡/40년일반시민,3200000
1284,여수시영락공원 자연장지(수목·잔디),1284,사설,기독교,공원묘지,공원묘지,공원묘지,,,,,4800000
1285,정왕공설자연장지,1285,공설,무관,수목장,공원묘지,수목장,개인단,,사용료및관리비자연장지(개인/잔디형),사용료및관리비자연장지(개인/잔디형),3000000
1285,정왕공설자연장지,1285,공설,무관,수목장,공원묘지,수목장,부부단,,사용료및관리비자연장지(부부/관목형),사용료및관리비자연장지(부부/관목형),6000000
1286,서산시 희망공원(자연장지),1286,공설,무관,수목장,"공원묘지, 수목장",수목장,개인단,관내,관내-개인,년 관내-개인45년,4500000
1286,서산시 희망공원(자연장지),1286,공설,무관,수목장,"공원묘지, 수목장",수목장,부부단,관내,,,6000000
1287,(재)효원가족공원 자연장지,1287,사설,무관,수목장,"봉안당, 공원묘지",수목장,,,잔디장 관리비매장후,년 잔디장 관리비매장후 30년,6000000
1287,(재)효원가족공원 자연장지,1287,사설,무관,수목장,"봉안당, 공원묘지",수목장,,,잔디장매장후,"년, 30년",20000000
1288,동해시하늘정원자연장지,1288,공설,무관,수목장,공원묘지,수목장,,관내,자연장 사용료 및 관리비(단장)관내,"사용료, 관리비, 매장비, 석물비",4100000
1288,동해시하늘정원자연장지,1288,공설,무관,수목장,공원묘지,수목장,,관내,자연장 사용료 및 관리비(합장)관내,"사용료, 관리비, 매장비, 석물비",5200000
1289,연평리공설묘지 자연장지,1289,공설,무관,수목장,공원묘지,수목장,,관내,사용료관내(연평리)주민,사용료관내(연평리)주민,600000
1289,연평리공설묘지 자연장지,1289,공설,무관,수목장,공원묘지,기타(관리비),,관내,관리비관내(연평리)주민,관리비관내(연평리)주민,300000
1290,영모묘원 자연장지,1290,사설,불교,수목장,"봉안당, 공원묘지",수목장,,,자연장,자연장30,3015000000
1291,화천공원묘원 자연장지,1291,사설,,수목장,공원묘지,수목장,,관내,잔디형(관내),년 이용 3회 연장가능 잔디형(관내)15년 이용 3회 연장가능,858000
1292,구례군 공설자연장지,1292,공설,무관,수목장,공원묘지,수목장,,,,,3000000
1293,익산하늘공원자연장지,1293,사설,,수목장,"봉안당, 공원묘지",수목장,,,잔디장,구45년사용 1구45년사용,3500000
1294,명성교회 자연장지,1294,미분류,기독교,수목장,"{
  ""type"": """", 
  ""reason"": ""이미지에는 봉안당, 공원묘지, 수목장으로 분류할 수 있는 어떠한 시설도 보이지 않습니다. 대신 푸른 하늘과 산, 들판이 주로 나타나 있어 자연 경관만을 확인할 수 있습니다.""
}",정보없음,,정보없음,정보없음,자동 추출 실패 (푸터 텍스트),
1295,웅양공설공원묘지,1295,공설,무관,공원묘지,공원묘지,공원묘지,,관내,공설공원묘지 관리비,이용자격:해당면 주민 사용기간:년 공설공원묘지 관리비이용자격:해당면 주민 사용기간:년,2000000
1295,웅양공설공원묘지,1295,공설,무관,공원묘지,공원묘지,공원묘지,,관내,공설공원묘지 사용료,이용자격:해당면 주민 사용기간:년 공설공원묘지 사용료이용자격:해당면 주민 사용기간:15년,3000000
1296,장수암 자연장지,1296,사설,불교,수목장,"I need more images to perform the analysis. The provided image shows a temple-like structure with a scenic view and manicured gardens, but no clear burial or funeral facilities are visible that fit the specified categories ('공원묘지', '봉안당', '수목장'). Please provide additional images that show these specific elements for an accurate analysis.",수목장,,,자연장지,(평생)년 관리비 (30.000원)1 자연장지 (평생)1년 관리비 (30.000원)1,30000000
1297,광주영락공원 청마루동산,1297,사설,기독교,수목장,공원묘지,수목장,개인단,,청마루동산(자연장),위(45년)1위(45년),3480000
1298,대한예수교장로회 함평교회,1298,사설,기독교,공원묘지,봉안당,기타,,,기 안장,10년 1기 안장 10년,10000000
1299,청솔공원 자연장지,1299,공설,무관,수목장,"봉안당, 공원묘지, 수목장",기타(관리비),,,단장사용료,"만원, 관리비(30년) : 만6천원, 개별표지석 : 만원276,0001 단장사용료 : 만원, 관리비(30년) : 만6천원, 개별표지석 : 만원276,0001",2760000
1300,남부권공설묘지자연장지,1300,공설,무관,수목장,공원묘지,수목장,개인단,,자연장지,"위사용료 ,관리비 잔디값 자연장지 위사용료 ,관리비 잔디값",2572000
1301,대한불교조계종 남지장사,1301,사설,불교,공원묘지,"수목장, 공원묘지, 봉안당",기타,개인단,,,,30000000
1302,충현공원 자연장지,1302,사설,기독교,수목장,"공원묘지, 수목장",정보없음,,정보없음,정보없음 자동 추출 실패,푸터 텍스트,
1303,내촌공설자연장지,1303,공설,무관,수목장,"봉안당, 수목장, 공원묘지",기타(관리비),,관내,사용료 및 관리비 사용기간,"년(연장불가, 관내), 30년(연장불가, 관내)",4000000
1304,목포중앙교회 자연장지,1304,미분류,기독교,수목장,공원묘지,정보없음,,정보없음,정보없음,자동 추출 실패 (푸터 텍스트),
1305,반포교회 수목장림,1305,미분류,기독교,수목장,N/A,정보없음,,정보없음,정보없음,자동 추출 실패 (푸터 텍스트),
1306,(재)우성공원묘원 자연장지,1306,미분류,,수목장,공원묘지,정보없음,,정보없음,정보없음,자동 추출 실패 (푸터 텍스트),
1307,완도안디옥교회 자연장지,1307,미분류,기독교,수목장,"{
  ""type"": """",
  ""reason"": ""이미지에서 묘지, 봉안당, 수목장 등 장례 시설의 특징을 발견할 수 없습니다. 건물은 교회로 보입니다.""
}",정보없음,,정보없음,,,
1308,신월공설자연장지,1308,공설,무관,수목장,공원묘지,정보없음,,정보없음,정보없음,자동 추출 실패 (푸터 텍스트),
1309,기쁜소식한밭교회 자연장지,1309,미분류,기독교,수목장,봉안당,정보없음,,정보없음,정보없음 자동 추출 실패,푸터 텍스트,
1310,중흥교회복지선교회,1310,미분류,기독교,공원묘지,봉안당,정보없음,,정보없음,정보없음,자동 추출 실패 (푸터 텍스트),
1311,새소명교회동산,1311,미분류,기독교,공원묘지,"수목장, 공원묘지",정보없음,,정보없음,정보없음,자동 추출 실패 (푸터 텍스트),
1312,소망수양관 자연장지,1312,미분류,기독교,수목장,"봉안당, 공원묘지",정보없음,,정보없음,정보없음,자동 추출 실패 (푸터 텍스트),
1313,올리베따노성베네딕도수도회,1313,미분류,,공원묘지,봉안당,정보없음,,정보없음,정보없음,자동 추출 실패 (푸터 텍스트),
1314,대한불교조계종세심사 상락향수목장림,1314,미분류,불교,수목장,공원묘지,정보없음,,정보없음,정보없음,자동 추출 실패 (푸터 텍스트),
1315,휴안추모공원,1315,미분류,,봉안당,공원묘지,정보없음,,정보없음,정보없음,자동 추출 실패 (푸터 텍스트),
1316,대한불교금오종,1316,미분류,불교,공원묘지,수목장,정보없음,,정보없음,정보없음,자동 추출 실패 (푸터 텍스트),
1317,원주중부교회자연장지,1317,미분류,기독교,수목장,봉안당,정보없음,,정보없음,정보없음,자동 추출 실패 (푸터 텍스트),
1318,저높은교회 자연장지,1318,미분류,기독교,수목장,수목장,정보없음,,정보없음,정보없음 자동 추출 실패,푸터 텍스트,
1319,중흥교회 자연장(남서울가족공원),1319,미분류,기독교,수목장,"수목장, 공원묘지",정보없음,,정보없음,정보없음,자동 추출 실패 (푸터 텍스트),
1320,함평중앙교회 부활동산,1320,미분류,기독교,공원묘지,,정보없음,,정보없음,,,
1321,실상산문종실상선원자연장,1321,미분류,불교,수목장,공원묘지,정보없음,,정보없음,정보없음,자동 추출 실패 (푸터 텍스트),
1322,수원제일교회 자연장지,1322,미분류,기독교,수목장,봉안당,정보없음,,정보없음,정보없음,자동 추출 실패 (푸터 텍스트),
1323,성요셉공원 자연장지,1323,미분류,천주교,수목장,공원묘지,정보없음,,정보없음,정보없음,자동 추출 실패 (푸터 텍스트),
1324,고사자연장지,1324,미분류,,수목장,공원묘지,정보없음,,정보없음,정보없음 자동 추출 실패,푸터 텍스트,
1325,이동무림삼자자연장지,1325,미분류,,수목장,공원묘지,정보없음,,정보없음,정보없음,자동 추출 실패 (푸터 텍스트),
1326,지구촌교회 자연장지,1326,미분류,기독교,수목장,공원묘지,정보없음,,정보없음,정보없음,자동 추출 실패 (푸터 텍스트),
1327,일승종개원사 수목장림,1327,미분류,,수목장,공원묘지,정보없음,,정보없음,정보없음,자동 추출 실패 (푸터 텍스트),
1328,용미리 제1묘지 자연장지,1328,미분류,,수목장,수목장,정보없음,,정보없음,정보없음 자동 추출 실패,푸터 텍스트,
1329,일승종개원사 자연장지,1329,미분류,,수목장,공원묘지,정보없음,,정보없음,정보없음,자동 추출 실패 (푸터 텍스트),
1330,천불사 수목장,1330,미분류,불교,수목장,공원묘지,정보없음,,정보없음,정보없음,자동 추출 실패 (푸터 텍스트),
1331,일심정사 수목장림,1331,미분류,불교,수목장,"{
  ""type"": """", 
  ""reason"": ""이미지에서 묘지 또는 장례 시설의 특정 유형을 식별할 수 있는 시각적 요소가 없습니다. 길과 나무만 보입니다.""
}",정보없음,,정보없음,정보없음,자동 추출 실패 (푸터 텍스트),
1332,횡성군공설자연장지,1332,공설,무관,수목장,공원묘지,정보없음,,정보없음,정보없음,자동 추출 실패 (푸터 텍스트),
1333,홍연암 자연장지,1333,미분류,불교,수목장,공원묘지,정보없음,,정보없음,정보없음,자동 추출 실패 (푸터 텍스트),
1334,장흥공설자연장지,1334,공설,무관,수목장,공원묘지,정보없음,,정보없음,정보없음,자동 추출 실패 (푸터 텍스트),
1335,성공사 수목장림,1335,미분류,,수목장,공원묘지,정보없음,,정보없음,정보없음,자동 추출 실패 (푸터 텍스트),
1336,순창성당자연장지,1336,미분류,천주교,수목장,공원묘지,정보없음,,정보없음,정보없음,자동 추출 실패 (푸터 텍스트),
1337,재단법인북한강공원 자연장지,1337,미분류,,수목장,"봉안당, 공원묘지",정보없음,,정보없음,,,
1338,기독교대한감리회전곡교회,1338,미분류,기독교,공원묘지,N/A,정보없음,,정보없음,정보없음 자동 추출 실패,푸터 텍스트,
1339,수향사 추모공원,1339,미분류,,봉안당,봉안당,정보없음,,정보없음,정보없음,자동 추출 실패 (푸터 텍스트),
1340,용강별숲공원(구 동부공설묘지),1340,공설,무관,공원묘지,"봉안당, 수목장",정보없음,,정보없음,정보없음 자동 추출 실패,푸터 텍스트,
1341,원산교회 자연장지,1341,미분류,기독교,수목장,공원묘지,정보없음,,정보없음,정보없음,자동 추출 실패 (푸터 텍스트),
1342,금광추모동산,1342,미분류,기독교,봉안당,공원묘지,정보없음,,정보없음,,,
1343,결초보은 추모공원(자연장지),1343,미분류,,수목장,공원묘지,정보없음,,정보없음,정보없음,자동 추출 실패 (푸터 텍스트),
1344,남원동북교회 자연장지,1344,미분류,기독교,수목장,수목장,정보없음,,정보없음,정보없음,자동 추출 실패 (푸터 텍스트),
1345,경인침례교회 자연장지,1345,미분류,기독교,수목장,공원묘지,정보없음,,정보없음,정보없음,자동 추출 실패 (푸터 텍스트),
1346,팔봉사 더유일추모공원,1346,미분류,,봉안당,"봉안당, 공원묘지",정보없음,,정보없음,,,
1347,신세계공원(자연장),1347,사설,무관,수목장,공원묘지,정보없음,,정보없음,,,
1348,천주교인보성체수도회,1348,미분류,천주교,공원묘지,봉안당,정보없음,,정보없음,정보없음,자동 추출 실패 (푸터 텍스트),
1349,사랑의빛교회 천제모동산,1349,미분류,기독교,공원묘지,봉안당,정보없음,,정보없음,정보없음,자동 추출 실패 (푸터 텍스트),
1350,(사)씨앤에이미션 자연장지,1350,미분류,,수목장,공원묘지,정보없음,,정보없음,정보없음,자동 추출 실패 (푸터 텍스트),
1351,도심리교회 하늘로공원,1351,미분류,기독교,공원묘지,"봉안당, 공원묘지",정보없음,,정보없음,,,
1352,성도장로교회 자연장지,1352,미분류,기독교,수목장,공원묘지,정보없음,,정보없음,정보없음,자동 추출 실패 (푸터 텍스트),
1353,재단법인 아너스홈,1353,사설,,공원묘지,공원묘지,공원묘지,,,관리비(평)합장가능,평당 년,800000
1353,재단법인 아너스홈,1353,사설,,공원묘지,공원묘지,공원묘지,,,관리비(평)합장가능,평당 년,960000
1353,재단법인 아너스홈,1353,사설,,공원묘지,공원묘지,공원묘지,,,사용료(평)합장가능,평당,24500000
1353,재단법인 아너스홈,1353,사설,,공원묘지,공원묘지,공원묘지,,,사용료(평)합장가능,평당 49만원 사용료(6평)합장가능 평당 49만원,29400000
1354,대구남덕교회부활동산,1354,미분류,기독교,공원묘지,공원묘지,정보없음,,정보없음,정보없음,자동 추출 실패 (푸터 텍스트),
1355,옥천성당요셉공원,1355,미분류,천주교,공원묘지,I cannot analyze images. I am a text-based AI.,정보없음,,정보없음,정보없음,자동 추출 실패 (푸터 텍스트),
1356,(재)영락교회공원묘원 자연장지,1356,미분류,기독교,수목장,공원묘지,정보없음,,정보없음,정보없음 자동 추출 실패,푸터 텍스트,
1357,진주대광교회 자연장지,1357,사설,기독교,수목장,봉안당,정보없음,,정보없음,정보없음,자동 추출 실패 (푸터 텍스트),
1358,강화해누리공원,1358,공설,무관,공원묘지,공원묘지,정보없음,,정보없음,정보없음,자동 추출 실패 (푸터 텍스트),
1359,진천군 자연장지,1359,미분류,,수목장,"공원묘지, 수목장",정보없음,,정보없음,정보없음,자동 추출 실패 (푸터 텍스트),
1360,합동다산교회 자연장지,1360,미분류,기독교,수목장,공원묘지,정보없음,,정보없음,정보없음,자동 추출 실패 (푸터 텍스트),
1361,남도광역추모공원(자연장),1361,공설,무관,수목장,공원묘지,정보없음,,정보없음,정보없음,자동 추출 실패 (푸터 텍스트),
1362,가평추모공원(자연장지),1362,공설,무관,수목장,공원묘지,정보없음,,정보없음,정보없음,자동 추출 실패 (푸터 텍스트),
1363,성산읍공설자연장지,1363,공설,무관,수목장,공원묘지,정보없음,,정보없음,정보없음,자동 추출 실패 (푸터 텍스트),
1364,목련공원묘원 자연장지,1364,미분류,,수목장,공원묘지,정보없음,,정보없음,정보없음,자동 추출 실패 (푸터 텍스트),
1365,(재)남양공원묘원 자연장지,1365,미분류,,수목장,"봉안당, 공원묘지",정보없음,,정보없음,정보없음,자동 추출 실패 (푸터 텍스트),
1366,(재)영호추모공원 매화동산,1366,미분류,기독교,봉안당,공원묘지,정보없음,,정보없음,,,
1367,제주영락동산,1367,사설,무관,봉안당,공원묘지,정보없음,,정보없음,정보없음 자동 추출 실패,푸터 텍스트,
1368,여여정사 수목장,1368,사설,불교,수목장,공원묘지,정보없음,,정보없음,정보없음 자동 추출 실패,푸터 텍스트,
1369,진주제일교회 수목장,1369,사설,기독교,수목장,공원묘지,정보없음,,정보없음,정보없음,자동 추출 실패 (푸터 텍스트),
1370,개원추모공원 수목장림,1370,미분류,,수목장,공원묘지,정보없음,,정보없음,정보없음,자동 추출 실패 (푸터 텍스트),
1371,원진사지장회수목장,1371,사설,무관,수목장,봉안당,정보없음,,정보없음,정보없음,자동 추출 실패 (푸터 텍스트),
1372,선불교자연장지,1372,사설,불교,수목장,"봉안당, 공원묘지",정보없음,,정보없음,정보없음,자동 추출 실패 (푸터 텍스트),
1373,정음사원추모관,1373,사설,불교,봉안당,"봉안당, 공원묘지",정보없음,,정보없음,정보없음 자동 추출 실패,푸터 텍스트,
1374,원주제일교회 자연장지,1374,사설,기독교,수목장,봉안당,정보없음,,정보없음,정보없음,자동 추출 실패 (푸터 텍스트),
1375,사모보궁자연장,1375,사설,무관,수목장,"공원묘지, 수목장",정보없음,,정보없음,정보없음,자동 추출 실패 (푸터 텍스트),
1376,오봉사 수목장림,1376,사설,불교,수목장,공원묘지,정보없음,,정보없음,정보없음,자동 추출 실패 (푸터 텍스트),
1377,대원정사 자연장지,1377,사설,불교,수목장,봉안당,정보없음,,정보없음,정보없음 자동 추출 실패,푸터 텍스트,
1378,선연사 자연장지,1378,미분류,,수목장,공원묘지,정보없음,,정보없음,정보없음,자동 추출 실패 (푸터 텍스트),
1379,하이패밀리 자연장지,1379,사설,무관,수목장,"봉안당, 수목장",정보없음,,정보없음,정보없음,자동 추출 실패 (푸터 텍스트),
1380,갈월사 자연장지,1380,사설,불교,수목장,"공원묘지, 수목장",정보없음,,정보없음,정보없음,자동 추출 실패 (푸터 텍스트),
1381,김포문수산수목장,1381,사설,무관,수목장,수목장,정보없음,,정보없음,정보없음,자동 추출 실패 (푸터 텍스트),
1382,살렘전원그리스도의교회자연장지,1382,사설,무관,수목장,공원묘지,정보없음,,정보없음,정보없음,자동 추출 실패 (푸터 텍스트),
1383,동화추모공원,1383,사설,무관,봉안당,봉안당,정보없음,,정보없음,정보없음,자동 추출 실패 (푸터 텍스트),
1384,성모자애공원,1384,사설,천주교,공원묘지,N/A,정보없음,,정보없음,,,
1385,용주사 자연장지,1385,사설,불교,수목장,공원묘지,정보없음,,정보없음,정보없음,자동 추출 실패 (푸터 텍스트),
1386,무궁화공원묘원(자연장지),1386,사설,무관,수목장,공원묘지,정보없음,,정보없음,정보없음,자동 추출 실패 (푸터 텍스트),
1387,시냇가푸른나무교회수목장림,1387,사설,기독교,수목장,봉안당,정보없음,,정보없음,정보없음,자동 추출 실패 (푸터 텍스트),
1388,목포남부교회 남부소망동산,1388,사설,기독교,공원묘지,N/A,정보없음,,정보없음,정보없음,자동 추출 실패 (푸터 텍스트),
1389,대성교회 자연장지,1389,미분류,기독교,수목장,I am unable to analyze the image as it does not appear to be a burial or funeral facility. The image shows a building resembling a church with two steeples.,정보없음,,정보없음,정보없음,자동 추출 실패 (푸터 텍스트),
1390,영은교회 자연장지(수목장림),1390,미분류,기독교,수목장,봉안당,정보없음,,정보없음,,,
1391,영은교회 자연장지(수목장),1391,미분류,기독교,수목장,수목장,정보없음,,정보없음,정보없음,자동 추출 실패 (푸터 텍스트),
1392,대한불교조계종 대원사,1392,미분류,불교,공원묘지,봉안당,정보없음,,정보없음,정보없음,자동 추출 실패 (푸터 텍스트),
1393,(재)성모성심수도회 자연장지,1393,미분류,천주교,수목장,봉안당,정보없음,,정보없음,정보없음,자동 추출 실패 (푸터 텍스트),
1394,대호지공설묘지(자연장),1394,공설,무관,수목장,공원묘지,정보없음,,정보없음,정보없음,자동 추출 실패 (푸터 텍스트),
1395,대구시립공원묘지(자연장),1395,공설,무관,수목장,공원묘지,정보없음,,정보없음,정보없음,자동 추출 실패 (푸터 텍스트),
1396,망월묘지공원(자연장),1396,공설,무관,수목장,공원묘지,정보없음,,정보없음,정보없음,자동 추출 실패 (푸터 텍스트),
1397,아산시공설자연장지,1397,미분류,,수목장,공원묘지,정보없음,,정보없음,,,
1398,사랑하는 우리교회 자연장지,1398,미분류,기독교,수목장,공원묘지,정보없음,,정보없음,정보없음,자동 추출 실패 (푸터 텍스트),
1399,죽림사 자연장지,1399,미분류,,수목장,"공원묘지, 수목장",정보없음,,정보없음,정보없음,자동 추출 실패 (푸터 텍스트),
1400,국립기억의숲,1400,미분류,,수목장,수목장,정보없음,,정보없음,정보없음,자동 추출 실패 (푸터 텍스트),
1401,성아우구스띠노수도회 자연장지,1401,미분류,,수목장,봉안당,정보없음,,정보없음,정보없음,자동 추출 실패 (푸터 텍스트),
1402,세종수목장,1402,사설,무관,수목장,"공원묘지, 수목장",정보없음,,정보없음,정보없음,자동 추출 실패 (푸터 텍스트),
1403,무일선원 수목장림,1403,사설,불교,수목장,"봉안당, 공원묘지",정보없음,,정보없음,정보없음,자동 추출 실패 (푸터 텍스트),
1404,화성나래원 수목장,1404,미분류,,수목장,봉안당,정보없음,,정보없음,정보없음,자동 추출 실패 (푸터 텍스트),
1405,옥천군공설자연장지,1405,공설,무관,수목장,공원묘지,정보없음,,정보없음,정보없음,자동 추출 실패 (푸터 텍스트),
1406,청솔수목장,1406,사설,기독교,수목장,공원묘지,정보없음,,정보없음,정보없음 자동 추출 실패,푸터 텍스트,
1407,(주)광림공원 동산공원묘원(자연장),1407,미분류,기독교,수목장,공원묘지,정보없음,,정보없음,정보없음,자동 추출 실패 (푸터 텍스트),
1408,다래원자연장지,1408,사설,무관,수목장,수목장,정보없음,,정보없음,정보없음,자동 추출 실패 (푸터 텍스트),
1409,재단법인 효심추모관 자연장지,1409,미분류,,수목장,봉안당,정보없음,,정보없음,정보없음 자동 추출 실패,푸터 텍스트,
1410,샘물호스피스 자연장지,1410,사설,기독교,수목장,봉안당,정보없음,,정보없음,정보없음,자동 추출 실패 (푸터 텍스트),
1411,동서울교회 자연장지,1411,미분류,기독교,수목장,봉안당,정보없음,,정보없음,정보없음,자동 추출 실패 (푸터 텍스트),
1412,보령시모란공원 자연장,1412,미분류,,수목장,"봉안당, 공원묘지",정보없음,,정보없음,정보없음,자동 추출 실패 (푸터 텍스트),
1413,압해중앙동산,1413,사설,무관,공원묘지,봉안당,정보없음,,정보없음,정보없음 자동 추출 실패,푸터 텍스트,
1414,향천사 수목장,1414,미분류,,수목장,봉안당,정보없음,,정보없음,정보없음,자동 추출 실패 (푸터 텍스트),
1415,(재)아름다운 청계공원 자연장지,1415,미분류,,수목장,공원묘지,정보없음,,정보없음,정보없음,자동 추출 실패 (푸터 텍스트),
1416,기독교대한감리회 애향숙,1416,사설,기독교,공원묘지,"봉안당, 공원묘지, 수목장",정보없음,,정보없음,정보없음,자동 추출 실패 (푸터 텍스트),
1417,천주교 김천공원묘원,1417,미분류,천주교,공원묘지,"공원묘지, 수목장",정보없음,,정보없음,정보없음,자동 추출 실패 (푸터 텍스트),
1418,천주교 서천 자연장지,1418,미분류,천주교,수목장,공원묘지,정보없음,,정보없음,정보없음,자동 추출 실패 (푸터 텍스트),
1419,푸른바다장,1419,미분류,,공원묘지,"봉안당, 수목장, 공원묘지",정보없음,,정보없음,정보없음,자동 추출 실패 (푸터 텍스트),
1420,보배숲추모공원(군립),1420,공설,무관,봉안당,"봉안당, 공원묘지",정보없음,,정보없음,,,
1421,용천바다,1421,미분류,,공원묘지,"봉안당, 공원묘지",정보없음,,정보없음,정보없음,자동 추출 실패 (푸터 텍스트),
1422,베다니수목장,1422,미분류,,수목장,"봉안당, 공원묘지, 수목장",정보없음,,정보없음,정보없음,자동 추출 실패 (푸터 텍스트),
1423,(사)바울선교회 자연장지,1423,미분류,기독교,수목장,"봉안당, 수목장, 공원묘지",정보없음,,정보없음,정보없음,자동 추출 실패 (푸터 텍스트),
1424,평안교회 자연장지,1424,미분류,기독교,수목장,"봉안당, 공원묘지",정보없음,,정보없음,정보없음,자동 추출 실패 (푸터 텍스트),
1425,하늘바다해양장,1425,미분류,,공원묘지,봉안당,정보없음,,정보없음,정보없음,자동 추출 실패 (푸터 텍스트),
1426,영월중앙감리교회 자연장지,1426,미분류,기독교,수목장,"봉안당, 공원묘지",정보없음,,정보없음,정보없음,자동 추출 실패 (푸터 텍스트),
1427,늘푸른교회,1427,미분류,기독교,공원묘지,"봉안당, 공원묘지",정보없음,,정보없음,,,
1428,사단법인 한국불교태고종금강사,1428,미분류,불교,공원묘지,"공원묘지, 봉안당",정보없음,,정보없음,한국장례문화진흥원,"[04552] 서울특별시 중구 수표로 23 인농빌딩 7층, TEL : 1577-4129, FAX : 02-6919-",
1430,분당소망교회 자연장지,1430,미분류,기독교,수목장,"봉안당, 수목장, 공원묘지",정보없음,,정보없음,,,
1431,원각사 자연장지,1431,미분류,,수목장,"봉안당, 공원묘지, 수목장",정보없음,,정보없음,정보없음,자동 추출 실패 (푸터 텍스트),
1432,삼사교회 자연장지,1432,미분류,기독교,수목장,"봉안당, 수목장, 공원묘지",정보없음,,정보없음,,,
1433,(재)신세계공원묘원(자연장지),1433,미분류,,수목장,"봉안당, 공원묘지, 수목장",정보없음,,정보없음,한국장례문화진흥원,"[04552] 서울특별시 중구 수표로 23 인농빌딩 7층, TEL : 1577-4129, FAX : 02-6919- 한국장례문화진흥원 [04552] 서울특별시 중구 수표로 23 인농빌딩 7층, TEL : 1577-4129, FAX : 02-6919-",
1435,함양공설자연장지,1435,미분류,,수목장,"봉안당, 공원묘지",정보없음,,정보없음,정보없음 자동 추출 실패,푸터 텍스트,
1436,석화사 자연장지,1436,미분류,,수목장,"봉안당, 공원묘지",정보없음,,정보없음,한국장례문화진흥원,"[04552] 서울특별시 중구 수표로 23 인농빌딩 7층, TEL : 1577-4129, FAX : 02-6919- 한국장례문화진흥원 [04552] 서울특별시 중구 수표로 23 인농빌딩 7층, TEL : 1577-4129, FAX : 02-6919-1475",
1437,포항시우현화장장,1437,사설,,공원묘지,봉안당,공원묘지,,관내,화장 이용료,개장유골-국립묘지안치대상배우자(인접/준관내) 화장 이용료개장유골-국립묘지안치대상배우자(인접/준관내),300000
1437,포항시우현화장장,1437,사설,,공원묘지,봉안당,공원묘지,,관내,화장 이용료일반(대인),국립묘지안치대상배우자(관내) 화장 이용료일반(대인)-국립묘지안치대상배우자(관내),500000
1437,포항시우현화장장,1437,사설,,공원묘지,봉안당,공원묘지,,관내,화장 이용료일반(대인),국립묘지안치대상배우자(인접/준관내) 화장 이용료일반(대인)-국립묘지안치대상배우자(인접/준관내),500000
1437,포항시우현화장장,1437,사설,,공원묘지,봉안당,공원묘지,,관외,화장 이용료개장유골,국립묘지안치대상배우자(관외),2400000
1437,포항시우현화장장,1437,사설,,공원묘지,봉안당,공원묘지,,관외,화장 이용료일반(대인),국립묘지안치대상배우자(관외),4000000
1437,포항시우현화장장,1437,사설,,공원묘지,봉안당,기타,,관내,화장 이용료죽은태아-일반(관내),화장 이용료죽은태아-일반(관내),200000
1437,포항시우현화장장,1437,사설,,공원묘지,봉안당,기타,,관내,화장 이용료죽은태아-일반,(인접/준관내) 화장 이용료죽은태아-일반(인접/준관내),200000
1437,포항시우현화장장,1437,사설,,공원묘지,봉안당,기타,,관내,화장 이용료개장유골-일반(관내),화장 이용료개장유골-일반(관내),300000
1437,포항시우현화장장,1437,사설,,공원묘지,봉안당,기타,,관내,화장 이용료개장유골-일반,(인접/준관내),300000
1437,포항시우현화장장,1437,사설,,공원묘지,봉안당,기타,,관내,화장 이용료개장유골-국민기초생활보장수급자(관내),화장 이용료개장유골-국민기초생활보장수급자(관내),300000
1437,포항시우현화장장,1437,사설,,공원묘지,봉안당,기타,,관내,화장 이용료개장유골-국가유공자(관내),화장 이용료개장유골-국가유공자(관내),300000
1437,포항시우현화장장,1437,사설,,공원묘지,봉안당,기타,,관내,화장 이용료개장유골-보훈대상자(관내),화장 이용료개장유골-보훈대상자(관내),300000
1437,포항시우현화장장,1437,사설,,공원묘지,봉안당,기타,,관내,화장 이용료,개장유골-국가유공예우자(관내),300000
1437,포항시우현화장장,1437,사설,,공원묘지,봉안당,기타,,관내,화장 이용료개장유골-국가유공배우자(인접/준관내),화장 이용료개장유골-국가유공배우자(인접/준관내),300000
1437,포항시우현화장장,1437,사설,,공원묘지,봉안당,기타,,관내,,,300000
1437,포항시우현화장장,1437,사설,,공원묘지,봉안당,기타,,관내,화장 이용료일반(소인)-일반(관내),화장 이용료일반(소인)-일반(관내),400000
1437,포항시우현화장장,1437,사설,,공원묘지,봉안당,기타,,관내,화장 이용료일반(소인)-일반(인접/준관내),화장 이용료일반(소인)-일반(인접/준관내),400000
1437,포항시우현화장장,1437,사설,,공원묘지,봉안당,기타,,관내,화장 이용료행려(소인)-일반(관내),화장 이용료행려(소인)-일반(관내),400000
1437,포항시우현화장장,1437,사설,,공원묘지,봉안당,기타,,관내,화장 이용료행려(소인),일반(인접/준관내) 화장 이용료행려(소인)-일반(인접/준관내),400000
1437,포항시우현화장장,1437,사설,,공원묘지,봉안당,기타,,관내,화장 이용료일반(대인),일반(관내) 화장 이용료일반(대인)-일반(관내),500000
1437,포항시우현화장장,1437,사설,,공원묘지,봉안당,기타,,관내,화장 이용료일반(대인),일반(인접/준관내) 화장 이용료일반(대인)-일반(인접/준관내),500000
1437,포항시우현화장장,1437,사설,,공원묘지,봉안당,기타,,관내,화장 이용료일반(대인),국가유공예우자(관내),500000
1437,포항시우현화장장,1437,사설,,공원묘지,봉안당,기타,,관내,화장 이용료일반(대인),국가유공배우자(관내),500000
1437,포항시우현화장장,1437,사설,,공원묘지,봉안당,기타,,관내,,,500000
1437,포항시우현화장장,1437,사설,,공원묘지,봉안당,기타,,관내,화장 이용료,행려(대인)-일반(관내),500000
1437,포항시우현화장장,1437,사설,,공원묘지,봉안당,기타,,관내,화장 이용료행려(대인)-일반(인접/준관내),화장 이용료행려(대인)-일반(인접/준관내),500000
1437,포항시우현화장장,1437,사설,,공원묘지,봉안당,기타,,관내,화장 이용료무연고-일반(관내),화장 이용료무연고-일반(관내),500000
1437,포항시우현화장장,1437,사설,,공원묘지,봉안당,기타,,관내,화장 이용료,무연고-일반(인접/준관내) 화장 이용료무연고-일반(인접/준관내),500000
1437,포항시우현화장장,1437,사설,,공원묘지,봉안당,기타,,관외,화장 이용료죽은태아-일반(관외),화장 이용료죽은태아-일반(관외),1600000
1437,포항시우현화장장,1437,사설,,공원묘지,봉안당,기타,,관외,화장 이용료개장유골-일반(관외),화장 이용료개장유골-일반(관외),2400000
1437,포항시우현화장장,1437,사설,,공원묘지,봉안당,기타,,관외,화장 이용료개장유골-국민기초생활보장수급자(관외),화장 이용료개장유골-국민기초생활보장수급자(관외),2400000
1437,포항시우현화장장,1437,사설,,공원묘지,봉안당,기타,,관외,화장 이용료개장유골-국가유공자(관외),화장 이용료개장유골-국가유공자(관외),2400000
1437,포항시우현화장장,1437,사설,,공원묘지,봉안당,기타,,관외,화장 이용료개장유골-보훈대상자(관외),화장 이용료개장유골-보훈대상자(관외),2400000
1437,포항시우현화장장,1437,사설,,공원묘지,봉안당,기타,,관외,화장 이용료,개장유골-국가유공예우자(관외),2400000
1437,포항시우현화장장,1437,사설,,공원묘지,봉안당,기타,,관외,,,2400000
1437,포항시우현화장장,1437,사설,,공원묘지,봉안당,기타,,관외,화장 이용료일반(소인)-일반(관외),화장 이용료일반(소인)-일반(관외),3200000
1437,포항시우현화장장,1437,사설,,공원묘지,봉안당,기타,,관외,화장 이용료일반(소인)-국가유공예우자(관외),화장 이용료일반(소인)-국가유공예우자(관외),3200000
1437,포항시우현화장장,1437,사설,,공원묘지,봉안당,기타,,관외,화장 이용료일반(대인),일반(관외) 화장 이용료일반(대인)-일반(관외),4000000
1437,포항시우현화장장,1437,사설,,공원묘지,봉안당,기타,,관외,화장 이용료일반(대인)-국가유공예우자(관외),화장 이용료일반(대인)-국가유공예우자(관외),4000000
1437,포항시우현화장장,1437,사설,,공원묘지,봉안당,기타,,관외,화장 이용료일반(대인),국가유공배우자(관외),4000000
1437,포항시우현화장장,1437,사설,,공원묘지,봉안당,기타,,관외,화장 이용료,무연고-일반(관외) 화장 이용료무연고-일반(관외),4000000
1438,익산하늘공원정수원,1438,사설,,공원묘지,봉안당,공원묘지,,관내,화장 이용료개장유골-일반(관내),화장 이용료개장유골-일반(관내),240000
1438,익산하늘공원정수원,1438,사설,,공원묘지,봉안당,공원묘지,,관내,화장 이용료죽은태아-일반(관내),화장 이용료죽은태아-일반(관내),260000
1438,익산하늘공원정수원,1438,사설,,공원묘지,봉안당,공원묘지,,관내,화장 이용료일반(소인)-일반(관내),화장 이용료일반(소인)-일반(관내),450000
1438,익산하늘공원정수원,1438,사설,,공원묘지,봉안당,공원묘지,,관내,화장 이용료행려(소인)-일반(관내),화장 이용료행려(소인)-일반(관내),450000
1438,익산하늘공원정수원,1438,사설,,공원묘지,봉안당,공원묘지,,관내,화장 이용료일반(대인),일반(관내) 화장 이용료일반(대인)-일반(관내),600000
1438,익산하늘공원정수원,1438,사설,,공원묘지,봉안당,공원묘지,,관내,화장 이용료행려(대인)-일반(관내),화장 이용료행려(대인)-일반(관내),600000
1438,익산하늘공원정수원,1438,사설,,공원묘지,봉안당,공원묘지,,관내,화장 이용료,무연고-일반(관내),600000
1438,익산하늘공원정수원,1438,사설,,공원묘지,봉안당,공원묘지,,관내,화장 이용료죽은태아-일반,(인접/준관내) 화장 이용료죽은태아-일반(인접/준관내),700000
1438,익산하늘공원정수원,1438,사설,,공원묘지,봉안당,공원묘지,,관내,화장 이용료행려(소인),일반(인접/준관내) 화장 이용료행려(소인)-일반(인접/준관내),700000
1438,익산하늘공원정수원,1438,사설,,공원묘지,봉안당,공원묘지,,관내,화장 이용료개장유골-일반,(인접/준관내),900000
1438,익산하늘공원정수원,1438,사설,,공원묘지,봉안당,공원묘지,,관외,화장 이용료,죽은태아-일반(관외),1500000
1438,익산하늘공원정수원,1438,사설,,공원묘지,봉안당,공원묘지,,관외,화장 이용료행려(소인),일반(관외),1500000
1438,익산하늘공원정수원,1438,사설,,공원묘지,봉안당,공원묘지,,관내,화장 이용료일반(소인)-일반(인접/준관내),화장 이용료일반(소인)-일반(인접/준관내),1600000
1438,익산하늘공원정수원,1438,사설,,공원묘지,봉안당,공원묘지,,관내,화장 이용료행려(소인),기타(인접/준관내)1 기타1(인접/준관내),1600000
1438,익산하늘공원정수원,1438,사설,,공원묘지,봉안당,공원묘지,,관내,화장 이용료일반(대인)-일반(인접/준관내),화장 이용료일반(대인)-일반(인접/준관내),3000000
1438,익산하늘공원정수원,1438,사설,,공원묘지,봉안당,공원묘지,,관외,화장 이용료일반(소인),일반(관외) 화장 이용료일반(소인)-일반(관외),3000000
1438,익산하늘공원정수원,1438,사설,,공원묘지,봉안당,공원묘지,,관내,화장 이용료행려(대인)-일반(인접/준관내),화장 이용료행려(대인)-일반(인접/준관내),3000000
1438,익산하늘공원정수원,1438,사설,,공원묘지,봉안당,공원묘지,,관내,,,3000000
1438,익산하늘공원정수원,1438,사설,,공원묘지,봉안당,공원묘지,,관외,,,3000000
1438,익산하늘공원정수원,1438,사설,,공원묘지,봉안당,공원묘지,,관내,화장 이용료,무연고-일반(인접/준관내) 화장 이용료무연고-일반(인접/준관내),3000000
1438,익산하늘공원정수원,1438,사설,,공원묘지,봉안당,공원묘지,,관외,화장 이용료개장유골-일반(관외),화장 이용료개장유골-일반(관외),3000000
1438,익산하늘공원정수원,1438,사설,,공원묘지,봉안당,공원묘지,,관외,화장 이용료일반(대인),일반(관외) 화장 이용료일반(대인)-일반(관외),5000000
1438,익산하늘공원정수원,1438,사설,,공원묘지,봉안당,공원묘지,,관외,화장 이용료행려(대인)-일반(관외),화장 이용료행려(대인)-일반(관외),5000000
1438,익산하늘공원정수원,1438,사설,,공원묘지,봉안당,공원묘지,,관외,,,5000000
1438,익산하늘공원정수원,1438,사설,,공원묘지,봉안당,공원묘지,,관외,화장 이용료,무연고-일반(관외),5000000
1439,정선하늘터,1439,사설,,봉안당,봉안당,봉안당,,관내,납골함나무함,납골함나무함,20000
1439,정선하늘터,1439,사설,,봉안당,봉안당,봉안당,,관내,납골함황토함,소형함,100000
1439,정선하늘터,1439,사설,,봉안당,봉안당,봉안당,,관내,납골함이중함진공함,"납골함이중함,진공함",150000
1439,정선하늘터,1439,사설,,봉안당,봉안당,봉안당,,관내,납골함보석함종교함,"납골함보석함,종교함",200000
1439,정선하늘터,1439,사설,,봉안당,봉안당,봉안당,,관내,납골함자개함,납골함자개함,300000
1439,정선하늘터,1439,사설,,봉안당,봉안당,기타,,관내,,,500000
1439,정선하늘터,1439,사설,,봉안당,봉안당,기타,,관내,화장 이용료,죽은태아-일반(관내) 화장 이용료죽은태아-일반(관내),500000
1439,정선하늘터,1439,사설,,봉안당,봉안당,기타,,관내,화장 이용료일반(소인)-일반(관내),화장 이용료일반(소인)-일반(관내),800000
1439,정선하늘터,1439,사설,,봉안당,봉안당,기타,,관내,화장 이용료개장유골-일반(관내),화장 이용료개장유골-일반(관내),800000
1439,정선하늘터,1439,사설,,봉안당,봉안당,기타,,관내,화장 이용료일반(대인),일반(관내) 화장 이용료일반(대인)-일반(관내),1000000
1439,정선하늘터,1439,사설,,봉안당,봉안당,기타,,관외,화장 이용료개장유골-국민기초생활보장수급자(관외),화장 이용료개장유골-국민기초생활보장수급자(관외),1500000
1439,정선하늘터,1439,사설,,봉안당,봉안당,기타,,관외,화장 이용료개장유골-국가유공자(관외),화장 이용료개장유골-국가유공자(관외),1500000
1439,정선하늘터,1439,사설,,봉안당,봉안당,기타,,관외,,,1500000
1439,정선하늘터,1439,사설,,봉안당,봉안당,기타,,관외,화장 이용료,죽은태아-국민기초생활보장수급자(관외),2000000
1439,정선하늘터,1439,사설,,봉안당,봉안당,기타,,관외,화장 이용료죽은태아-국가유공자(관외),화장 이용료죽은태아-국가유공자(관외),2000000
1439,정선하늘터,1439,사설,,봉안당,봉안당,기타,,관외,,,2000000
1439,정선하늘터,1439,사설,,봉안당,봉안당,기타,,관외,화장 이용료일반(소인),기타(관외) 화장 이용료일반(소인)-기타1(관외),2500000
1439,정선하늘터,1439,사설,,봉안당,봉안당,기타,,관외,화장 이용료죽은태아-일반(관외),화장 이용료죽은태아-일반(관외),3000000
1439,정선하늘터,1439,사설,,봉안당,봉안당,기타,,관외,,,3500000
1439,정선하늘터,1439,사설,,봉안당,봉안당,기타,,관외,화장 이용료개장유골-일반(관외),화장 이용료개장유골-일반(관외),4000000
1439,정선하늘터,1439,사설,,봉안당,봉안당,기타,,관외,화장 이용료일반(소인)-일반(관외),화장 이용료일반(소인)-일반(관외),5000000
1439,정선하늘터,1439,사설,,봉안당,봉안당,기타,,관외,화장 이용료일반(대인),일반(관외) 화장 이용료일반(대인)-일반(관외),7000000
1439,정선하늘터,1439,사설,,봉안당,봉안당,기타,,관외,화장 이용료,무연고-일반(관외),7000000
1440,포항시립구룡포화장장,1440,공설,,공원묘지,"I cannot provide an analysis of the images as they do not clearly depict any of the allowed facility types: '공원묘지' (Park Cemetery/Grave), '봉안당' (Charnel House/Columbarium), or '수목장' (Tree Burial). The images primarily show what appears to be a crematory facility entrance and surrounding landscape, which is not an allowed category.",기타,,관내,화장 이용료죽은태아-일반(관내),화장 이용료죽은태아-일반(관내),100000
1440,포항시립구룡포화장장,1440,공설,,공원묘지,"I cannot provide an analysis of the images as they do not clearly depict any of the allowed facility types: '공원묘지' (Park Cemetery/Grave), '봉안당' (Charnel House/Columbarium), or '수목장' (Tree Burial). The images primarily show what appears to be a crematory facility entrance and surrounding landscape, which is not an allowed category.",기타,,관내,화장 이용료죽은태아-일반,(인접/준관내) 화장 이용료죽은태아-일반(인접/준관내),100000
1440,포항시립구룡포화장장,1440,공설,,공원묘지,"I cannot provide an analysis of the images as they do not clearly depict any of the allowed facility types: '공원묘지' (Park Cemetery/Grave), '봉안당' (Charnel House/Columbarium), or '수목장' (Tree Burial). The images primarily show what appears to be a crematory facility entrance and surrounding landscape, which is not an allowed category.",기타,,관내,화장 이용료무연고-일반(관내),화장 이용료무연고-일반(관내),200000
1440,포항시립구룡포화장장,1440,공설,,공원묘지,"I cannot provide an analysis of the images as they do not clearly depict any of the allowed facility types: '공원묘지' (Park Cemetery/Grave), '봉안당' (Charnel House/Columbarium), or '수목장' (Tree Burial). The images primarily show what appears to be a crematory facility entrance and surrounding landscape, which is not an allowed category.",기타,,관내,화장 이용료,무연고-일반(인접/준관내) 화장 이용료무연고-일반(인접/준관내),200000
1440,포항시립구룡포화장장,1440,공설,,공원묘지,"I cannot provide an analysis of the images as they do not clearly depict any of the allowed facility types: '공원묘지' (Park Cemetery/Grave), '봉안당' (Charnel House/Columbarium), or '수목장' (Tree Burial). The images primarily show what appears to be a crematory facility entrance and surrounding landscape, which is not an allowed category.",기타,,관내,화장 이용료개장유골-일반(관내),화장 이용료개장유골-일반(관내),200000
1440,포항시립구룡포화장장,1440,공설,,공원묘지,"I cannot provide an analysis of the images as they do not clearly depict any of the allowed facility types: '공원묘지' (Park Cemetery/Grave), '봉안당' (Charnel House/Columbarium), or '수목장' (Tree Burial). The images primarily show what appears to be a crematory facility entrance and surrounding landscape, which is not an allowed category.",기타,,관내,화장 이용료개장유골-일반,(인접/준관내),200000
1440,포항시립구룡포화장장,1440,공설,,공원묘지,"I cannot provide an analysis of the images as they do not clearly depict any of the allowed facility types: '공원묘지' (Park Cemetery/Grave), '봉안당' (Charnel House/Columbarium), or '수목장' (Tree Burial). The images primarily show what appears to be a crematory facility entrance and surrounding landscape, which is not an allowed category.",기타,,관내,화장 이용료일반(소인)-일반(관내),화장 이용료일반(소인)-일반(관내),300000
1440,포항시립구룡포화장장,1440,공설,,공원묘지,"I cannot provide an analysis of the images as they do not clearly depict any of the allowed facility types: '공원묘지' (Park Cemetery/Grave), '봉안당' (Charnel House/Columbarium), or '수목장' (Tree Burial). The images primarily show what appears to be a crematory facility entrance and surrounding landscape, which is not an allowed category.",기타,,관내,화장 이용료일반(소인)-일반(인접/준관내),화장 이용료일반(소인)-일반(인접/준관내),300000
1440,포항시립구룡포화장장,1440,공설,,공원묘지,"I cannot provide an analysis of the images as they do not clearly depict any of the allowed facility types: '공원묘지' (Park Cemetery/Grave), '봉안당' (Charnel House/Columbarium), or '수목장' (Tree Burial). The images primarily show what appears to be a crematory facility entrance and surrounding landscape, which is not an allowed category.",기타,,관내,화장 이용료일반(대인),일반(관내) 화장 이용료일반(대인)-일반(관내),400000
1440,포항시립구룡포화장장,1440,공설,,공원묘지,"I cannot provide an analysis of the images as they do not clearly depict any of the allowed facility types: '공원묘지' (Park Cemetery/Grave), '봉안당' (Charnel House/Columbarium), or '수목장' (Tree Burial). The images primarily show what appears to be a crematory facility entrance and surrounding landscape, which is not an allowed category.",기타,,관내,화장 이용료일반(대인),일반(인접/준관내) 화장 이용료일반(대인)-일반(인접/준관내),400000
1440,포항시립구룡포화장장,1440,공설,,공원묘지,"I cannot provide an analysis of the images as they do not clearly depict any of the allowed facility types: '공원묘지' (Park Cemetery/Grave), '봉안당' (Charnel House/Columbarium), or '수목장' (Tree Burial). The images primarily show what appears to be a crematory facility entrance and surrounding landscape, which is not an allowed category.",기타,,관외,화장 이용료죽은태아-일반(관외),화장 이용료죽은태아-일반(관외),800000
1440,포항시립구룡포화장장,1440,공설,,공원묘지,"I cannot provide an analysis of the images as they do not clearly depict any of the allowed facility types: '공원묘지' (Park Cemetery/Grave), '봉안당' (Charnel House/Columbarium), or '수목장' (Tree Burial). The images primarily show what appears to be a crematory facility entrance and surrounding landscape, which is not an allowed category.",기타,,관외,화장 이용료,무연고-일반(관외),1600000
1440,포항시립구룡포화장장,1440,공설,,공원묘지,"I cannot provide an analysis of the images as they do not clearly depict any of the allowed facility types: '공원묘지' (Park Cemetery/Grave), '봉안당' (Charnel House/Columbarium), or '수목장' (Tree Burial). The images primarily show what appears to be a crematory facility entrance and surrounding landscape, which is not an allowed category.",기타,,관외,화장 이용료개장유골-일반(관외),화장 이용료개장유골-일반(관외),1600000
1440,포항시립구룡포화장장,1440,공설,,공원묘지,"I cannot provide an analysis of the images as they do not clearly depict any of the allowed facility types: '공원묘지' (Park Cemetery/Grave), '봉안당' (Charnel House/Columbarium), or '수목장' (Tree Burial). The images primarily show what appears to be a crematory facility entrance and surrounding landscape, which is not an allowed category.",기타,,관외,화장 이용료일반(소인)-일반(관외),화장 이용료일반(소인)-일반(관외),2400000
1440,포항시립구룡포화장장,1440,공설,,공원묘지,"I cannot provide an analysis of the images as they do not clearly depict any of the allowed facility types: '공원묘지' (Park Cemetery/Grave), '봉안당' (Charnel House/Columbarium), or '수목장' (Tree Burial). The images primarily show what appears to be a crematory facility entrance and surrounding landscape, which is not an allowed category.",기타,,관외,화장 이용료일반(대인),일반(관외) 화장 이용료일반(대인)-일반(관외),3200000
1441,인천가족공원 승화원,1441,사설,,공원묘지,"봉안당, 공원묘지",공원묘지,,관내,화장 이용료죽은태아-일반(관내),화장 이용료죽은태아-일반(관내),500000
1441,인천가족공원 승화원,1441,사설,,공원묘지,"봉안당, 공원묘지",공원묘지,,관내,화장 이용료개장유골-일반(관내),화장 이용료개장유골-일반(관내),1000000
1441,인천가족공원 승화원,1441,사설,,공원묘지,"봉안당, 공원묘지",공원묘지,,관내,화장 이용료일반(소인),일반(관내) 화장 이용료일반(소인)-일반(관내),1300000
1441,인천가족공원 승화원,1441,사설,,공원묘지,"봉안당, 공원묘지",공원묘지,,관내,화장 이용료일반(소인),국가유공예우자(관내),1300000
1441,인천가족공원 승화원,1441,사설,,공원묘지,"봉안당, 공원묘지",공원묘지,,관내,화장 이용료일반(소인),국립묘지안치대상배우자(관내),1300000
1441,인천가족공원 승화원,1441,사설,,공원묘지,"봉안당, 공원묘지",공원묘지,,관내,화장 이용료일반(대인),일반(관내) 화장 이용료일반(대인)-일반(관내),1600000
1441,인천가족공원 승화원,1441,사설,,공원묘지,"봉안당, 공원묘지",공원묘지,,관내,화장 이용료일반(대인)-국립묘지안치대상배우자(관내),화장 이용료일반(대인)-국립묘지안치대상배우자(관내),1600000
1441,인천가족공원 승화원,1441,사설,,공원묘지,"봉안당, 공원묘지",공원묘지,,관외,화장 이용료죽은태아,일반(관외),3000000
1441,인천가족공원 승화원,1441,사설,,공원묘지,"봉안당, 공원묘지",공원묘지,,관외,화장 이용료일반(소인)-일반(관외),화장 이용료일반(소인)-일반(관외),4000000
1441,인천가족공원 승화원,1441,사설,,공원묘지,"봉안당, 공원묘지",공원묘지,,관외,화장 이용료일반,(소인)-국가유공예우자(관외),4000000
1441,인천가족공원 승화원,1441,사설,,공원묘지,"봉안당, 공원묘지",공원묘지,,관외,화장 이용료일반(소인),국립묘지안치대상배우자(관외),4000000
1441,인천가족공원 승화원,1441,사설,,공원묘지,"봉안당, 공원묘지",공원묘지,,관외,화장 이용료,개장유골-일반(관외),4000000
1441,인천가족공원 승화원,1441,사설,,공원묘지,"봉안당, 공원묘지",공원묘지,,관내,화장 이용료,시소재병원에서 사망한 자 화장 이용료시소재병원에서 사망한 자,6000000
1441,인천가족공원 승화원,1441,사설,,공원묘지,"봉안당, 공원묘지",공원묘지,,관외,화장 이용료,일반(대인)-일반(관외),10000000
1441,인천가족공원 승화원,1441,사설,,공원묘지,"봉안당, 공원묘지",공원묘지,,관외,화장 이용료일반(대인),국립묘지안치대상배우자(관외),10000000
1441,인천가족공원 승화원,1441,사설,,공원묘지,"봉안당, 공원묘지",공원묘지,,관외,화장 이용료,무연고-일반(관외),10000000
1442,광주영락공원,1442,사설,기독교,봉안당,"봉안당, 공원묘지",봉안당,,관내,화장 이용료개장유골-일반(관내),,230000
1442,광주영락공원,1442,사설,기독교,봉안당,"봉안당, 공원묘지",봉안당,,관내,화장 이용료일반(소인)-일반(관내),화장 이용료일반(소인)-일반(관내),600000
1442,광주영락공원,1442,사설,기독교,봉안당,"봉안당, 공원묘지",봉안당,,관내,화장 이용료,죽은태아-일반(관내) 화장 이용료죽은태아-일반(관내),600000
1442,광주영락공원,1442,사설,기독교,봉안당,"봉안당, 공원묘지",봉안당,,관내,화장 이용료,일반(대인)-일반(관내),900000
1442,광주영락공원,1442,사설,기독교,봉안당,"봉안당, 공원묘지",봉안당,,관내,화장 이용료,개장유골-일반(인접/준관내) 화장 이용료개장유골-일반(인접/준관내),2500000
1442,광주영락공원,1442,사설,기독교,봉안당,"봉안당, 공원묘지",봉안당,,관외,화장 이용료개장유골-일반(관외),화장 이용료개장유골-일반(관외),3400000
1442,광주영락공원,1442,사설,기독교,봉안당,"봉안당, 공원묘지",봉안당,,관내,화장 이용료일반(소인)-일반(인접/준관내),화장 이용료일반(소인)-일반(인접/준관내),4100000
1442,광주영락공원,1442,사설,기독교,봉안당,"봉안당, 공원묘지",봉안당,,관내,화장 이용료죽은태아-일반,(인접/준관내) 화장 이용료죽은태아-일반(인접/준관내),4100000
1442,광주영락공원,1442,사설,기독교,봉안당,"봉안당, 공원묘지",봉안당,,관내,화장 이용료일반(대인),일반(인접/준관내) 화장 이용료일반(대인)-일반(인접/준관내),5400000
1442,광주영락공원,1442,사설,기독교,봉안당,"봉안당, 공원묘지",봉안당,,관내,화장 이용료행려(대인)-일반(인접/준관내),화장 이용료행려(대인)-일반(인접/준관내),5400000
1442,광주영락공원,1442,사설,기독교,봉안당,"봉안당, 공원묘지",봉안당,,관외,화장 이용료일반(소인)-일반(관외),화장 이용료일반(소인)-일반(관외),8000000
1442,광주영락공원,1442,사설,기독교,봉안당,"봉안당, 공원묘지",봉안당,,관외,화장 이용료죽은태아-일반(관외),화장 이용료죽은태아-일반(관외),8000000
1442,광주영락공원,1442,사설,기독교,봉안당,"봉안당, 공원묘지",봉안당,,관외,화장 이용료일반(대인),일반(관외) 화장 이용료일반(대인)-일반(관외),9000000
1442,광주영락공원,1442,사설,기독교,봉안당,"봉안당, 공원묘지",봉안당,,관외,화장 이용료행려(대인)-일반(관외),화장 이용료행려(대인)-일반(관외),9000000
1443,사천시 누리원(화장시설),1443,공설,무관,공원묘지,"봉안당, 공원묘지",공원묘지,,관내,화장 이용료,관내-국립묘지안치대상배우자(일반(대인)),700000
1443,사천시 누리원(화장시설),1443,공설,무관,공원묘지,"봉안당, 공원묘지",공원묘지,,관외,화장 이용료,관외-국립묘지안치대상배우자(일반(대인)) 화장 이용료관외-국립묘지안치대상배우자(일반(대인)),5000000
1443,사천시 누리원(화장시설),1443,공설,무관,공원묘지,"봉안당, 공원묘지",기타,,관내,화장 이용료,관내-일반(죽은태아),350000
1443,사천시 누리원(화장시설),1443,공설,무관,공원묘지,"봉안당, 공원묘지",기타,,관내,화장 이용료,관내-일반(무연고) 화장 이용료관내-일반(무연고),400000
1443,사천시 누리원(화장시설),1443,공설,무관,공원묘지,"봉안당, 공원묘지",기타,,관내,화장 이용료,관내-일반(개장유골),400000
1443,사천시 누리원(화장시설),1443,공설,무관,공원묘지,"봉안당, 공원묘지",기타,,관내,화장 이용료,관내-일반(일반(소인)) 화장 이용료관내-일반(일반(소인)),500000
1443,사천시 누리원(화장시설),1443,공설,무관,공원묘지,"봉안당, 공원묘지",기타,,관내,화장 이용료관내-일반(일반(대인)),화장 이용료관내-일반(일반(대인)),700000
1443,사천시 누리원(화장시설),1443,공설,무관,공원묘지,"봉안당, 공원묘지",기타,,관외,화장 이용료관외-일반(죽은태아),화장 이용료관외-일반(죽은태아),1200000
1443,사천시 누리원(화장시설),1443,공설,무관,공원묘지,"봉안당, 공원묘지",기타,,관외,화장 이용료관외-일반(무연고),,1500000
1443,사천시 누리원(화장시설),1443,공설,무관,공원묘지,"봉안당, 공원묘지",기타,,관외,화장 이용료,관외-일반(개장유골),1500000
1443,사천시 누리원(화장시설),1443,공설,무관,공원묘지,"봉안당, 공원묘지",기타,,관외,화장 이용료관외-일반,일반(소인),3000000
1443,사천시 누리원(화장시설),1443,공설,무관,공원묘지,"봉안당, 공원묘지",기타,,관외,화장 이용료관외-일반,행려(소인),3000000
1443,사천시 누리원(화장시설),1443,공설,무관,공원묘지,"봉안당, 공원묘지",기타,,관외,화장 이용료관외-일반(일반(대인)),화장 이용료관외-일반(일반(대인)),5000000
1443,사천시 누리원(화장시설),1443,공설,무관,공원묘지,"봉안당, 공원묘지",기타,,관외,화장 이용료관외-일반(행려(대인)),화장 이용료관외-일반(행려(대인)),5000000
1443,사천시 누리원(화장시설),1443,공설,무관,공원묘지,"봉안당, 공원묘지",기타,,관외,화장 이용료관외-기타(일반(대인)),,5000000
1444,영주시화장장,1444,사설,,공원묘지,봉안당,기타,,관내,화장 이용료죽은태아-일반,(산모주소 관내),250000
1444,영주시화장장,1444,사설,,공원묘지,봉안당,기타,,관내,화장 이용료,개장유골-일반(관내)분묘주소 기준 화장 이용료개장유골-일반(관내)분묘주소 기준,300000
1444,영주시화장장,1444,사설,,공원묘지,봉안당,기타,,관내,화장 이용료일반(소인)-일반(관내),화장 이용료일반(소인)-일반(관내),400000
1444,영주시화장장,1444,사설,,공원묘지,봉안당,기타,,관내,화장 이용료일반(대인),일반(관내) 화장 이용료일반(대인)-일반(관내),500000
1444,영주시화장장,1444,사설,,공원묘지,봉안당,기타,,관내,화장 이용료무연고-일반(관내),화장 이용료무연고-일반(관내),500000
1444,영주시화장장,1444,사설,,공원묘지,봉안당,기타,,,화장 이용료죽은태아-일반,(산모주소 봉화),750000
1444,영주시화장장,1444,사설,,공원묘지,봉안당,기타,,,화장 이용료개장유골,일반(봉화)분묘주소 기준,900000
1444,영주시화장장,1444,사설,,공원묘지,봉안당,기타,,,화장 이용료,일반(소인)-일반(봉화),1200000
1444,영주시화장장,1444,사설,,공원묘지,봉안당,기타,,,화장 이용료일반(대인)-일반(봉화),화장 이용료일반(대인)-일반(봉화),1500000
1444,영주시화장장,1444,사설,,공원묘지,봉안당,기타,,관외,화장 이용료죽은태아,일반(산모주소 관외),1750000
1444,영주시화장장,1444,사설,,공원묘지,봉안당,기타,,관외,화장 이용료,개장유골-일반(관외)분묘주소 기준 화장 이용료개장유골-일반(관외)분묘주소 기준,2100000
1444,영주시화장장,1444,사설,,공원묘지,봉안당,기타,,관외,화장 이용료일반(소인)-일반(관외),화장 이용료일반(소인)-일반(관외),2800000
1444,영주시화장장,1444,사설,,공원묘지,봉안당,기타,,관외,화장 이용료일반(대인),일반(관외) 화장 이용료일반(대인)-일반(관외),4000000
1444,영주시화장장,1444,사설,,공원묘지,봉안당,기타,,관외,화장 이용료,무연고-일반(관외),4000000
1445,상주시승천원,1445,사설,,공원묘지,봉안당,기타,,관내,화장 이용료죽은태아-일반(관내),화장 이용료죽은태아-일반(관내),500000
1445,상주시승천원,1445,사설,,공원묘지,봉안당,기타,,관내,화장 이용료개장유골-일반(관내),화장 이용료개장유골-일반(관내),500000
1445,상주시승천원,1445,사설,,공원묘지,봉안당,기타,,관내,화장 이용료일반(소인)-일반(관내),화장 이용료일반(소인)-일반(관내),800000
1445,상주시승천원,1445,사설,,공원묘지,봉안당,기타,,관내,화장 이용료일반(대인)-일반(관내),화장 이용료일반(대인)-일반(관내),1000000
1445,상주시승천원,1445,사설,,공원묘지,봉안당,기타,,관내,화장 이용료,무연고-일반(관내),1000000
1445,상주시승천원,1445,사설,,공원묘지,봉안당,기타,,관외,화장 이용료,죽은태아-기타(관외) 화장 이용료 죽은태아-기타1(관외),1300000
1445,상주시승천원,1445,사설,,공원묘지,봉안당,기타,,관외,화장 이용료죽은태아-일반(관외),화장 이용료죽은태아-일반(관외),1800000
1445,상주시승천원,1445,사설,,공원묘지,봉안당,기타,,관외,,,2100000
1445,상주시승천원,1445,사설,,공원묘지,봉안당,기타,,관외,화장 이용료일반(소인),"기타(관외), 기타1(관외)",2500000
1445,상주시승천원,1445,사설,,공원묘지,봉안당,기타,,관외,화장 이용료개장유골-일반(관외),화장 이용료개장유골-일반(관외),3000000
1445,상주시승천원,1445,사설,,공원묘지,봉안당,기타,,관외,,,3500000
1445,상주시승천원,1445,사설,,공원묘지,봉안당,기타,,관외,화장 이용료일반(소인)-일반(관외),화장 이용료일반(소인)-일반(관외),3500000
1445,상주시승천원,1445,사설,,공원묘지,봉안당,기타,,관외,화장 이용료일반(대인),일반(관외),5000000
1445,상주시승천원,1445,사설,,공원묘지,봉안당,기타,,관외,화장 이용료,무연고-일반(관외),5000000
1446,서남권추모공원,1446,공설,,봉안당,"봉안당, 공원묘지, 수목장",봉안당,,관내,화장 이용료죽은태아-일반(관내),화장 이용료죽은태아-일반(관내),200000
1446,서남권추모공원,1446,공설,,봉안당,"봉안당, 공원묘지, 수목장",봉안당,,관내,화장 이용료개장유골-일반(관내),화장 이용료개장유골-일반(관내),300000
1446,서남권추모공원,1446,공설,,봉안당,"봉안당, 공원묘지, 수목장",봉안당,,관내,화장 이용료개장유골-국민기초생활보장수급자(관내),화장 이용료개장유골-국민기초생활보장수급자(관내),300000
1446,서남권추모공원,1446,공설,,봉안당,"봉안당, 공원묘지, 수목장",봉안당,,관내,화장 이용료일반(소인)-일반(관내),화장 이용료일반(소인)-일반(관내),450000
1446,서남권추모공원,1446,공설,,봉안당,"봉안당, 공원묘지, 수목장",봉안당,,관내,화장 이용료일반(대인),일반(관내) 화장 이용료일반(대인)-일반(관내),700000
1446,서남권추모공원,1446,공설,,봉안당,"봉안당, 공원묘지, 수목장",봉안당,,관내,화장 이용료죽은태아-일반,(인접/준관내) 화장 이용료죽은태아-일반(인접/준관내),700000
1446,서남권추모공원,1446,공설,,봉안당,"봉안당, 공원묘지, 수목장",봉안당,,관내,화장 이용료일반(소인)-일반(인접/준관내),화장 이용료일반(소인)-일반(인접/준관내),1500000
1446,서남권추모공원,1446,공설,,봉안당,"봉안당, 공원묘지, 수목장",봉안당,,관외,화장 이용료죽은태아-일반(관외),화장 이용료죽은태아-일반(관외),1500000
1446,서남권추모공원,1446,공설,,봉안당,"봉안당, 공원묘지, 수목장",봉안당,,관내,화장 이용료개장유골-일반,(인접/준관내),1500000
1446,서남권추모공원,1446,공설,,봉안당,"봉안당, 공원묘지, 수목장",봉안당,,관내,화장 이용료개장유골-국민기초생활보장수급자(인접/준관내),화장 이용료개장유골-국민기초생활보장수급자(인접/준관내),1500000
1446,서남권추모공원,1446,공설,,봉안당,"봉안당, 공원묘지, 수목장",봉안당,,관내,화장 이용료일반(대인),일반(인접/준관내) 화장 이용료일반(대인)-일반(인접/준관내),3000000
1446,서남권추모공원,1446,공설,,봉안당,"봉안당, 공원묘지, 수목장",봉안당,,관외,화장 이용료일반(소인)-일반(관외),화장 이용료일반(소인)-일반(관외),3000000
1446,서남권추모공원,1446,공설,,봉안당,"봉안당, 공원묘지, 수목장",봉안당,,관외,화장 이용료개장유골-일반(관외),화장 이용료개장유골-일반(관외),3000000
1446,서남권추모공원,1446,공설,,봉안당,"봉안당, 공원묘지, 수목장",봉안당,,관외,화장 이용료개장유골-국민기초생활보장수급자(관외),화장 이용료개장유골-국민기초생활보장수급자(관외),3000000
1446,서남권추모공원,1446,공설,,봉안당,"봉안당, 공원묘지, 수목장",봉안당,,관외,화장 이용료일반(대인),일반(관외),5000000
1447,성남시장례문화사업소,1447,사설,,공원묘지,봉안당,기타,,관내,화장 이용료죽은태아-일반(관내),화장 이용료죽은태아-일반(관내),200000
1447,성남시장례문화사업소,1447,사설,,공원묘지,봉안당,기타,,관내,화장 이용료개장유골-일반(관내),화장 이용료개장유골-일반(관내),260000
1447,성남시장례문화사업소,1447,사설,,공원묘지,봉안당,기타,,관내,화장 이용료일반(소인)-일반(관내),화장 이용료일반(소인)-일반(관내),440000
1447,성남시장례문화사업소,1447,사설,,공원묘지,봉안당,기타,,관내,화장 이용료일반(대인),일반(관내),500000
1447,성남시장례문화사업소,1447,사설,,공원묘지,봉안당,기타,,관내,화장 이용료,죽은태아-일반(인접/준관내) 화장 이용료죽은태아-일반(인접/준관내),1500000
1447,성남시장례문화사업소,1447,사설,,공원묘지,봉안당,기타,,관내,화장 이용료일반(소인)-일반(인접/준관내),화장 이용료일반(소인)-일반(인접/준관내),2500000
1447,성남시장례문화사업소,1447,사설,,공원묘지,봉안당,기타,,관외,화장 이용료죽은태아-일반(관외),화장 이용료죽은태아-일반(관외),3000000
1447,성남시장례문화사업소,1447,사설,,공원묘지,봉안당,기타,,관내,화장 이용료개장유골-일반,(인접/준관내),4000000
1447,성남시장례문화사업소,1447,사설,,공원묘지,봉안당,기타,,관외,화장 이용료,개장유골-일반(관외),4000000
1447,성남시장례문화사업소,1447,사설,,공원묘지,봉안당,기타,,관내,화장 이용료일반(대인),일반(인접/준관내) 화장 이용료일반(대인)-일반(인접/준관내),5000000
1447,성남시장례문화사업소,1447,사설,,공원묘지,봉안당,기타,,관외,,,5000000
1447,성남시장례문화사업소,1447,사설,,공원묘지,봉안당,기타,,관외,화장 이용료일반(소인)-일반(관외),화장 이용료일반(소인)-일반(관외),5000000
1447,성남시장례문화사업소,1447,사설,,공원묘지,봉안당,기타,,관내,화장 이용료무연고-일반(인접/준관내),1,5000000
1447,성남시장례문화사업소,1447,사설,,공원묘지,봉안당,기타,,관외,화장 이용료일반(대인),일반(관외) 화장 이용료일반(대인)-일반(관외),10000000
1447,성남시장례문화사업소,1447,사설,,공원묘지,봉안당,기타,,관외,화장 이용료,무연고-일반(관외),10000000
1448,전주시승화원,1448,사설,,공원묘지,봉안당,기타,,관내,화장 사용료죽은태아-일반(관내),화장 사용료죽은태아-일반(관내),500000
1448,전주시승화원,1448,사설,,공원묘지,봉안당,기타,,관내,화장 사용료개장유골-일반(관내),화장 사용료개장유골-일반(관내),500000
1448,전주시승화원,1448,사설,,공원묘지,봉안당,기타,,관내,화장 사용료일반(소인),일반(관내) 화장 사용료일반(소인)-일반(관내),700000
1448,전주시승화원,1448,사설,,공원묘지,봉안당,기타,,관내,화장 사용료일반(대인)-일반(관내),,1400000
1448,전주시승화원,1448,사설,,공원묘지,봉안당,기타,,관내,화장 사용료무연고-일반(관내),화장 사용료무연고-일반(관내),1400000
1448,전주시승화원,1448,사설,,공원묘지,봉안당,기타,,관내,화장 사용료죽은태아-일반,(인접/준관내) 화장 사용료죽은태아-일반(인접/준관내),2000000
1448,전주시승화원,1448,사설,,공원묘지,봉안당,기타,,관내,화장 사용료개장유골-일반,(인접/준관내) 화장 사용료개장유골-일반,2000000
1448,전주시승화원,1448,사설,,공원묘지,봉안당,기타,,관내,화장 사용료일반(소인)-일반(인접/준관내),화장 사용료일반(소인)-일반(인접/준관내),3000000
1448,전주시승화원,1448,사설,,공원묘지,봉안당,기타,,관외,화장 사용료죽은태아,일반(관외),3500000
1448,전주시승화원,1448,사설,,공원묘지,봉안당,기타,,관외,화장 사용료,개장유골-일반(관외),3500000
1448,전주시승화원,1448,사설,,공원묘지,봉안당,기타,,관외,화장 사용료일반(소인)-일반(관외),화장 사용료일반(소인)-일반(관외),5000000
1448,전주시승화원,1448,사설,,공원묘지,봉안당,기타,,관내,화장 사용료일반(대인),일반(인접/준관내) 화장 사용료일반(대인)-일반(인접/준관내),6000000
1448,전주시승화원,1448,사설,,공원묘지,봉안당,기타,,관내,화장 사용료무연고-일반,(인접/준관내),6000000
1448,전주시승화원,1448,사설,,공원묘지,봉안당,기타,,관외,화장 사용료일반(대인)-일반(관외),화장 사용료일반(대인)-일반(관외),10000000
1448,전주시승화원,1448,사설,,공원묘지,봉안당,기타,,관외,화장 사용료무연고-일반(관외),화장 사용료무연고-일반(관외),10000000
1449,대전시정수원,1449,사설,,공원묘지,,기타,,관내,화장 이용료죽은태아-일반(관내),화장 이용료죽은태아-일반(관내),400000
1449,대전시정수원,1449,사설,,공원묘지,,기타,,관내,화장 이용료,개장유골-일반(관내),450000
1449,대전시정수원,1449,사설,,공원묘지,,기타,,관내,화장 이용료일반(소인)-일반(관내),화장 이용료일반(소인)-일반(관내),650000
1449,대전시정수원,1449,사설,,공원묘지,,기타,,관내,화장 이용료,일반(대인)-일반(관내),900000
1449,대전시정수원,1449,사설,,공원묘지,,기타,,관내,화장 이용료죽은태아-일반,(인접/준관내) 화장 이용료죽은태아-일반(인접/준관내),900000
1449,대전시정수원,1449,사설,,공원묘지,,기타,,관내,화장 이용료개장유골-일반,(인접/준관내),1100000
1449,대전시정수원,1449,사설,,공원묘지,,기타,,관외,화장 이용료죽은태아-일반(관외),화장 이용료죽은태아-일반(관외),1400000
1449,대전시정수원,1449,사설,,공원묘지,,기타,,관외,화장 이용료개장유골-일반(관외),화장 이용료개장유골-일반(관외),1700000
1449,대전시정수원,1449,사설,,공원묘지,,기타,,관내,화장 이용료,일반(소인)-일반(인접/준관내),1800000
1449,대전시정수원,1449,사설,,공원묘지,,기타,,관외,화장 이용료,일반(소인)-일반(관외),2900000
1449,대전시정수원,1449,사설,,공원묘지,,기타,,관내,화장 이용료일반(대인),일반(인접/준관내) 화장 이용료일반(대인)-일반(인접/준관내),3300000
1449,대전시정수원,1449,사설,,공원묘지,,기타,,관내,화장 이용료무연고-일반(인접/준관내),화장 이용료무연고-일반(인접/준관내)1,3300000
1449,대전시정수원,1449,사설,,공원묘지,,기타,,관외,화장 이용료일반(대인),일반(관외) 화장 이용료일반(대인)-일반(관외),5700000
1449,대전시정수원,1449,사설,,공원묘지,,기타,,관외,화장 이용료,무연고-일반(관외),5700000
1450,울산하늘공원 승화원,1450,사설,,공원묘지,"봉안당, 공원묘지",공원묘지,,관내,화장 이용료,일반(소인)-기타(관내) 일반(소인)-기타1(관내),240000
1450,울산하늘공원 승화원,1450,사설,,공원묘지,"봉안당, 공원묘지",공원묘지,,관내,,,280000
1450,울산하늘공원 승화원,1450,사설,,공원묘지,"봉안당, 공원묘지",공원묘지,,관내,화장 이용료죽은태아-일반(관내),화장 이용료죽은태아-일반(관내),500000
1450,울산하늘공원 승화원,1450,사설,,공원묘지,"봉안당, 공원묘지",공원묘지,,관내,화장 이용료,개장유골-일반(관내) 화장 이용료개장유골-일반(관내),600000
1450,울산하늘공원 승화원,1450,사설,,공원묘지,"봉안당, 공원묘지",공원묘지,,관내,화장 이용료죽은태아-일반(인접/준관내),화장 이용료죽은태아-일반(인접/준관내),1000000
1450,울산하늘공원 승화원,1450,사설,,공원묘지,"봉안당, 공원묘지",공원묘지,,관내,화장 이용료일반(소인)-일반(관내),화장 이용료일반(소인)-일반(관내),1200000
1450,울산하늘공원 승화원,1450,사설,,공원묘지,"봉안당, 공원묘지",공원묘지,,관내,화장 이용료개장유골-일반,(인접/준관내),1200000
1450,울산하늘공원 승화원,1450,사설,,공원묘지,"봉안당, 공원묘지",공원묘지,,관내,화장 이용료일반(대인),일반(관내) 화장 이용료일반(대인)-일반(관내),1400000
1450,울산하늘공원 승화원,1450,사설,,공원묘지,"봉안당, 공원묘지",공원묘지,,관내,화장 이용료일반(소인)-일반(인접/준관내),화장 이용료일반(소인)-일반(인접/준관내),2000000
1450,울산하늘공원 승화원,1450,사설,,공원묘지,"봉안당, 공원묘지",공원묘지,,관외,화장 이용료죽은태아-일반(관외),화장 이용료죽은태아-일반(관외),2500000
1450,울산하늘공원 승화원,1450,사설,,공원묘지,"봉안당, 공원묘지",공원묘지,,관내,화장 이용료,일반(대인)-일반(인접/준관내),3000000
1450,울산하늘공원 승화원,1450,사설,,공원묘지,"봉안당, 공원묘지",공원묘지,,관외,화장 이용료,개장유골-일반(관외) 화장 이용료개장유골-일반(관외),3000000
1450,울산하늘공원 승화원,1450,사설,,공원묘지,"봉안당, 공원묘지",공원묘지,,관외,화장 이용료일반(소인)-일반(관외),화장 이용료일반(소인)-일반(관외),5000000
1450,울산하늘공원 승화원,1450,사설,,공원묘지,"봉안당, 공원묘지",공원묘지,,관외,화장 이용료일반(대인)-일반(관외),화장 이용료일반(대인)-일반(관외),8000000
1451,원주추모공원 화장장,1451,공설,,봉안당,봉안당,봉안당,,관내,화장 이용료죽은태아-일반(관내),화장 이용료죽은태아-일반(관내),400000
1451,원주추모공원 화장장,1451,공설,,봉안당,봉안당,봉안당,,관내,화장 이용료일반(소인)-일반(관내),화장 이용료일반(소인)-일반(관내),800000
1451,원주추모공원 화장장,1451,공설,,봉안당,봉안당,봉안당,,관내,화장 이용료,개장유골-일반(관내),800000
1451,원주추모공원 화장장,1451,공설,,봉안당,봉안당,봉안당,,관내,화장 이용료,일반(대인)-일반(관내),1000000
1451,원주추모공원 화장장,1451,공설,,봉안당,봉안당,봉안당,,관외,화장 이용료죽은태아-일반(관외),화장 이용료죽은태아-일반(관외),2000000
1451,원주추모공원 화장장,1451,공설,,봉안당,봉안당,봉안당,,관외,화장 이용료일반(소인)-일반(관외),화장 이용료일반(소인)-일반(관외),4000000
1451,원주추모공원 화장장,1451,공설,,봉안당,봉안당,봉안당,,관외,화장 이용료행려(소인)-일반(관외),화장 이용료행려(소인)-일반(관외),4000000
1451,원주추모공원 화장장,1451,공설,,봉안당,봉안당,봉안당,,관외,화장 이용료개장유골-일반(관외),화장 이용료개장유골-일반(관외),4000000
1451,원주추모공원 화장장,1451,공설,,봉안당,봉안당,봉안당,,관외,화장 이용료일반(대인),일반(관외) 화장 이용료일반(대인)-일반(관외),9000000
1451,원주추모공원 화장장,1451,공설,,봉안당,봉안당,봉안당,,관외,화장 이용료행려(대인)-일반(관외),화장 이용료행려(대인)-일반(관외),9000000
1451,원주추모공원 화장장,1451,공설,,봉안당,봉안당,봉안당,,관외,화장 이용료무연고-일반(관외),화장 이용료무연고-일반(관외),9000000
1452,통영시추모공원,1452,공설,,봉안당,봉안당,봉안당,,관내,화장 이용료,관내-일반(죽은태아),400000
1452,통영시추모공원,1452,공설,,봉안당,봉안당,봉안당,,관내,화장이용료인접/준관내-일반(죽인태아),화장이용료인접/준관내-일반(죽인태아),400000
1452,통영시추모공원,1452,공설,,봉안당,봉안당,봉안당,,관내,화장 이용료,관내-일반(개장유골),500000
1452,통영시추모공원,1452,공설,,봉안당,봉안당,봉안당,,관내,화장이용료인접/준관내-(개장유골),화장이용료인접/준관내-(개장유골),500000
1452,통영시추모공원,1452,공설,,봉안당,봉안당,봉안당,,관내,화장 이용료관내-일반(일반(소인)),화장 이용료관내-일반(일반(소인)),700000
1452,통영시추모공원,1452,공설,,봉안당,봉안당,봉안당,,관내,화장이용료인접/준관내-(일반(소인),화장이용료인접/준관내-(일반(소인),700000
1452,통영시추모공원,1452,공설,,봉안당,봉안당,봉안당,,관내,화장 이용료,관내-일반(일반(대인)),1000000
1452,통영시추모공원,1452,공설,,봉안당,봉안당,봉안당,,관내,화장이용료인접/준관내-(일반(대인),화장이용료인접/준관내-(일반(대인),1000000
1452,통영시추모공원,1452,공설,,봉안당,봉안당,봉안당,,관외,화장 이용료,관외-일반(죽은태아) 화장 이용료관외-일반(죽은태아),2000000
1452,통영시추모공원,1452,공설,,봉안당,봉안당,봉안당,,관외,화장 이용료관외-일반(개장유골),화장 이용료관외-일반(개장유골),3000000
1452,통영시추모공원,1452,공설,,봉안당,봉안당,봉안당,,관외,화장 이용료관외-일반,일반(소인),4000000
1452,통영시추모공원,1452,공설,,봉안당,봉안당,봉안당,,관외,화장 이용료관외-일반,일반(대인),8000000
1453,대구명복공원,1453,사설,,공원묘지,봉안당,공원묘지,,관내,화장 이용료죽은태아-일반(관내),화장 이용료죽은태아-일반(관내),90000
1453,대구명복공원,1453,사설,,공원묘지,봉안당,공원묘지,,관내,화장 이용료,개장유골-일반(관내),100000
1453,대구명복공원,1453,사설,,공원묘지,봉안당,공원묘지,,관내,화장 이용료일반(소인),일반(관내),140000
1453,대구명복공원,1453,사설,,공원묘지,봉안당,공원묘지,,관내,화장 이용료일반(대인),일반(관내) 화장 이용료일반(대인)-일반(관내),180000
1453,대구명복공원,1453,사설,,공원묘지,봉안당,공원묘지,,관내,화장 이용료죽은태아-일반,(인접/준관내) 화장 이용료죽은태아-일반(인접/준관내),300000
1453,대구명복공원,1453,사설,,공원묘지,봉안당,공원묘지,,관내,화장 이용료개장유골-일반,(인접/준관내),350000
1453,대구명복공원,1453,사설,,공원묘지,봉안당,공원묘지,,관외,화장 이용료죽은태아-일반(관외),화장 이용료죽은태아-일반(관외),400000
1453,대구명복공원,1453,사설,,공원묘지,봉안당,공원묘지,,관내,화장 이용료일반(소인)-일반(인접/준관내),화장 이용료일반(소인)-일반(인접/준관내),500000
1453,대구명복공원,1453,사설,,공원묘지,봉안당,공원묘지,,관외,화장 이용료개장유골-일반(관외),화장 이용료개장유골-일반(관외),500000
1453,대구명복공원,1453,사설,,공원묘지,봉안당,공원묘지,,관내,화장 이용료일반(대인),일반(인접/준관내),700000
1453,대구명복공원,1453,사설,,공원묘지,봉안당,공원묘지,,관외,화장 이용료일반(소인)-일반(관외),화장 이용료일반(소인)-일반(관외),700000
1453,대구명복공원,1453,사설,,공원묘지,봉안당,공원묘지,,관외,화장 이용료,일반(대인)-일반(관외),1000000
1454,공주나래원,1454,사설,,"수목장, 공원묘지, 봉안당","봉안당, 공원묘지, 수목장",공원묘지,,관외,봉분함진공함,봉분함진공함,600000
1454,공주나래원,1454,사설,,"수목장, 공원묘지, 봉안당","봉안당, 공원묘지, 수목장",봉안당,개인단,관내,봉안시설-관내개인단,"(년), (30년)",1000000
1454,공주나래원,1454,사설,,"수목장, 공원묘지, 봉안당","봉안당, 공원묘지, 수목장",봉안당,부부단,관내,,,2000000
1454,공주나래원,1454,사설,,"수목장, 공원묘지, 봉안당","봉안당, 공원묘지, 수목장",봉안당,개인단,관외,,,2000000
1454,공주나래원,1454,사설,,"수목장, 공원묘지, 봉안당","봉안당, 공원묘지, 수목장",봉안당,부부단,관외,,,4000000
1454,공주나래원,1454,사설,,"수목장, 공원묘지, 봉안당","봉안당, 공원묘지, 수목장",수목장,,관외,자연장함생분해성 분골함,자연장함생분해성 분골함,100000
1454,공주나래원,1454,사설,,"수목장, 공원묘지, 봉안당","봉안당, 공원묘지, 수목장",기타,,관외,목함나무재질,목함나무재질,30000
1454,공주나래원,1454,사설,,"수목장, 공원묘지, 봉안당","봉안당, 공원묘지, 수목장",기타,,관외,도원함단함,도원함단함,200000
1454,공주나래원,1454,사설,,"수목장, 공원묘지, 봉안당","봉안당, 공원묘지, 수목장",기타,,관외,민자함(송학난초),이중함,350000
1454,공주나래원,1454,사설,,"수목장, 공원묘지, 봉안당","봉안당, 공원묘지, 수목장",기타,,관외,신궁전함,(종교)진공함 신궁전함(종교)진공함,450000
1454,공주나래원,1454,사설,,"수목장, 공원묘지, 봉안당","봉안당, 공원묘지, 수목장",기타,,관내,화장시설,관내죽은태아 화장시설-관내죽은태아,500000
1454,공주나래원,1454,사설,,"수목장, 공원묘지, 봉안당","봉안당, 공원묘지, 수목장",기타,,관외,영화함신궁전함(종교)이중함,"영화함,신궁전함(종교)이중함",800000
1454,공주나래원,1454,사설,,"수목장, 공원묘지, 봉안당","봉안당, 공원묘지, 수목장",기타,,관내,,,800000
1454,공주나래원,1454,사설,,"수목장, 공원묘지, 봉안당","봉안당, 공원묘지, 수목장",기타,,관내,화장시설,관내개장유골 화장시설-관내개장유골,800000
1454,공주나래원,1454,사설,,"수목장, 공원묘지, 봉안당","봉안당, 공원묘지, 수목장",기타,,관외,합골함진공함,"(인), (2인)",900000
1454,공주나래원,1454,사설,,"수목장, 공원묘지, 봉안당","봉안당, 공원묘지, 수목장",기타,,관내,,,1000000
1454,공주나래원,1454,사설,,"수목장, 공원묘지, 봉안당","봉안당, 공원묘지, 수목장",기타,,관내,화장시설-준관내죽은태아,화장시설-준관내죽은태아,1000000
1454,공주나래원,1454,사설,,"수목장, 공원묘지, 봉안당","봉안당, 공원묘지, 수목장",기타,,관내,화장시설,준관내개장유골 화장시설-준관내개장유골,2000000
1454,공주나래원,1454,사설,,"수목장, 공원묘지, 봉안당","봉안당, 공원묘지, 수목장",기타,,관외,화장시설-관외죽은태아,화장시설-관외죽은태아,2000000
1454,공주나래원,1454,사설,,"수목장, 공원묘지, 봉안당","봉안당, 공원묘지, 수목장",기타,,관외,화장시설-관외개장유골,화장시설-관외개장유골,4000000
1454,공주나래원,1454,사설,,"수목장, 공원묘지, 봉안당","봉안당, 공원묘지, 수목장",기타,,관내,화장시설-준관내소인,"만세 미만, 만15세 미만",4500000
1454,공주나래원,1454,사설,,"수목장, 공원묘지, 봉안당","봉안당, 공원묘지, 수목장",기타,,관내,,,5000000
1454,공주나래원,1454,사설,,"수목장, 공원묘지, 봉안당","봉안당, 공원묘지, 수목장",기타,,관외,화장시설-관외소인,"(만세 미만), (만15세 미만)",9000000
1454,공주나래원,1454,사설,,"수목장, 공원묘지, 봉안당","봉안당, 공원묘지, 수목장",기타,,관외,,,10000000
1455,함안하늘공원(화장시설),1455,공설,무관,공원묘지,봉안당,공원묘지,,관내,죽은태아,(관내)(일반),300000
1455,함안하늘공원(화장시설),1455,공설,무관,공원묘지,봉안당,공원묘지,,관내,개장유골,(관내)(일반),400000
1455,함안하늘공원(화장시설),1455,공설,무관,공원묘지,봉안당,공원묘지,,관내,미만 기준,"세, 15세 (관내)(일반)",600000
1455,함안하늘공원(화장시설),1455,공설,무관,공원묘지,봉안당,공원묘지,,관내,,,800000
1455,함안하늘공원(화장시설),1455,공설,무관,공원묘지,봉안당,공원묘지,,관외,죽은태아,(관외)(일반),1500000
1455,함안하늘공원(화장시설),1455,공설,무관,공원묘지,봉안당,공원묘지,,관외,개장유골(관외),(일반),2500000
1455,함안하늘공원(화장시설),1455,공설,무관,공원묘지,봉안당,공원묘지,,관외,,,3500000
1455,함안하늘공원(화장시설),1455,공설,무관,공원묘지,봉안당,공원묘지,,관외,,,5000000
1456,은하수공원 해님의집(화장장),1456,사설,,공원묘지,봉안당,공원묘지,,관내,화장 이용료죽은태아,일반(관내),500000
1456,은하수공원 해님의집(화장장),1456,사설,,공원묘지,봉안당,공원묘지,,관내,화장 이용료,개장유골-일반(관내),600000
1456,은하수공원 해님의집(화장장),1456,사설,,공원묘지,봉안당,공원묘지,,관내,화장 이용료일반(소인)-일반(관내),화장 이용료일반(소인)-일반(관내),1300000
1456,은하수공원 해님의집(화장장),1456,사설,,공원묘지,봉안당,공원묘지,,관내,화장 이용료일반(대인)-일반(관내),화장 이용료일반(대인)-일반(관내),1600000
1456,은하수공원 해님의집(화장장),1456,사설,,공원묘지,봉안당,공원묘지,,관내,화장 이용료개장유골-일반,(인접/준관내),2100000
1456,은하수공원 해님의집(화장장),1456,사설,,공원묘지,봉안당,공원묘지,,관내,화장 이용료죽은태아-일반,(인접/준관내) 화장 이용료죽은태아-일반(인접/준관내),2400000
1456,은하수공원 해님의집(화장장),1456,사설,,공원묘지,봉안당,공원묘지,,관내,화장 이용료일반(소인)-일반(인접/준관내),10.31 부터 화장 이용료일반(소인)-일반(인접/준관내) 24.10.31 부터,3400000
1456,은하수공원 해님의집(화장장),1456,사설,,공원묘지,봉안당,공원묘지,,관외,화장 이용료개장유골-일반(관외),"10.31 부터, 24.10.31 부터",4200000
1456,은하수공원 해님의집(화장장),1456,사설,,공원묘지,봉안당,공원묘지,,관외,화장 이용료죽은태아-일반(관외),.10.31 부터 24.10.31 부터,4800000
1456,은하수공원 해님의집(화장장),1456,사설,,공원묘지,봉안당,공원묘지,,관내,화장 이용료일반(대인)-일반(인접/준관내),10.31 부터 화장 이용료일반(대인)-일반(인접/준관내) 24.10.31 부터,5000000
1456,은하수공원 해님의집(화장장),1456,사설,,공원묘지,봉안당,공원묘지,,관내,화장 이용료무연고-일반(인접/준관내),1,5000000
1456,은하수공원 해님의집(화장장),1456,사설,,공원묘지,봉안당,공원묘지,,관외,화장 이용료일반(소인)-일반(관외),".10.31 부터, 24.10.31 부터",6800000
1456,은하수공원 해님의집(화장장),1456,사설,,공원묘지,봉안당,공원묘지,,관외,화장 이용료일반(대인)-일반(관외),.10.31 부터 24.10.31 부터,10000000
1456,은하수공원 해님의집(화장장),1456,사설,,공원묘지,봉안당,공원묘지,,관외,화장 이용료무연고-일반(관외),.10.31 부터 24.10.31 부터,10000000
1457,홍성추모공원,1457,공설,,"봉안당, 공원묘지","봉안당, 공원묘지, 수목장",공원묘지,,재추출(병합),기타수의,중국산(매장용중급),500000
1457,홍성추모공원,1457,공설,,"봉안당, 공원묘지","봉안당, 공원묘지, 수목장",공원묘지,,재추출(병합),기타수의중국산,매장용상급,1200000
1457,홍성추모공원,1457,공설,,"봉안당, 공원묘지","봉안당, 공원묘지, 수목장",봉안당,,재추출(병합),베게입관베개,1개,2000
1457,홍성추모공원,1457,공설,,"봉안당, 공원묘지","봉안당, 공원묘지, 수목장",봉안당,,재추출(병합),혼백혼백,1개,3750
1457,홍성추모공원,1457,공설,,"봉안당, 공원묘지","봉안당, 공원묘지, 수목장",정보없음,,정보없음,정보없음,자동 추출 실패 (푸터 텍스트),
1457,홍성추모공원,1457,공설,,"봉안당, 공원묘지","봉안당, 공원묘지, 수목장",봉안당,,재추출(병합),습신(꽃신)습신1조,습신(꽃신)습신1조,5000
1457,홍성추모공원,1457,공설,,"봉안당, 공원묘지","봉안당, 공원묘지, 수목장",봉안당,,재추출(병합),탈지면,탈지면1봉,6600
1457,홍성추모공원,1457,공설,,"봉안당, 공원묘지","봉안당, 공원묘지, 수목장",봉안당,,재추출(병합),빈소용품향로/촛대,1조(무료),7460
1457,홍성추모공원,1457,공설,,"봉안당, 공원묘지","봉안당, 공원묘지, 수목장",봉안당,,재추출(병합),빈소용품향1곽,,7460
1457,홍성추모공원,1457,공설,,"봉안당, 공원묘지","봉안당, 공원묘지, 수목장",봉안당,,재추출(병합),빈소용품양초,1개,7460
1457,홍성추모공원,1457,공설,,"봉안당, 공원묘지","봉안당, 공원묘지, 수목장",봉안당,,재추출(병합),빈소용품위패,1개,7460
1457,홍성추모공원,1457,공설,,"봉안당, 공원묘지","봉안당, 공원묘지, 수목장",봉안당,,재추출(병합),빈소용품부의록,1개,7460
1457,홍성추모공원,1457,공설,,"봉안당, 공원묘지","봉안당, 공원묘지, 수목장",봉안당,,재추출(병합),3개소,3개소,7593
1457,홍성추모공원,1457,공설,,"봉안당, 공원묘지","봉안당, 공원묘지, 수목장",봉안당,,재추출(병합),개소,4개소,8348
1457,홍성추모공원,1457,공설,,"봉안당, 공원묘지","봉안당, 공원묘지, 수목장",봉안당,,재추출(병합),두루마기베두루마기,1벌,10667
1457,홍성추모공원,1457,공설,,"봉안당, 공원묘지","봉안당, 공원묘지, 수목장",봉안당,,재추출(병합),두루마기,옥양목두루마기1벌,10667
1457,홍성추모공원,1457,공설,,"봉안당, 공원묘지","봉안당, 공원묘지, 수목장",봉안당,,재추출(병합),(3개소),(3개소),11894
1457,홍성추모공원,1457,공설,,"봉안당, 공원묘지","봉안당, 공원묘지, 수목장",봉안당,,재추출(병합),3개소,3개소,13569
1457,홍성추모공원,1457,공설,,"봉안당, 공원묘지","봉안당, 공원묘지, 수목장",봉안당,,재추출(병합),3개소,3개소,13569
1457,홍성추모공원,1457,공설,,"봉안당, 공원묘지","봉안당, 공원묘지, 수목장",봉안당,,재추출(병합),개소,4개소,14044
1457,홍성추모공원,1457,공설,,"봉안당, 공원묘지","봉안당, 공원묘지, 수목장",봉안당,,재추출(병합),여상복여상복,1벌(검정),15000
1457,홍성추모공원,1457,공설,,"봉안당, 공원묘지","봉안당, 공원묘지, 수목장",봉안당,,재추출(병합),여상복,1벌 (흰색),15000
1457,홍성추모공원,1457,공설,,"봉안당, 공원묘지","봉안당, 공원묘지, 수목장",봉안당,,재추출(병합),수시(수세)포수시포,1개,18889
1457,홍성추모공원,1457,공설,,"봉안당, 공원묘지","봉안당, 공원묘지, 수목장",봉안당,,재추출(병합),"수시(수세)포수시복1복10,000","수시(수세)포수시복1복10,000",18889
1457,홍성추모공원,1457,공설,,"봉안당, 공원묘지","봉안당, 공원묘지, 수목장",봉안당,,재추출(병합),리본/근조기액자리본1개,리본/근조기액자리본1개,19400
1457,홍성추모공원,1457,공설,,"봉안당, 공원묘지","봉안당, 공원묘지, 수목장",봉안당,,재추출(병합),리본/근조기차리본,1개,19400
1457,홍성추모공원,1457,공설,,"봉안당, 공원묘지","봉안당, 공원묘지, 수목장",봉안당,,재추출(병합),2개소,2개소,19506
1457,홍성추모공원,1457,공설,,"봉안당, 공원묘지","봉안당, 공원묘지, 수목장",봉안당,,재추출(병합),3개소,3개소,21030
1457,홍성추모공원,1457,공설,,"봉안당, 공원묘지","봉안당, 공원묘지, 수목장",봉안당,,재추출(병합),(3개소),(3개소),21030
1457,홍성추모공원,1457,공설,,"봉안당, 공원묘지","봉안당, 공원묘지, 수목장",봉안당,,재추출(병합),(4개소),(4개소),21284
1457,홍성추모공원,1457,공설,,"봉안당, 공원묘지","봉안당, 공원묘지, 수목장",봉안당,,재추출(병합),(4개소),(4개소),21284
1457,홍성추모공원,1457,공설,,"봉안당, 공원묘지","봉안당, 공원묘지, 수목장",봉안당,,재추출(병합),개소,개소,21284
1457,홍성추모공원,1457,공설,,"봉안당, 공원묘지","봉안당, 공원묘지, 수목장",봉안당,,재추출(병합),개소,개소,21284
1457,홍성추모공원,1457,공설,,"봉안당, 공원묘지","봉안당, 공원묘지, 수목장",봉안당,,재추출(병합),개소,개소,21284
1457,홍성추모공원,1457,공설,,"봉안당, 공원묘지","봉안당, 공원묘지, 수목장",봉안당,,재추출(병합),관포(보)관보,1개,22333
1457,홍성추모공원,1457,공설,,"봉안당, 공원묘지","봉안당, 공원묘지, 수목장",봉안당,,재추출(병합),관포(보)관보,1개,22333
1457,홍성추모공원,1457,공설,,"봉안당, 공원묘지","봉안당, 공원묘지, 수목장",봉안당,,재추출(병합),명정명정1개,명정명정1개,29000
1457,홍성추모공원,1457,공설,,"봉안당, 공원묘지","봉안당, 공원묘지, 수목장",봉안당,,재추출(병합),명정명정1개,명정명정1개,29000
1457,홍성추모공원,1457,공설,,"봉안당, 공원묘지","봉안당, 공원묘지, 수목장",봉안당,,재추출(병합),일반용품방명록,1개,29500
1457,홍성추모공원,1457,공설,,"봉안당, 공원묘지","봉안당, 공원묘지, 수목장",봉안당,,재추출(병합),보건복지부,"[30113] 세종특별자치시 도움4로 13, 10동 (어진동, 정부세종청사)",30113
1457,홍성추모공원,1457,공설,,"봉안당, 공원묘지","봉안당, 공원묘지, 수목장",봉안당,,재추출(병합),(3개소),(3개소),38956
1457,홍성추모공원,1457,공설,,"봉안당, 공원묘지","봉안당, 공원묘지, 수목장",봉안당,,재추출(병합),개소,4 4,43655
1457,홍성추모공원,1457,공설,,"봉안당, 공원묘지","봉안당, 공원묘지, 수목장",봉안당,,재추출(병합),개소,개소,43655
1457,홍성추모공원,1457,공설,,"봉안당, 공원묘지","봉안당, 공원묘지, 수목장",봉안당,,재추출(병합),(4개소),(4개소),59763
1457,홍성추모공원,1457,공설,,"봉안당, 공원묘지","봉안당, 공원묘지, 수목장",봉안당,,재추출(병합),4개소,4개소,59763
1457,홍성추모공원,1457,공설,,"봉안당, 공원묘지","봉안당, 공원묘지, 수목장",봉안당,,재추출(병합),개소,4개소,61150
1457,홍성추모공원,1457,공설,,"봉안당, 공원묘지","봉안당, 공원묘지, 수목장",봉안당,,재추출(병합),개소,4개소,61150
1457,홍성추모공원,1457,공설,,"봉안당, 공원묘지","봉안당, 공원묘지, 수목장",봉안당,,재추출(병합),칠성판/횡대칠성판1조,칠성판/횡대칠성판1조,116273
1457,홍성추모공원,1457,공설,,"봉안당, 공원묘지","봉안당, 공원묘지, 수목장",봉안당,,재추출(병합),칠성판/횡대횡대1.5치 오동,칠성판/횡대횡대1.5치 오동,116273
1457,홍성추모공원,1457,공설,,"봉안당, 공원묘지","봉안당, 공원묘지, 수목장",봉안당,,재추출(병합),4개소,4개소,157940
1457,홍성추모공원,1457,공설,,"봉안당, 공원묘지","봉안당, 공원묘지, 수목장",봉안당,,재추출(병합),개소,4개소,157940
1457,홍성추모공원,1457,공설,,"봉안당, 공원묘지","봉안당, 공원묘지, 수목장",봉안당,,재추출(병합),기타수의중국산(화장용),기타수의중국산(화장용),200000
1457,홍성추모공원,1457,공설,종교무관,"봉안당, 공원묘지","봉안당, 공원묘지, 수목장",봉안당,,재추출(병합),오동나무관특수,1.5치 오동관,300000
1457,홍성추모공원,1457,공설,,"봉안당, 공원묘지","봉안당, 공원묘지, 수목장",봉안당,,재추출(병합),3개소,3개소,303252
1457,홍성추모공원,1457,공설,,"봉안당, 공원묘지","봉안당, 공원묘지, 수목장",봉안당,,재추출(병합),일반염습비,1구당,328570
1457,홍성추모공원,1457,공설,,"봉안당, 공원묘지","봉안당, 공원묘지, 수목장",봉안당,,재추출(병합),개소,2개소,394386
1457,홍성추모공원,1457,공설,,"봉안당, 공원묘지","봉안당, 공원묘지, 수목장",봉안당,,재추출(병합),개소,4개소,643672
1457,홍성추모공원,1457,공설,,"봉안당, 공원묘지","봉안당, 공원묘지, 수목장",봉안당,,재추출(병합),개소,4개소,643672
1457,홍성추모공원,1457,공설,,"봉안당, 공원묘지","봉안당, 공원묘지, 수목장",기타(관리비),,재추출(병합),빈소+접객실장례식장임대료,(특)1실/1시간기준,29844
1457,홍성추모공원,1457,공설,,"봉안당, 공원묘지","봉안당, 공원묘지, 수목장",기타(관리비),,재추출(병합),빈소+접객실장례식장임대료(일반),1실/1시간기준,29844
1458,제천시영원한쉼터,1458,사설,,공원묘지,봉안당,기타,,관내,화장 이용료,죽은태아-일반(관내),150000
1458,제천시영원한쉼터,1458,사설,,공원묘지,봉안당,기타,,관내,화장 이용료일반(소인)-일반(관내),화장 이용료일반(소인)-일반(관내),300000
1458,제천시영원한쉼터,1458,사설,,공원묘지,봉안당,기타,,관내,화장 이용료개장유골-일반(관내),화장 이용료개장유골-일반(관내),300000
1458,제천시영원한쉼터,1458,사설,,공원묘지,봉안당,기타,,관내,화장 이용료일반(대인),일반(관내) 화장 이용료일반(대인)-일반(관내),500000
1458,제천시영원한쉼터,1458,사설,,공원묘지,봉안당,기타,,관내,화장 이용료죽은태아-일반,(인접/준관내) 화장 이용료죽은태아-일반(인접/준관내),900000
1458,제천시영원한쉼터,1458,사설,,공원묘지,봉안당,기타,,관내,화장 이용료일반(소인),일반(인접/준관내) 화장 이용료일반(소인)-일반(인접/준관내),2000000
1458,제천시영원한쉼터,1458,사설,,공원묘지,봉안당,기타,,관내,화장 이용료개장유골-일반,(인접/준관내),2000000
1458,제천시영원한쉼터,1458,사설,,공원묘지,봉안당,기타,,관외,화장 이용료죽은태아-일반(관외),화장 이용료죽은태아-일반(관외),2400000
1458,제천시영원한쉼터,1458,사설,,공원묘지,봉안당,기타,,관내,화장 이용료일반(대인),일반(인접/준관내) 화장 이용료일반(대인)-일반(인접/준관내),3000000
1458,제천시영원한쉼터,1458,사설,,공원묘지,봉안당,기타,,관내,화장 이용료,무연고-일반(인접/준관내) 화장 이용료무연고-일반(인접/준관내),3000000
1458,제천시영원한쉼터,1458,사설,,공원묘지,봉안당,기타,,관외,화장 이용료일반(소인)-일반(관외),화장 이용료일반(소인)-일반(관외),6000000
1458,제천시영원한쉼터,1458,사설,,공원묘지,봉안당,기타,,관외,화장 이용료개장유골-일반(관외),화장 이용료개장유골-일반(관외),6000000
1458,제천시영원한쉼터,1458,사설,,공원묘지,봉안당,기타,,관외,화장 이용료일반(대인),일반(관외) 화장 이용료일반(대인)-일반(관외),10000000
1458,제천시영원한쉼터,1458,사설,,공원묘지,봉안당,기타,,관외,화장 이용료,무연고-일반(관외) 화장 이용료무연고-일반(관외),10000000
1459,수원시연화장 승화원,1459,사설,불교,공원묘지,봉안당,공원묘지,,관내,관내(개장)묘지,소재지가 수원일 경우 관내(개장)묘지 소재지가 수원일 경우,1000000
1459,수원시연화장 승화원,1459,사설,불교,공원묘지,봉안당,공원묘지,,관외,관외(개장)묘지 소재지가 수원이 아닐 경우,관외(개장)묘지 소재지가 수원이 아닐 경우 관외(개장)묘지 소재지가 수원이 아닐 경우,5000000
1459,수원시연화장 승화원,1459,사설,불교,공원묘지,봉안당,기타,,관내,관내(사산아)부모의 주민등록지가 수원 일 경우,,500000
1459,수원시연화장 승화원,1459,사설,불교,공원묘지,봉안당,기타,,관내,관내(소인)수원에 주민등록을 두고 거주중에 사망,"일 이상, 30일 이상",1200000
1459,수원시연화장 승화원,1459,사설,불교,공원묘지,봉안당,기타,,관내,관내(대인)수원 거주자 사망,주민등록을 두고 일 이상 또는 30일 이상 거주중에,1500000
1459,수원시연화장 승화원,1459,사설,불교,공원묘지,봉안당,기타,,관외,관외(사산아)부모의 주민등록지가 수원이 아닐 경우,관외(사산아)부모의 주민등록지가 수원이 아닐 경우,2000000
1459,수원시연화장 승화원,1459,사설,불교,공원묘지,봉안당,기타,,관외,관외(소인),오산/용인(개법정동)주민등록을 두고 30일 이상 거주,2500000
1459,수원시연화장 승화원,1459,사설,불교,공원묘지,봉안당,기타,,관외,관외(대인),오산/용인(개법정동)주민등록을 두고 30일 이상 거주 오산/용인(5개법정동)주민등록을 두고 30일 이상 거주,5000000
1459,수원시연화장 승화원,1459,사설,불교,공원묘지,봉안당,기타,,관외,관외(소인)관외자,관외(소인)관외자,5000000
1459,수원시연화장 승화원,1459,사설,불교,공원묘지,봉안당,기타,,관외,관외(무연고),"오산/용인(개법정동)오산,용인(5개동)의 공문에 의한 경우",5000000
1459,수원시연화장 승화원,1459,사설,불교,공원묘지,봉안당,기타,가족단,관내,관외(대인)직계가족,"관내 주민등록을 두고 일 이상 거주, 관내 주민등록을 두고 30일 이상 거주",5000000
1459,수원시연화장 승화원,1459,사설,불교,공원묘지,봉안당,기타,,관외,관외(대인)관외자인 경우,관외(대인)관외자인 경우,10000000
1459,수원시연화장 승화원,1459,사설,불교,공원묘지,봉안당,기타,,관외,관외(무연고)관외지역의 공문에 의한 경우,관외(무연고)관외지역의 공문에 의한 경우,10000000
1460,경주하늘마루,1460,사설,,공원묘지,봉안당,정보없음,,정보없음,정보없음,자동 추출 실패 (푸터 텍스트),
1460,경주하늘마루,1460,사설,,공원묘지,봉안당,기타,,재추출(병합),보건복지부,"[30113] 세종특별자치시 도움4로 13, 10동 (어진동, 정부세종청사)",30113
1460,경주하늘마루,1460,사설,,공원묘지,봉안당,기타,,재추출(병합),개소,개소,59513
1460,경주하늘마루,1460,사설,,공원묘지,봉안당,기타,,재추출(병합),(8개소),(8개소),82238
1460,경주하늘마루,1460,사설,,공원묘지,봉안당,기타,,재추출(병합),일반안치실사용료,1일,91920
1460,경주하늘마루,1460,사설,,공원묘지,봉안당,기타,,재추출(병합),염습실/입관실,염습실사용료1회 염습실/입관실 염습실사용료1회,180833
1460,경주하늘마루,1460,사설,,공원묘지,봉안당,기타,,재추출(병합),일반염습비용,1회,210000
1460,경주하늘마루,1460,사설,,공원묘지,봉안당,기타,,재추출(병합),(8개소),(8개소),248513
1460,경주하늘마루,1460,사설,,공원묘지,봉안당,기타,,재추출(병합),화장용오동 0.6치(화장),1850*450*390*18mm부판/중국/국산0 화장용오동 0.6치(화장)1850*450*390*18mm부판/중국/국산0,250000
1460,경주하늘마루,1460,사설,,공원묘지,봉안당,기타,,재추출(병합),개소,개소,291120
1460,경주하늘마루,1460,사설,,공원묘지,봉안당,기타,,재추출(병합),개소,개소,303252
1460,경주하늘마루,1460,사설,,공원묘지,봉안당,기타,,재추출(병합),개소,1개소,379737
1460,경주하늘마루,1460,사설,,공원묘지,봉안당,기타,,재추출(병합),육수,육수(염포)육수(화장)육수100%/중국0 육수(염포)육수(화장)육수100%/중국0,400000
1461,속초시승화원,1461,사설,,공원묘지,봉안당,기타,,관내,화장 이용료죽은태아-일반(관내),화장 이용료죽은태아-일반(관내),500000
1461,속초시승화원,1461,사설,,공원묘지,봉안당,기타,,관내,화장 이용료,개장유골-일반(관내),700000
1461,속초시승화원,1461,사설,,공원묘지,봉안당,기타,,관내,화장 이용료일반(소인)-일반(관내),화장 이용료일반(소인)-일반(관내),800000
1461,속초시승화원,1461,사설,,공원묘지,봉안당,기타,,관내,화장 이용료,일반(대인)-일반(관내),1000000
1461,속초시승화원,1461,사설,,공원묘지,봉안당,기타,,관외,화장 이용료죽은태아-일반(관외),화장 이용료죽은태아-일반(관외),2000000
1461,속초시승화원,1461,사설,,공원묘지,봉안당,기타,,관외,화장 이용료개장유골-일반(관외),화장 이용료개장유골-일반(관외),3000000
1461,속초시승화원,1461,사설,,공원묘지,봉안당,기타,,관외,화장 이용료,무연고-일반(관외),3500000
1461,속초시승화원,1461,사설,,공원묘지,봉안당,기타,,관외,화장 이용료일반(소인)-일반(관외),화장 이용료일반(소인)-일반(관외),4000000
1461,속초시승화원,1461,사설,,공원묘지,봉안당,기타,,관외,화장 이용료일반(대인),일반(관외) 화장 이용료일반(대인)-일반(관외),7000000
1462,의성군공설화장장,1462,공설,,공원묘지,봉안당,기타,,관내,화장 이용료,관내-개장유골 화장 이용료관내-개장유골,400000
1462,의성군공설화장장,1462,공설,,공원묘지,봉안당,기타,,관내,화장 이용료관내-죽은태아,화장 이용료관내-죽은태아,400000
1462,의성군공설화장장,1462,공설,,공원묘지,봉안당,기타,,관내,화장 이용료,관내-일반소인 화장 이용료관내-일반소인,600000
1462,의성군공설화장장,1462,공설,,공원묘지,봉안당,기타,,관내,화장 이용료,관내-일반대인 화장 이용료관내-일반대인,1000000
1462,의성군공설화장장,1462,공설,,공원묘지,봉안당,기타,,관내,화장 이용료,관외-일반소인(관내 등록기준지),1200000
1462,의성군공설화장장,1462,공설,,공원묘지,봉안당,기타,,관내,화장 이용료관외-일반대인,(관내 등록기준지) 화장 이용료관외-일반대인(관내 등록기준지),2000000
1462,의성군공설화장장,1462,공설,,공원묘지,봉안당,기타,,관외,화장 이용료,관외-죽은태아(도내) 화장 이용료관외-죽은태아(도내),2500000
1462,의성군공설화장장,1462,공설,,공원묘지,봉안당,기타,,관외,화장 이용료,관외-죽은태아(도내) 화장 이용료관외-죽은태아(도내),2500000
1462,의성군공설화장장,1462,공설,,공원묘지,봉안당,기타,,관외,화장 이용료관외-일반소인(도내),화장 이용료관외-일반소인(도내),3500000
1462,의성군공설화장장,1462,공설,,공원묘지,봉안당,기타,,관외,화장 이용료,관외-개장유골(도내) 화장 이용료관외-개장유골(도내),3500000
1462,의성군공설화장장,1462,공설,,공원묘지,봉안당,기타,,관외,화장 이용료관외-일반소인,(관내 등록기준지) 화장 이용료관외-일반소인(관내 등록기준지),5000000
1462,의성군공설화장장,1462,공설,,공원묘지,봉안당,기타,,관외,화장 이용료,관외-개장유골(도내) 화장 이용료관외-개장유골(도내),5000000
1462,의성군공설화장장,1462,공설,,공원묘지,봉안당,기타,,관외,화장 이용료관외-일반대인(도내),화장 이용료관외-일반대인(도내),6000000
1462,의성군공설화장장,1462,공설,,공원묘지,봉안당,기타,,관외,화장 이용료관외-일반대인,(관내 등록기준지) 화장 이용료관외-일반대인(관내 등록기준지),9000000
1463,청주시목련공원,1463,사설,,공원묘지,"봉안당, 공원묘지",공원묘지,,관내,화장 이용료죽은태아-일반(관내),화장 이용료죽은태아-일반(관내),300000
1463,청주시목련공원,1463,사설,,공원묘지,"봉안당, 공원묘지",공원묘지,,관내,화장 이용료일반(소인)-일반(관내),화장 이용료일반(소인)-일반(관내),500000
1463,청주시목련공원,1463,사설,,공원묘지,"봉안당, 공원묘지",공원묘지,,관내,화장 이용료개장유골-일반(관내),화장 이용료개장유골-일반(관내),500000
1463,청주시목련공원,1463,사설,,공원묘지,"봉안당, 공원묘지",공원묘지,,관내,화장 이용료일반(대인)-일반(관내),화장 이용료일반(대인)-일반(관내),1000000
1463,청주시목련공원,1463,사설,,공원묘지,"봉안당, 공원묘지",공원묘지,,관내,화장 이용료죽은태아-일반,(인접/준관내) 화장 이용료죽은태아-일반(인접/준관내),1000000
1463,청주시목련공원,1463,사설,,공원묘지,"봉안당, 공원묘지",공원묘지,,관외,화장 이용료죽은태아-일반(관외),화장 이용료죽은태아-일반(관외),2000000
1463,청주시목련공원,1463,사설,,공원묘지,"봉안당, 공원묘지",공원묘지,,관내,화장 이용료개장유골-일반,(인접/준관내),2000000
1463,청주시목련공원,1463,사설,,공원묘지,"봉안당, 공원묘지",공원묘지,,관내,화장 이용료일반(소인),일반(인접/준관내) 화장 이용료일반(소인)-일반(인접/준관내),2500000
1463,청주시목련공원,1463,사설,,공원묘지,"봉안당, 공원묘지",공원묘지,,관외,화장 이용료개장유골-일반(관외),화장 이용료개장유골-일반(관외),4000000
1463,청주시목련공원,1463,사설,,공원묘지,"봉안당, 공원묘지",공원묘지,,관내,화장 이용료일반(대인),일반(인접/준관내) 화장 이용료일반(대인)-일반(인접/준관내),5000000
1463,청주시목련공원,1463,사설,,공원묘지,"봉안당, 공원묘지",공원묘지,,관외,화장 이용료일반(소인)-일반(관외),화장 이용료일반(소인)-일반(관외),5000000
1463,청주시목련공원,1463,사설,,공원묘지,"봉안당, 공원묘지",공원묘지,,관내,화장 이용료무연고-일반(인접/준관내),화장 이용료무연고-일반(인접/준관내),5000000
1463,청주시목련공원,1463,사설,,공원묘지,"봉안당, 공원묘지",공원묘지,,관외,화장 이용료일반(대인),일반(관외) 화장 이용료일반(대인)-일반(관외),10000000
1463,청주시목련공원,1463,사설,,공원묘지,"봉안당, 공원묘지",공원묘지,,관외,화장 이용료,무연고-일반(관외) 화장 이용료무연고-일반(관외),10000000
1464,동해삼척 공동화장장(승화원),1464,사설,,공원묘지,봉안당,기타,,관내,화장 이용료죽은태아-일반(관내),화장 이용료죽은태아-일반(관내),500000
1464,동해삼척 공동화장장(승화원),1464,사설,,공원묘지,봉안당,기타,,관내,화장 이용료,개장유골-일반(관내),500000
1464,동해삼척 공동화장장(승화원),1464,사설,,공원묘지,봉안당,기타,,관내,화장 이용료일반(소인)-일반(관내),화장 이용료일반(소인)-일반(관내),800000
1464,동해삼척 공동화장장(승화원),1464,사설,,공원묘지,봉안당,기타,,관내,화장 이용료일반(대인)-일반(관내),1,1000000
1464,동해삼척 공동화장장(승화원),1464,사설,,공원묘지,봉안당,기타,,관외,화장 이용료죽은태아-일반(관외),화장 이용료죽은태아-일반(관외),2000000
1464,동해삼척 공동화장장(승화원),1464,사설,,공원묘지,봉안당,기타,,관외,화장 이용료개장유골-일반(관외),화장 이용료개장유골-일반(관외),3000000
1464,동해삼척 공동화장장(승화원),1464,사설,,공원묘지,봉안당,기타,,관외,화장 이용료일반(소인)-일반(관외),화장 이용료일반(소인)-일반(관외),4000000
1464,동해삼척 공동화장장(승화원),1464,사설,,공원묘지,봉안당,기타,,관외,화장 이용료,일반(대인)-일반(관외),6000000
1465,인제 하늘내린도리안,1465,사설,,공원묘지,,기타,,관내,화장 이용료,죽은태아-일반(관내),300000
1465,인제 하늘내린도리안,1465,사설,,공원묘지,,기타,,관내,화장 이용료일반(대인),국가유공예우자(관내),350000
1465,인제 하늘내린도리안,1465,사설,,공원묘지,,기타,,관내,,,350000
1465,인제 하늘내린도리안,1465,사설,,공원묘지,,기타,,관내,화장 이용료개장유골-일반(관내),화장 이용료개장유골-일반(관내),400000
1465,인제 하늘내린도리안,1465,사설,,공원묘지,,기타,,관내,화장 이용료일반(소인),일반(관내) 화장 이용료일반(소인)-일반(관내),600000
1465,인제 하늘내린도리안,1465,사설,,공원묘지,,기타,,관내,화장 이용료일반(대인),일반(관내) 화장 이용료일반(대인)-일반(관내),700000
1465,인제 하늘내린도리안,1465,사설,,공원묘지,,기타,,관외,화장 이용료죽은태아-일반(관외),화장 이용료죽은태아-일반(관외),1000000
1465,인제 하늘내린도리안,1465,사설,,공원묘지,,기타,,관외,화장 이용료개장유골-일반(관외),화장 이용료개장유골-일반(관외),2000000
1465,인제 하늘내린도리안,1465,사설,,공원묘지,,기타,,관외,화장 이용료일반(소인)-일반(관외),화장 이용료일반(소인)-일반(관외),5000000
1465,인제 하늘내린도리안,1465,사설,,공원묘지,,기타,,관외,화장 이용료일반(대인),일반(관외) 화장 이용료일반(대인)-일반(관외),7000000
1465,인제 하늘내린도리안,1465,사설,,공원묘지,,기타,,관외,화장 이용료무연고-일반(관외),화장 이용료무연고-일반(관외),7000000
1466,태백시화장장,1466,사설,,공원묘지,봉안당,기타,,관내,화장 이용료죽은태아-일반(관내),화장 이용료죽은태아-일반(관내),500000
1466,태백시화장장,1466,사설,,공원묘지,봉안당,기타,,관내,화장 이용료,개장유골-일반(관내),500000
1466,태백시화장장,1466,사설,,공원묘지,봉안당,기타,,관내,화장 이용료일반(소인)-일반(관내),화장 이용료일반(소인)-일반(관내),800000
1466,태백시화장장,1466,사설,,공원묘지,봉안당,기타,,관내,화장 이용료일반(대인)-일반(관내),화장 이용료일반(대인)-일반(관내),1000000
1466,태백시화장장,1466,사설,,공원묘지,봉안당,기타,,관외,화장 이용료개장유골-일반(관외),화장 이용료개장유골-일반(관외),3000000
1466,태백시화장장,1466,사설,,공원묘지,봉안당,기타,,관외,화장 이용료죽은태아-일반(관외),화장 이용료죽은태아-일반(관외),4000000
1466,태백시화장장,1466,사설,,공원묘지,봉안당,기타,,관외,화장 이용료일반(소인)-일반(관외),화장 이용료일반(소인)-일반(관외),5000000
1466,태백시화장장,1466,사설,,공원묘지,봉안당,기타,,관외,화장 이용료행려(소인)-일반(관외),화장 이용료행려(소인)-일반(관외),5000000
1466,태백시화장장,1466,사설,,공원묘지,봉안당,기타,,관외,화장 이용료일반(대인)-일반(관외),,7000000
1466,태백시화장장,1466,사설,,공원묘지,봉안당,기타,,관외,화장 이용료행려(대인)-일반(관외),,7000000
1466,태백시화장장,1466,사설,,공원묘지,봉안당,기타,,관외,화장 이용료무연고-일반(관외),화장 이용료무연고-일반(관외),7000000
1467,남도광역추모공원,1467,공설,무관,봉안당,"봉안당, 공원묘지, 수목장",정보없음,,정보없음,한국장례문화진흥원,"서울특별시 중구 수표로 23 인농빌딩 7층, TEL : 1577-4129, FAX : 02-6919-",
1468,남해추모누리 영화원,1468,사설,,봉안당,봉안당,봉안당,,관내,화장 이용료죽은태아-일반(관내),화장 이용료죽은태아-일반(관내),300000
1468,남해추모누리 영화원,1468,사설,,봉안당,봉안당,봉안당,,관내,화장 이용료일반(소인)-일반(관내),화장 이용료일반(소인)-일반(관내),400000
1468,남해추모누리 영화원,1468,사설,,봉안당,봉안당,봉안당,,관내,화장 이용료개장유골-일반(관내),화장 이용료개장유골-일반(관내),400000
1468,남해추모누리 영화원,1468,사설,,봉안당,봉안당,봉안당,,관내,화장 이용료일반(대인),일반(관내),600000
1468,남해추모누리 영화원,1468,사설,,봉안당,봉안당,봉안당,,관외,화장 이용료죽은태아-일반(관외),,2000000
1468,남해추모누리 영화원,1468,사설,,봉안당,봉안당,봉안당,,관외,화장 이용료,개장유골-일반(관외) 화장 이용료개장유골-일반(관외),2000000
1468,남해추모누리 영화원,1468,사설,,봉안당,봉안당,봉안당,,관외,화장 이용료일반(소인)-일반(관외),화장 이용료일반(소인)-일반(관외),3000000
1468,남해추모누리 영화원,1468,사설,,봉안당,봉안당,봉안당,,관외,화장 이용료일반(대인)-일반(관외),화장 이용료일반(대인)-일반(관외),5000000
1469,김천시립추모공원,1469,미분류,,봉안당,봉안당,정보없음,,정보없음,정보없음,자동 추출 실패 (푸터 텍스트),
1470,목포추모공원,1470,공설,,봉안당,봉안당,봉안당,,,무연고자 (목포시거주자),"안치기간 : 10년, 연장 1회 가능",700000
1470,목포추모공원,1470,공설,,봉안당,봉안당,봉안당,,,기존 안치자 연장(목포시거주자),안치기간 : 년(1회 연장)1 기존 안치자 연장(목포시거주자)안치기간 : 15년(1회 연장)1,1000000
1470,목포추모공원,1470,공설,,봉안당,봉안당,봉안당,,관외,무연고자(관외)안치기간,"년, 연장 1회 가능, 10년, 연장 1회 가능",1050000
1470,목포추모공원,1470,공설,,봉안당,봉안당,봉안당,,관외,기존 안치자 연장(관외),안치기간 : 년(1회 연장) 기존 안치자 연장(관외) 안치기간 : 15년(1회 연장),1500000
1471,서울추모공원,1471,공설,,봉안당,"봉안당, 공원묘지",봉안당,,관내,화장 이용료,관내-죽은태아-일반,500000
1471,서울추모공원,1471,공설,,봉안당,"봉안당, 공원묘지",봉안당,,관내,화장 이용료,관내-일반(대인)-국가유공배우자,500000
1471,서울추모공원,1471,공설,,봉안당,"봉안당, 공원묘지",봉안당,,관외,화장 이용료관외,일반(대인)-국가유공배우자,500000
1471,서울추모공원,1471,공설,,봉안당,"봉안당, 공원묘지",봉안당,,관내,화장 이용료,관내-개장유골-일반,600000
1471,서울추모공원,1471,공설,,봉안당,"봉안당, 공원묘지",봉안당,,관내,화장 이용료,관내-일반(소인)-일반,1000000
1471,서울추모공원,1471,공설,,봉안당,"봉안당, 공원묘지",봉안당,,관내,화장 이용료,관내-일반(대인)-일반,1200000
1471,서울추모공원,1471,공설,,봉안당,"봉안당, 공원묘지",봉안당,,관내,화장 이용료,관내-군복부중 사망 현역군인 화장 이용료관내-군복부중 사망 현역군인,1200000
1471,서울추모공원,1471,공설,,봉안당,"봉안당, 공원묘지",봉안당,,관외,화장 이용료관외-죽은태아-일반,화장 이용료관외-죽은태아-일반,2000000
1471,서울추모공원,1471,공설,,봉안당,"봉안당, 공원묘지",봉안당,,관외,화장 이용료,관외-일반(소인)-일반,4000000
1471,서울추모공원,1471,공설,,봉안당,"봉안당, 공원묘지",봉안당,,관외,화장 이용료,관외-개장유골-일반,4000000
1471,서울추모공원,1471,공설,,봉안당,"봉안당, 공원묘지",봉안당,,관내,화장 이용료,"관외-자녀(서울)-관내병원 사망, 관내장례식장 이용",4000000
1471,서울추모공원,1471,공설,,봉안당,"봉안당, 공원묘지",봉안당,,관외,화장 이용료관외-군복부중 사망 현역군인,,5000000
1471,서울추모공원,1471,공설,,봉안당,"봉안당, 공원묘지",봉안당,,관외,화장 이용료관외-일반(대인)-일반,화장 이용료관외-일반(대인)-일반,10000000
1472,김해추모의공원,1472,사설,,봉안당,봉안당,봉안당,,관내,화장 이용료,죽은태아-일반(관내) 화장 이용료죽은태아-일반(관내),500000
1472,김해추모의공원,1472,사설,,봉안당,봉안당,봉안당,,관내,화장 이용료일반(소인)-일반(관내),화장 이용료일반(소인)-일반(관내),600000
1472,김해추모의공원,1472,사설,,봉안당,봉안당,봉안당,,관내,화장 이용료개장유골-일반(관내),화장 이용료개장유골-일반(관내),600000
1472,김해추모의공원,1472,사설,,봉안당,봉안당,봉안당,,관내,화장 이용료,일반(대인)-일반(관내),1000000
1472,김해추모의공원,1472,사설,,봉안당,봉안당,봉안당,,관외,화장 이용료죽은태아-일반(관외),화장 이용료죽은태아-일반(관외),1250000
1472,김해추모의공원,1472,사설,,봉안당,봉안당,봉안당,,관외,화장 이용료,개장유골-일반(관외),2000000
1472,김해추모의공원,1472,사설,,봉안당,봉안당,봉안당,,관외,화장 이용료일반(소인)-일반(관외),화장 이용료일반(소인)-일반(관외),3000000
1472,김해추모의공원,1472,사설,,봉안당,봉안당,봉안당,,관외,화장 이용료,일반(대인)-일반(관외),5000000
1473,밀양시공설화장시설,1473,공설,,공원묘지,봉안당,기타,,관내,화장 이용료죽은태아-일반(관내),,350000
1473,밀양시공설화장시설,1473,공설,,공원묘지,봉안당,기타,,관내,화장 이용료개장유골-일반(관내),화장 이용료개장유골-일반(관내),450000
1473,밀양시공설화장시설,1473,공설,,공원묘지,봉안당,기타,,관내,화장 이용료일반(소인)-일반(관내),화장 이용료일반(소인)-일반(관내),550000
1473,밀양시공설화장시설,1473,공설,,공원묘지,봉안당,기타,,관내,화장 이용료일반(대인),일반(관내),800000
1473,밀양시공설화장시설,1473,공설,,공원묘지,봉안당,기타,,관외,화장 이용료죽은태아-일반(관외),화장 이용료죽은태아-일반(관외),1500000
1473,밀양시공설화장시설,1473,공설,,공원묘지,봉안당,기타,,관외,화장 이용료개장유골-일반(관외),화장 이용료개장유골-일반(관외),2200000
1473,밀양시공설화장시설,1473,공설,,공원묘지,봉안당,기타,,관외,화장 이용료일반(소인)-일반(관외),화장 이용료일반(소인)-일반(관외),3500000
1473,밀양시공설화장시설,1473,공설,,공원묘지,봉안당,기타,,관외,화장 이용료일반(대인),일반(관외) 화장 이용료일반(대인)-일반(관외),5200000
1473,밀양시공설화장시설,1473,공설,,공원묘지,봉안당,기타,,관외,화장 이용료일반(대인),"기타(관외), 기타1(관외)",5200000
1473,밀양시공설화장시설,1473,공설,,공원묘지,봉안당,기타,,관외,화장 이용료,무연고-일반(관외),5200000
1474,천안추모공원,1474,공설,,봉안당,봉안당,봉안당,,관내,,,1000000
1474,천안추모공원,1474,공설,,봉안당,봉안당,봉안당,개인단,관내,,,4000000
1474,천안추모공원,1474,공설,,봉안당,봉안당,봉안당,부부단,관내,,,6000000
1474,천안추모공원,1474,공설,,봉안당,봉안당,봉안당,개인단,관외,,,10000000
1475,충주시시설관리공단,1475,사설,,공원묘지,봉안당,기타,,관내,화장 이용료죽은태아-일반(관내),화장 이용료죽은태아-일반(관내),350000
1475,충주시시설관리공단,1475,사설,,공원묘지,봉안당,기타,,관내,화장 이용료일반(소인)-일반(관내),화장 이용료일반(소인)-일반(관내),700000
1475,충주시시설관리공단,1475,사설,,공원묘지,봉안당,기타,,관내,화장 이용료개장유골-일반(관내),화장 이용료개장유골-일반(관내),700000
1475,충주시시설관리공단,1475,사설,,공원묘지,봉안당,기타,,관내,화장 이용료일반(대인),일반(관내) 화장 이용료일반(대인)-일반(관내),1000000
1475,충주시시설관리공단,1475,사설,,공원묘지,봉안당,기타,,관내,화장 이용료무연고-일반(관내),화장 이용료무연고-일반(관내),1000000
1475,충주시시설관리공단,1475,사설,,공원묘지,봉안당,기타,,관내,,,1300000
1475,충주시시설관리공단,1475,사설,,공원묘지,봉안당,기타,,관외,화장 이용료죽은태아-일반(관외),화장 이용료죽은태아-일반(관외),3000000
1475,충주시시설관리공단,1475,사설,,공원묘지,봉안당,기타,,관외,화장 이용료,무연고-일반(관외),5000000
1475,충주시시설관리공단,1475,사설,,공원묘지,봉안당,기타,,관외,화장 이용료개장유골-일반(관외),화장 이용료개장유골-일반(관외),5000000
1475,충주시시설관리공단,1475,사설,,공원묘지,봉안당,기타,,관외,화장 이용료일반(소인)-일반(관외),화장 이용료일반(소인)-일반(관외),7000000
1475,충주시시설관리공단,1475,사설,,공원묘지,봉안당,기타,,관외,화장 이용료일반(대인),일반(관외) 화장 이용료일반(대인)-일반(관외),10000000
1476,솔향하늘길,1476,사설,,공원묘지,봉안당,기타,,관내,,,500000
1476,솔향하늘길,1476,사설,,공원묘지,봉안당,기타,,관내,화장 이용료,죽은태아-일반(관내),500000
1476,솔향하늘길,1476,사설,,공원묘지,봉안당,기타,,관내,,,750000
1476,솔향하늘길,1476,사설,,공원묘지,봉안당,기타,,관내,화장 이용료일반(소인)-일반(관내),화장 이용료일반(소인)-일반(관내),1000000
1476,솔향하늘길,1476,사설,,공원묘지,봉안당,기타,,관내,화장 이용료개장유골-일반(관내),화장 이용료개장유골-일반(관내),1000000
1476,솔향하늘길,1476,사설,,공원묘지,봉안당,기타,,관내,화장 이용료일반(대인)-일반(관내),화장 이용료일반(대인)-일반(관내),1500000
1476,솔향하늘길,1476,사설,,공원묘지,봉안당,기타,,관외,화장 이용료죽은태아-일반(관외),화장 이용료죽은태아-일반(관외),2000000
1476,솔향하늘길,1476,사설,,공원묘지,봉안당,기타,,관외,화장 이용료일반(소인)-일반(관외),화장 이용료일반(소인)-일반(관외),4000000
1476,솔향하늘길,1476,사설,,공원묘지,봉안당,기타,,관외,화장 이용료,개장유골-일반(관외),4000000
1476,솔향하늘길,1476,사설,,공원묘지,봉안당,기타,,관외,화장 이용료일반(대인),일반(관외) 화장 이용료일반(대인)-일반(관외),7000000
1477,울릉하늘섬공원,1477,사설,,공원묘지,봉안당,공원묘지,,관내,관내년 이용가능,2회 연장가능 관내15년 이용가능 2회 연장가능,1300000
1477,울릉하늘섬공원,1477,사설,,공원묘지,봉안당,공원묘지,,관외,관외년 이용가능,2회 연장가능,2600000
1478,창원시립마산화장장,1478,공설,,공원묘지,봉안당,기타,,관내,화장 이용료죽은태아-일반(관내),화장 이용료죽은태아-일반(관내),250000
1478,창원시립마산화장장,1478,공설,,공원묘지,봉안당,기타,,관내,화장 이용료개장유골-일반(관내),화장 이용료개장유골-일반(관내),300000
1478,창원시립마산화장장,1478,공설,,공원묘지,봉안당,기타,,관내,화장 이용료일반(소인)-일반(관내),화장 이용료일반(소인)-일반(관내),500000
1478,창원시립마산화장장,1478,공설,,공원묘지,봉안당,기타,,관내,화장 이용료일반(대인),일반(관내) 화장 이용료일반(대인)-일반(관내),700000
1478,창원시립마산화장장,1478,공설,,공원묘지,봉안당,기타,,관내,화장 이용료무연고-일반(관내),화장 이용료무연고-일반(관내),700000
1478,창원시립마산화장장,1478,공설,,공원묘지,봉안당,기타,,관외,화장 이용료죽은태아-일반(관외),화장 이용료죽은태아-일반(관외),1000000
1478,창원시립마산화장장,1478,공설,,공원묘지,봉안당,기타,,관외,화장 이용료,개장유골-일반(관외) 화장 이용료개장유골-일반(관외),2000000
1478,창원시립마산화장장,1478,공설,,공원묘지,봉안당,기타,,관외,화장 이용료일반(소인)-일반(관외),화장 이용료일반(소인)-일반(관외),3000000
1478,창원시립마산화장장,1478,공설,,공원묘지,봉안당,기타,,관외,화장 이용료일반(대인)-일반(관외),화장 이용료일반(대인)-일반(관외),5000000
1478,창원시립마산화장장,1478,공설,,공원묘지,봉안당,기타,,관외,화장 이용료무연고-일반(관외),화장 이용료무연고-일반(관외),5000000
1479,서울시립승화원,1479,공설,,봉안당,봉안당,봉안당,,관내,,,250000
1479,서울시립승화원,1479,공설,,봉안당,봉안당,봉안당,,관외,봉안관리비,"(관외-기초생활 수급자) 매 년마다, (관외-기초생활 수급자) 매 5년마다",450000
1479,서울시립승화원,1479,공설,,봉안당,봉안당,봉안당,,관내,,,500000
1479,서울시립승화원,1479,공설,,봉안당,봉안당,봉안당,,관내,봉안재사용료,"(관내-기초생활 수급자)년마다 기간연장시, (관내-기초생활 수급자)5년마다 기간연장시",500000
1479,서울시립승화원,1479,공설,,봉안당,봉안당,봉안당,,관내,봉안관리비,"(관내-국가유공자 및 그 배우자) 매 년마다, (관내-국가유공자 및 그 배우자) 매 5년마다",500000
1479,서울시립승화원,1479,공설,,봉안당,봉안당,봉안당,,관외,,,900000
1479,서울시립승화원,1479,공설,,봉안당,봉안당,봉안당,,관내,,,1000000
1479,서울시립승화원,1479,공설,,봉안당,봉안당,봉안당,,관내,,,1000000
1479,서울시립승화원,1479,공설,,봉안당,봉안당,봉안당,,관외,봉안재사용료,"(관외-기초생활 수급자)년마다 기간연장시, (관외-기초생활 수급자)5년마다 기간연장시",1200000
1479,서울시립승화원,1479,공설,,봉안당,봉안당,봉안당,,관외,,,1500000
1479,서울시립승화원,1479,공설,,봉안당,봉안당,봉안당,,관외,,,1800000
1479,서울시립승화원,1479,공설,,봉안당,봉안당,봉안당,,관외,,,3000000
1480,군산시승화원,1480,사설,,공원묘지,봉안당,기타,,관내,화장 이용료죽은태아-일반(관내),화장 이용료죽은태아-일반(관내),150000
1480,군산시승화원,1480,사설,,공원묘지,봉안당,기타,,관내,화장 이용료개장유골-일반(관내),화장 이용료개장유골-일반(관내),300000
1480,군산시승화원,1480,사설,,공원묘지,봉안당,기타,,관내,화장 이용료일반(소인),일반(관내) 화장 이용료일반(소인)-일반(관내),450000
1480,군산시승화원,1480,사설,,공원묘지,봉안당,기타,,관내,화장 이용료일반(대인),일반(관내),600000
1480,군산시승화원,1480,사설,,공원묘지,봉안당,기타,,관외,화장 이용료죽은태아-일반(관외),화장 이용료죽은태아-일반(관외),1500000
1480,군산시승화원,1480,사설,,공원묘지,봉안당,기타,,관외,화장 이용료일반(소인)-일반(관외),화장 이용료일반(소인)-일반(관외),3000000
1480,군산시승화원,1480,사설,,공원묘지,봉안당,기타,,관외,화장 이용료개장유골-일반(관외),화장 이용료개장유골-일반(관외),3000000
1480,군산시승화원,1480,사설,,공원묘지,봉안당,기타,,관외,화장 이용료,일반(대인)-일반(관외),5000000
1480,군산시승화원,1480,사설,,공원묘지,봉안당,기타,,관외,화장 이용료,무연고-일반(관외) 화장 이용료무연고-일반(관외),5000000
1481,남원시승화원,1481,사설,,공원묘지,봉안당,기타,,관내,화장 이용료죽은태아-일반(관내),화장 이용료죽은태아-일반(관내),200000
1481,남원시승화원,1481,사설,,공원묘지,봉안당,기타,,관내,화장 이용료개장유골-일반(관내),화장 이용료개장유골-일반(관내),300000
1481,남원시승화원,1481,사설,,공원묘지,봉안당,기타,,관내,화장 이용료일반(소인)-일반(관내),화장 이용료일반(소인)-일반(관내),400000
1481,남원시승화원,1481,사설,,공원묘지,봉안당,기타,,관내,화장 이용료일반(대인),일반(관내) 화장 이용료일반(대인)-일반(관내),600000
1481,남원시승화원,1481,사설,,공원묘지,봉안당,기타,,관내,화장 이용료,무연고-일반(관내),600000
1481,남원시승화원,1481,사설,,공원묘지,봉안당,기타,,관외,화장 이용료죽은태아-일반(관외),화장 이용료죽은태아-일반(관외),1500000
1481,남원시승화원,1481,사설,,공원묘지,봉안당,기타,,관외,화장 이용료일반(소인)-일반(관외),화장 이용료일반(소인)-일반(관외),3000000
1481,남원시승화원,1481,사설,,공원묘지,봉안당,기타,,관외,화장 이용료,개장유골-일반(관외) 화장 이용료개장유골-일반(관외),3000000
1481,남원시승화원,1481,사설,,공원묘지,봉안당,기타,,관외,화장 이용료일반(대인)-일반(관외),,6000000
1481,남원시승화원,1481,사설,,공원묘지,봉안당,기타,,관외,화장 이용료,무연고-일반(관외),6000000
1482,부산영락공원,1482,사설,기독교,봉안당,"봉안당, 공원묘지, 수목장",봉안당,,재추출(병합),다라니경/기도문다라니경종이,한국,1200
1482,부산영락공원,1482,사설,기독교,봉안당,"봉안당, 공원묘지, 수목장",봉안당,,재추출(병합),현훈폐백종이,#NAME?,1500
1482,부산영락공원,1482,사설,기독교,봉안당,"봉안당, 공원묘지, 수목장",봉안당,,재추출(병합),현훈폐백종이,#NAME?,1500
1482,부산영락공원,1482,사설,기독교,봉안당,"봉안당, 공원묘지, 수목장",봉안당,,재추출(병합),빈소용품사진리본폴리에스터,한국/한국,1500
1482,부산영락공원,1482,사설,기독교,봉안당,"봉안당, 공원묘지, 수목장",봉안당,,재추출(병합),기타가슴리본,가슴리본,2000
1482,부산영락공원,1482,사설,기독교,봉안당,"봉안당, 공원묘지, 수목장",정보없음,,정보없음,정보없음,자동 추출 실패 (푸터 텍스트),
1482,부산영락공원,1482,사설,기독교,봉안당,"봉안당, 공원묘지, 수목장",봉안당,,재추출(병합),(1개소),,4617
1482,부산영락공원,1482,사설,기독교,봉안당,"봉안당, 공원묘지, 수목장",봉안당,,재추출(병합),기타넥타이폴리에스터 혼용,,5000
1482,부산영락공원,1482,사설,기독교,봉안당,"봉안당, 공원묘지, 수목장",봉안당,,재추출(병합),기타선도차리본폴리에스터,한국/한국 기타선도차리본폴리에스터/한국/한국,5000
1482,부산영락공원,1482,사설,기독교,봉안당,"봉안당, 공원묘지, 수목장",봉안당,,재추출(병합),빈소용품등심원기둥양초,한국,6000
1482,부산영락공원,1482,사설,기독교,봉안당,"봉안당, 공원묘지, 수목장",봉안당,,재추출(병합),빈소용품고급향한국,빈소용품고급향한국,6000
1482,부산영락공원,1482,사설,기독교,봉안당,"봉안당, 공원묘지, 수목장",봉안당,,재추출(병합),2개소,2개소,6423
1482,부산영락공원,1482,사설,기독교,봉안당,"봉안당, 공원묘지, 수목장",봉안당,,재추출(병합),소불고기정식,밥류,8000
1482,부산영락공원,1482,사설,기독교,봉안당,"봉안당, 공원묘지, 수목장",봉안당,,재추출(병합),기타류폐기물처리비,(염습실)폐기물처리비,10000
1482,부산영락공원,1482,사설,기독교,봉안당,"봉안당, 공원묘지, 수목장",봉안당,,재추출(병합),기타허리벨트,중국,10000
1482,부산영락공원,1482,사설,기독교,봉안당,"봉안당, 공원묘지, 수목장",봉안당,,재추출(병합),(5개소),(5개소),10213
1482,부산영락공원,1482,사설,기독교,봉안당,"봉안당, 공원묘지, 수목장",봉안당,,재추출(병합),파,파,12000
1482,부산영락공원,1482,사설,기독교,봉안당,"봉안당, 공원묘지, 수목장",봉안당,,재추출(병합),기타칠성판오동나무,중국/한국,12000
1482,부산영락공원,1482,사설,기독교,봉안당,"봉안당, 공원묘지, 수목장",봉안당,,재추출(병합),빈소용품우단부의록종이,우단/한국,12028
1482,부산영락공원,1482,사설,기독교,봉안당,"봉안당, 공원묘지, 수목장",봉안당,,재추출(병합),빈소용품혼백함종이,#ERROR!,12028
1482,부산영락공원,1482,사설,기독교,봉안당,"봉안당, 공원묘지, 수목장",봉안당,,재추출(병합),빈소용품등심원기둥양초,한국,12028
1482,부산영락공원,1482,사설,기독교,봉안당,"봉안당, 공원묘지, 수목장",봉안당,,재추출(병합),빈소용품,고급향한국,12028
1482,부산영락공원,1482,사설,기독교,봉안당,"봉안당, 공원묘지, 수목장",봉안당,,재추출(병합),빈소용품사진리본폴리에스터,한국/한국,12028
1482,부산영락공원,1482,사설,기독교,봉안당,"봉안당, 공원묘지, 수목장",봉안당,,재추출(병합),쇠고기국밥,1그릇,12494
1482,부산영락공원,1482,사설,기독교,봉안당,"봉안당, 공원묘지, 수목장",봉안당,,재추출(병합),밥류시락국밥시락국밥,1그릇,12494
1482,부산영락공원,1482,사설,기독교,봉안당,"봉안당, 공원묘지, 수목장",봉안당,,재추출(병합),쇠고기국밥,밥류(반찬) 1그릇,12494
1482,부산영락공원,1482,사설,기독교,봉안당,"봉안당, 공원묘지, 수목장",봉안당,,재추출(병합),밥류시락국밥(반찬)시락국밥,1그릇,12494
1482,부산영락공원,1482,사설,기독교,봉안당,"봉안당, 공원묘지, 수목장",봉안당,,재추출(병합),밥류미역국,1그릇,12494
1482,부산영락공원,1482,사설,기독교,봉안당,"봉안당, 공원묘지, 수목장",봉안당,,재추출(병합),두루치기덮밥,1그릇,12494
1482,부산영락공원,1482,사설,기독교,봉안당,"봉안당, 공원묘지, 수목장",봉안당,,재추출(병합),카레라이스,밥류 1그릇,12494
1482,부산영락공원,1482,사설,기독교,봉안당,"봉안당, 공원묘지, 수목장",봉안당,,재추출(병합),짜장덮밥,밥류 1그릇,12494
1482,부산영락공원,1482,사설,기독교,봉안당,"봉안당, 공원묘지, 수목장",봉안당,,재추출(병합),김치찌개,1그릇,12494
1482,부산영락공원,1482,사설,기독교,봉안당,"봉안당, 공원묘지, 수목장",봉안당,,재추출(병합),쇠고기국밥,밥류 쇠고기국(1kg) 1kg,12494
1482,부산영락공원,1482,사설,기독교,봉안당,"봉안당, 공원묘지, 수목장",봉안당,,재추출(병합),밥류밥(1kg),밥 1kg,12494
1482,부산영락공원,1482,사설,기독교,봉안당,"봉안당, 공원묘지, 수목장",봉안당,,재추출(병합),밥류공기밥공기밥,1공기,12494
1482,부산영락공원,1482,사설,기독교,봉안당,"봉안당, 공원묘지, 수목장",봉안당,,재추출(병합),소불고기정식,밥류,12494
1482,부산영락공원,1482,사설,기독교,봉안당,"봉안당, 공원묘지, 수목장",봉안당,,재추출(병합),다라니경/기도문다라니경종이/한국,,13240
1482,부산영락공원,1482,사설,기독교,봉안당,"봉안당, 공원묘지, 수목장",봉안당,,재추출(병합),밥류공기밥공기밥,1공기,14000
1482,부산영락공원,1482,사설,기독교,봉안당,"봉안당, 공원묘지, 수목장",봉안당,,재추출(병합),3개소,3개소,14044
1482,부산영락공원,1482,사설,기독교,봉안당,"봉안당, 공원묘지, 수목장",봉안당,,재추출(병합),기타종교명패백숙나무,중국/한국 기타종교명패백숙나무/중국/한국,15000
1482,부산영락공원,1482,사설,기독교,봉안당,"봉안당, 공원묘지, 수목장",봉안당,,재추출(병합),(1개소),(1개소),21030
1482,부산영락공원,1482,사설,기독교,봉안당,"봉안당, 공원묘지, 수목장",봉안당,,재추출(병합),개소,개소,21284
1482,부산영락공원,1482,사설,기독교,봉안당,"봉안당, 공원묘지, 수목장",봉안당,,재추출(병합),개소,4개소,21284
1482,부산영락공원,1482,사설,기독교,봉안당,"봉안당, 공원묘지, 수목장",봉안당,,재추출(병합),개소,개소,21284
1482,부산영락공원,1482,사설,기독교,봉안당,"봉안당, 공원묘지, 수목장",봉안당,,재추출(병합),개소,4개소,21284
1482,부산영락공원,1482,사설,기독교,봉안당,"봉안당, 공원묘지, 수목장",봉안당,,재추출(병합),개소,4개소,21284
1482,부산영락공원,1482,사설,기독교,봉안당,"봉안당, 공원묘지, 수목장",봉안당,,재추출(병합),탈지면세정티슈세정액,탈지면,21667
1482,부산영락공원,1482,사설,기독교,봉안당,"봉안당, 공원묘지, 수목장",봉안당,,재추출(병합),일반상식제사음식,일반상식제사음식,22000
1482,부산영락공원,1482,사설,기독교,봉안당,"봉안당, 공원묘지, 수목장",봉안당,,재추출(병합),랑땡,랑땡,24000
1482,부산영락공원,1482,사설,기독교,봉안당,"봉안당, 공원묘지, 수목장",봉안당,,재추출(병합),2개소,2개소,24608
1482,부산영락공원,1482,사설,기독교,봉안당,"봉안당, 공원묘지, 수목장",봉안당,,재추출(병합),2개소,2개소,24608
1482,부산영락공원,1482,사설,기독교,봉안당,"봉안당, 공원묘지, 수목장",봉안당,,재추출(병합),2개소,2개소,24608
1482,부산영락공원,1482,사설,기독교,봉안당,"봉안당, 공원묘지, 수목장",봉안당,,재추출(병합),여상복여성복 대여한국,대여복,25000
1482,부산영락공원,1482,사설,기독교,봉안당,"봉안당, 공원묘지, 수목장",봉안당,,재추출(병합),남상복남성정장한국,대여복,25833
1482,부산영락공원,1482,사설,기독교,봉안당,"봉안당, 공원묘지, 수목장",봉안당,,재추출(병합),남상복남성복 상의,"한국, 대여복",25833
1482,부산영락공원,1482,사설,기독교,봉안당,"봉안당, 공원묘지, 수목장",봉안당,,재추출(병합),남상복남성복 하의한국,대여복,25833
1482,부산영락공원,1482,사설,기독교,봉안당,"봉안당, 공원묘지, 수목장",봉안당,,재추출(병합),헌화용헌화1송이," 26,000 헌화용헌화1송이 26,000",26000
1482,부산영락공원,1482,사설,기독교,봉안당,"봉안당, 공원묘지, 수목장",봉안당,,재추출(병합),안치대안치대종이,한국,30000
1482,부산영락공원,1482,사설,기독교,봉안당,"봉안당, 공원묘지, 수목장",봉안당,,재추출(병합),안치대안치대종이/한국,안치대안치대종이/한국,30000
1482,부산영락공원,1482,사설,기독교,봉안당,"봉안당, 공원묘지, 수목장",봉안당,,재추출(병합),기타꼬깔꼬깔,기타꼬깔꼬깔,30000
1482,부산영락공원,1482,사설,기독교,봉안당,"봉안당, 공원묘지, 수목장",봉안당,,재추출(병합),보건복지부,"[30113] 세종특별자치시 도움4로 13, 10동 (어진동, 정부세종청사)",30113
1482,부산영락공원,1482,사설,기독교,봉안당,"봉안당, 공원묘지, 수목장",봉안당,,재추출(병합),결관포(보)외울베(20마)폴리에스터,한국/기계직,37800
1482,부산영락공원,1482,사설,기독교,봉안당,"봉안당, 공원묘지, 수목장",봉안당,,재추출(병합),결관포(보)외울베,(30마)폴리에스터/한국/기계직,37800
1482,부산영락공원,1482,사설,기독교,봉안당,"봉안당, 공원묘지, 수목장",봉안당,,재추출(병합),개소,개소,42585
1482,부산영락공원,1482,사설,기독교,봉안당,"봉안당, 공원묘지, 수목장",봉안당,,재추출(병합),반찬류김치 2.5kg,김치 2.5kg,42643
1482,부산영락공원,1482,사설,기독교,봉안당,"봉안당, 공원묘지, 수목장",봉안당,,재추출(병합),반찬류땅콩 500g,땅콩 500g,42643
1482,부산영락공원,1482,사설,기독교,봉안당,"봉안당, 공원묘지, 수목장",봉안당,,재추출(병합),반찬류멸치,400g멸치 400g,42643
1482,부산영락공원,1482,사설,기독교,봉안당,"봉안당, 공원묘지, 수목장",봉안당,,재추출(병합),무말랭이,반찬류 1kg,42643
1482,부산영락공원,1482,사설,기독교,봉안당,"봉안당, 공원묘지, 수목장",봉안당,,재추출(병합),반찬류코다리 1.3kg,코다리 1.3kg,42643
1482,부산영락공원,1482,사설,기독교,봉안당,"봉안당, 공원묘지, 수목장",봉안당,,재추출(병합),개소,4개소,43549
1482,부산영락공원,1482,사설,기독교,봉안당,"봉안당, 공원묘지, 수목장",봉안당,,재추출(병합),개소,4개소,43549
1482,부산영락공원,1482,사설,기독교,봉안당,"봉안당, 공원묘지, 수목장",봉안당,,재추출(병합),(3개소),(3개소),49890
1482,부산영락공원,1482,사설,기독교,봉안당,"봉안당, 공원묘지, 수목장",봉안당,,재추출(병합),3개소,3개소,49890
1482,부산영락공원,1482,사설,기독교,봉안당,"봉안당, 공원묘지, 수목장",봉안당,,재추출(병합),3개소,3개소,49890
1482,부산영락공원,1482,사설,기독교,봉안당,"봉안당, 공원묘지, 수목장",봉안당,,재추출(병합),일반위령제제사음식,,50000
1482,부산영락공원,1482,사설,기독교,봉안당,"봉안당, 공원묘지, 수목장",봉안당,,재추출(병합),오징어회무침,600g,50800
1482,부산영락공원,1482,사설,기독교,봉안당,"봉안당, 공원묘지, 수목장",봉안당,,재추출(병합),부추전,4장,50800
1482,부산영락공원,1482,사설,기독교,봉안당,"봉안당, 공원묘지, 수목장",봉안당,,재추출(병합),,,50800
1482,부산영락공원,1482,사설,기독교,봉안당,"봉안당, 공원묘지, 수목장",봉안당,,재추출(병합),4개소,4개소,55203
1482,부산영락공원,1482,사설,기독교,봉안당,"봉안당, 공원묘지, 수목장",봉안당,,재추출(병합),4개소,4개소,55203
1482,부산영락공원,1482,사설,기독교,봉안당,"봉안당, 공원묘지, 수목장",봉안당,,재추출(병합),개소,4개소,55203
1482,부산영락공원,1482,사설,기독교,봉안당,"봉안당, 공원묘지, 수목장",봉안당,,재추출(병합),(4개소),(4개소),55203
1482,부산영락공원,1482,사설,기독교,봉안당,"봉안당, 공원묘지, 수목장",봉안당,,재추출(병합),개소,4개소,55203
1482,부산영락공원,1482,사설,기독교,봉안당,"봉안당, 공원묘지, 수목장",봉안당,,재추출(병합),개소,4개소,55203
1482,부산영락공원,1482,사설,기독교,봉안당,"봉안당, 공원묘지, 수목장",봉안당,,재추출(병합),개소,개소,55203
1482,부산영락공원,1482,사설,기독교,봉안당,"봉안당, 공원묘지, 수목장",봉안당,,재추출(병합),개소,개소,55203
1482,부산영락공원,1482,사설,기독교,봉안당,"봉안당, 공원묘지, 수목장",봉안당,,재추출(병합),(4개소),(4개소),55203
1482,부산영락공원,1482,사설,기독교,봉안당,"봉안당, 공원묘지, 수목장",봉안당,,재추출(병합),(4개소),(4개소),55203
1482,부산영락공원,1482,사설,기독교,봉안당,"봉안당, 공원묘지, 수목장",봉안당,,재추출(병합),4개소,4개소,55203
1482,부산영락공원,1482,사설,기독교,봉안당,"봉안당, 공원묘지, 수목장",봉안당,,재추출(병합),개소,개소,55203
1482,부산영락공원,1482,사설,기독교,봉안당,"봉안당, 공원묘지, 수목장",봉안당,,재추출(병합),(4개소),,55203
1482,부산영락공원,1482,사설,기독교,봉안당,"봉안당, 공원묘지, 수목장",봉안당,,재추출(병합),개소,개소,59763
1482,부산영락공원,1482,사설,기독교,봉안당,"봉안당, 공원묘지, 수목장",봉안당,,재추출(병합),(6개소),(6개소),61150
1482,부산영락공원,1482,사설,기독교,봉안당,"봉안당, 공원묘지, 수목장",봉안당,,재추출(병합),관포(보)관보인견100%,중국/한국/기계직,76500
1482,부산영락공원,1482,사설,기독교,봉안당,"봉안당, 공원묘지, 수목장",봉안당,,재추출(병합),(4개소),(4개소),79884
1482,부산영락공원,1482,사설,기독교,봉안당,"봉안당, 공원묘지, 수목장",봉안당,,재추출(병합),(4개소),(4개소),79884
1482,부산영락공원,1482,사설,기독교,봉안당,"봉안당, 공원묘지, 수목장",봉안당,,재추출(병합),개소,개소,79884
1482,부산영락공원,1482,사설,기독교,봉안당,"봉안당, 공원묘지, 수목장",봉안당,,재추출(병합),개소,개소,79884
1482,부산영락공원,1482,사설,기독교,봉안당,"봉안당, 공원묘지, 수목장",봉안당,,재추출(병합),(4개소),(4개소),79884
1482,부산영락공원,1482,사설,기독교,봉안당,"봉안당, 공원묘지, 수목장",봉안당,,재추출(병합),,,81333
1482,부산영락공원,1482,사설,기독교,봉안당,"봉안당, 공원묘지, 수목장",봉안당,,재추출(병합),(4개소),,82238
1482,부산영락공원,1482,사설,기독교,봉안당,"봉안당, 공원묘지, 수목장",봉안당,,재추출(병합),개소,개소,82238
1482,부산영락공원,1482,사설,기독교,봉안당,"봉안당, 공원묘지, 수목장",봉안당,,재추출(병합),일반안치실 사용료1일 / 24시간,"(부산, 경남, 울산)",100000
1482,부산영락공원,1482,사설,기독교,봉안당,"봉안당, 공원묘지, 수목장",봉안당,,관외,일반안치실 사용료,1일 / 24시간(타시도),100000
1482,부산영락공원,1482,사설,기독교,봉안당,"봉안당, 공원묘지, 수목장",봉안당,,재추출(병합),(3개소),,101216
1482,부산영락공원,1482,사설,기독교,봉안당,"봉안당, 공원묘지, 수목장",봉안당,,재추출(병합),육류수육,1Kg수육 1Kg 육류수육 1Kg수육 1Kg,109333
1482,부산영락공원,1482,사설,기독교,봉안당,"봉안당, 공원묘지, 수목장",봉안당,,재추출(병합),명정명정인견100%,중국/한국/기계직,110000
1482,부산영락공원,1482,사설,기독교,봉안당,"봉안당, 공원묘지, 수목장",봉안당,,재추출(병합),(3개소),(3개소),120408
1482,부산영락공원,1482,사설,기독교,봉안당,"봉안당, 공원묘지, 수목장",봉안당,,재추출(병합),3개소,3개소,120408
1482,부산영락공원,1482,사설,기독교,봉안당,"봉안당, 공원묘지, 수목장",봉안당,,재추출(병합),김치찌개,국/찌개 1인분,144167
1482,부산영락공원,1482,사설,기독교,봉안당,"봉안당, 공원묘지, 수목장",봉안당,,재추출(병합),시락국,국/찌개시락국(1kg) 시락국 1kg 국/찌개시락국(1kg) 시락국 1kg,144167
1482,부산영락공원,1482,사설,기독교,봉안당,"봉안당, 공원묘지, 수목장",봉안당,,재추출(병합),(3개소),,145325
1482,부산영락공원,1482,사설,기독교,봉안당,"봉안당, 공원묘지, 수목장",봉안당,,재추출(병합),염습실/입관실염습실,사용료1회/1시간 사용료,186000
1482,부산영락공원,1482,사설,기독교,봉안당,"봉안당, 공원묘지, 수목장",봉안당,,재추출(병합),일반제상1호제사음식,일반제상1호제사음식,195087
1482,부산영락공원,1482,사설,기독교,봉안당,"봉안당, 공원묘지, 수목장",봉안당,,재추출(병합),일반제상2호제사음식,,195087
1482,부산영락공원,1482,사설,기독교,봉안당,"봉안당, 공원묘지, 수목장",봉안당,,재추출(병합),일반발인제상제사음식,일반발인제상제사음식,195087
1482,부산영락공원,1482,사설,기독교,봉안당,"봉안당, 공원묘지, 수목장",봉안당,,재추출(병합),일반위령제제사음식,,195087
1482,부산영락공원,1482,사설,기독교,봉안당,"봉안당, 공원묘지, 수목장",봉안당,,재추출(병합),일반상식제사음식,,195087
1482,부산영락공원,1482,사설,기독교,봉안당,"봉안당, 공원묘지, 수목장",봉안당,,재추출(병합),(4개소),(4개소),214765
1482,부산영락공원,1482,사설,기독교,봉안당,"봉안당, 공원묘지, 수목장",봉안당,,재추출(병합),(4개소),,214765
1482,부산영락공원,1482,사설,기독교,봉안당,"봉안당, 공원묘지, 수목장",봉안당,,재추출(병합),(4개소),(4개소),214765
1482,부산영락공원,1482,사설,기독교,봉안당,"봉안당, 공원묘지, 수목장",봉안당,,재추출(병합),개소,4개소,214765
1482,부산영락공원,1482,사설,기독교,봉안당,"봉안당, 공원묘지, 수목장",봉안당,,재추출(병합),(4개소),(4개소),214765
1482,부산영락공원,1482,사설,기독교,봉안당,"봉안당, 공원묘지, 수목장",봉안당,,재추출(병합),개소,개소,248513
1482,부산영락공원,1482,사설,기독교,봉안당,"봉안당, 공원묘지, 수목장",봉안당,,재추출(병합),일반염습비(병사),병사,250000
1482,부산영락공원,1482,사설,기독교,봉안당,"봉안당, 공원묘지, 수목장",봉안당,,재추출(병합),일반염습비(사고사),사고사,250000
1482,부산영락공원,1482,사설,기독교,봉안당,"봉안당, 공원묘지, 수목장",봉안당,,재추출(병합),일반발인제상제사음식,,250000
1482,부산영락공원,1482,사설,기독교,봉안당,"봉안당, 공원묘지, 수목장",봉안당,,재추출(병합),일반염습비(병사),병사,278570
1482,부산영락공원,1482,사설,기독교,봉안당,"봉안당, 공원묘지, 수목장",봉안당,,재추출(병합),일반염습비,(사고사)사고사,278570
1482,부산영락공원,1482,사설,기독교,봉안당,"봉안당, 공원묘지, 수목장",봉안당,,재추출(병합),개소,개소,303252
1482,부산영락공원,1482,사설,기독교,봉안당,"봉안당, 공원묘지, 수목장",봉안당,,재추출(병합),개소,개소,303252
1482,부산영락공원,1482,사설,기독교,봉안당,"봉안당, 공원묘지, 수목장",봉안당,,재추출(병합),면영락1호면100%,중국/한국/기계직 면영락1호면100%/중국/한국/기계직,328333
1482,부산영락공원,1482,사설,기독교,봉안당,"봉안당, 공원묘지, 수목장",봉안당,,재추출(병합),면영락2호황토면100%,중국/한국/기계직,328333
1482,부산영락공원,1482,사설,기독교,봉안당,"봉안당, 공원묘지, 수목장",봉안당,,재추출(병합),(6개소),(6개소),394386
1482,부산영락공원,1482,사설,기독교,봉안당,"봉안당, 공원묘지, 수목장",봉안당,,재추출(병합),6개소,6개소,394386
1482,부산영락공원,1482,사설,기독교,봉안당,"봉안당, 공원묘지, 수목장",봉안당,,재추출(병합),(6개소),(6개소) (6개소),394386
1482,부산영락공원,1482,사설,기독교,봉안당,"봉안당, 공원묘지, 수목장",봉안당,,재추출(병합),(6개소),(6개소),394386
1482,부산영락공원,1482,사설,기독교,봉안당,"봉안당, 공원묘지, 수목장",봉안당,,재추출(병합),(6개소),(6개소),394386
1482,부산영락공원,1482,사설,기독교,봉안당,"봉안당, 공원묘지, 수목장",봉안당,,재추출(병합),3개소,3개소,407774
1482,부산영락공원,1482,사설,기독교,봉안당,"봉안당, 공원묘지, 수목장",봉안당,,재추출(병합),3개소,3개소,407774
1482,부산영락공원,1482,사설,기독교,봉안당,"봉안당, 공원묘지, 수목장",봉안당,,재추출(병합),오동나무오동나무(애기관),0.6/집성판/애기관/오동나무/중국/한국,533200
1482,부산영락공원,1482,사설,기독교,봉안당,"봉안당, 공원묘지, 수목장",봉안당,,재추출(병합),오동나무오동나무(0.6관),0.6/1단 집성판/오동나무/중국/한국,533200
1482,부산영락공원,1482,사설,기독교,봉안당,"봉안당, 공원묘지, 수목장",봉안당,,재추출(병합),오동나무오동나무(1.0관),1.0/1단 집성판/오동나무/중국/한국 오동나무오동나무(1.0관)1.0/1단 집성판/오동나무/중국/한국,533200
1482,부산영락공원,1482,사설,기독교,봉안당,"봉안당, 공원묘지, 수목장",봉안당,,재추출(병합),오동나무,오동나무오동나무(1.0특수관)1.0/1단 특수관/오동나무/중국/한국,533200
1482,부산영락공원,1482,사설,기독교,봉안당,"봉안당, 공원묘지, 수목장",봉안당,,재추출(병합),오동나무,1.5관)1.5/1단 통판/오동나무/중국/한국,533200
1482,부산영락공원,1482,사설,기독교,봉안당,"봉안당, 공원묘지, 수목장",봉안당,,재추출(병합),2개소,2개소,660160
1482,부산영락공원,1482,사설,기독교,봉안당,"봉안당, 공원묘지, 수목장",봉안당,,재추출(병합),개소,개소,677650
1482,부산영락공원,1482,사설,기독교,봉안당,"봉안당, 공원묘지, 수목장",봉안당,,재추출(병합),개소,개소,677650
1482,부산영락공원,1482,사설,기독교,봉안당,"봉안당, 공원묘지, 수목장",봉안당,,재추출(병합),인견영락4호저마+인견,중국/한국/기계직,750000
1482,부산영락공원,1482,사설,기독교,봉안당,"봉안당, 공원묘지, 수목장",봉안당,,재추출(병합),저마영락3호저마100%,중국/한국/기계직,877778
1482,부산영락공원,1482,사설,기독교,봉안당,"봉안당, 공원묘지, 수목장",봉안당,,재추출(병합),저마영락6호,저마100%/중국/한국/수제직 저마영락6호저마100%/중국/한국/수제직,877778
1482,부산영락공원,1482,사설,기독교,봉안당,"봉안당, 공원묘지, 수목장",봉안당,,재추출(병합),개소,개소,1000780
1482,부산영락공원,1482,사설,기독교,봉안당,"봉안당, 공원묘지, 수목장",봉안당,,재추출(병합),제단장식1호화환 제작,제단장식1호화환 제작,1094118
1482,부산영락공원,1482,사설,기독교,봉안당,"봉안당, 공원묘지, 수목장",봉안당,,재추출(병합),제단장식2호화환,제작,1094118
1482,부산영락공원,1482,사설,기독교,봉안당,"봉안당, 공원묘지, 수목장",봉안당,,재추출(병합),제단장식3호화환,제작,1094118
1482,부산영락공원,1482,사설,기독교,봉안당,"봉안당, 공원묘지, 수목장",봉안당,,재추출(병합),제단장식4호화환 제작,제단장식4호화환 제작,1094118
1482,부산영락공원,1482,사설,기독교,봉안당,"봉안당, 공원묘지, 수목장",봉안당,,재추출(병합),제단장식5호화환제작,제단장식5호화환제작,1094118
1482,부산영락공원,1482,사설,기독교,봉안당,"봉안당, 공원묘지, 수목장",봉안당,,재추출(병합),소나무소(홍송)나무,1.5관)1.5/1단 통판/소(홍송)나무/중국/한국,1160000
1482,부산영락공원,1482,사설,기독교,봉안당,"봉안당, 공원묘지, 수목장",봉안당,,재추출(병합),개소,개소,1174169
1482,부산영락공원,1482,사설,기독교,봉안당,"봉안당, 공원묘지, 수목장",봉안당,,재추출(병합),개소,개소,1174169
1482,부산영락공원,1482,사설,기독교,봉안당,"봉안당, 공원묘지, 수목장",봉안당,,재추출(병합),개소,개소,1174169
1482,부산영락공원,1482,사설,기독교,봉안당,"봉안당, 공원묘지, 수목장",봉안당,,재추출(병합),개소,개소,1174169
1482,부산영락공원,1482,사설,기독교,봉안당,"봉안당, 공원묘지, 수목장",봉안당,,재추출(병합),개소,개소,1174169
1482,부산영락공원,1482,사설,기독교,봉안당,"봉안당, 공원묘지, 수목장",봉안당,,재추출(병합),개소,개소,1598625
1482,부산영락공원,1482,사설,기독교,봉안당,"봉안당, 공원묘지, 수목장",봉안당,,재추출(병합),6개소,6개소,1689599
1482,부산영락공원,1482,사설,기독교,봉안당,"봉안당, 공원묘지, 수목장",봉안당,,관외,기타화장장 사용료,사산아(타시도),1800000
1482,부산영락공원,1482,사설,기독교,봉안당,"봉안당, 공원묘지, 수목장",봉안당,,재추출(병합),향나무향나무(1.5관)1.5,/1단 통판/향나무/중국/한국,2366667
1482,부산영락공원,1482,사설,기독교,봉안당,"봉안당, 공원묘지, 수목장",봉안당,,관외,기타화장장 사용료개장유골,(타시도),2400000
1482,부산영락공원,1482,사설,기독교,봉안당,"봉안당, 공원묘지, 수목장",봉안당,,재추출(병합),안,연장비용 별도 안 / 연장비용 별도,3260000
1482,부산영락공원,1482,사설,기독교,봉안당,"봉안당, 공원묘지, 수목장",봉안당,,재추출(병합),대마영락7호,대마100%/중국/중국/수제직,12030000
1483,고성군공설화장장,1483,공설,,공원묘지,봉안당,기타,,관내,화장 이용료,관내-일반(죽은태아),180000
1483,고성군공설화장장,1483,공설,,공원묘지,봉안당,기타,,관내,화장 이용료,관내-일반(개장유골),250000
1483,고성군공설화장장,1483,공설,,공원묘지,봉안당,기타,,관내,화장 이용료관내-일반(일반(소인)),화장 이용료관내-일반(일반(소인)),300000
1483,고성군공설화장장,1483,공설,,공원묘지,봉안당,기타,,관내,화장 이용료관내-일반(일반(대인)),화장 이용료관내-일반(일반(대인)),500000
1483,고성군공설화장장,1483,공설,,공원묘지,봉안당,기타,,관외,화장 이용료,관외-일반(죽은태아),900000
1483,고성군공설화장장,1483,공설,,공원묘지,봉안당,기타,,관외,화장 이용료,관외-일반(개장유골),1500000
1483,고성군공설화장장,1483,공설,,공원묘지,봉안당,기타,,관외,화장 이용료관외-일반(일반(소인)),화장 이용료관외-일반(일반(소인))1,2000000
1483,고성군공설화장장,1483,공설,,공원묘지,봉안당,기타,,관외,화장 이용료관외-일반(일반(대인)),화장 이용료관외-일반(일반(대인)),4000000
1483,고성군공설화장장,1483,공설,,공원묘지,봉안당,기타,,관외,화장 이용료,관외-일반(무연고),4000000
1484,순천시립추모공원,1484,공설,,봉안당,"봉안당, 공원묘지",봉안당,개인단,관내,,,1800000
1484,순천시립추모공원,1484,공설,,봉안당,"봉안당, 공원묘지",봉안당,개인단,관외,,,6000000
1485,춘천안식원,1485,사설,,공원묘지,봉안당,기타,,관내,화장 이용료죽은태아-일반(관내),화장 이용료죽은태아-일반(관내),300000
1485,춘천안식원,1485,사설,,공원묘지,봉안당,기타,,관내,화장 이용료개장유골-일반(관내),화장 이용료개장유골-일반(관내),400000
1485,춘천안식원,1485,사설,,공원묘지,봉안당,기타,,관내,화장 이용료일반(소인)-일반(관내),화장 이용료일반(소인)-일반(관내),600000
1485,춘천안식원,1485,사설,,공원묘지,봉안당,기타,,관내,화장 이용료일반(대인),일반(관내),700000
1485,춘천안식원,1485,사설,,공원묘지,봉안당,기타,,관외,화장 이용료죽은태아-일반(관외),화장 이용료죽은태아-일반(관외),3000000
1485,춘천안식원,1485,사설,,공원묘지,봉안당,기타,,관외,화장 이용료개장유골-일반(관외),화장 이용료개장유골-일반(관외),4000000
1485,춘천안식원,1485,사설,,공원묘지,봉안당,기타,,관외,화장 이용료일반(소인)-일반(관외),화장 이용료일반(소인)-일반(관외),5000000
1485,춘천안식원,1485,사설,,공원묘지,봉안당,기타,,관외,화장 이용료일반(대인),일반(관외) 화장 이용료일반(대인)-일반(관외),7000000
1486,안동장사문화공원,1486,사설,,공원묘지,봉안당,공원묘지,,관내,화장이용료관내죽은태아,화장이용료관내죽은태아,500000
1486,안동장사문화공원,1486,사설,,공원묘지,봉안당,공원묘지,,관내,,,1000000
1486,안동장사문화공원,1486,사설,,공원묘지,봉안당,공원묘지,,관내,화장이용료관내-개장유골,,1000000
1486,안동장사문화공원,1486,사설,,공원묘지,봉안당,공원묘지,,관내,,,1500000
1486,안동장사문화공원,1486,사설,,공원묘지,봉안당,공원묘지,,관내,화장이용료준관내-죽은태아,화장이용료준관내-죽은태아1,2000000
1486,안동장사문화공원,1486,사설,,공원묘지,봉안당,공원묘지,,관외,화장이용료관외-죽은태아,화장이용료관외-죽은태아,3000000
1486,안동장사문화공원,1486,사설,,공원묘지,봉안당,공원묘지,,관내,화장이용료준관내,"세미만 일반시체, 15세미만 일반시체",4000000
1486,안동장사문화공원,1486,사설,,공원묘지,봉안당,공원묘지,,관내,화장이용료준관내-개장유골,화장이용료준관내-개장유골,4000000
1486,안동장사문화공원,1486,사설,,공원묘지,봉안당,공원묘지,,관외,화장이용료관외,"세미만 일반시체, 15세미만 일반시체",6000000
1486,안동장사문화공원,1486,사설,,공원묘지,봉안당,공원묘지,,관외,화장이용료관외-개장유골,,6000000
1486,안동장사문화공원,1486,사설,,공원묘지,봉안당,공원묘지,,관내,화장이용료준관내,"-세이상 일반시체, -15세이상 일반시체",6000000
1486,안동장사문화공원,1486,사설,,공원묘지,봉안당,공원묘지,,관외,화장이용료관외-세이상 일반시체,화장이용료관외-15세이상 일반시체,9000000
1487,승화원(화장장),1487,사설,,공원묘지,봉안당,기타,,관내,화장 이용료,관내-일반(죽은태아),210000
1487,승화원(화장장),1487,사설,,공원묘지,봉안당,기타,,관내,화장 이용료관내-일반(개장유골),,300000
1487,승화원(화장장),1487,사설,,공원묘지,봉안당,기타,,관내,,,420000
1487,승화원(화장장),1487,사설,,공원묘지,봉안당,기타,,관내,화장 이용료,관내-일반(대인)(15세 이상),600000
1487,승화원(화장장),1487,사설,,공원묘지,봉안당,기타,,관내,화장 이용료관내-일반(무연고),,600000
1487,승화원(화장장),1487,사설,,공원묘지,봉안당,기타,,,화장 이용료특례-죽은태아,화장 이용료특례-죽은태아,630000
1487,승화원(화장장),1487,사설,,공원묘지,봉안당,기타,,,화장 이용료특례-개장유골,,900000
1487,승화원(화장장),1487,사설,,공원묘지,봉안당,기타,,,,,1260000
1487,승화원(화장장),1487,사설,,공원묘지,봉안당,기타,,,화장 이용료특례-대인,(세 이상) (15세 이상),4000000
1487,승화원(화장장),1487,사설,,공원묘지,봉안당,기타,,관내,화장 이용료관외-대인(관내에서 사망),화장 이용료관외-대인(관내에서 사망),6000000
1488,용인 평온의 숲(나래원),1488,공설,무관,수목장,"봉안당, 공원묘지",기타,,관내,화장 이용료죽은태아-일반(관내),화장 이용료죽은태아-일반(관내),500000
1488,용인 평온의 숲(나래원),1488,공설,무관,수목장,"봉안당, 공원묘지",기타,,관내,화장 이용료개장유골-일반(관내),화장 이용료개장유골-일반(관내),600000
1488,용인 평온의 숲(나래원),1488,공설,무관,수목장,"봉안당, 공원묘지",기타,,관내,화장 이용료,일반(소인)-일반(관내),800000
1488,용인 평온의 숲(나래원),1488,공설,무관,수목장,"봉안당, 공원묘지",기타,,관내,화장 이용료일반(대인)-일반(관내),1,1000000
1488,용인 평온의 숲(나래원),1488,공설,무관,수목장,"봉안당, 공원묘지",기타,,관외,화장 이용료죽은태아-일반(관외),화장 이용료죽은태아-일반(관외),1500000
1488,용인 평온의 숲(나래원),1488,공설,무관,수목장,"봉안당, 공원묘지",기타,,관외,화장 이용료,개장유골-일반(관외),2500000
1488,용인 평온의 숲(나래원),1488,공설,무관,수목장,"봉안당, 공원묘지",기타,,관외,화장 이용료일반(소인)-일반(관외),화장 이용료일반(소인)-일반(관외),4000000
1488,용인 평온의 숲(나래원),1488,공설,무관,수목장,"봉안당, 공원묘지",기타,,관외,화장 이용료일반(대인)-일반(관외),,9000000
1489,울진군립추모원,1489,공설,무관,봉안당,봉안당,봉안당,개인단,관내,개인단(관내자)기,"최초 30년, 1회 연장가능",6000000
1489,울진군립추모원,1489,공설,무관,봉안당,봉안당,봉안당,부부단,관내,부부단(관내자)기,"최초 30년,1회 연장가능",10000000
1489,울진군립추모원,1489,공설,무관,봉안당,봉안당,봉안당,개인단,관외,개인단(관외자)기,"최초 30년, 1회 연장가능",16000000
1489,울진군립추모원,1489,공설,무관,봉안당,봉안당,봉안당,부부단,관외,부부단(관외자)기,"최초 30년, 1회 연장가능",26000000
1490,문경예송원,1490,사설,,공원묘지,봉안당,기타,,관내,화장 이용료,관내-일반(죽은태아),200000
1490,문경예송원,1490,사설,,공원묘지,봉안당,기타,,관내,화장 이용료관내-일반(개장유골),,300000
1490,문경예송원,1490,사설,,공원묘지,봉안당,기타,,관내,화장 이용료,관내-일반(소인)-일반,400000
1490,문경예송원,1490,사설,,공원묘지,봉안당,기타,,관내,화장 이용료,관내-일반(대인)-국가유공배우자,500000
1490,문경예송원,1490,사설,,공원묘지,봉안당,기타,,관외,화장 이용료관외-일반(죽은태아),화장 이용료관외-일반(죽은태아),2000000
1490,문경예송원,1490,사설,,공원묘지,봉안당,기타,,관외,화장 이용료관외-일반(소인)-일반,화장 이용료관외-일반(소인)-일반,3500000
1490,문경예송원,1490,사설,,공원묘지,봉안당,기타,,관외,화장 이용료,관외-일반(개장유골),3500000
1490,문경예송원,1490,사설,,공원묘지,봉안당,기타,,관외,화장 이용료관외,일반(대인)-국가유공배우자,6000000
1491,광양시화장장,1491,사설,,공원묘지,봉안당,기타,,관내,화장 이용료죽은태아-일반(관내),화장 이용료죽은태아-일반(관내),300000
1491,광양시화장장,1491,사설,,공원묘지,봉안당,기타,,관내,화장 이용료일반(소인)-일반(관내),화장 이용료일반(소인)-일반(관내),600000
1491,광양시화장장,1491,사설,,공원묘지,봉안당,기타,,관내,화장 이용료개장유골-일반(관내),화장 이용료개장유골-일반(관내),600000
1491,광양시화장장,1491,사설,,공원묘지,봉안당,기타,,관내,화장 이용료일반(대인)-일반(관내),화장 이용료일반(대인)-일반(관내),1000000
1491,광양시화장장,1491,사설,,공원묘지,봉안당,기타,,관외,화장 이용료죽은태아-일반(관외),화장 이용료죽은태아-일반(관외),1600000
1491,광양시화장장,1491,사설,,공원묘지,봉안당,기타,,관외,화장 이용료일반(소인)-일반(관외),화장 이용료일반(소인)-일반(관외),3200000
1491,광양시화장장,1491,사설,,공원묘지,봉안당,기타,,관외,화장 이용료개장유골-일반(관외),화장 이용료개장유골-일반(관외),3200000
1491,광양시화장장,1491,사설,,공원묘지,봉안당,기타,,관외,화장 이용료일반(대인),일반(관외) 화장 이용료일반(대인)-일반(관외),5300000
1492,창원시립상복공원,1492,공설,,"공원묘지, 봉안당",봉안당,공원묘지,,재추출(병합),일반용품우의장,,1300
1492,창원시립상복공원,1492,공설,,"공원묘지, 봉안당",봉안당,공원묘지,,재추출(병합),일반용품주걱개(중),일반용품주걱개(중),1600
1492,창원시립상복공원,1492,공설,,"공원묘지, 봉안당",봉안당,공원묘지,,재추출(병합),문구용품부의봉투100장,(9cm*18.5cm),1700
1492,창원시립상복공원,1492,공설,,"공원묘지, 봉안당",봉안당,공원묘지,,재추출(병합),문구용품면장갑,"면100%/중국/개1,000",1700
1492,창원시립상복공원,1492,공설,,"공원묘지, 봉안당",봉안당,공원묘지,,재추출(병합),접객용품정종,"(대)병(1,800ml)",1800
1492,창원시립상복공원,1492,공설,,"공원묘지, 봉안당",봉안당,공원묘지,,재추출(병합),관포(보)특관보1950x510x450,레이온100% / 중국 관포(보)특관보1950x510x450 레이온100% / 중국,1950
1492,창원시립상복공원,1492,공설,,"공원묘지, 봉안당",봉안당,공원묘지,,재추출(병합),관포(보)종교특관보1950x510x450,레이온100% / 중국 관포(보)종교특관보1950x510x450 레이온100% / 중국,1950
1492,창원시립상복공원,1492,공설,,"공원묘지, 봉안당",봉안당,공원묘지,,재추출(병합),일반용품고무장갑,m사이즈,2700
1492,창원시립상복공원,1492,공설,,"공원묘지, 봉안당",봉안당,공원묘지,,재추출(병합),혼백혼백함종이+실,중국,3000
1492,창원시립상복공원,1492,공설,,"공원묘지, 봉안당",봉안당,공원묘지,,재추출(병합),혼백혼백함종이+실,중국,3000
1492,창원시립상복공원,1492,공설,,"공원묘지, 봉안당",봉안당,공원묘지,,재추출(병합),기타양말개,(남/여),3000
1492,창원시립상복공원,1492,공설,,"공원묘지, 봉안당",봉안당,공원묘지,,재추출(병합),일반용품실내화켤레,"(270cm,280cm)",3394
1492,창원시립상복공원,1492,공설,,"공원묘지, 봉안당",봉안당,공원묘지,,재추출(병합),일반용품타올장,(40cm*80cm),3394
1492,창원시립상복공원,1492,공설,,"공원묘지, 봉안당",봉안당,공원묘지,,재추출(병합),일반용품주걱개,(중),3394
1492,창원시립상복공원,1492,공설,,"공원묘지, 봉안당",봉안당,공원묘지,,재추출(병합),일반용품국자개,(컵부분 17cm이하),3394
1492,창원시립상복공원,1492,공설,,"공원묘지, 봉안당",봉안당,공원묘지,,재추출(병합),일반용품퐁퐁400g,일반용품퐁퐁400g,3394
1492,창원시립상복공원,1492,공설,,"공원묘지, 봉안당",봉안당,공원묘지,,재추출(병합),일반용품고무장갑,m사이즈,3394
1492,창원시립상복공원,1492,공설,,"공원묘지, 봉안당",봉안당,공원묘지,,재추출(병합),일반용품수세미개,(110mm*71.5mm*30mm),3394
1492,창원시립상복공원,1492,공설,,"공원묘지, 봉안당",봉안당,공원묘지,,재추출(병합),일반용품위생장갑50매,(24*29),3394
1492,창원시립상복공원,1492,공설,,"공원묘지, 봉안당",봉안당,공원묘지,,재추출(병합),일반용품각티슈100매,,3394
1492,창원시립상복공원,1492,공설,,"공원묘지, 봉안당",봉안당,공원묘지,,재추출(병합),일반용품식도개,(37cm이하),3394
1492,창원시립상복공원,1492,공설,,"공원묘지, 봉안당",봉안당,공원묘지,,재추출(병합),일반용품도마장,(두께25mm이상),3394
1492,창원시립상복공원,1492,공설,,"공원묘지, 봉안당",봉안당,공원묘지,,재추출(병합),일반용품가위,개(25cm이하 잘드는것),3394
1492,창원시립상복공원,1492,공설,,"공원묘지, 봉안당",봉안당,공원묘지,,재추출(병합),일반용품비닐팩100매,(30*45),3394
1492,창원시립상복공원,1492,공설,,"공원묘지, 봉안당",봉안당,공원묘지,,재추출(병합),일반용품면행주장,(30*45cm),3394
1492,창원시립상복공원,1492,공설,,"공원묘지, 봉안당",봉안당,공원묘지,,재추출(병합),일반용품우의장,일반용품우의장,3394
1492,창원시립상복공원,1492,공설,,"공원묘지, 봉안당",봉안당,공원묘지,,재추출(병합),일반용품물티슈,개(100p),3394
1492,창원시립상복공원,1492,공설,,"공원묘지, 봉안당",봉안당,공원묘지,,재추출(병합),습신(꽃신)습신면+폴리,/중국 / 기계직 / 습신(꽃신)습신면+폴리 /중국 / 기계직,4000
1492,창원시립상복공원,1492,공설,,"공원묘지, 봉안당",봉안당,공원묘지,,재추출(병합),습신(꽃신)습신면+폴리,/중국 / 기계직 / 습신(꽃신)습신면+폴리 /중국 / 기계직,4000
1492,창원시립상복공원,1492,공설,,"공원묘지, 봉안당",봉안당,정보없음,,정보없음,정보없음,자동 추출 실패 (푸터 텍스트),
1492,창원시립상복공원,1492,공설,,"공원묘지, 봉안당",봉안당,공원묘지,,재추출(병합),빈소용품천리향중국,빈소용품천리향중국,5000
1492,창원시립상복공원,1492,공설,,"공원묘지, 봉안당",봉안당,공원묘지,,재추출(병합),빈소용품양초돈타레,빈소용품양초돈타레,5000
1492,창원시립상복공원,1492,공설,,"공원묘지, 봉안당",봉안당,공원묘지,,재추출(병합),개소,개소,6779
1492,창원시립상복공원,1492,공설,,"공원묘지, 봉안당",봉안당,공원묘지,,재추출(병합),개소,개소,6779
1492,창원시립상복공원,1492,공설,,"공원묘지, 봉안당",봉안당,공원묘지,,재추출(병합),탈지면탈지면목화,중국 탈지면탈지면목화 / 중국,8000
1492,창원시립상복공원,1492,공설,,"공원묘지, 봉안당",봉안당,공원묘지,,재추출(병합),개소,개소,8348
1492,창원시립상복공원,1492,공설,,"공원묘지, 봉안당",봉안당,공원묘지,,재추출(병합),탈지면탈지면목화,중국 탈지면탈지면목화 중국,8500
1492,창원시립상복공원,1492,공설,,"공원묘지, 봉안당",봉안당,공원묘지,,재추출(병합),남상복현대남상복(下)(대여),사이즈별 / 중국 / 중국,9000
1492,창원시립상복공원,1492,공설,,"공원묘지, 봉안당",봉안당,공원묘지,,재추출(병합),빈소용품부의록우단+종이,중국,9000
1492,창원시립상복공원,1492,공설,,"공원묘지, 봉안당",봉안당,공원묘지,,재추출(병합),개소,개소,9424
1492,창원시립상복공원,1492,공설,,"공원묘지, 봉안당",봉안당,공원묘지,,재추출(병합),개소,개소,9424
1492,창원시립상복공원,1492,공설,,"공원묘지, 봉안당",봉안당,공원묘지,,재추출(병합),개소,1개소,9424
1492,창원시립상복공원,1492,공설,,"공원묘지, 봉안당",봉안당,공원묘지,,재추출(병합),개소,개소,9424
1492,창원시립상복공원,1492,공설,,"공원묘지, 봉안당",봉안당,공원묘지,,재추출(병합),개소,개소,9424
1492,창원시립상복공원,1492,공설,,"공원묘지, 봉안당",봉안당,공원묘지,,재추출(병합),개소,개소,9424
1492,창원시립상복공원,1492,공설,,"공원묘지, 봉안당",봉안당,공원묘지,,재추출(병합),개소,개소,9424
1492,창원시립상복공원,1492,공설,,"공원묘지, 봉안당",봉안당,공원묘지,,재추출(병합),개소,개소,9424
1492,창원시립상복공원,1492,공설,,"공원묘지, 봉안당",봉안당,공원묘지,,재추출(병합),개소,개소,9424
1492,창원시립상복공원,1492,공설,,"공원묘지, 봉안당",봉안당,공원묘지,,재추출(병합),개소,개소,9424
1492,창원시립상복공원,1492,공설,,"공원묘지, 봉안당",봉안당,공원묘지,,재추출(병합),개소,개소,9424
1492,창원시립상복공원,1492,공설,,"공원묘지, 봉안당",봉안당,공원묘지,,재추출(병합),개소,개소,9424
1492,창원시립상복공원,1492,공설,,"공원묘지, 봉안당",봉안당,공원묘지,,재추출(병합),개소,개소,9424
1492,창원시립상복공원,1492,공설,,"공원묘지, 봉안당",봉안당,공원묘지,,재추출(병합),개소,개소,9424
1492,창원시립상복공원,1492,공설,,"공원묘지, 봉안당",봉안당,공원묘지,,재추출(병합),(1개소),(1개소),9424
1492,창원시립상복공원,1492,공설,,"공원묘지, 봉안당",봉안당,공원묘지,,재추출(병합),개소,개소,9424
1492,창원시립상복공원,1492,공설,,"공원묘지, 봉안당",봉안당,공원묘지,,재추출(병합),(1개소),(1개소),9424
1492,창원시립상복공원,1492,공설,,"공원묘지, 봉안당",봉안당,공원묘지,,재추출(병합),개소,개소,9424
1492,창원시립상복공원,1492,공설,,"공원묘지, 봉안당",봉안당,공원묘지,,재추출(병합),(1개소),(1개소),9424
1492,창원시립상복공원,1492,공설,,"공원묘지, 봉안당",봉안당,공원묘지,,재추출(병합),개소,개소,9424
1492,창원시립상복공원,1492,공설,,"공원묘지, 봉안당",봉안당,공원묘지,,재추출(병합),개소,개소,9424
1492,창원시립상복공원,1492,공설,,"공원묘지, 봉안당",봉안당,공원묘지,,재추출(병합),(1개소),(1개소),9424
1492,창원시립상복공원,1492,공설,,"공원묘지, 봉안당",봉안당,공원묘지,,재추출(병합),개소,개소,9424
1492,창원시립상복공원,1492,공설,,"공원묘지, 봉안당",봉안당,공원묘지,,재추출(병합),(1개소),(1개소),9424
1492,창원시립상복공원,1492,공설,,"공원묘지, 봉안당",봉안당,공원묘지,,재추출(병합),개소,1개소,9424
1492,창원시립상복공원,1492,공설,,"공원묘지, 봉안당",봉안당,공원묘지,,재추출(병합),개소,(1개소),9424
1492,창원시립상복공원,1492,공설,,"공원묘지, 봉안당",봉안당,공원묘지,,재추출(병합),(1개소),(1개소),9424
1492,창원시립상복공원,1492,공설,,"공원묘지, 봉안당",봉안당,공원묘지,,재추출(병합),(1개소),(1개소),9424
1492,창원시립상복공원,1492,공설,,"공원묘지, 봉안당",봉안당,공원묘지,,재추출(병합),(1개소),,9424
1492,창원시립상복공원,1492,공설,,"공원묘지, 봉안당",봉안당,공원묘지,,재추출(병합),개소,개소,9424
1492,창원시립상복공원,1492,공설,,"공원묘지, 봉안당",봉안당,공원묘지,,재추출(병합),(1개소),(1개소),9424
1492,창원시립상복공원,1492,공설,,"공원묘지, 봉안당",봉안당,공원묘지,,재추출(병합),(1개소),(1개소),9424
1492,창원시립상복공원,1492,공설,,"공원묘지, 봉안당",봉안당,공원묘지,,재추출(병합),(1개소),(1개소),9424
1492,창원시립상복공원,1492,공설,,"공원묘지, 봉안당",봉안당,공원묘지,,재추출(병합),(1개소),(1개소),9424
1492,창원시립상복공원,1492,공설,,"공원묘지, 봉안당",봉안당,공원묘지,,재추출(병합),개소,개소,9424
1492,창원시립상복공원,1492,공설,,"공원묘지, 봉안당",봉안당,공원묘지,,재추출(병합),개소,개소,9424
1492,창원시립상복공원,1492,공설,,"공원묘지, 봉안당",봉안당,공원묘지,,재추출(병합),(1개소),(1개소),9424
1492,창원시립상복공원,1492,공설,,"공원묘지, 봉안당",봉안당,공원묘지,,재추출(병합),(1개소),(1개소),9424
1492,창원시립상복공원,1492,공설,,"공원묘지, 봉안당",봉안당,공원묘지,,재추출(병합),개소,개소,9424
1492,창원시립상복공원,1492,공설,,"공원묘지, 봉안당",봉안당,공원묘지,,재추출(병합),개소,개소,9424
1492,창원시립상복공원,1492,공설,,"공원묘지, 봉안당",봉안당,공원묘지,,재추출(병합),개소,개소,9424
1492,창원시립상복공원,1492,공설,,"공원묘지, 봉안당",봉안당,공원묘지,,재추출(병합),(1개소),(1개소),9424
1492,창원시립상복공원,1492,공설,,"공원묘지, 봉안당",봉안당,공원묘지,,재추출(병합),개소,개소,9424
1492,창원시립상복공원,1492,공설,,"공원묘지, 봉안당",봉안당,공원묘지,,재추출(병합),개소,개소,9424
1492,창원시립상복공원,1492,공설,,"공원묘지, 봉안당",봉안당,공원묘지,,재추출(병합),개소,1개소,9424
1492,창원시립상복공원,1492,공설,,"공원묘지, 봉안당",봉안당,공원묘지,,재추출(병합),개소,개소,9424
1492,창원시립상복공원,1492,공설,,"공원묘지, 봉안당",봉안당,공원묘지,,재추출(병합),개소,개소,9424
1492,창원시립상복공원,1492,공설,,"공원묘지, 봉안당",봉안당,공원묘지,,재추출(병합),(1개소),(1개소),9424
1492,창원시립상복공원,1492,공설,,"공원묘지, 봉안당",봉안당,공원묘지,,재추출(병합),개소,1개소,9424
1492,창원시립상복공원,1492,공설,,"공원묘지, 봉안당",봉안당,공원묘지,,재추출(병합),개소,1개소,9424
1492,창원시립상복공원,1492,공설,,"공원묘지, 봉안당",봉안당,공원묘지,,재추출(병합),개소,개소,9424
1492,창원시립상복공원,1492,공설,,"공원묘지, 봉안당",봉안당,공원묘지,,재추출(병합),(1개소),(1개소),9424
1492,창원시립상복공원,1492,공설,,"공원묘지, 봉안당",봉안당,공원묘지,,재추출(병합),나무사각오동함오동나무,중국,10000
1492,창원시립상복공원,1492,공설,,"공원묘지, 봉안당",봉안당,공원묘지,,재추출(병합),나무사각오동함오동나무,중국,10000
1492,창원시립상복공원,1492,공설,,"공원묘지, 봉안당",봉안당,공원묘지,,재추출(병합),(2개소),(2개소),11894
1492,창원시립상복공원,1492,공설,,"공원묘지, 봉안당",봉안당,공원묘지,,재추출(병합),남상복벨트,(판매)자동 / 중국,12000
1492,창원시립상복공원,1492,공설,,"공원묘지, 봉안당",봉안당,공원묘지,,재추출(병합),남상복현대남상복(上)(대여),사이즈별 / 중국 / 중국,13000
1492,창원시립상복공원,1492,공설,,"공원묘지, 봉안당",봉안당,공원묘지,,재추출(병합),남상복현대남상복(下)(대여),사이즈별 / 중국 / 중국,13000
1492,창원시립상복공원,1492,공설,,"공원묘지, 봉안당",봉안당,공원묘지,,재추출(병합),남상복와이셔츠(판매)사이즈별,중국 / 중국,13000
1492,창원시립상복공원,1492,공설,,"공원묘지, 봉안당",봉안당,공원묘지,,재추출(병합),남상복넥타이(판매),"성인, 아동 / 중국",13000
1492,창원시립상복공원,1492,공설,,"공원묘지, 봉안당",봉안당,공원묘지,,재추출(병합),남상복벨트(판매)자동,중국,13000
1492,창원시립상복공원,1492,공설,,"공원묘지, 봉안당",봉안당,공원묘지,,재추출(병합),남상복완장(판매),면100% / 중국 / 한국,13000
1492,창원시립상복공원,1492,공설,,"공원묘지, 봉안당",봉안당,공원묘지,,재추출(병합),남상복현대남상복(上)(대여),사이즈별 / 중국 / 중국,14000
1492,창원시립상복공원,1492,공설,,"공원묘지, 봉안당",봉안당,공원묘지,,재추출(병합),2개소,2개소,14044
1492,창원시립상복공원,1492,공설,,"공원묘지, 봉안당",봉안당,공원묘지,,재추출(병합),칠성판/횡대칠성판오동나무,중국,16000
1492,창원시립상복공원,1492,공설,,"공원묘지, 봉안당",봉안당,공원묘지,,재추출(병합),여상복현대여상복(3일대여)사이즈별,중국 / 중국,16333
1492,창원시립상복공원,1492,공설,,"공원묘지, 봉안당",봉안당,공원묘지,,재추출(병합),여상복머리핀(판매),"폴리 100% / 한국1,000",16333
1492,창원시립상복공원,1492,공설,,"공원묘지, 봉안당",봉안당,공원묘지,,재추출(병합),횡대칠성판오동나무,"칠성판, 중국",16500
1492,창원시립상복공원,1492,공설,,"공원묘지, 봉안당",봉안당,공원묘지,,재추출(병합),관포(보)관보레이온100%,중국 관포(보)관보레이온100% / 중국,17000
1492,창원시립상복공원,1492,공설,,"공원묘지, 봉안당",봉안당,공원묘지,,재추출(병합),관포(보)특관보1950x510x450,레이온100% / 중국 관포(보)특관보1950x510x450 레이온100% / 중국,17000
1492,창원시립상복공원,1492,공설,,"공원묘지, 봉안당",봉안당,공원묘지,,재추출(병합),관포(보)종교관보레이온100%,중국,17000
1492,창원시립상복공원,1492,공설,,"공원묘지, 봉안당",봉안당,공원묘지,,재추출(병합),관포(보)종교특관보,1950x510x450 레이온100% / 중국,17000
1492,창원시립상복공원,1492,공설,,"공원묘지, 봉안당",봉안당,공원묘지,,재추출(병합),빈소용품종교명패향나무,중국,18000
1492,창원시립상복공원,1492,공설,,"공원묘지, 봉안당",봉안당,공원묘지,,재추출(병합),남상복와이셔츠(판매)사이즈별,중국 / 중국,19000
1492,창원시립상복공원,1492,공설,,"공원묘지, 봉안당",봉안당,공원묘지,,재추출(병합),개소,개소,19506
1492,창원시립상복공원,1492,공설,,"공원묘지, 봉안당",봉안당,공원묘지,,재추출(병합),개소,개소,19506
1492,창원시립상복공원,1492,공설,,"공원묘지, 봉안당",봉안당,공원묘지,,재추출(병합),개소,개소,19506
1492,창원시립상복공원,1492,공설,,"공원묘지, 봉안당",봉안당,공원묘지,,재추출(병합),(1개소),(1개소),19506
1492,창원시립상복공원,1492,공설,,"공원묘지, 봉안당",봉안당,공원묘지,,재추출(병합),개소,개소,19506
1492,창원시립상복공원,1492,공설,,"공원묘지, 봉안당",봉안당,공원묘지,,재추출(병합),개소,개소,19506
1492,창원시립상복공원,1492,공설,,"공원묘지, 봉안당",봉안당,공원묘지,,재추출(병합),개소,1개소,19506
1492,창원시립상복공원,1492,공설,,"공원묘지, 봉안당",봉안당,공원묘지,,재추출(병합),개소,개소,19506
1492,창원시립상복공원,1492,공설,,"공원묘지, 봉안당",봉안당,공원묘지,,재추출(병합),개소,개소,19506
1492,창원시립상복공원,1492,공설,,"공원묘지, 봉안당",봉안당,공원묘지,,재추출(병합),개소,개소,19506
1492,창원시립상복공원,1492,공설,,"공원묘지, 봉안당",봉안당,공원묘지,,재추출(병합),개소,1개소,19506
1492,창원시립상복공원,1492,공설,,"공원묘지, 봉안당",봉안당,공원묘지,,재추출(병합),(1개소),(1개소),19506
1492,창원시립상복공원,1492,공설,,"공원묘지, 봉안당",봉안당,공원묘지,,재추출(병합),개소,(1) (1),19506
1492,창원시립상복공원,1492,공설,,"공원묘지, 봉안당",봉안당,공원묘지,,재추출(병합),개소,개소,19506
1492,창원시립상복공원,1492,공설,,"공원묘지, 봉안당",봉안당,공원묘지,,재추출(병합),개소,개소,19506
1492,창원시립상복공원,1492,공설,,"공원묘지, 봉안당",봉안당,공원묘지,,재추출(병합),개소,개소,19506
1492,창원시립상복공원,1492,공설,,"공원묘지, 봉안당",봉안당,공원묘지,,재추출(병합),개소,개소,19506
1492,창원시립상복공원,1492,공설,,"공원묘지, 봉안당",봉안당,공원묘지,,재추출(병합),2개소,2개소,21030
1492,창원시립상복공원,1492,공설,,"공원묘지, 봉안당",봉안당,공원묘지,,재추출(병합),2개소,2개소,21030
1492,창원시립상복공원,1492,공설,,"공원묘지, 봉안당",봉안당,공원묘지,,재추출(병합),개소,개소,21284
1492,창원시립상복공원,1492,공설,,"공원묘지, 봉안당",봉안당,공원묘지,,재추출(병합),개소,개소,21284
1492,창원시립상복공원,1492,공설,,"공원묘지, 봉안당",봉안당,공원묘지,,재추출(병합),개소,개소,21284
1492,창원시립상복공원,1492,공설,,"공원묘지, 봉안당",봉안당,공원묘지,,재추출(병합),(1개소),(1개소),21284
1492,창원시립상복공원,1492,공설,,"공원묘지, 봉안당",봉안당,공원묘지,,재추출(병합),개소,개소,21284
1492,창원시립상복공원,1492,공설,,"공원묘지, 봉안당",봉안당,공원묘지,,재추출(병합),개소,개소,21284
1492,창원시립상복공원,1492,공설,,"공원묘지, 봉안당",봉안당,공원묘지,,재추출(병합),개소,1개소,21284
1492,창원시립상복공원,1492,공설,,"공원묘지, 봉안당",봉안당,공원묘지,,재추출(병합),개소,개소,21284
1492,창원시립상복공원,1492,공설,,"공원묘지, 봉안당",봉안당,공원묘지,,재추출(병합),개소,개소,21284
1492,창원시립상복공원,1492,공설,,"공원묘지, 봉안당",봉안당,공원묘지,,재추출(병합),개소,개소,21284
1492,창원시립상복공원,1492,공설,,"공원묘지, 봉안당",봉안당,공원묘지,,재추출(병합),개소,개소,21284
1492,창원시립상복공원,1492,공설,,"공원묘지, 봉안당",봉안당,공원묘지,,재추출(병합),개소,개소,21284
1492,창원시립상복공원,1492,공설,,"공원묘지, 봉안당",봉안당,공원묘지,,재추출(병합),개소,개소,21284
1492,창원시립상복공원,1492,공설,,"공원묘지, 봉안당",봉안당,공원묘지,,재추출(병합),개소,개소,21284
1492,창원시립상복공원,1492,공설,,"공원묘지, 봉안당",봉안당,공원묘지,,재추출(병합),개소,개소,21284
1492,창원시립상복공원,1492,공설,,"공원묘지, 봉안당",봉안당,공원묘지,,재추출(병합),보공보공초석,보공보공초석,22000
1492,창원시립상복공원,1492,공설,,"공원묘지, 봉안당",봉안당,공원묘지,,재추출(병합),보공보공초석,보공보공초석,22000
1492,창원시립상복공원,1492,공설,,"공원묘지, 봉안당",봉안당,공원묘지,,재추출(병합),빈소용품사자밥,빈소용품사자밥,22000
1492,창원시립상복공원,1492,공설,,"공원묘지, 봉안당",봉안당,공원묘지,,재추출(병합),(1개소),,24248
1492,창원시립상복공원,1492,공설,,"공원묘지, 봉안당",봉안당,공원묘지,,재추출(병합),2개소,2개소,24608
1492,창원시립상복공원,1492,공설,,"공원묘지, 봉안당",봉안당,공원묘지,,재추출(병합),(2개소),(2개소),24608
1492,창원시립상복공원,1492,공설,,"공원묘지, 봉안당",봉안당,공원묘지,,재추출(병합),2개소,2개소,24608
1492,창원시립상복공원,1492,공설,,"공원묘지, 봉안당",봉안당,공원묘지,,재추출(병합),2개소,2개소,24608
1492,창원시립상복공원,1492,공설,,"공원묘지, 봉안당",봉안당,공원묘지,,재추출(병합),2개소,2개소,24608
1492,창원시립상복공원,1492,공설,,"공원묘지, 봉안당",봉안당,공원묘지,,재추출(병합),개소,2개소,24608
1492,창원시립상복공원,1492,공설,,"공원묘지, 봉안당",봉안당,공원묘지,,재추출(병합),리본/근조기선도차리본(본넷)포리100%,중국 / 기계직 리본/근조기선도차리본(본넷)포리100% / 중국 / 기계직,27000
1492,창원시립상복공원,1492,공설,,"공원묘지, 봉안당",봉안당,공원묘지,,재추출(병합),삼색설기되,접객용품 (국내산 재료),28000
1492,창원시립상복공원,1492,공설,,"공원묘지, 봉안당",봉안당,공원묘지,,재추출(병합),접객용품돈수육,"(삼겹,국산,생고기기준)1kg(생물)",29983
1492,창원시립상복공원,1492,공설,,"공원묘지, 봉안당",봉안당,공원묘지,,재추출(병합),접객용품사이다캔,(190ml)700,29983
1492,창원시립상복공원,1492,공설,,"공원묘지, 봉안당",봉안당,공원묘지,,재추출(병합),접객용품콜라캔,(190ml)700,29983
1492,창원시립상복공원,1492,공설,,"공원묘지, 봉안당",봉안당,공원묘지,,재추출(병합),접객용품비타파워캔,(180ml)700,29983
1492,창원시립상복공원,1492,공설,,"공원묘지, 봉안당",봉안당,공원묘지,,재추출(병합),접객용품식혜캔,(238ml)600,29983
1492,창원시립상복공원,1492,공설,,"공원묘지, 봉안당",봉안당,공원묘지,,재추출(병합),접객용품생수페트,(500ml)600,29983
1492,창원시립상복공원,1492,공설,,"공원묘지, 봉안당",봉안당,공원묘지,,재추출(병합),접객용품정수기 생수통,18.9l,29983
1492,창원시립상복공원,1492,공설,,"공원묘지, 봉안당",봉안당,공원묘지,,재추출(병합),접객용품정종,"(대)병(1,800ml)",29983
1492,창원시립상복공원,1492,공설,,"공원묘지, 봉안당",봉안당,공원묘지,,재추출(병합),접객용품정종(소)병,(700ml),29983
1492,창원시립상복공원,1492,공설,,"공원묘지, 봉안당",봉안당,공원묘지,,재추출(병합),접객용품소주병,(360ml),29983
1492,창원시립상복공원,1492,공설,,"공원묘지, 봉안당",봉안당,공원묘지,,재추출(병합),접객용품맥주캔,(355ml),29983
1492,창원시립상복공원,1492,공설,,"공원묘지, 봉안당",봉안당,공원묘지,,재추출(병합),접객용품쌀밥1인분,"1,000",29983
1492,창원시립상복공원,1492,공설,,"공원묘지, 봉안당",봉안당,공원묘지,,재추출(병합),접객용품소고기국,밥1인분,29983
1492,창원시립상복공원,1492,공설,,"공원묘지, 봉안당",봉안당,공원묘지,,재추출(병합),"접객용품시락국,밥1인분","접객용품시락국,밥1인분",29983
1492,창원시립상복공원,1492,공설,,"공원묘지, 봉안당",봉안당,공원묘지,,재추출(병합),"접객용품황태국,밥1인분","접객용품황태국,밥1인분",29983
1492,창원시립상복공원,1492,공설,,"공원묘지, 봉안당",봉안당,공원묘지,,재추출(병합),접객용품코다리조림,3kg,29983
1492,창원시립상복공원,1492,공설,,"공원묘지, 봉안당",봉안당,공원묘지,,재추출(병합),접객용품가오리무침4kg,접객용품가오리무침4kg,29983
1492,창원시립상복공원,1492,공설,,"공원묘지, 봉안당",봉안당,공원묘지,,재추출(병합),접객용품멸치볶음,1kg,29983
1492,창원시립상복공원,1492,공설,,"공원묘지, 봉안당",봉안당,공원묘지,,재추출(병합),접객용품모듬튀김,3kg,29983
1492,창원시립상복공원,1492,공설,,"공원묘지, 봉안당",봉안당,공원묘지,,재추출(병합),무말랭이무침,접객용품 2kg,29983
1492,창원시립상복공원,1492,공설,,"공원묘지, 봉안당",봉안당,공원묘지,,재추출(병합),접객용품양념깻잎지2kg,접객용품양념깻잎지2kg,29983
1492,창원시립상복공원,1492,공설,,"공원묘지, 봉안당",봉안당,공원묘지,,재추출(병합),접객용품배추김치,5kg,29983
1492,창원시립상복공원,1492,공설,,"공원묘지, 봉안당",봉안당,공원묘지,,재추출(병합),접객용품쌈장,1.5kg,29983
1492,창원시립상복공원,1492,공설,,"공원묘지, 봉안당",봉안당,공원묘지,,재추출(병합),접객용품새우젓1kg,,29983
1492,창원시립상복공원,1492,공설,,"공원묘지, 봉안당",봉안당,공원묘지,,재추출(병합),접객용품마늘1kg,접객용품마늘1kg,29983
1492,창원시립상복공원,1492,공설,,"공원묘지, 봉안당",봉안당,공원묘지,,재추출(병합),접객용품고추1kg,접객용품고추1kg,29983
1492,창원시립상복공원,1492,공설,,"공원묘지, 봉안당",봉안당,공원묘지,,재추출(병합),접객용품송편되,(국내산 재료),29983
1492,창원시립상복공원,1492,공설,,"공원묘지, 봉안당",봉안당,공원묘지,,재추출(병합),접객용품모듬찰떡되,(국내산 재료),29983
1492,창원시립상복공원,1492,공설,,"공원묘지, 봉안당",봉안당,공원묘지,,재추출(병합),접객용품증편되,국내산 재료,29983
1492,창원시립상복공원,1492,공설,,"공원묘지, 봉안당",봉안당,공원묘지,,재추출(병합),접객용품삼색설기되,국내산 재료,29983
1492,창원시립상복공원,1492,공설,,"공원묘지, 봉안당",봉안당,공원묘지,,재추출(병합),접객용품밀감5kg,,29983
1492,창원시립상복공원,1492,공설,,"공원묘지, 봉안당",봉안당,공원묘지,,재추출(병합),접객용품대추방울토마토4kg,,29983
1492,창원시립상복공원,1492,공설,,"공원묘지, 봉안당",봉안당,공원묘지,,재추출(병합),접객용품커피믹스봉,(100개),29983
1492,창원시립상복공원,1492,공설,,"공원묘지, 봉안당",봉안당,공원묘지,,재추출(병합),접객용품믹스너트봉,(450g),29983
1492,창원시립상복공원,1492,공설,,"공원묘지, 봉안당",봉안당,공원묘지,,재추출(병합),접객용품맥반석아귀포봉,(400g),29983
1492,창원시립상복공원,1492,공설,,"공원묘지, 봉안당",봉안당,공원묘지,,재추출(병합),접객용품편육,2Kg,29983
1492,창원시립상복공원,1492,공설,,"공원묘지, 봉안당",봉안당,공원묘지,,재추출(병합),접객용품화장장 식당 정식,1인분,29983
1492,창원시립상복공원,1492,공설,,"공원묘지, 봉안당",봉안당,공원묘지,,재추출(병합),접객용품흑미밥1인분,,29983
1492,창원시립상복공원,1492,공설,,"공원묘지, 봉안당",봉안당,공원묘지,,재추출(병합),접객용품평토제상,(박스포장),29983
1492,창원시립상복공원,1492,공설,,"공원묘지, 봉안당",봉안당,공원묘지,,재추출(병합),접객용품평토제중,박스포장,29983
1492,창원시립상복공원,1492,공설,,"공원묘지, 봉안당",봉안당,공원묘지,,재추출(병합),접객용품오렌지,9kg,29983
1492,창원시립상복공원,1492,공설,,"공원묘지, 봉안당",봉안당,공원묘지,,재추출(병합),접객용품블랙커피,100개입,29983
1492,창원시립상복공원,1492,공설,,"공원묘지, 봉안당",봉안당,공원묘지,,재추출(병합),맥반석오징어,접객용품 150g,29983
1492,창원시립상복공원,1492,공설,,"공원묘지, 봉안당",봉안당,공원묘지,,재추출(병합),접객용품메추리알곤양조림,1.8kg,29983
1492,창원시립상복공원,1492,공설,,"공원묘지, 봉안당",봉안당,공원묘지,,재추출(병합),접객용품일미무침1kg,접객용품일미무침1kg,29983
1492,창원시립상복공원,1492,공설,,"공원묘지, 봉안당",봉안당,공원묘지,,재추출(병합),접객용품앙금방울떡,되,29983
1492,창원시립상복공원,1492,공설,,"공원묘지, 봉안당",봉안당,공원묘지,,재추출(병합),접객용품캔커피,"275ml2,000",29983
1492,창원시립상복공원,1492,공설,,"공원묘지, 봉안당",봉안당,공원묘지,,재추출(병합),접객용품숙취해소제,100ml,29983
1492,창원시립상복공원,1492,공설,,"공원묘지, 봉안당",봉안당,공원묘지,,재추출(병합),"접객용품필기구볼펜,사인펜","접객용품필기구볼펜,사인펜",29983
1492,창원시립상복공원,1492,공설,,"공원묘지, 봉안당",봉안당,공원묘지,,재추출(병합),"접객용품종이컵6.5온스1,000","접객용품종이컵6.5온스1,000",29983
1492,창원시립상복공원,1492,공설,,"공원묘지, 봉안당",봉안당,공원묘지,,재추출(병합),접객용품종이컵(소주),2.5온스900,29983
1492,창원시립상복공원,1492,공설,,"공원묘지, 봉안당",봉안당,공원묘지,,재추출(병합),접객용품재활용비닐,75l500,29983
1492,창원시립상복공원,1492,공설,,"공원묘지, 봉안당",봉안당,공원묘지,,재추출(병합),접객용품송편되,(국내산 재료),30000
1492,창원시립상복공원,1492,공설,,"공원묘지, 봉안당",봉안당,공원묘지,,재추출(병합),보건복지부,"[30113] 세종특별자치시 도움4로 13, 10동 (어진동, 정부세종청사)",30113
1492,창원시립상복공원,1492,공설,,"공원묘지, 봉안당",봉안당,공원묘지,,재추출(병합),접객용품증편되,(국내산 재료),32000
1492,창원시립상복공원,1492,공설,,"공원묘지, 봉안당",봉안당,공원묘지,,재추출(병합),염포(보)염베대마100%,중국,32500
1492,창원시립상복공원,1492,공설,,"공원묘지, 봉안당",봉안당,공원묘지,,재추출(병합),명정명정(본견)실크50%+인견50%,중국,37500
1492,창원시립상복공원,1492,공설,,"공원묘지, 봉안당",봉안당,공원묘지,,재추출(병합),명정명정(인견),인견50%+레이온50% / 중국,37500
1492,창원시립상복공원,1492,공설,,"공원묘지, 봉안당",봉안당,공원묘지,,재추출(병합),개소,개소,38956
1492,창원시립상복공원,1492,공설,,"공원묘지, 봉안당",봉안당,공원묘지,,관내,일반안치실1구(1일),관내기준,40000
1492,창원시립상복공원,1492,공설,,"공원묘지, 봉안당",봉안당,공원묘지,,관외,일반안치실1구(1일),관외기준,40000
1492,창원시립상복공원,1492,공설,,"공원묘지, 봉안당",봉안당,공원묘지,,재추출(병합),접객용품모듬찰떡되,(국내산 재료),42000
1492,창원시립상복공원,1492,공설,,"공원묘지, 봉안당",봉안당,공원묘지,,재추출(병합),접객용품앙금방울떡되,접객용품앙금방울떡되,43000
1492,창원시립상복공원,1492,공설,,"공원묘지, 봉안당",봉안당,공원묘지,,재추출(병합),개소,개소,47020
1492,창원시립상복공원,1492,공설,,"공원묘지, 봉안당",봉안당,공원묘지,,재추출(병합),2개소,2개소,59763
1492,창원시립상복공원,1492,공설,,"공원묘지, 봉안당",봉안당,공원묘지,,재추출(병합),개소,2개소,59763
1492,창원시립상복공원,1492,공설,,"공원묘지, 봉안당",봉안당,공원묘지,,재추출(병합),(2개소),,59763
1492,창원시립상복공원,1492,공설,,"공원묘지, 봉안당",봉안당,공원묘지,,재추출(병합),개소,2개소,59763
1492,창원시립상복공원,1492,공설,,"공원묘지, 봉안당",봉안당,공원묘지,,재추출(병합),빈소용품위령제,빈소용품위령제,60000
1492,창원시립상복공원,1492,공설,,"공원묘지, 봉안당",봉안당,공원묘지,,재추출(병합),2개소,2개소,61150
1492,창원시립상복공원,1492,공설,,"공원묘지, 봉안당",봉안당,공원묘지,,재추출(병합),개소,2개소,61150
1492,창원시립상복공원,1492,공설,,"공원묘지, 봉안당",봉안당,공원묘지,,재추출(병합),개소,2개소,82238
1492,창원시립상복공원,1492,공설,,"공원묘지, 봉안당",봉안당,공원묘지,,재추출(병합),2개소,2개소,82238
1492,창원시립상복공원,1492,공설,,"공원묘지, 봉안당",봉안당,공원묘지,,재추출(병합),도자기진주들꽃함도자기,한국 도자기진주들꽃함도자기 / 한국,84000
1492,창원시립상복공원,1492,공설,,"공원묘지, 봉안당",봉안당,공원묘지,,재추출(병합),개소,개소,88928
1492,창원시립상복공원,1492,공설,,"공원묘지, 봉안당",봉안당,공원묘지,,재추출(병합),아동애기관600x300x200x30,중국/한국,96000
1492,창원시립상복공원,1492,공설,,"공원묘지, 봉안당",봉안당,공원묘지,,재추출(병합),도자기진주이중함도자기,한국,102000
1492,창원시립상복공원,1492,공설,,"공원묘지, 봉안당",봉안당,공원묘지,,관내,염습실/입관실염습실,1회 관내기준,106667
1492,창원시립상복공원,1492,공설,,"공원묘지, 봉안당",봉안당,공원묘지,,관외,염습실/입관실염습실,1회 관외기준,106667
1492,창원시립상복공원,1492,공설,,"공원묘지, 봉안당",봉안당,공원묘지,,재추출(병합),빈소용품천리향중국,빈소용품천리향중국,109933
1492,창원시립상복공원,1492,공설,불교,"공원묘지, 봉안당",봉안당,공원묘지,,재추출(병합),빈소용품영정사진리본포리100%,"/ 중국 / 기계직3,000 빈소용품영정사진리본포리100% / 중국 / 기계직3,000",109933
1492,창원시립상복공원,1492,공설,,"공원묘지, 봉안당",봉안당,공원묘지,,재추출(병합),빈소용품양초돈타레,빈소용품양초돈타레,109933
1492,창원시립상복공원,1492,공설,,"공원묘지, 봉안당",봉안당,공원묘지,,재추출(병합),빈소용품종교명패향나무,중국,109933
1492,창원시립상복공원,1492,공설,,"공원묘지, 봉안당",봉안당,공원묘지,,재추출(병합),빈소용품부의록우단+종이,중국 빈소용품부의록우단+종이 / 중국,109933
1492,창원시립상복공원,1492,공설,,"공원묘지, 봉안당",봉안당,공원묘지,,재추출(병합),빈소용품빈소상상,빈소용품빈소상상,109933
1492,창원시립상복공원,1492,공설,,"공원묘지, 봉안당",봉안당,공원묘지,,재추출(병합),빈소용품,빈소상중,109933
1492,창원시립상복공원,1492,공설,,"공원묘지, 봉안당",봉안당,공원묘지,,재추출(병합),빈소용품빈소상하,,109933
1492,창원시립상복공원,1492,공설,,"공원묘지, 봉안당",봉안당,공원묘지,,재추출(병합),빈소용품위령제,빈소용품위령제,109933
1492,창원시립상복공원,1492,공설,,"공원묘지, 봉안당",봉안당,공원묘지,,재추출(병합),빈소용품상식,빈소용품상식,109933
1492,창원시립상복공원,1492,공설,,"공원묘지, 봉안당",봉안당,공원묘지,,재추출(병합),빈소용품사자밥,,109933
1492,창원시립상복공원,1492,공설,,"공원묘지, 봉안당",봉안당,공원묘지,,재추출(병합),빈소용품발인상상,,109933
1492,창원시립상복공원,1492,공설,,"공원묘지, 봉안당",봉안당,공원묘지,,재추출(병합),빈소용품발인상중,빈소용품발인상중,109933
1492,창원시립상복공원,1492,공설,,"공원묘지, 봉안당",봉안당,공원묘지,,재추출(병합),빈소용품발인상하,,109933
1492,창원시립상복공원,1492,공설,,"공원묘지, 봉안당",봉안당,공원묘지,,재추출(병합),낙지젓갈,빈소용품 2Kg,109933
1492,창원시립상복공원,1492,공설,,"공원묘지, 봉안당",봉안당,공원묘지,,재추출(병합),도자기부부(사각)유골함도자기,한국,144000
1492,창원시립상복공원,1492,공설,,"공원묘지, 봉안당",봉안당,공원묘지,,재추출(병합),개소,2개소,149496
1492,창원시립상복공원,1492,공설,,"공원묘지, 봉안당",봉안당,공원묘지,,재추출(병합),도자기진공순백함개,도자기진공순백함개,150000
1492,창원시립상복공원,1492,공설,,"공원묘지, 봉안당",봉안당,공원묘지,,재추출(병합),2개소,2개소,157940
1492,창원시립상복공원,1492,공설,,"공원묘지, 봉안당",봉안당,공원묘지,,재추출(병합),빈소용품빈소상하,,166000
1492,창원시립상복공원,1492,공설,,"공원묘지, 봉안당",봉안당,공원묘지,,재추출(병합),도자기진주들꽃함도자기,한국,176286
1492,창원시립상복공원,1492,공설,,"공원묘지, 봉안당",봉안당,공원묘지,,재추출(병합),도자기진주이중함도자기,한국,176286
1492,창원시립상복공원,1492,공설,,"공원묘지, 봉안당",봉안당,공원묘지,,재추출(병합),도자기자개십장생함(백)도자기,한국,176286
1492,창원시립상복공원,1492,공설,,"공원묘지, 봉안당",봉안당,공원묘지,,재추출(병합),도자기부부(사각)유골함도자기,한국,176286
1492,창원시립상복공원,1492,공설,,"공원묘지, 봉안당",봉안당,공원묘지,,재추출(병합),도자기자개국화함도자기,한국,176286
1492,창원시립상복공원,1492,공설,,"공원묘지, 봉안당",봉안당,공원묘지,,재추출(병합),도자기진공순백함개,도자기진공순백함개,176286
1492,창원시립상복공원,1492,공설,,"공원묘지, 봉안당",봉안당,공원묘지,,재추출(병합),도자기진공송학함개,,176286
1492,창원시립상복공원,1492,공설,,"공원묘지, 봉안당",봉안당,공원묘지,,재추출(병합),빈소용품발인상하,빈소용품발인상하,185000
1492,창원시립상복공원,1492,공설,,"공원묘지, 봉안당",봉안당,공원묘지,,재추출(병합),도자기자개국화함도자기,한국,204000
1492,창원시립상복공원,1492,공설,,"공원묘지, 봉안당",봉안당,공원묘지,,재추출(병합),(2개소),,248513
1492,창원시립상복공원,1492,공설,,"공원묘지, 봉안당",봉안당,공원묘지,,재추출(병합),개소,2개소,248513
1492,창원시립상복공원,1492,공설,,"공원묘지, 봉안당",봉안당,공원묘지,,재추출(병합),도자기진공송학함개,,250000
1492,창원시립상복공원,1492,공설,,"공원묘지, 봉안당",봉안당,공원묘지,,재추출(병합),빈소용품발인상중,,251000
1492,창원시립상복공원,1492,공설,,"공원묘지, 봉안당",봉안당,공원묘지,,재추출(병합),빈소용품,빈소상중,256000
1492,창원시립상복공원,1492,공설,,"공원묘지, 봉안당",봉안당,공원묘지,,재추출(병합),접객용품평토제중,박스포장,275000
1492,창원시립상복공원,1492,공설,,"공원묘지, 봉안당",봉안당,공원묘지,,재추출(병합),오동나무 2단 오동관,0.8 1850x480x380x24/중국/한국,277182
1492,창원시립상복공원,1492,공설,,"공원묘지, 봉안당",봉안당,공원묘지,,재추출(병합),오동나무0.8 2단 오동특관,1950x510x450x24/중국/한국,277182
1492,창원시립상복공원,1492,공설,,"공원묘지, 봉안당",봉안당,공원묘지,,재추출(병합),오동나무0.8 2단 오동특특관,2100x610x550x24/중국/한국,277182
1492,창원시립상복공원,1492,공설,,"공원묘지, 봉안당",봉안당,공원묘지,,재추출(병합),오동나무1.5 2단 오동관,1850x510x410x45/중국/한국,277182
1492,창원시립상복공원,1492,공설,,"공원묘지, 봉안당",봉안당,공원묘지,,재추출(병합),오동나무1.5 2단 오동특관,1950x540x450x45/중국/한국 오동나무1.5 2단 오동특관 1950x540x450x45/중국/한국,277182
1492,창원시립상복공원,1492,공설,,"공원묘지, 봉안당",봉안당,공원묘지,,재추출(병합),빈소용품발인상상,,294000
1492,창원시립상복공원,1492,공설,,"공원묘지, 봉안당",봉안당,공원묘지,,재추출(병합),빈소용품빈소상상,,299000
1492,창원시립상복공원,1492,공설,,"공원묘지, 봉안당",봉안당,공원묘지,,재추출(병합),일반염습료일반사,일반염습료일반사,300000
1492,창원시립상복공원,1492,공설,,"공원묘지, 봉안당",봉안당,공원묘지,,재추출(병합),도자기자개십장생함(백)도자기,한국,300000
1492,창원시립상복공원,1492,공설,,"공원묘지, 봉안당",봉안당,공원묘지,,재추출(병합),개소,개소,303252
1492,창원시립상복공원,1492,공설,,"공원묘지, 봉안당",봉안당,공원묘지,,재추출(병합),(1개소),(1개소),303252
1492,창원시립상복공원,1492,공설,,"공원묘지, 봉안당",봉안당,공원묘지,,재추출(병합),,,311112
1492,창원시립상복공원,1492,공설,,"공원묘지, 봉안당",봉안당,공원묘지,,재추출(병합),,,311112
1492,창원시립상복공원,1492,공설,,"공원묘지, 봉안당",봉안당,공원묘지,,재추출(병합),,,311112
1492,창원시립상복공원,1492,공설,,"공원묘지, 봉안당",봉안당,공원묘지,,재추출(병합),,,311112
1492,창원시립상복공원,1492,공설,,"공원묘지, 봉안당",봉안당,공원묘지,,재추출(병합),,,311112
1492,창원시립상복공원,1492,공설,,"공원묘지, 봉안당",봉안당,공원묘지,,재추출(병합),,,311112
1492,창원시립상복공원,1492,공설,,"공원묘지, 봉안당",봉안당,공원묘지,,재추출(병합),,,311112
1492,창원시립상복공원,1492,공설,,"공원묘지, 봉안당",봉안당,공원묘지,,재추출(병합),,,311112
1492,창원시립상복공원,1492,공설,,"공원묘지, 봉안당",봉안당,공원묘지,,재추출(병합),,,311112
1492,창원시립상복공원,1492,공설,,"공원묘지, 봉안당",봉안당,공원묘지,,재추출(병합),,,311112
1492,창원시립상복공원,1492,공설,,"공원묘지, 봉안당",봉안당,공원묘지,,재추출(병합),,,311112
1492,창원시립상복공원,1492,공설,,"공원묘지, 봉안당",봉안당,공원묘지,,재추출(병합),,,311112
1492,창원시립상복공원,1492,공설,,"공원묘지, 봉안당",봉안당,공원묘지,,재추출(병합),,,311112
1492,창원시립상복공원,1492,공설,,"공원묘지, 봉안당",봉안당,공원묘지,,재추출(병합),,,311112
1492,창원시립상복공원,1492,공설,,"공원묘지, 봉안당",봉안당,공원묘지,,재추출(병합),접객용품평토제상,(박스포장),318000
1492,창원시립상복공원,1492,공설,,"공원묘지, 봉안당",봉안당,공원묘지,,재추출(병합),일반염습료일반사,일반염습료일반사,350000
1492,창원시립상복공원,1492,공설,,"공원묘지, 봉안당",봉안당,공원묘지,,재추출(병합),일반염습료,사고사,350000
1492,창원시립상복공원,1492,공설,,"공원묘지, 봉안당",봉안당,공원묘지,,재추출(병합),2개소,2개소,394386
1492,창원시립상복공원,1492,공설,,"공원묘지, 봉안당",봉안당,공원묘지,,재추출(병합),개소,2개소,394386
1492,창원시립상복공원,1492,공설,,"공원묘지, 봉안당",봉안당,공원묘지,,재추출(병합),개소,2개소,394386
1492,창원시립상복공원,1492,공설,,"공원묘지, 봉안당",봉안당,공원묘지,,재추출(병합),2개소,2개소,394386
1492,창원시립상복공원,1492,공설,,"공원묘지, 봉안당",봉안당,공원묘지,,재추출(병합),2개소,2개소,394386
1492,창원시립상복공원,1492,공설,,"공원묘지, 봉안당",봉안당,공원묘지,,재추출(병합),일반염습료사고사,일반염습료사고사,400000
1492,창원시립상복공원,1492,공설,,"공원묘지, 봉안당",봉안당,공원묘지,,재추출(병합),제단장식화환,제단처리비용1.2.4.6.7호 빈소,444510
1492,창원시립상복공원,1492,공설,,"공원묘지, 봉안당",봉안당,공원묘지,,재추출(병합),제단장식화환,"제단처리비용9.10호 빈소30,000 제단장식화환,제단처리비용9.10호 빈소30,000",444510
1492,창원시립상복공원,1492,공설,,"공원묘지, 봉안당",봉안당,공원묘지,,재추출(병합),제단장식화환,제단처리비용3.5.8호 빈소,444510
1492,창원시립상복공원,1492,공설,,"공원묘지, 봉안당",봉안당,공원묘지,,재추출(병합),제단장식1호1단제단,,444510
1492,창원시립상복공원,1492,공설,,"공원묘지, 봉안당",봉안당,공원묘지,,재추출(병합),제단장식2호2단제단,제단장식2호2단제단,444510
1492,창원시립상복공원,1492,공설,,"공원묘지, 봉안당",봉안당,공원묘지,,재추출(병합),제단장식3호2단제단,,444510
1492,창원시립상복공원,1492,공설,,"공원묘지, 봉안당",봉안당,공원묘지,,재추출(병합),제단장식4호2단제단,제단장식4호2단제단,444510
1492,창원시립상복공원,1492,공설,,"공원묘지, 봉안당",봉안당,공원묘지,,재추출(병합),제단장식5호2단제단,제단장식5호2단제단,444510
1492,창원시립상복공원,1492,공설,,"공원묘지, 봉안당",봉안당,공원묘지,,재추출(병합),제단장식국화1송이,,444510
1492,창원시립상복공원,1492,공설,,"공원묘지, 봉안당",봉안당,공원묘지,,재추출(병합),저마가진수의 1호면50%+폴리50%,중국,482500
1492,창원시립상복공원,1492,공설,,"공원묘지, 봉안당",봉안당,공원묘지,,재추출(병합),저마가진수의 2호면100%/황토염색,중국,482500
1492,창원시립상복공원,1492,공설,,"공원묘지, 봉안당",봉안당,공원묘지,,재추출(병합),저마가진수의 3호인견100%+저마100%,중국,482500
1492,창원시립상복공원,1492,공설,,"공원묘지, 봉안당",봉안당,공원묘지,,재추출(병합),저마가진수의 4호저마,면100%:중국,482500
1492,창원시립상복공원,1492,공설,,"공원묘지, 봉안당",봉안당,공원묘지,,재추출(병합),개소,개소,612543
1492,창원시립상복공원,1492,공설,,"공원묘지, 봉안당",봉안당,공원묘지,,재추출(병합),개소,개소,612543
1492,창원시립상복공원,1492,공설,,"공원묘지, 봉안당",봉안당,공원묘지,,재추출(병합),개소,개소,612543
1492,창원시립상복공원,1492,공설,,"공원묘지, 봉안당",봉안당,공원묘지,,재추출(병합),개소,개소,612543
1492,창원시립상복공원,1492,공설,,"공원묘지, 봉안당",봉안당,공원묘지,,재추출(병합),개소,개소,612543
1492,창원시립상복공원,1492,공설,,"공원묘지, 봉안당",봉안당,공원묘지,,재추출(병합),개소,개소,612543
1492,창원시립상복공원,1492,공설,,"공원묘지, 봉안당",봉안당,공원묘지,,재추출(병합),개소,개소,612543
1492,창원시립상복공원,1492,공설,,"공원묘지, 봉안당",봉안당,공원묘지,,재추출(병합),2개소,2개소,643672
1492,창원시립상복공원,1492,공설,,"공원묘지, 봉안당",봉안당,공원묘지,,재추출(병합),2개소,2개소,643672
1492,창원시립상복공원,1492,공설,,"공원묘지, 봉안당",봉안당,공원묘지,,재추출(병합),개소,2개소,643672
1492,창원시립상복공원,1492,공설,,"공원묘지, 봉안당",봉안당,공원묘지,,재추출(병합),2개소,2개소,643672
1492,창원시립상복공원,1492,공설,,"공원묘지, 봉안당",봉안당,공원묘지,,재추출(병합),개소,2개소,643672
1492,창원시립상복공원,1492,공설,,"공원묘지, 봉안당",봉안당,공원묘지,,재추출(병합),2개소,2개소,643672
1492,창원시립상복공원,1492,공설,,"공원묘지, 봉안당",봉안당,공원묘지,,재추출(병합),2개소,2개소,643672
1492,창원시립상복공원,1492,공설,,"공원묘지, 봉안당",봉안당,공원묘지,,재추출(병합),개소,2개소,643672
1492,창원시립상복공원,1492,공설,,"공원묘지, 봉안당",봉안당,공원묘지,,재추출(병합),(2개소),,643672
1492,창원시립상복공원,1492,공설,,"공원묘지, 봉안당",봉안당,공원묘지,,재추출(병합),개소,2개소,643672
1492,창원시립상복공원,1492,공설,,"공원묘지, 봉안당",봉안당,공원묘지,,재추출(병합),2개소,2개소,643672
1492,창원시립상복공원,1492,공설,,"공원묘지, 봉안당",봉안당,공원묘지,,재추출(병합),2개소,2개소,643672
1492,창원시립상복공원,1492,공설,,"공원묘지, 봉안당",봉안당,공원묘지,,재추출(병합),개소,2개소,643672
1492,창원시립상복공원,1492,공설,,"공원묘지, 봉안당",봉안당,공원묘지,,재추출(병합),2개소,2개소,643672
1492,창원시립상복공원,1492,공설,,"공원묘지, 봉안당",봉안당,공원묘지,,재추출(병합),개소,개소,677650
1492,창원시립상복공원,1492,공설,,"공원묘지, 봉안당",봉안당,공원묘지,,재추출(병합),(1개소),(1개소),677650
1492,창원시립상복공원,1492,공설,,"공원묘지, 봉안당",봉안당,공원묘지,,재추출(병합),(1개소),,677650
1492,창원시립상복공원,1492,공설,,"공원묘지, 봉안당",봉안당,공원묘지,,재추출(병합),개소,개소,677650
1492,창원시립상복공원,1492,공설,,"공원묘지, 봉안당",봉안당,공원묘지,,재추출(병합),(1개소),(1개소),1174169
1492,창원시립상복공원,1492,공설,,"공원묘지, 봉안당",봉안당,공원묘지,,재추출(병합),개소,개소,1174169
1492,창원시립상복공원,1492,공설,,"공원묘지, 봉안당",봉안당,공원묘지,,재추출(병합),개소,개소,1174169
1492,창원시립상복공원,1492,공설,,"공원묘지, 봉안당",봉안당,공원묘지,,재추출(병합),개소,개소,1174169
1492,창원시립상복공원,1492,공설,,"공원묘지, 봉안당",봉안당,공원묘지,,재추출(병합),(1개소),(1개소),1174169
1492,창원시립상복공원,1492,공설,,"공원묘지, 봉안당",봉안당,공원묘지,,재추출(병합),개소,개소,1174169
1492,창원시립상복공원,1492,공설,,"공원묘지, 봉안당",봉안당,공원묘지,,재추출(병합),(1개소),(1개소),1174169
1492,창원시립상복공원,1492,공설,,"공원묘지, 봉안당",봉안당,공원묘지,,재추출(병합),(1개소),,1174169
1492,창원시립상복공원,1492,공설,,"공원묘지, 봉안당",봉안당,공원묘지,,재추출(병합),(1개소),(1개소),1174169
1492,창원시립상복공원,1492,공설,,"공원묘지, 봉안당",봉안당,공원묘지,,재추출(병합),일,일,1962000
1492,창원시립상복공원,1492,공설,,"공원묘지, 봉안당",봉안당,공원묘지,,재추출(병합),,,2016000
1492,창원시립상복공원,1492,공설,,"공원묘지, 봉안당",봉안당,공원묘지,,재추출(병합),,,2070000
1492,창원시립상복공원,1492,공설,,"공원묘지, 봉안당",봉안당,공원묘지,,재추출(병합),일,일,2725000
1492,창원시립상복공원,1492,공설,,"공원묘지, 봉안당",봉안당,공원묘지,,재추출(병합),일,,2800000
1492,창원시립상복공원,1492,공설,,"공원묘지, 봉안당",봉안당,공원묘지,,재추출(병합),,,2875000
1492,창원시립상복공원,1492,공설,,"공원묘지, 봉안당",봉안당,공원묘지,,재추출(병합),일,일,2934000
1492,창원시립상복공원,1492,공설,,"공원묘지, 봉안당",봉안당,공원묘지,,재추출(병합),,,3960000
1492,창원시립상복공원,1492,공설,,"공원묘지, 봉안당",봉안당,공원묘지,,재추출(병합),,,4050000
1492,창원시립상복공원,1492,공설,,"공원묘지, 봉안당",봉안당,공원묘지,,재추출(병합),,,4075000
1492,창원시립상복공원,1492,공설,,"공원묘지, 봉안당",봉안당,공원묘지,,재추출(병합),,,4122000
1492,창원시립상복공원,1492,공설,,"공원묘지, 봉안당",봉안당,공원묘지,,재추출(병합),일,일,5500000
1492,창원시립상복공원,1492,공설,,"공원묘지, 봉안당",봉안당,공원묘지,,재추출(병합),일,일,5625000
1492,창원시립상복공원,1492,공설,,"공원묘지, 봉안당",봉안당,공원묘지,,재추출(병합),,,5725000
1492,창원시립상복공원,1492,공설,,"공원묘지, 봉안당",봉안당,봉안당,,재추출(병합),일반용품담요폴리에스테르(140*180),일반용품담요폴리에스테르(140*180),3394
1493,구미시추모공원,1493,공설,,봉안당,봉안당,봉안당,,관내,화장이용료죽은태아,관내,400000
1493,구미시추모공원,1493,공설,,봉안당,봉안당,봉안당,,관내,화장이용로일반(대인),관내(옥성면민),500000
1493,구미시추모공원,1493,공설,,봉안당,봉안당,봉안당,,관내,화장이용료개장유골,관내,600000
1493,구미시추모공원,1493,공설,,봉안당,봉안당,봉안당,,관내,화장이용료일반(소인),관내 화장이용료일반(소인) - 관내,800000
1493,구미시추모공원,1493,공설,,봉안당,봉안당,봉안당,,관내,화장이용료일반(대인),관내 화장이용료일반(대인) - 관내,1000000
1493,구미시추모공원,1493,공설,,봉안당,봉안당,봉안당,,관외,화장이용료죽은태아,관외,1700000
1493,구미시추모공원,1493,공설,,봉안당,봉안당,봉안당,,관외,화장이용료개장유골,관외,2500000
1493,구미시추모공원,1493,공설,,봉안당,봉안당,봉안당,,관외,화장이용료일반(소인) - 관외,화장이용료일반(소인) - 관외,3500000
1493,구미시추모공원,1493,공설,,봉안당,봉안당,봉안당,,관외,화장이용료일반(대인),관외,6000000
1494,양지공원,1494,사설,,공원묘지,봉안당,공원묘지,,관내,사용료최초신청,"년, 15년 (관내요금)",1000000
1494,양지공원,1494,사설,,공원묘지,봉안당,공원묘지,,관외,사용료최초신청시,년(관외요금) 사용료최초신청시 15년(관외요금),2000000
1495,진주시안락공원,1495,사설,,공원묘지,봉안당,공원묘지,,관내,화장장이용료,죽은태아(관내),380000
1495,진주시안락공원,1495,사설,,공원묘지,봉안당,공원묘지,,관내,화장장이용료개장유골,(관내) 화장장이용료개장유골(관내),420000
1495,진주시안락공원,1495,사설,,공원묘지,봉안당,공원묘지,,관내,화장장이용료일반소인,(관내),560000
1495,진주시안락공원,1495,사설,,공원묘지,봉안당,공원묘지,,관내,화장장이용료일반대인(관내),화장장이용료일반대인(관내)1,700000
1495,진주시안락공원,1495,사설,,공원묘지,봉안당,공원묘지,,관외,화장장이용료죽은태아(관외),화장장이용료죽은태아(관외),1540000
1495,진주시안락공원,1495,사설,,공원묘지,봉안당,공원묘지,,관외,화장장이용료개장유골(관외),화장장이용료개장유골(관외),1980000
1495,진주시안락공원,1495,사설,,공원묘지,봉안당,공원묘지,,관외,화장장이용료일반소인(관외),화장장이용료일반소인(관외),2860000
1495,진주시안락공원,1495,사설,,공원묘지,봉안당,공원묘지,,관외,화장장이용료일반대인(관외),화장장이용료일반대인(관외),3520000
1496,화성함백산추모공원(화장),1496,공설,무관,봉안당,봉안당,봉안당,,재추출(병합),화성 함백산추모공원,"경기도 화성시 매송면 서해로 2448-32, 화성 함백산추모공원주소 경기도 화성시 매송면 서해로 2448-32, 화성 함백산추모공원주소",2448
1496,화성함백산추모공원(화장),1496,공설,무관,봉안당,봉안당,정보없음,,정보없음,정보없음,자동 추출 실패 (푸터 텍스트),
1496,화성함백산추모공원(화장),1496,공설,무관,봉안당,봉안당,봉안당,,재추출(병합),보건복지부,"[30113] 세종특별자치시 도움4로 13, 10동 (어진동, 정부세종청사)",30113
1496,화성함백산추모공원(화장),1496,공설,무관,봉안당,봉안당,봉안당,,재추출(병합),묘 또는 7개 시에서 관리하는 분묘에서 개장한 유골,묘 또는 7개 시에서 관리하는 분묘에서 개장한 유골,1000000
1496,화성함백산추모공원(화장),1496,공설,무관,봉안당,봉안당,봉안당,,재추출(병합),사망자,군포시)에 주민등록이 되어 있는,1300000
1496,화성함백산추모공원(화장),1496,공설,무관,봉안당,봉안당,봉안당,,재추출(병합),에 주민등록이 되어 있는 사망자,"5,000,001",1600000
1497,(재)아름다운 청계공원 화장시설,1497,사설,,"공원묘지, 봉안당","봉안당, 공원묘지",공원묘지,,,전라남도 곡성군 곡성읍 신기리 번지주소,"전라남도 곡성군 곡성읍 신기리 167,168 번지주소",167168
1497,(재)아름다운 청계공원 화장시설,1497,사설,,"공원묘지, 봉안당","봉안당, 공원묘지",공원묘지,,관내,개장유골 화장이용료관내(곡성군),개장유골 화장이용료관내(곡성군),300000
1497,(재)아름다운 청계공원 화장시설,1497,사설,,"공원묘지, 봉안당","봉안당, 공원묘지",공원묘지,,관외,개장유골 화장이용료관외,개장유골 화장이용료관외,2000000
1497,(재)아름다운 청계공원 화장시설,1497,사설,,"공원묘지, 봉안당","봉안당, 공원묘지",봉안당,,관내,개장유골 화장이용료준관내,"(구례군, 담양군)",1500000
1498,국립소록도병원화장장,1498,미분류,,공원묘지,봉안당,정보없음,,정보없음,,,